{"type":"FeatureCollection","crs":{"type":"name","properties":{"name":"EPSG:20137"}},"features":[{"type":"Feature","id":0,"geometry":{"type":"Polygon","coordinates":[[[509263.93829229625,1618255.7500126802],[509163.56272230629,1618396.874635543],[509063.15643584734,1618457.374621775],[508741.90613186511,1618437.2499713763],[508701.74995560054,1618356.5003560963],[508521.06317072845,1618054.1254848458],[508400.59366680868,1618033.874880672],[508159.65669048164,1618033.874880672],[507657.68774751131,1618054.1254848458],[507376.59264466772,1618094.3747856433],[507115.59342600597,1618255.7500126802],[506854.56251574913,1618396.874635543],[506633.71744183946,1618417.0003423283],[506252.21905917535,1618356.5003560963],[506131.74955525564,1618336.374649311],[505790.4063737301,1618417.0003423283],[505569.56235620694,1618417.0003423283],[505489.24894729123,1618316.2499989122],[505428.99989348336,1618255.7500126802],[505228.21909342095,1618175.0004786607],[505268.37526968552,1618033.874880672],[504947.12496570335,1617953.250244041],[504786.50034190551,1617872.6245510236],[504605.81241938635,1617791.8749357439],[504485.34397185314,1617751.6245785595],[504143.99973394116,1617832.2502715769],[504063.68738141196,1617832.2502715769],[503963.3128678085,1617731.4999281608],[503862.90658134955,1617832.2502715769],[503963.3128678085,1617973.3748944399],[503882.99954015337,1618215.3747581074],[503561.75021129719,1618195.2501077086],[503387.06402679026,1618125.7501960548],[503254.87480851222,1618142.3747941956],[503139.21917661506,1618159.0015051097],[502973.99984036322,1618109.1245415274],[502874.84382795793,1618059.2495281971],[502792.25008689001,1617992.8748953748],[502726.15596531401,1617893.1250312352],[502676.56268213736,1617793.3751670956],[502643.53150777711,1617693.7502003445],[502527.87473823293,1617577.374600417],[502461.7817543039,1617510.8750702061],[502379.15615911997,1617477.7506900525],[502263.50052722282,1617444.4993809976],[502048.68782653386,1617427.8757579827],[501982.59378621832,1617361.3761465114],[501949.56358698406,1617278.2508805126],[501916.49966464232,1617145.3746047067],[501899.99996388995,1617045.6247405671],[501866.93701667414,1616962.6254283434],[501718.25021041674,1616846.2499096764],[501619.09419801144,1616763.1246436778],[501553.0001576959,1616680.1253314542],[501371.25040422269,1616513.8738243307],[501272.12510828645,1616430.8745121071],[501189.49959436303,1616347.750302495],[501156.43770353374,1616248.0004383554],[501106.87505556562,1616015.375273536],[501057.31248885795,1615899.1246522574],[501057.31248885795,1615766.1254293148],[501206.03212435741,1615533.5003457558],[501354.71893061482,1615466.9996778981],[501453.87494302011,1615300.8751809364],[501553.0001576959,1615134.7496275881],[501668.65587085357,1614935.2498180482],[501635.62469649332,1614702.6246532288],[501536.46868408803,1614536.5001562668],[501503.43750972778,1614287.2503120459],[501470.37464377249,1614154.2501139774],[501437.34346941224,1613938.2496285595],[501453.87494302011,1613855.2503163358],[501536.46868408803,1613722.2501182673],[501553.0001576959,1613522.8752873766],[501536.46868408803,1613356.6247553793],[501404.28157858294,1613290.2501225569],[501239.06224233116,1613223.7495359597],[501155.7813624749,1613141.1249971623],[501041.99959770875,1613072.2497349724],[500768.96838058694,1613072.2497349724],[500495.9372447257,1612934.7490866298],[500382.15653634607,1612842.9997250221],[500200.12513397972,1612705.3751544172],[500200.12513397972,1612590.7495806185],[500200.12513397972,1612476.1250632065],[500245.65628601966,1612017.3751672683],[500040.87470649811,1611627.6243745224],[499790.59374779207,1611306.5000243152],[499745.06162062607,1611146.0002979059],[499699.56216018111,1610710.3753525494],[499608.56242668623,1610526.8745165607],[499454.31212029333,1610374.9999421469],[499153.49988845864,1610136.9998015522],[499085.21847800293,1609999.375230947],[498880.43795486784,1609816.000429994],[498789.43716498639,1609793.0003768012],[498675.68709181529,1609793.0003768012],[498539.1562062804,1609540.7502323976],[498402.625239485,1609357.375350184],[498311.6254247296,1609265.6250134502],[498288.87524757435,1609150.8745422631],[498266.12498915865,1609036.2500248509],[498129.59410362371,1609036.2500248509],[497993.09385329735,1609013.3738126601],[497970.3436761421,1608921.6255074388],[498015.8440304526,1608669.3753630351],[497811.062450931,1608554.749870497],[497811.062450931,1608371.250090895],[497765.56209662056,1608118.9999464913],[497629.03112982516,1608004.3754290792],[497355.99999396392,1607706.2491005524],[496991.93824561773,1607476.8751683396],[496696.15587621473,1607568.6245299475],[496491.37535307964,1607568.6245299475],[496172.84370038693,1607568.6245299475],[496081.81219403649,1607522.7503773367],[495899.78079167014,1607499.8752215325],[495763.2815977303,1607430.9999593426],[495535.74984105345,1607316.3764983169],[495194.4372947365,1607270.5002329333],[494966.90659444622,1607155.8747403952],[494898.65598172002,1606834.7503901881],[494830.40634411981,1606720.1248163893],[494739.37483776937,1606628.3754547816],[494375.34380589222,1606857.7493869944],[494307.06247669703,1606926.4997517958],[494216.06266194163,1606972.3749607929],[494011.28108242003,1607109.9995313981],[493806.49950289843,1607201.7498681317],[493692.74951098778,1607201.7498681317],[493601.71897976339,1607224.6250239362],[493419.68765865755,1607270.5002329333],[493683.37578726577,1607009.5000391454],[493860.31280636339,1606831.6251113564],[493940.71828342561,1606718.3747902606],[493727.31260829489,1606666.2501612469],[493660.24978029786,1606714.1251911502],[493570.37534220755,1606772.3754804386],[493485.37515269133,1606805.000108517],[493373.12531087198,1606780.4988488464],[493283.74859334447,1606746.8747978779],[493186.46856084315,1606686.4997090343],[493076.43769949855,1606473.1236939861],[493056.40625489323,1606366.1249869401],[493084.84369192552,1606266.37504154],[493180.84370903013,1606179.8747019325],[493212.90617696935,1606060.9996102841],[493180.49965207296,1605991.1248439436],[493147.93751331896,1605907.1251337039],[493071.06272372312,1605849.1247204533],[492986.96875130344,1605838.3747689025],[492915.6246326011,1605832.7499983499],[492833.62474326749,1605772.2500121179],[492745.06209342938,1605687.4996986394],[492707.28164914408,1605587.0002063869],[492681.15631711954,1605509.4997922012],[492624.65605396021,1605453.7501322806],[492572.18736798945,1605419.8752301484],[492480.28125487705,1605392.6245214588],[492385.78146912425,1605357.7501964367],[492327.78105587361,1605272.7500069204],[492252.0941322674,1605204.5003693202],[492210.40611431649,1605095.1248739085],[492185.06210199988,1604961.3751289875],[492104.7180578757,1604794.9996996017],[492000.03145583742,1604760.2502719678],[491868.46891853568,1604709.1249845841],[491832.65660356148,1604689.0003341851],[491780.21855279926,1604660.1245780156],[491730.25041493593,1604620.9995974966],[491648.9683808597,1604496.7505051987],[491599.81227917329,1604403.9996079279],[491541.59384400101,1604297.3746179217],[491516.96866206778,1604245.2499076475],[491444.12536840013,1604212.750258218],[491320.46923397115,1604193.5000520602],[491247.90653281013,1604190.24987584],[491173.71870290878,1604150.1254724311],[491123.18742978008,1604048.4996283874],[491099.99998987414,1604016.8753983248],[490998.25022356794,1604026.7498492482],[490927.78160549304,1603972.5003394189],[490938.56227351289,1603894.5002544185],[490870.71918219439,1603850.499968939],[490832.31197567226,1603826.6253902446],[490791.37456096022,1603802.7498364241],[490725.87437237904,1603735.6246003632],[490628.34348871413,1603644.6247856077],[490456.90642404096,1603545.499570932],[490306.03232890385,1603466.3750843925],[490184.87471106974,1603440.7504795692],[490061.12528958672,1603410.0007750082],[489911.71859655943,1603356.4998369054],[489862.03105120268,1603351.8754643688],[489811.09420691832,1603348.5003907601],[489723.40600132116,1603368.3751651212],[489612.81297983724,1603383.4996944314],[489555.68709208805,1603403.124592755],[489430.74988587585,1603381.3748948763],[489358.96850442281,1603323.2495842371],[489282.18797700701,1603276.749725776],[489211.96923496976,1603255.7494934893],[489114.90633052459,1603215.7500687293],[489033.25049814821,1603196.1250891453],[488975.9689965414,1603196.62475996],[488898.25047917361,1603189.6247367046],[488826.9687685353,1603188.9990308543],[488685.99984079052,1603228.6248198352],[488512.7809771329,1603216.249739544],[488411.99991724774,1603191.6245576108],[488298.62469876331,1603183.7500088541],[488173.81238993973,1603175.8754600973],[488050.28115289932,1603169.3751076567],[487943.15641081776,1603147.3755337405],[487835.90571496112,1603110.1254767389],[487724.78124980687,1603066.4999646854],[487610.84387118311,1602991.0004277923],[487528.84398184955,1602931.7497404881],[487450.84381558863,1602888.9998103227],[487371.59345653449,1602852.7502325976],[487268.18784501893,1602817.9997485774],[487186.59344558057,1602803.3760277291],[487129.53110354242,1602831.9998763485],[487051.09367453074,1602887.6245576199],[486970.28165118681,1602963.6248217141],[486853.75043740164,1603033.6254605693],[486736.71857767575,1603042.3745348274],[486588.7812370102,1603009.2501546738],[486472.68728597584,1602981.0001043545],[486388.34351877897,1602942.2488408752],[486309.12477005942,1602909.7501665717],[486284.49966938666,1602858.8747552254],[486255.49999095459,1602740.5003907783],[486245.84364321339,1602653.8750725216],[486242.71844564221,1602588.7497386271],[486237.31169701129,1602550.5002587356],[486159.56246317452,1602538.4999518706],[486046.24965275411,1602539.5004311472],[485981.50006741181,1602556.7496787519],[485850.62475015892,1602587.2495885359],[485734.96903700131,1602607.5001927097],[485652.50019332196,1602638.8745467346],[485574.96906266728,1602654.8744954118],[485493.49956061749,1602655.6250986506],[485407.99970028654,1602629.6247452751],[485309.96906454634,1602630.5002459027],[485232.53113968519,1602654.2498459478],[485157.68802511151,1602685.5002777101],[485068.49966942304,1602677.3748777898],[485008.18706990412,1602619.2495671506],[484975.00028168625,1602608.123785787],[484897.53155909566,1602629.2499718489],[484859.56267171074,1602656.3736703771],[484820.21853162308,1602670.7495467002],[484734.90605800523,1602667.7503029041],[484672.34473666857,1602647.876503669],[484633.12451884348,1602673.7499281433],[484517.781171048,1602733.5002862625],[484448.06218108605,1602768.6244873223],[484368.09388551407,1602794.8747979959],[484221.78167358891,1602802.6254244901],[484130.31290448771,1602823.8754515541],[484028.49967373098,1602828.6248027396],[483928.03089794749,1602840.9998017703],[483864.46917859482,1602847.9999062861],[483822.3746143622,1602839.3747542903],[483707.40603999293,1602793.2496692557],[483598.53127178241,1602715.1246056061],[483439.40574168938,1602565.9994802114],[483312.50040616613,1602466.3745134603],[483242.03081296524,1602413.3753589455],[483115.21762684907,1602321.3751461739],[483037.84414156451,1602203.5004525415],[483003.40496651997,1602197.3748735273],[482933.87539478362,1602104.8749086806],[482905.46859295986,1602059.2495757211],[482866.68766939803,1601990.6251646946],[482820.28101673059,1601920.8753770031],[482773.93782851368,1601861.3748949217],[482721.31247229886,1601811.9996336666],[482672.40624665009,1601748.6253010272],[482623.65660998487,1601705.7503922125],[482581.40643189463,1601679.3752654109],[482554.56226948672,1601665.5000350284],[482485.49962058361,1601626.6249305471],[482443.46852080151,1601624.3751523427],[482421.68802519329,1601609.3735701693],[482375.78104334063,1601598.2499015788],[482356.90666699549,1601589.499770934],[482348.68700489507,1601588.7502240816],[482276.34346330271,1601582.6246450674],[482206.18721059,1601566.6246151298],[482124.65635686263,1601559.7494892632],[482026.21917484072,1601512.1253105234],[481889.46912973723,1601449.6244469988],[481772.12490464916,1601422.6246707335],[481646.87533307483,1601362.500514314],[481558.81235405151,1601337.7504349921],[481498.9063008143,1601326.8745296665],[481399.65610748943,1601334.1254853457],[481353.50038724614,1601295.0004235662],[481289.68773546931,1601275.1245928186],[481238.53075649031,1601248.875419792],[481191.34481562744,1601238.9999124822],[481117.65576267533,1601256.3751951226],[481033.87513074384,1601283.8747234633],[480943.78153308487,1601315.3749500026],[480866.53099493688,1601363.2511175529],[480818.37537252699,1601389.2504145419],[480790.5307308425,1601408.6245429623],[480756.37523620366,1601431.8754473189],[480704.53111843631,1601473.2502060421],[480619.34354220697,1601485.5003076841],[480566.99975362484,1601469.375380358],[480515.84374977188,1601440.4996241885],[480446.65620348015,1601388.8746659898],[480394.03076600487,1601338.2501058071],[480351.74979018513,1601305.4995239533],[480275.03175209393,1601267.8746935257],[480246.74992891919,1601235.0001894096],[480208.15639207046,1601188.1245823964],[480213.71875455894,1601096.1253447509],[480243.71883100708,1601029.4997795045],[480265.96836222155,1600954.0002426114],[480302.40630178561,1600896.2497053985],[480379.40598877001,1600820.2504976906],[480437.40640202072,1600755.8747106486],[480485.18725100439,1600686.6246750322],[480555.59337975475,1600583.8754858361],[480562.96825769672,1600555.750251645],[480540.96868378035,1600513.7498683317],[480433.4998034811,1600448.3746583997],[480366.96850041486,1600412.0001020257],[480304.12463631958,1600355.1251467005],[480247.75032693526,1600313.6265469752],[480158.3120952092,1600277.3748564771],[480110.87530318269,1600235.7503029769],[480057.06208097824,1600196.6253224579],[479979.28107428597,1600180.7501899088],[479901.71922716225,1600193.0003728115],[479876.28103392606,1600194.5005229027],[479848.25006191502,1600190.8745168697],[479799.78109901695,1600181.1250445955],[479710.87536734767,1600204.8746446408],[479666.21865954867,1600191.2503466825],[479624.18755976658,1600190.3747647945],[479579.7183199412,1600199.7495449029],[479494.50002724287,1600206.8745468073],[479434.4690766171,1600184.5001182044],[479368.96888803586,1600118.7500535855],[479265.09334704856,1600029.1245164068],[479191.96848574822,1599962.1252341208],[479102.40633175959,1599911.8754473643],[479025.74972660642,1599879.3747415482],[478948.00041150913,1599866.1252170161],[478806.65671033814,1599861.000036018],[478761.43792366033,1599784.874874535],[478679.24959122716,1599700.1245610565],[478598.00030513247,1599580.8736395955],[478551.56293599599,1599507.2500826062],[478495.00026477262,1599442.7503733016],[478382.218979283,1599354.5000075651],[478286.24967864738,1599299.125121071],[478180.18782390637,1599250.3745092796],[478095.74979452952,1599202.6254331516],[477997.46838888619,1599173.0000488691],[477903.12519211695,1599155.9996209154],[477839.50000831374,1599159.1248997471],[477736.78153558652,1599204.7502327068],[477601.74966249597,1599191.8754816009],[477500.18736416334,1599224.749985717],[477374.18718935014,1599228.5008891386],[477298.31393541733,1599287.8754987053],[477191.81278641312,1599338.624875016],[477104.43792130414,1599390.5007656391],[476992.46867199143,1599397.8745871945],[476977.25101814826,1599403.1245843209],[476830.15651138918,1599470.7495724573],[476767.7816016397,1599470.1249229934],[476639.46924055822,1599500.6247515166],[476537.59352047695,1599496.5001310555],[476448.68778880767,1599521.5000051544],[476345.78095424135,1599545.4995624979],[476257.93705352611,1599544.9998104225],[476152.37495086039,1599556.1245353995],[476095.2808359667,1599577.1247676862],[476040.65655271133,1599589.1249932908],[475994.93703883223,1599602.2496204344],[475941.71872474864,1599632.1247994939],[475898.59402115695,1599651.6248816894],[475850.4690339556,1599680.1248080463],[475806.12477277924,1599704.8748873679],[475751.62538691249,1599730.8752407434],[475683.24987679772,1599776.1258002769],[475588.03117940103,1599805.1245035829],[475535.84406106296,1599802.9997040278],[475445.24973620276,1599779.6248774086],[475414.37513425318,1599744.1248465362],[475387.15619841905,1599684.375463543],[475381.53134660603,1599625.7504008284],[475368.3125385429,1599568.4985593043],[475320.56240602827,1599491.0001766311],[475289.53105257405,1599435.2495415846],[475259.96921400266,1599400.9997847658],[475245.8441888431,1599389.6252650116],[475218.78086686652,1599350.3753058435],[475175.43700370623,1599344.3747054783],[475130.90633094282,1599344.7504540305],[475083.6876420984,1599333.7496513161],[474997.06232384185,1599325.6262829083],[474970.31234235351,1599324.4998498566],[474928.37550475146,1599329.9997230205],[474850.93749862979,1599354.9996783799],[474829.31269813969,1599357.7501837853],[474755.62462031358,1599376.2497054439],[474697.1870255727,1599388.2500123088],[474625.65649528324,1599362.1246802842],[474601.21878132358,1599333.0001044637],[474569.28121077293,1599319.2497714697],[474546.37533849961,1599319.4996475074],[474485.3746250663,1599332.8751258145],[474444.62459706742,1599329.3751548172],[474386.03130720841,1599326.124978597],[474346.65645065176,1599336.6250541101],[474275.49971866253,1599350.1254298058],[474200.65757921478,1599380.124531128],[474143.37502122147,1599381.8745572569],[474088.84500014619,1599407.9998892813],[474013.96905633045,1599434.125221306],[473916.4074561965,1599486.124952931],[473856.77996395342,1599509.6246769386],[473793.37491484487,1599539.4999372587],[473705.0938326394,1599633.5000521967],[473635.68712677911,1599704.3752165532],[473606.75091279752,1599746.7503732925],[473568.62535516854,1599754.7498194377],[473495.90598376346,1599734.9999424652],[473422.87530338269,1599678.2498845288],[473389.4058911457,1599636.3754549907],[473357.12532002438,1599583.1253680517],[473338.78141222347,1599524.6252839861],[473339.56265067094,1599465.875323883],[473338.03080898459,1599435.2495415846],[473328.593620812,1599372.7497344464],[473335.84352010494,1599330.6254288708],[473349.59377183829,1599301.1250232374],[473373.4058612081,1599254.9999382028],[473376.96840279055,1599228.1250593257],[473374.37456762913,1599219.2500312924],[473364.12534327962,1599212.9995548897],[473311.78155469749,1599196.87568395],[473234.0619809432,1599187.3749500664],[473162.71891862736,1599181.6252008649],[473118.28137039696,1599196.125080711],[473058.59350160242,1599210.6248792969],[473023.06275426078,1599224.999780494],[472981.24975766079,1599245.8751153923],[472935.56291050278,1599264.1248422735],[472884.65580756142,1599267.1251424563],[472841.25051146303,1599252.2504891837],[472779.87502460356,1599220.8751600329],[472726.18767491373,1599194.6249306197],[472674.90579854615,1599151.6251244165],[472617.12560125056,1599094.7500878312],[472600.40674092958,1599074.5004587832],[472555.62513574201,1599046.8750579278],[472497.09327882109,1599052.4998284804],[472409.31292381691,1599055.8749833496],[472292.18785829743,1599055.6251073121],[472134.37509158259,1599060.8751856987],[472041.28119374107,1599042.6254588175],[471965.6557030729,1598982.1254725854],[471910.50005740777,1598932.7502113306],[471869.4683805157,1598896.1248037927],[471800.46919606312,1598868.7502541011],[471743.03094295174,1598850.124697407],[471694.59375290922,1598844.125072168],[471623.3120422709,1598842.2501486503],[471555.71882699005,1598827.6253714154],[471484.31221896317,1598816.7504412157],[471428.03119663289,1598784.1248380111],[471403.75007165689,1598774.1254896992],[471314.34361278632,1598736.6235251476],[471292.56214205211,1598720.2497781704],[471284.9066716035,1598719.0014543687],[471186.03125170484,1598683.6253457586],[471145.12455346185,1598696.375199476],[471079.37448884302,1598744.1253319907],[471010.93754579022,1598778.0012905092],[470963.90624365892,1598786.1246589171],[470920.81225653627,1598806.8750151664],[470830.7811482019,1598843.500422704],[470791.3745187897,1598850.2495947958],[470740.65577768744,1598869.8745743798],[470688.56284026895,1598881.7499025955],[470601.18700003397,1598929.8748085364],[470554.15675428917,1598939.1246099959],[470410.9698211957,1599009.3751248887],[470277.15653056378,1598988.9995420657],[470188.34294830158,1599019.1245971629],[470084.9691096415,1598984.3751695293],[469947.06297140388,1598928.2497610566],[469839.9689457913,1598906.3750845287],[469749.56200764421,1598898.2496033479],[469681.00008594233,1598916.7501813928],[469572.03113681229,1598972.6237635759],[469482.21918804647,1599036.0001277281],[469397.43710171239,1599094.1254383672],[469265.53156383999,1599147.7502987327],[469150.34382990212,1599220.250510569],[469051.62516150804,1599285.0000959113],[468930.9999624702,1599314.1246717321],[468834.50027455081,1599339.24952448],[468701.03112213657,1599359.625107303],[468592.8126949849,1599352.9998574739],[468517.68801277853,1599347.3750056608],[468415.06274584489,1599400.6250113396],[468365.71925744537,1599435.5003927483],[468310.21841717599,1599493.4997496123],[468257.15579821047,1599541.1249847384],[468164.84419520287,1599608.3751994486],[468090.00002424262,1599638.3752758969],[468014.59369314311,1599599.5001714153],[467938.75009929284,1599508.3754592715],[467873.06260525901,1599415.8754944247],[467818.93701769243,1599336.0004046462],[467749.46887889411,1599244.8746361157],[467676.53140430688,1599199.6251329689],[467548.93787360878,1599160.0004003746],[467395.71884422196,1599096.3752165714],[467275.90673774754,1599075.7497577108],[467126.96899906598,1599068.2499823803],[466957.46837210888,1599039.2503039483],[466808.34422184021,1599013.8746000365],[466687.25006845663,1598988.2510515999],[466541.68748464435,1598930.8762629391],[466408.56238918734,1598837.7496171158],[466255.06268603331,1598744.7499814543],[466101.65626993333,1598659.4999159006],[466008.25000672962,1598600.3751823714],[465912.37496827409,1598550.2503742639],[465782.21840014413,1598506.8747382481],[465669.90606900025,1598468.3754635793],[465569.24998776417,1598455.2497800493],[465478.68743575946,1598429.2504830603],[465348.3434809164,1598365.500320608],[465373.74990129709,1598207.0004963654],[465361.78144854814,1598148.5003310395],[465249.37493648473,1598098.500501581],[465137.00011601631,1598051.1251424926],[465041.43736166245,1598036.6252626462],[464929.46908747574,1598040.2502122927],[464839.40628754633,1598072.9998190203],[464725.03156491136,1598092.0001491406],[464644.87490750029,1598092.749695993],[464522.65643383807,1598088.7499729204],[464392.6248443572,1598059.3755210619],[464248.24898888759,1597991.7494765392],[464158.62548322143,1597926.251400731],[464116.06293976901,1597859.1251082835],[464085.87539534731,1597750.9999681858],[464061.68747616478,1597598.1249144955],[464052.99885971862,1597474.3745178867],[464026.96876500011,1597405.7501881206],[463986.81364512205,1597323.2495715858],[463910.09349425783,1597279.3752398812],[463810.37532171322,1597222.8750579823],[463726.12476030993,1597194.2501529765],[463608.96889706096,1597185.2501462942],[463493.34390037233,1597206.7500493957],[463415.84348618664,1597220.1245525768],[463285.12475791737,1597263.5001885928],[463178.53154076659,1597300.250493519],[463071.84398017521,1597324.1250722134],[462920.65654454997,1597353.6254778467],[462846.31212566502,1597290.6259186333],[462826.74963540549,1597233.3751334955],[462791.40627477702,1597116.3748841041],[462760.71905954048,1597100.0001620008],[462697.87511418475,1597041.8748513616],[462640.03137117811,1596970.9996870051],[462485.81291890121,1596945.7509119944],[462359.71856316843,1596932.8751857625],[462248.59409801423,1596881.62500099],[462179.31228954246,1596817.1252916853],[462121.71842257353,1596778.1252085548],[462032.15634984541,1596720.3746713419],[461936.12455988524,1596648.5000840952],[461884.87543149921,1596606.8744742083],[461786.68715038896,1596583.6245449777],[461669.656265789,1596588.4987935519],[461603.5939170685,1596604.374901227],[461518.59470267833,1596633.2496822705],[461441.00010757311,1596636.6247558792],[461373.50009808585,1596630.8740315516],[461295.65660206898,1596604.7496746532],[461201.43635243631,1596601.8753282456],[461099.7807670497,1596616.7499815181],[460975.49998315691,1596668.9995891806],[460802.84327963856,1596717.8750983605],[460652.9061993275,1596746.0002512911],[460495.43748956983,1596784.4996072203],[460381.00035887084,1596794.5009870445],[460252.24975991261,1596770.1247060229],[460181.96852855087,1596735.1254023516],[460123.90676362265,1596638.7495554343],[460061.87485444383,1596525.7501667626],[459995.03021088935,1596448.6245260031],[459928.21725892997,1596373.8745359625],[459864.28076615109,1596333.7501325535],[459725.31271569891,1596303.1254066415],[459619.43727254495,1596274.7503776732],[459509.75046815752,1596243.8747193371],[459374.56298120937,1596209.5000651297],[459304.25005825254,1596174.3748076833],[459233.7814401777,1596116.375450819],[459206.31262830592,1596028.6247558973],[459163.75008485356,1595958.8750494665],[459116.2815199715,1595914.6248879491],[459062.59425154218,1595887.1253596083],[458973.28091720463,1595857.2501805488],[458895.68737848592,1595863.1249083995],[458773.65621027636,1595878.3753102242],[458730.56222315365,1595897.8753111591],[458672.31299025187,1595931.6253159028],[458610.15618368448,1595956.3753952247],[458528.3130458555,1596060.4998371236],[458485.71872954757,1596138.7497981617],[458407.56392455508,1596227.4999159733],[458307.96869914705,1596339.3749843666],[458218.34413709433,1596425.6254479364],[458117.40640696511,1596529.999765873],[457979.24933630333,1596596.3754550817],[457861.34392620192,1596647.1249126529],[457712.53108490899,1596655.0004365356],[457549.25021788571,1596609.2502061876],[457482.47009516828,1596539.7502945338],[457386.81210350839,1596511.2502869163],[457294.31213866163,1596560.624491785],[457184.6253342742,1596680.2502679327],[457084.28153713979,1596705.5000180693],[456947.56212724478,1596637.8751111934],[456826.03079237096,1596563.7497706166],[456734.06324632053,1596522.4999905424],[456674.12550148828,1596507.7503159191],[456604.28153287724,1596524.9995635238],[456529.46913477255,1596557.6252479888],[456407.46868303197,1596576.6245217226],[456296.31252628274,1596524.1250380222],[456167.12466457376,1596444.8745977078],[456035.469002739,1596377.2496908319],[455943.53119803156,1596339.8747364418],[455818.37483225082,1596287.5001501301],[455686.96896519314,1596246.6251434821],[455560.65658753878,1596208.2497098155],[455404.90613105457,1596149.748650624],[455282.5320435348,1596122.874746873],[455125.78118903452,1596097.5000180874],[454976.37547113321,1596036.3754636522],[454837.0623073373,1595964.9995720943],[454774.25013483706,1595910.750062265],[454698.74962281797,1595860.3754593804],[454616.12508402055,1595872.624504636],[454510.71859521238,1595899.1246100869],[454355.68705037207,1595924.8751686851],[454204.37471735821,1595940.2504678983],[454039.90598434536,1595903.6261167473],[453903.49991493853,1595874.2496333765],[453710.71758589539,1595800.74999865],[453635.31231118232,1595760.6245388545],[453593.43788164435,1595624.5001183406],[453613.84409967583,1595480.2502166461],[453608.78148926259,1595331.0001938629],[453588.93735010992,1595240.623972185],[453480.28076634201,1595183.0004451333],[453371.87495247723,1595154.6254161652],[453212.68701432017,1595143.3747374131],[453077.87535718473,1595151.0004665188],[452923.9999054785,1595162.6249435709],[452786.34356201801,1595138.374535064],[452680.74976775725,1595141.9994847104],[452557.53081481851,1595167.3752698824],[452473.8126722115,1595201.3751506638],[452398.90601192677,1595219.8746723223],[452313.56282183988,1595209.2496994205],[452222.96849697968,1595182.0000471175],[452129.34413059382,1595096.1253320996],[452071.59367464134,1595038.0000214605],[452043.0618941685,1594974.4997350457],[452001.78139762528,1594907.2495203356],[451884.93789973849,1594784.6245003918],[451806.56296005135,1594696.0004176155],[451700.75000622199,1594672.7504883851],[451637.15651401377,1594678.5002375867],[451564.93786980998,1594717.375342068],[451504.28129459434,1594766.4997521595],[451430.87478440092,1594813.125483135],[451306.31235161494,1594832.1248381294],[451205.49960013473,1594798.6236530368],[451130.24985801883,1594780.2500038929],[451019.34349604667,1594757.0000746625],[450909.71918098378,1594732.4998713783],[450775.59360625019,1594675.125163978],[450605.7816703174,1594606.4996965651],[450487.03147605754,1594560.3746927907],[450412.84372741671,1594516.5003610861],[450277.46885375539,1594456.5001269295],[450115.03171450412,1594361.1247592885],[449963.00046984636,1594288.499568803],[449867.15614785987,1594243.4999416939],[449780.21748911514,1594193.2501549374],[449705.84332888713,1594127.6250689677],[449602.28112838801,1594068.6253140874],[449507.68708045513,1594021.1249763498],[449442.28115405398,1593960.5000927292],[449351.5936234002,1593921.750942023],[449250.93754216412,1593906.1236539991],[449165.59321443026,1593894.1254599071],[449059.56215741875,1593846.6251221695],[448958.71860820905,1593811.87471941],[448820.65579972736,1593735.3747032403],[448684.65627660224,1593605.2489328398],[448598.18770985026,1593460.6253141055],[448507.00050838175,1593363.2500442981],[448440.93710327474,1593224.8748704544],[448406.59422192274,1593074.6254247811],[448398.28135402879,1592994.3745051899],[448395.09366713307,1592920.3761747747],[448379.25030743959,1592852.8751089009],[448354.34355787368,1592763.8751963121],[448310.65669414273,1592714.499935057],[448238.96851848316,1592664.1253321725],[448162.65588902665,1592668.7486483224],[448090.18745004572,1592678.3753359811],[447980.56102220976,1592718.4997393901],[447940.15610755456,1592738.3745137514],[447877.24967287423,1592781.7501497671],[447809.8121527115,1592855.6245579198],[447778.56269607518,1592886.8749896821],[447741.06284429651,1592927.1253468662],[447703.84350376402,1592980.1245826418],[447685.49959596316,1593021.2504404534],[447580.40644764318,1593125.2499037033],[447557.65618922742,1593200.8753943713],[447514.59397496027,1593282.124680466],[447465.28120302979,1593370.9996956664],[447418.46906046715,1593454.7496111288],[447353.84339738736,1593542.7501008278],[447286.81234224583,1593637.124989192],[447206.43750039215,1593699.8746723677],[447149.74993178016,1593736.6250585543],[447087.6565896633,1593755.6253886747],[447004.68701878272,1593750.8749811025],[446919.28133937129,1593751.1248571402],[446862.03152935952,1593757.3753335432],[446786.99997168616,1593766.5002376139],[446668.46893699496,1593768.7499345576],[446582.7826650769,1593754.9996828244],[446510.75140758621,1593722.0002813195],[446440.90638258867,1593669.7496172704],[446380.24972611258,1593631.3752399904],[446329.93753129203,1593600.3746842656],[446286.09399731696,1593574.5002034048],[446222.81287047092,1593532.2500253145],[446175.02990871423,1593500.0001706623],[446110.81282342871,1593475.7497621551],[446073.56276642717,1593461.1249849203],[445992.25001588196,1593475.3749887289],[445943.87523390347,1593478.8750409868],[445835.84427472542,1593496.2502423667],[445731.12492470565,1593554.3744966194],[445662.34384343517,1593623.2497588096],[445610.1567250971,1593694.3747992038],[445546.74956321553,1593778.5004632184],[445488.3130248611,1593854.749546964],[445437.06284008856,1593907.9996339031],[445398.21837081568,1593943.2497887381],[445304.93708626105,1593999.874949286],[445111.81273177324,1594100.376473051],[445045.78118078224,1594113.1252703818],[444943.99964162055,1594125.2504746353],[444837.15654843207,1594137.4995198909],[444733.9690400986,1594140.7496961111],[444688.24952621956,1594150.5002247719],[444664.68723162689,1594185.3746310547],[444635.21859884902,1594244.6253183589],[444612.06285053812,1594299.8741698177],[444575.15587536775,1594369.5000352466],[444544.43794366228,1594430.0000214786],[444513.37489861308,1594471.3746989414],[444478.34382208623,1594506.4999563878],[444397.28094757866,1594534.7500879674],[444347.53091289743,1594531.8746851734],[444307.1873499197,1594489.2496523964],[444288.1563033305,1594427.1246186846],[444268.81297263957,1594349.7491018875],[444261.9378467729,1594323.1251554347],[444233.06200934289,1594280.25024662],[444186.06248006714,1594223.7499834609],[444147.15763424273,1594188.8746020519],[444121.43787337386,1594176.4996030214],[444073.78086539224,1594152.0003748632],[443997.09354377002,1594141.8750727763],[443912.9688548813,1594142.2498462026],[443834.90522416984,1594127.1253981527],[443757.46835569525,1594077.6252395092],[443705.34364542121,1594019.8757586826],[443636.4683832312,1593951.1253938812],[443600.84345497005,1593823.0004195129],[443579.53093858156,1593774.8745384461],[443551.06270381977,1593752.500109843],[443513.62526010518,1593729.0003045748],[443463.28129242908,1593695.5001758689],[443414.37506678031,1593672.1253492497],[443364.43764538597,1593660.3749184224],[443304.84395751095,1593678.124974489],[443241.65498007199,1593706.0002513819],[443184.968386586,1593742.8744785709],[443106.4378330413,1593768.5001397806],[443051.7500853354,1593775.9999151111],[442939.0629807653,1593749.9994804752],[442872.40669904999,1593730.8753093528],[442796.59382166876,1593699.1240691287],[442741.18724357948,1593669.6247198819],[442671.74982125015,1593637.7496386557],[442566.15594572888,1593583.6251074758],[442472.28178456589,1593542.1254513639],[442433.5315774731,1593514.7498452857],[442374.46827688185,1593494.2503402],[442304.06214813149,1593477.7496643218],[442219.65581034962,1593464.0003877145],[442112.21878416638,1593446.8749811116],[442027.90670856455,1593438.249829116],[441934.43706217082,1593417.1247807012],[441843.2815522973,1593383.1248999198],[441773.81341349898,1593351.2498186938],[441713.46912238502,1593329.5000395547],[441677.59326169977,1593320.0003620575],[441594.65643880068,1593316.3754124111],[441450.40653710614,1593306.3750077127],[441384.03084789746,1593301.2499079749],[441275.65583176218,1593301.9994548273],[441176.25002457976,1593302.6251606776],[441084.40640079189,1593300.6252585112],[440996.43768394861,1593301.0000319374],[440915.18734146742,1593317.7486336012],[440831.65658557351,1593349.9994633796],[440760.81221894646,1593379.3749716245],[440688.84345078026,1593415.1248785346],[440587.59335528885,1593454.1249616651],[440514.40608592448,1593493.7496129989],[440433.78136803315,1593543.7495237177],[440361.06207788858,1593607.6245835586],[440313.84338904417,1593670.9999725847],[440257.93705887964,1593747.2500314561],[440216.02988136013,1593822.0009966227],[440196.84419603931,1593886.1249573752],[440167.15640369285,1594000.2497227122],[440158.53125169722,1594081.999736008],[440151.6254093615,1594186.749802497],[440160.50035613426,1594251.5004442257],[440153.09484298376,1594329.4995541002],[440157.31266923854,1594417.3751464104],[440183.71859376976,1594530.3745350821],[440190.21894621023,1594602.9997255676],[440194.06297416479,1594670.500710181],[440193.03080329322,1594750.8744956481],[440181.62548580964,1594819.8746552267],[440156.53134953062,1594908.3748970008],[440112.09388256073,1594983.24978443],[440079.34330070717,1595070.4997521504],[440031.96891674469,1595127.4996861245],[439958.96895283292,1595176.1253192667],[439902.24961136543,1595209.1247207713],[439847.9684099413,1595238.12545559],[439748.06285068358,1595279.6251117019],[439680.8127172339,1595296.1248124542],[439612.3440013256,1595316.6252926658],[439540.40594962845,1595353.6254736297],[439477.06127707142,1595375.2502741197],[439376.56284120539,1595387.3754783731],[439226.56221518328,1595409.37513355],[439091.87545543635,1595433.6254607965],[439017.93758283311,1595432.375186743],[438947.71884079586,1595494.9999725302],[438855.37448980671,1595532.3749269203],[438802.81259804248,1595568.3746286076],[438820.96911913023,1595489.7498941433],[438835.87546399777,1595428.6252584474],[438836.90665974328,1595394.2496291141],[438838.53170722316,1595266.8752579845],[438846.56300748448,1595138.2496376752],[438851.28156094055,1595080.8748490144],[438866.87504459638,1594938.1242035457],[438876.81295997027,1594897.3740942865],[438889.21875673044,1594843.7502903074],[438900.25027591386,1594776.1253021711],[438909.93734012404,1594698.4999905969],[438900.50015195151,1594629.7496257955],[438870.25011820521,1594514.1247103673],[438881.06255908054,1594415.9998937077],[438927.56241754151,1594299.7502475551],[439003.62508969993,1594204.9995293783],[439044.99984842318,1594090.0002385399],[439041.84385312244,1594005.9994719138],[439016.90638708754,1593915.8762141722],[438993.46907114395,1593861.2498994044],[438975.00018469401,1593781.2499122375],[438964.28094961226,1593712.6245260851],[438901.71970953612,1593551.3752528233],[438844.78120850003,1593458.8762631025],[438788.0311505635,1593393.2502020069],[438745.24944754253,1593312.1248381748],[438703.34324514901,1593178.74986668],[438650.74958052923,1593156.2505406884],[438603.31278850272,1593142.6251863437],[438573.84415572492,1593132.7496790339],[438559.65664124076,1593117.5003335956],[438536.37493915478,1593082.1252001117],[438543.84399801627,1593051.5003929392],[438567.84347409918,1593009.2502148489],[438615.905971976,1592989.2504618387],[438716.03166592831,1592985.1247037305],[438767.03091827675,1592963.0002324255],[438853.31217957614,1592863.0014673744],[438906.28061762208,1592760.7499174804],[438955.49912737252,1592664.8748790249],[439042.81255954347,1592533.0000576214],[439096.03087362711,1592462.4997479515],[439162.90623365052,1592334.6257060072],[439228.49962802528,1592207.9999066042],[439261.34341567243,1592150.5002205549],[439351.31203468231,1592030.000000166],[439446.96896995575,1591992.3751697384],[439501.43755809299,1591916.7487039443],[439488.21875002992,1591858.2495950048],[439435.03123367578,1591753.1247550896],[439384.15679745545,1591618.5004846675],[439386.62467884179,1591604.5003568963],[439396.68749160419,1591581.5003037036],[439457.68722991151,1591525.0000405442],[439507.12489923055,1591464.7499303496],[439556.59434140514,1591403.2495461018],[439560.84394051542,1591283.4999289517],[439558.15592443448,1591086.1249189673],[439574.46823847375,1591045.2499123192],[439637.87531909486,1590965.8745746161],[439706.31234340812,1590876.1250339143],[439758.37350797112,1590823.4996776995],[439771.96920223342,1590759.7495152473],[439781.59377711907,1590671.8739229371],[439869.46831304283,1590618.874768422],[439973.03156992851,1590614.2503958857],[440020.06287205976,1590571.7502604972],[439997.59320615069,1590472.6250458215],[439971.93796611892,1590283.2495632425],[440015.56242178584,1590123.6253374608],[440120.93713773851,1590013.250419159],[440257.21920362226,1589930.7498026241],[440347.50018799427,1589854.8745171789],[440375.12461372366,1589784.6250586726],[440374.46827266476,1589691.6253417507],[440386.75014716235,1589621.499805507],[440402.90579095756,1589555.1250914242],[440440.5623129803,1589458.1246763037],[440492.46892007219,1589381.2498867079],[440461.84411289974,1589212.2499869519],[440448.68779416115,1589161.3745756056],[440461.81242130476,1589031.3747589802],[440470.21841373178,1588955.0006965857],[440456.59411577345,1588839.2498273824],[440448.53112391708,1588780.7496620566],[440445.43761794094,1588709.4998055343],[440438.62490013824,1588648.3751698383],[440426.59290167829,1588575.8749580018],[440414.65614052437,1588518.7500453787],[440457.15627591271,1588380.8746236102],[440500.06287632231,1588300.2499869792],[440515.09419983887,1588254.374777982],[440502.87375827931,1588156.3759150973],[440497.62473627896,1588134.8739804833],[440495.99960753863,1588090.2501019263],[440532.62501507631,1588024.9997893828],[440570.68710825476,1587981.3753337159],[440575.40671809728,1587924.1245485779],[440575.09337760916,1587880.7499689488],[440574.18716051267,1587752.2502211542],[440582.3433581625,1587642.6249309652],[440620.12485883432,1587558.3752634274],[440655.56240038236,1587505.8748046013],[440711.21885450929,1587420.1250682326],[440755.37475384655,1587334.375331864],[440799.53170957026,1587249.9997105512],[440805.75041311758,1587223.2498103234],[440720.50034756376,1587110.6251138172],[440690.90576101089,1587085.3753636808],[440646.00031482126,1587066.6249095981],[440580.62502362859,1587046.8750326254],[440462.53125168814,1586989.2504491876],[440387.93793189153,1586931.3750145859],[440364.59382174147,1586886.99995568],[440372.93740610447,1586799.0004411072],[440390.12522077118,1586700.8746493214],[440509.06182661816,1586520.3751699021],[440538.21915042028,1586481.8748388467],[440565.62547296751,1586378.6249224492],[440564.06291481218,1586340.3754425577],[440554.81205696624,1586299.7503119474],[440541.68742982269,1586251.5004273574],[440536.21827312774,1586201.8763464512],[440561.49979611981,1586159.6251119745],[440628.87490821851,1586102.9999514266],[440721.99952252908,1586069.124968034],[440798.62541121326,1586050.750343764],[440857.37537131633,1586038.7501181597],[440907.03122507804,1586006.5002635072],[440966.6874022776,1585942.3753276288],[441004.62451680703,1585882.250114823],[441010.56270910823,1585818.4999523708],[441010.15616282646,1585761.2501423589],[441018.65641743352,1585696.2497058529],[441029.65624502196,1585626.1251447352],[441036.93791717035,1585571.2500103163],[441051.93746783142,1585522.7503309492],[441071.96891243669,1585464.0003708461],[441104.87518940843,1585411.4999120201],[441154.37534805201,1585360.2486708609],[441210.21918889205,1585297.3750654226],[441264.68777702929,1585224.3751827714],[441306.2192059966,1585129.7504183694],[441325.78169625613,1585003.6242897811],[441316.12534851494,1584905.6255081571],[441311.62489824102,1584811.5004145699],[441300.81245736574,1584730.1251747003],[441276.09415089944,1584671.7499880232],[441210.43729207414,1584616.2502041406],[441390.40630294936,1584565.3748740547],[441608.84395328478,1584561.8748217968],[441728.4686730461,1584349.3753637625],[441853.50006017782,1584166.2503575867],[442121.03132287512,1584225.1252150782],[442367.93720797234,1584260.5003485621],[442607.90645300434,1584312.1253067609],[442780.62450820016,1584102.6251737834],[442894.12470533367,1583910.2503661481],[443111.46867059899,1583960.0004008291],[443542.00028907345,1583873.9997320366],[443563.0005213602,1583523.7486932357],[443591.68783443014,1583290.6249139879],[443461.15649287397,1583065.625478274],[443239.09389289212,1582922.9986738074],[443233.62473619718,1582688.875390409],[443310.90599081421,1582480.3746803214],[443247.00021450437,1582241.9997663002],[443389.68747678306,1582026.3750294344],[443602.53099177446,1582090.0002132375],[443819.5626729381,1582181.6246774569],[444057.90581410372,1582238.3748166538],[444152.06162415986,1582030.2498551183],[444350.09395032929,1581911.6245582472],[444475.56268147222,1581711.9998513188],[444463.49996654323,1581477.7496390194],[444663.15636506659,1581337.7503928216],[444663.87519544997,1581106.3755833164],[444880.09386531066,1581016.2502128019],[445089.81210147042,1581144.6249819475],[445237.15648426709,1581359.9998427758],[445455.68734039611,1581397.1259775145],[445741.25022679259,1581409.5000014193],[446088.56231708825,1581241.2496485158],[446283.87501684227,1581380.1245744349],[446529.49983015627,1581190.5001909446],[446563.28160775546,1580831.7500351837],[446591.59309101268,1580602.624922622],[446580.84313946188,1580376.0003581678],[446679.56294550293,1580176.8754033146],[446470.25011797791,1579852.3758982383],[446678.68736361497,1579570.6254294617],[446666.28164811531,1579347.8747155655],[446978.87502724631,1579094.2503748457],[447242.09428276931,1579050.0002133285],[447348.56260253157,1578807.8754522724],[447597.90662767208,1578798.874470464],[447790.24966245197,1578694.0004817126],[448016.71853178821,1578563.6248352744],[448210.68767043448,1578448.7514982112],[448428.49961491954,1578525.1254793454],[448608.59360444383,1578661.4997758965],[448727.9377316985,1578457.8763210217],[448970.96870985115,1578393.9992296684],[449063.09390127164,1578169.2496699921],[449289.78087379003,1578153.1236862794],[449512.53158768622,1578218.3750552095],[449633.12501386856,1578021.125023874],[449435.40602818725,1577921.1252024362],[449562.53149840509,1577706.3750723323],[449465.8126509171,1577500.1250343143],[449515.59340206737,1577278.0000262684],[449247.34330898669,1577107.2500191231],[449199.96892502421,1576878.374782599],[449544.00020389113,1576787.4998652323],[449524.218554063,1576720.1247531336],[449523.56213174365,1576660.1245189768],[449534.53124286304,1576612.750216275],[449553.09325384605,1576565.3748571863],[449586.03130367323,1576553.3745503214],[449634.18798246962,1576538.7498543472],[449680.93763570779,1576510.1249493412],[449671.75032357284,1576483.3749678528],[449644.81295537134,1576459.5003891585],[449617.93710136838,1576444.4998633715],[449602.3436177125,1576414.1249322365],[449589.34388795751,1576387.4999293974],[449549.71923662373,1576368.7515068273],[449520.46862576751,1576369.1252238669],[449483.62511504767,1576372.1245489235],[449444.21856689604,1576372.6252761248],[449379.4064922292,1576376.0003497335],[449327.37498774868,1576385.6249246192],[449279.18864886981,1576399.0004029265],[449233.31238348613,1576390.6251269684],[449236.78171927499,1576357.3738179137],[449302.25013500068,1576295.2497593276],[449370.46799974539,1576253.6252058274],[449438.96848850918,1576238.7495774289],[449502.53126424836,1576234.1252048924],[449584.96735994617,1576213.874519458],[449648.31300762924,1576191.3751934664],[449658.15674208349,1576159.3752148517],[449640.09334552882,1576136.6250376964],[449589.96853742137,1576086.2503535515],[449555.34400717623,1576058.6248714356],[449491.24986902729,1576010.8747389209],[449467.96922332782,1575974.1254091207],[449485.50003856519,1575949.6252058365],[449548.59385995864,1575901.6251972842],[449577.43784327264,1575864.250242894],[449547.93743763928,1575840.3756641997],[449523.49972367962,1575815.1248576767],[449524.31379136909,1575770.4999227331],[449535.31256257097,1575730.7502927503],[449533.59325291106,1575688.6250120485],[449540.81243573496,1575647.7500054007],[449585.31239202933,1575648.4995522532],[449625.06104688626,1575678.6246073502],[449668.31276063947,1575680.6245095169],[449705.21876068378,1575682.7503654584],[449739.40602817817,1575668.2515419987],[449813.96855024528,1575625.2486478966],[449849.40609179332,1575608.1252728063],[449886.06221580005,1575587.2500191687],[449918.75038958958,1575551.1253388321],[449882.81203957979,1575522.2485262761],[449848.24999865919,1575498.3750039684],[449788.12486711389,1575464.7499778739],[449797.71872553055,1575412.2504941735],[449801.18798005889,1575380.2505155588],[449822.24964528374,1575327.7499754722],[449846.15591557306,1575301.8745194853],[449930.65643427451,1575235.7497627006],[449957.09405040072,1575211.1245807675],[449997.37512405385,1575172.3754300612],[450070.31365502754,1575094.8750158756],[450136.21827711747,1575074.8752628653],[450178.12545463699,1575068.0001369985],[450235.4059811178,1575073.6249888116],[450279.93771026772,1575075.6248097175],[450325.84363573394,1575086.624637306],[450362.74963577825,1575088.6245394726],[450430.09403140796,1575085.2504409899],[450502.18769696273,1575048.6250334522],[450518.46823814645,1575024.1247489075],[450594.28111552773,1574978.625369723],[450642.81256775028,1574995.8746985882],[450687.43750269379,1575009.3750742839],[450735.87469273631,1575018.8747517811],[450831.62483380327,1575053.5002571521],[450862.34382189531,1575072.2497361088],[450917.15654825023,1575085.6252144161],[450983.24961343978,1575080.9997854931],[451035.34352598432,1575077.7496092727],[451140.84419571201,1575072.624509535],[451180.0623820246,1575054.2498852652],[451246.81284465943,1574990.8754713652],[451308.40643470106,1574923.7512916904],[451351.53113829275,1574914.2495826809],[451414.5317538926,1574858.6249014095],[451432.96886748704,1574798.3747912152],[451433.78090366395,1574753.624958883],[451463.7810613726,1574704.7504248293],[451529.90581815713,1574705.2501769045],[451596.09412065271,1574710.8750287176],[451669.93781233643,1574720.1247489166],[451729.74968465406,1574724.5003018018],[451792.09387793456,1574726.2503279308],[451835.28107085079,1574721.8747750456],[451889.84392116813,1574709.7496520525],[451919.00026984431,1574701.7501246466],[451981.50007698237,1574718.7495774743],[452010.84381237166,1574728.6250035237],[452036.4684171949,1574744.8749094987],[452069.84364851238,1574775.1238055981],[452086.65668975288,1574800.4995907703],[452122.31233448308,1574806.3752937468],[452160.50038143661,1574808.500093302],[452198.93724804127,1574835.9996216428],[452240.09390358237,1574879.0004029719],[452279.81281709624,1574909.1254580691],[452333.46831267007,1574930.1246339695],[452352.84341621649,1574960.4995651043],[452384.81267836218,1574975.3751935028],[452425.50029829703,1574973.6262237602],[452454.53174958465,1574954.1251664388],[452492.49966184353,1574937.1257136113],[452528.12353371817,1574940.499812094],[452575.00019711792,1574923.2495081027],[452605.43761757726,1574913.9997066432],[452639.84404464025,1574921.2496871967],[452679.24961766595,1574920.7499351213],[452707.15666741441,1574913.9997066432],[452765.09255982807,1574860.8745983532],[452810.40658381191,1574817.0003479091],[452863.1876351448,1574757.6246819557],[452893.18673646695,1574707.3749764597],[452909.09356061101,1574649.7503930216],[452930.28109835036,1574607.3752362824],[452969.15628409229,1574557.1255307863],[453011.9687035823,1574515.7497156768],[453049.7809207231,1574484.6252376894],[453091.28155196091,1574439.4996568053],[453123.93795289495,1574400.7504248384],[453187.28156906553,1574378.2501237208],[453244.37470883323,1574366.1249194671],[453287.50046881137,1574356.6252419702],[453336.93716300448,1574340.7501906815],[453380.1253310467,1574337.6249118499],[453443.90620996797,1574355.9996173803],[453508.78174908535,1574356.3754471929],[453548.18732211099,1574354.625421064],[453577.15628407407,1574328.7499650773],[453574.31265413557,1574300.7497095352],[453557.34391777695,1574258.750301348],[453549.12531206303,1574205.2504196318],[453539.96871639707,1574179.8747157201],[453533.21848791896,1574144.2497061985],[453502.28139664483,1574103.7494729767],[453497.90584375948,1574050.2495912604],[453507.71886174474,1574016.8754163296],[453514.81306591956,1573967.0004029991],[453524.68751684285,1573938.8752500685],[453506.43778996158,1573895.6245927019],[453477.75047689164,1573830.8750073595],[453437.74991448468,1573773.9999707739],[453423.21939942986,1573724.3749147418],[453389.84416811238,1573695.5001336983],[453336.37492160464,1573689.7503844968],[453289.12454116525,1573672.5000805054],[453231.68734444038,1573650.2495741649],[453206.03104802209,1573630.1249237661],[453174.09347747144,1573617.7498434749],[453143.4687515595,1573606.625118498],[453091.21914389689,1573595.7502695587],[453031.4052400667,1573592.749969376],[452986.8438508343,1573586.8752415255],[452925.59326136333,1573568.4995608691],[452893.62497434369,1573552.2497361542],[452854.09344754292,1573541.2499085658],[452833.96879714413,1573560.6250121123],[452771.93794435175,1573589.4997931558],[452717.15601572633,1573580.0001156586],[452671.03093069152,1573547.3754875802],[452593.12502661062,1573516.4998292441],[452566.50002377131,1573521.8748050195],[452530.8750142497,1573521.0002795181],[452483.74953119888,1573515.2495551903],[452454.46828513412,1573511.7495029324],[452412.49959341605,1573510.99995608],[452375.50046883867,1573500.0001284918],[452342.62596472248,1573518.2498553731],[452336.71848889033,1573559.2497594096],[452328.1251097502,1573588.6252676544],[452286.28139668121,1573600.7504719079],[452251.87496961822,1573593.4984598421],[452199.46869171155,1573568.624539518],[452138.37485374522,1573565.5002358125],[452098.78083761991,1573546.8757355048],[452076.93793394766,1573526.7500287197],[452058.87453739299,1573502.6245988617],[452020.12538668665,1573446.9999175903],[451982.06223712169,1573455.1253987711],[451936.37547122414,1573462.1243656399],[451889.34416909283,1573466.4999185251],[451856.28227826359,1573466.8747732118],[451817.87515300192,1573440.6234874122],[451789.5000427732,1573402.6248586844],[451758.68793014809,1573377.5000059363],[451728.03143138066,1573362.6254339244],[451684.62507889583,1573349.1249769682],[451651.37474496692,1573331.6247969391],[451611.84321816615,1573319.3746952971],[451589.90605231386,1573288.9997641623],[451567.87470554205,1573251.0001603083],[451512.93716305902,1573227.3754576517],[451427.8754593443,1573241.2496316475],[451380.99985233112,1573257.1247641966],[451355.18786079471,1573221.7496307127],[451320.37496871053,1573176.1252728791],[451300.96914869506,1573144.5000676906],[451275.03120338364,1573097.6254358033],[451248.24953030027,1573091.5009131755],[451207.62537481589,1573098.4999613049],[451169.71897675551,1573121.8747879239],[451139.5621488028,1573154.1246425763],[451070.09401000448,1573201.00033085],[451052.0623863053,1573179.5014028745],[451030.1877097775,1573155.4998952791],[451013.43707660103,1573133.9999921774],[450999.1246647283,1573103.6250610426],[450994.87506561802,1573062.7500543946],[450994.59341672488,1573036.0001541667],[450977.78143187088,1573008.1247960133],[450937.09381193598,1573008.6244668281],[450888.4066645953,1572975.9998387494],[450858.90625896194,1572952.1252600553],[450832.09492579603,1572942.249834006],[450808.21831558918,1572969.3745889205],[450778.06254402298,1573004.2499703292],[450746.31236018543,1573007.1253731232],[450712.12509269104,1573021.6251717091],[450697.53103192523,1573083.124580831],[450658.46854073071,1573119.3752149425],[450638.56296864001,1573159.1248449255],[450599.40621526545,1573183.8749242472],[450552.28073221463,1573179.3754490993],[450506.62468278606,1573188.8751265965],[450471.37452795112,1573222.5002339515],[450415.34330039803,1573215.5001294357],[450365.31372959662,1573175.2497722516],[450346.00005898823,1573152.6244924851],[450322.90574361535,1573135.0004714539],[450282.31238586054,1573143.1248149879],[450245.6869783228,1573166.624620256],[450195.71884045948,1573132.7497181238],[450147.06240958779,1573100.1250087847],[450121.75017012673,1573112.0003370007],[450081.18752884091,1573125.2499427933],[450049.4998343279,1573135.8749156951],[450017.81213981484,1573143.8754182267],[449993.40611745021,1573121.2501384602],[450009.50032830739,1573081.4995333513],[450020.5625639598,1573044.2504514756],[450034.09373738512,1573000.7499180713],[450073.24943437311,1572977.2501940636],[450125.37511977315,1572975.3751892857],[450235.56265136192,1572933.1250111954],[450260.84417435399,1572917.499754684],[450275.78131695103,1572886.6251527346],[450281.68773639668,1572845.7501460866],[450286.43806270824,1572812.4998121576],[450347.15615212236,1572782.3747570605],[450404.40596213413,1572785.5000358922],[450450.15619248222,1572782.3747570605],[450481.96878438385,1572784.4995566155],[450495.59413872869,1572749.876082757],[450487.53114687232,1572709.1249983716],[450468.09363526187,1572676.2504942555],[450448.751279697,1572650.8747090832],[450434.40603858227,1572615.3746782106],[450412.46887272998,1572586.2490460034],[450368.90690638754,1572556.2499446813],[450338.34361341363,1572552.7499736841],[450303.90646988165,1572541.7501460956],[450284.56208280422,1572517.6247162377],[450275.12489463168,1572466.7503612777],[450360.00018675928,1572434.9991210536],[450392.87469087547,1572416.750450559],[450444.84370603139,1572400.7504206214],[450505.31297579437,1572348.9995086475],[450532.15608181583,1572361.3745889387],[450578.031290813,1572368.499590843],[450606.06226282404,1572375.8754439109],[450651.90675535216,1572380.3749190588],[450684.93792971247,1572377.3746188763],[450721.81215690123,1572375.6245927473],[450745.59352980205,1572339.6248097995],[450769.28169690928,1572297.2496530602],[450789.31216638855,1572267.6253251643],[450792.71901285287,1572226.7503185163],[450841.65595497069,1572164.875160842],[450851.28158624284,1572113.6249760694],[450878.43705762643,1572038.0004605274],[450862.68787885248,1571990.9999561256],[450763.00050403742,1571943.7494944257],[450762.24990079849,1571874.750309973],[450793.4685597053,1571818.2501280743],[450840.87463526276,1571733.3748359466],[450867.1873540004,1571697.3750529988],[450880.65603810112,1571648.7514513691],[450880.09387796186,1571593.7503631751],[450893.34340249398,1571526.0004776502],[450955.12543563516,1571474.1246682878],[450987.81255303824,1571437.9999879512],[451038.40631549142,1571411.8746559268],[451069.90662329138,1571387.2495552541],[451110.40580012661,1571367.6245756699],[451130.49973405642,1571344.3746464394],[451098.49975544174,1571322.9996407265],[451065.34368369292,1571314.5004425058],[451033.37539667322,1571298.3734836672],[451002.71889790578,1571284.6252634465],[450955.18784369918,1571241.8753332808],[450950.90655299393,1571198.499697265],[450975.78152970428,1571145.8753161763],[451031.65608701331,1571136.249684904],[451100.40645181475,1571142.9999133823],[451215.00025275786,1571157.0000411533],[451282.50026224513,1571166.3747400013],[451335.87524657283,1571164.3758942212],[451399.59363616956,1571175.124870646],[451392.75125828444,1571130.4999357024],[451371.96921044023,1571089.8748050921],[451325.81235254992,1571054.7495476459],[451297.59399382578,1571030.8749689516],[451259.15615209512,1571004.4998421497],[451252.43769647251,1570971.3754619961],[451276.34396676184,1570945.6249846581],[451332.25029692636,1570942.3748084379],[451385.56279192952,1570934.000507606],[451465.65598489007,1570931.7497542757],[451531.59335496154,1570913.0002753192],[451587.62458251463,1570920.0003798348],[451625.8751187927,1570928.4995780555],[451646.49952126679,1570953.7503845785],[451678.53127273702,1570976.2497105701],[451740.49963620486,1570946.1246554728],[451760.03140999534,1570986.7497860834],[451792.21877532313,1571025.9997452514],[451856.03142709995,1571048.1252729427],[451890.56275155151,1571065.6254529716],[451931.50016626349,1571089.2501556284],[451970.12547596777,1571132.2499618314],[452018.3435877022,1571122.7502843344],[452057.75021711434,1571120.8753608169],[452075.84327375161,1571148.7486874578],[452088.96887602116,1571185.6249461591],[452103.24959629879,1571214.875475755],[452103.71855064458,1571259.5004106984],[452140.93789117708,1571289.6254657956],[452173.99978200637,1571291.7502653508],[452211.87546359771,1571265.7499119751],[452197.37460862543,1571214.875475755],[452243.74956969783,1571151.7499627664],[452291.96865655825,1571142.2503665299],[452320.28127746249,1571053.8760785309],[452341.40640713787,1571007.6250397209],[452376.81217583036,1570989.3753128396],[452392.93710315652,1570949.4997290818],[452391.21884988312,1570907.5004021551],[452400.81270829978,1570854.999943329],[452437.81191413768,1570865.9996896568],[452501.65625750949,1570889.4994949249],[452500.96911872108,1570825.6254914706],[452492.5938427631,1570755.6258277416],[452494.65615299373,1570708.3754473021],[452517.24974116537,1570682.4999913152],[452578.25037333812,1570677.8745623922],[452620.12480287615,1570668.4998635442],[452662.15598391875,1570674.3745101343],[452729.93756103871,1570711.7494645244],[452755.46896006842,1570719.1253988529],[452795.34356870037,1570762.0002264068],[452813.78165742074,1570822.9998834538],[452813.0935435064,1570876.624743819],[452862.15643939923,1570946.2495528616],[452889.62525127101,1571020.0001200121],[452905.78089506621,1571102.749556198],[452939.21861570817,1571139.3749637357],[452987.71829507523,1571155.2510714107],[453022.40628977091,1571186.7503228243],[453026.78086753027,1571241.6265136297],[453083.90675527946,1571231.999825971],[453163.96923177096,1571227.124602271],[453249.06254582026,1571214.6246245913],[453295.74979099433,1571182.1248939012],[453352.31246221776,1571117.6251845965],[453400.15580052591,1571072.2497276748],[453458.18798663211,1571030.7500715628],[453523.87548066594,1570986.4999913061],[453634.5309914744,1570990.249838341],[453714.68764888553,1570993.1252411352],[453790.65614012437,1570961.5000359467],[453833.65594632749,1570981.0000368818],[453917.25024793239,1570943.2503090654],[453970.3128668979,1570906.999674954],[454015.28080241207,1570813.5002872171],[454028.68699718831,1570747.1245980083],[454066.218703083,1570675.3749894109],[454109.18779281707,1570644.2505114237],[454195.34407546738,1570607.7500012745],[454271.31256670621,1570573.8750178819],[454346.12496481091,1570550.1254178365],[454403.00000139652,1570510.1249366901],[454410.31239001395,1570471.7495030235],[454417.40561906272,1570412.9995429204],[454435.81201618817,1570333.8750563809],[454431.71908732195,1570303.2502492084],[454400.68781512824,1570242.3745144242],[454358.28088553343,1570190.4996801878],[454318.5629471456,1570155.1246279643],[454241.96883131692,1570121.4995206092],[454177.937101232,1570065.9997367263],[454131.81201619725,1570026.999653596],[454072.93715870555,1569982.8755271141],[454002.99998430099,1569979.7502482824],[453924.21955471864,1569986.8752501868],[453850.6871720106,1570010.6248502322],[453811.43826922902,1570028.7496797247],[453749.49956584373,1570071.4996098904],[453711.3432917457,1570070.6251656492],[453651.4065220395,1570050.7503100275],[453575.96841808443,1570001.7499034593],[453545.06204327935,1569954.875271572],[453531.99990546028,1569916.7497139431],[453527.81279567454,1569870.8754800719],[453508.25030541501,1569816.2502216906],[453476.31273486436,1569797.499767608],[453394.99998431915,1569803.3754705847],[453329.68718245107,1569750.5002383322],[453350.84302859544,1569697.9996982454],[453371.96921465732,1569640.3751148076],[453398.34336633299,1569604.3754131203],[453435.06295479019,1569584.8754121852],[453492.50015151507,1569612.3748592655],[453543.78105275665,1569661.6252231319],[453583.49996627052,1569694.374748599],[453611.5626298766,1569704.3740969109],[453678.56296854909,1569660.3738926917],[453677.78270522767,1569569.7508828752],[453627.0937054684,1569442.7503100459],[453608.06265887921,1569302.750088722],[453578.46904745232,1569114.2501067708],[453549.31269877614,1568975.6250568891],[453551.43749833124,1568929.749847892],[453533.15599859442,1568873.7503931944],[453423.06272918574,1568784.3746507929],[453348.96916146443,1568745.4994650511],[453250.65590170509,1568696.7499096463],[453221.0940631337,1568661.3748574229],[453206.28084279923,1568567.1248664472],[453181.81241237058,1568530.3744802603],[453097.68772348185,1568504.3751832715],[453047.40624513035,1568425.8753461957],[453042.37532631215,1568284.3748935203],[453035.03124609968,1568170.9996750357],[453007.99969697866,1568131.7497158677],[452954.12496057572,1568078.6246075775],[452910.09395862703,1567984.7504464146],[452926.68792155944,1567845.6246693318],[452935.84346083889,1567728.2497277746],[452940.59386841091,1567688.6249951804],[452933.49958297558,1567604.6252849407],[452889.87512730865,1567559.1248493697],[452856.43740666669,1567513.4995164103],[452801.37488553458,1567468.1250346145],[452711.87522087048,1567411.6248527155],[452693.71869978274,1567369.7503419169],[452682.93697537645,1567299.749703062],[452631.81274437893,1567267.1240998574],[452604.40642183169,1567188.2504644815],[452540.09409924014,1567100.999521635],[452474.90627602109,1567062.0004948911],[452379.37529452273,1567039.9998645883],[452306.59343379311,1567004.9995045303],[452208.34266335831,1566965.2498745476],[452190.12470933254,1566918.2503452718],[452198.31259857741,1566836.500331976],[452200.43739813258,1566786.7502972947],[452202.71886793181,1566754.8752160685],[452203.40600672015,1566687.2503091926],[452229.43707656465,1566610.5004982459],[452251.53091266105,1566518.5002042139],[452244.46840008121,1566437.0000669556],[452211.96866939124,1566355.624827086],[452198.46829369548,1566264.0003628666],[452200.49988745712,1566204.1250260985],[452153.40609600127,1566199.374699787],[452096.43793488265,1566229.2489037204],[452068.78173629777,1566265.2496617944],[452020.99983092758,1566325.6246693772],[451972.56264088507,1566313.3745677352],[451959.59362759913,1566282.8747392118],[451912.40671161027,1566265.4995378319],[451808.1246243412,1566265.2496617944],[451746.93749932077,1566246.7500588754],[451693.28094736044,1566215.3747297246],[451601.43732357258,1566180.6252208303],[451563.15615208598,1566164.3744209895],[451525.71870837139,1566101.0000070895],[451465.46754179051,1566042.8746964503],[451437.62501287903,1566024.0004013656],[451408.43794773385,1566066.3745017184],[451372.84365468123,1566066.750331531],[451319.53115967807,1566076.2499277678],[451263.68634371203,1566088.2502346328],[451214.21893304994,1566102.7500332184],[451135.49993640563,1566115.0001348606],[451078.34333218739,1566120.6249866735],[451001.87508887332,1566098.5004341081],[450953.21873926214,1566059.3754535893],[450912.21875396511,1566025.3745976819],[450854.81235496973,1566000.3746423225],[450811.65587852255,1566010.9996964848],[450733.25022236642,1566060.2499790906],[450630.9372395344,1566138.9996922039],[450576.50042425265,1566166.3752982821],[450498.06202011497,1566211.749780078],[450472.7814722489,1566225.9987275002],[450465.18751599884,1566229.8745283103],[450417.03083720244,1566248.2502089667],[450372.53088090802,1566248.6249823929],[450306.40604286297,1566249.3746105058],[450240.46964791755,1566267.7502911622],[450185.87510600517,1566277.2498873987],[450162.87505281233,1566266.0002650332],[450158.65722655755,1566220.1239996497],[450191.59413873777,1566203.2495254709],[450216.84397013485,1566182.6261793834],[450231.65613408282,1566132.7512473136],[450241.7496633142,1566123.7502655052],[450269.43763475458,1566091.6253082415],[450303.53169645544,1566063.2502792731],[450355.21914397873,1566012.9995173907],[450397.87489322462,1565947.5003851959],[450401.56225093512,1565932.1250047223],[450435.12486896565,1565843.8746389858],[450448.96832649258,1565824.6245140885],[450481.53152163309,1565768.2502047042],[450499.15668031108,1565750.1254564719],[450518.06274825125,1565728.2486671712],[450548.50114383659,1565721.6254488546],[450600.81218443724,1565742.7495221435],[450616.03089466691,1565738.8746964594],[450648.99957970262,1565728.2486671712],[450662.87481008505,1565712.8753994703],[450679.18712412438,1565688.5000935749],[450727.18713267666,1565652.3754132383],[450751.2500732101,1565643.1245553924],[450753.40664562077,1565596.0001287281],[450760.84393162676,1565575.4996485165],[450773.24972838693,1565539.6248442177],[450788.37523282302,1565525.4997377978],[450822.3751136043,1565486.8754844798],[450838.78160856315,1565470.1249325639],[450830.84359535587,1565434.4999230423],[450833.18747321912,1565411.6248484985],[450863.59417720948,1565398.5002213549],[450916.75000196852,1565371.2495126652],[450950.87478013837,1565349.249938749],[450977.40665844467,1565329.8748352025],[450977.09331795649,1565294.1249282924],[450977.03082863195,1565286.5001743126],[450976.75023612531,1565252.1245449793],[450976.62533873675,1565239.3746912619],[450987.9692232823,1565225.1246874533],[451001.87508887332,1565218.6253913993],[451039.78156819416,1565189.0000071167],[451040.93766132829,1565177.4995335876],[451040.56288790208,1565134.1248726978],[451046.43753449223,1565076.7501652974],[451075.46898577985,1565052.2499620132],[451083.9691591264,1565007.5001296813],[451078.78157006414,1564994.7502759639],[451046.50002381677,1564936.500067936],[451047.28134352469,1564880.3746594633],[451040.46862572205,1564829.3753258544],[451040.03136297129,1564778.3739607332],[451056.06210937793,1564720.8754123307],[451060.84420854499,1564686.3747230875],[451069.40687121608,1564646.7500717537],[451081.81266797625,1564609.7498907899],[451103.2500817533,1564589.1254883159],[451120.9683649643,1564579.999609119],[451170.56270452746,1564579.4998570436],[451240.62477632065,1564595.3749895927],[451300.52985443186,1564612.6252935841],[451338.68710365583,1564613.499737825],[451402.18747133098,1564607.8748860119],[451443.8437164264,1564570.4999316218],[451466.37481527351,1564531.9996005667],[451505.0932495108,1564451.2500665472],[451512.46918383928,1564421.8745583023],[451519.46920709452,1564347.8751715007],[451525.24967276515,1564280.2501833644],[451530.03079680621,1564246.9999306959],[451520.62530022865,1564185.8752950002],[451503.46925841743,1564114.6253572174],[451494.12519477791,1564065.0003011851],[451489.96880146116,1564022.999917872],[451508.78174486826,1563994.7488111663],[451510.90654442343,1563947.6253596281],[451504.15631594532,1563900.4997953167],[451507.81198206078,1563881.2496704194],[451503.59309941949,1563835.5004151973],[451496.81223573285,1563786.9996794437],[451501.37517533131,1563727.1243426756],[451514.81208657654,1563661.8750865185],[451542.37613575434,1563613.2504285022],[451531.75002520561,1563562.2501197674],[451515.84320106159,1563485.9999796355],[451501.65674296394,1563464.3751791453],[451482.24986656202,1563423.8749459235],[451462.8747630156,1563392.124762086],[451437.06285273971,1563347.74970318],[451404.84371455642,1563297.1252242578],[451381.43711508182,1563234.8752118968],[451366.00030167005,1563214.624607723],[451327.49997061485,1563172.8750755736],[451309.56252783519,1563158.9999264516],[451294.12473929737,1563138.7493222777],[451278.56294723653,1563100.6236833883],[451264.34268477088,1563075.2500109891],[451247.6566536919,1563056.374659518],[451218.25042897812,1563037.5002831728],[451191.28128792113,1563008.3756260916],[451153.96882285556,1562956.4998167292],[451124.37521142862,1562915.9995835074],[451097.5310490207,1562898.3745060901],[451068.09516422439,1562876.9995003771],[451010.68762758205,1562855.8754270882],[450959.59411305358,1562827.1245683073],[450920.03089465783,1562808.3751706111],[450849.78143615153,1562774.6251658676],[450788.6557440692,1562762.4999616139],[450754.2810898617,1562756.3754389861],[450724.99984379695,1562752.8753867282],[450696.90638246137,1562739.1240786084],[450654.84359108424,1562726.7500547038],[450552.93715453398,1562704.876353302],[450496.93761857587,1562696.500102218],[450442.15674633696,1562685.5002746296],[450381.0935435791,1562680.9998243556],[450322.50025372009,1562670.1248941559],[450257.43635276367,1562645.2488610591],[450222.87431184307,1562616.2502390135],[450158.90604620869,1562572.2499535338],[450141.09358207812,1562569.8752779409],[450055.8435165243,1562561.7498780205],[449988.43768795655,1562559.874954503],[449898.12493072898,1562554.3750000787],[449857.37490273011,1562549.624673767],[449815.40726739855,1562547.4998742118],[449742.81287464255,1562534.2503496797],[449709.71921095776,1562529.5000233683],[449656.3124537745,1562529.999694183],[449577.34366235306,1562512.8753439668],[449551.81226332334,1562500.3753662871],[449505.99954365072,1562494.4996633104],[449470.43702345359,1562501.1249944],[449410.87502717361,1562524.7496970566],[449367.87522097048,1562549.3747977295],[449305.71841440309,1562566.5002043322],[449249.78144903004,1562565.7496010931],[449202.68765757419,1562559.874954503],[449174.56347976957,1562544.875403842],[449145.21974438033,1562532.3754261623],[449127.31098655716,1562518.5001957798],[449113.1879929101,1562503.3746913436],[449096.59411123814,1562453.6246566626],[449070.62544945767,1562433.6249036521],[449047.40623669623,1562395.6252997983],[449022.78105476301,1562339.7497673633],[449003.1254399704,1562273.6249293182],[448976.96833509038,1562188.4998424135],[448956.12485430815,1562131.3749297902],[448935.43796250952,1562093.2504285478],[448888.12509274558,1562061.8750181363],[448838.34336646937,1562038.1254180912],[448784.75027895952,1562015.7500143622],[448729.71847429645,1561975.3757349155],[448701.53075078083,1561948.8745730782],[448680.74975932314,1561898.1241403809],[448660.06286752451,1561860.1245365269],[448630.56246189115,1561830.9998794459],[448588.28148607141,1561793.2501516296],[448543.5316537394,1561763.0001991438],[448516.65579973644,1561741.6251934308],[448479.37502626586,1561697.3751131739],[448453.56205960352,1561651.7496989539],[448423.93773170759,1561608.6249953622],[448387.96866522875,1561564.3749151055],[448311.21885428199,1561510.2503839254],[448263.9376761131,1561485.250428566],[448220.65630227735,1561476.7501739589],[448185.12449854921,1561485.9999754184],[448154.65644288133,1561490.12467714],[448111.53165802918,1561503.3742016722],[448088.71899154939,1561512.5011372557],[448042.96876120131,1561515.5003810518],[447984.50036873086,1561514.7497778127],[447943.75034073199,1561508.7501525735],[447919.56242154946,1561506.5004556298],[447881.43889543298,1561506.875229056],[447847.09390130802,1561507.1251050937],[447807.5941473628,1561497.3745764329],[447737.40612179454,1561466.1252010572],[447662.1246880836,1561436.2499407372],[447609.81267235696,1561416.3751663759],[447560.12512700027,1561402.8747094197],[447518.00082142465,1561384.1253117237],[447478.43752176838,1561366.7500290833],[447409.31238354067,1561313.7498994423],[447381.12474128557,1561287.2497939914],[447324.59384291765,1561219.0001563914],[447293.31269468635,1561130.0002438026],[447262.28134123218,1561073.0003098284],[447233.96880158846,1561033.7503506602],[447210.49971278931,1560965.1249645078],[447190.87481446576,1560901.4997807047],[447188.00038679776,1560860.7496714452],[447125.43711520912,1560830.7495137367],[447046.65668562677,1560837.874515641],[446958.93776356062,1560840.0003715826],[446855.96738328325,1560842.3750471754],[446773.34390087234,1560844.3748680814],[446725.06232468737,1560846.1248942104],[446651.31281392323,1560846.8744410628],[446591.53165807464,1560844.8746201568],[446510.06223728531,1560833.0002670668],[446471.8434738628,1560824.3751150712],[446429.78165761166,1560813.3753687432],[446376.06261632679,1560774.3752856129],[446303.18763106415,1560727.8754271518],[446235.28107529512,1560669.8760702875],[446185.09377786313,1560600.2502048588],[446155.12441788404,1560515.1251179539],[446160.40618786588,1560392.6249953986],[446196.09360545158,1560255.8749502951],[446228.53084681701,1560181.6247123296],[446226.96926378767,1560147.2500581222],[446234.31236887409,1560115.249998247],[446249.43787331023,1560099.7497203846],[446242.75013415667,1560061.6241627557],[446223.28076843021,1560017.1252628479],[446203.87494841474,1559977.8753036796],[446225.00007809012,1559920.2496638552],[446215.62537924206,1559866.749782139],[446260.96914456895,1559815.3746999779],[446298.90625909832,1559793.2501474125],[446302.28141396766,1559742.2498386775],[446310.84407663875,1559704.000358786],[446329.5934743348,1559665.5000277308],[446352.06208385743,1559616.8753697146],[446363.21858168987,1559583.6250357858],[446383.15584537562,1559536.2496766972],[446451.49966389535,1559502.374774565],[446469.21900349285,1559491.9995964405],[446488.0308905135,1559462.4991908071],[446486.15596699598,1559392.3746296894],[446489.50032413576,1559336.2501963428],[446518.43751324335,1559301.4997123226],[446547.31229428685,1559260.4998082861],[446569.93757405353,1559228.3748510224],[446596.15603061114,1559173.2499218262],[446594.50026666222,1559130.0012147115],[446589.00039349828,1559081.4995038318],[446577.28173552646,1559048.5001023272],[446558.75035975198,1558965.8745071432],[446548.21851138334,1558921.2496534602],[446539.0004827794,1558885.6246439386],[446514.18791413307,1558810.7498377699],[446494.49947009847,1558738.2495446729],[446463.49891437381,1558683.625342678],[446412.3439669073,1558648.5000852316],[446348.43615908496,1558608.2497280475],[446289.59404957481,1558568.1253246383],[446214.21843494428,1558525.5002918616],[446170.81208245945,1558505.4994824647],[446127.31252418109,1558475.249529979],[446092.62452948547,1558434.8752505323],[446042.8437783352,1558411.1245941005],[446013.3126562328,1558376.9998159306],[445952.81267000077,1558290.8752248753],[445896.12510138884,1558204.749658694],[445837.00036785955,1558133.8735192115],[445779.18734132196,1558064.2496852952],[445688.40668613516,1558003.9995751006],[445639.65607434395,1557954.7503488811],[445574.68741069356,1557938.7503189435],[445509.87533602671,1557944.5000681451],[445477.96856320556,1557930.8747138004],[445517.37511135725,1557895.2507606652],[445519.03095656662,1557895.12480689],[445558.90654032456,1557880.2512100041],[445624.93711618957,1557868.1250306247],[445688.43740260421,1557859.8746520551],[445773.50008144492,1557844.9999987828],[445869.74989332666,1557804.6247442099],[445969.7496335039,1557750.1254396038],[446034.28111566411,1557713.7498268432],[446083.49970667507,1557673.7504020832],[446126.28140969604,1557622.2503412729],[446175.43751138245,1557569.5000064091],[446215.50048185349,1557497.7503978116],[446219.15614796896,1557479.8754443564],[446217.34363251546,1557417.3745808317],[446212.03114606463,1557393.2511824863],[446191.1558924269,1557329.7498396852],[446165.09402485291,1557257.2496278489],[446110.71864250919,1557144.3751365656],[446055.43801819498,1557073.4989970829],[445987.49968957045,1557011.6248145348],[445893.03159541264,1556965.3748321114],[445779.59388760367,1556934.6261839368],[445737.28122018895,1556891.6253213473],[445718.99866406561,1556835.7497076518],[445708.31225822587,1556778.498922514],[445713.06258453743,1556738.8752463062],[445706.37484538381,1556701.9999627308],[445685.78115937876,1556671.625031596],[445638.28090290172,1556618.4999233058],[445628.90612279321,1556562.5004686082],[445696.78098696715,1556472.6249741316],[445815.90595465322,1556426.7497651344],[445915.75008097285,1556357.0000587034],[445990.9997418283,1556240.2496853496],[446012.15656309872,1556186.4999275957],[446053.8128894546,1556149.0000758171],[446091.4059470268,1556087.4996103086],[446129.06157518405,1556029.7490730954],[446161.78144056862,1555989.8745457241],[446222.15644815157,1555916.6247057747],[446247.31201736862,1555885.750103825],[446305.49981733237,1555848.2502520464],[446362.65642155061,1555843.8746991612],[446488.56233418378,1555846.5002259174],[446548.78172790917,1555751.4996317029],[446562.09374176583,1555676.1249921983],[446572.81297684758,1555589.3738014272],[446586.2816609483,1555530.6248977107],[446605.00034217536,1555489.6239372876],[446644.93735887134,1555414.9999010221],[446657.59400679515,1555397.249926216],[446687.90644860541,1555372.7496416713],[446733.40485266387,1555341.7501423331],[446787.78129139415,1555308.0001375894],[446803.96870804479,1555269.6247039228],[446823.87525526149,1555215.8749461691],[446830.96848431032,1555154.6254130846],[446821.68796638184,1555111.3746744574],[446787.90618878265,1555026.2495875526],[446782.4995214123,1554989.2494065887],[446778.15671650844,1554929.3750449466],[446802.93751229928,1554855.24978563],[446834.65592328133,1554845.9999841708],[446905.49931478238,1554805.7485706001],[446944.71847622097,1554781.1255014397],[446978.75012985774,1554746.3750174197],[446991.31251560152,1554729.7503380182],[447008.56281959277,1554667.124577105],[447012.03118025564,1554626.249570457],[447031.90595461684,1554572.4998127031],[447067.43775834492,1554563.2500112436],[447111.9684311084,1554567.8754401666],[447146.21916305326,1554557.3753646535],[447176.62481065711,1554548.1245068077],[447253.84365721012,1554507.87520601],[447285.46886239864,1554488.3751238144],[447323.37526045903,1554461.2503688999],[447340.9993627505,1554440.7498886883],[447350.87478879979,1554404.8750843895],[447361.74963773915,1554339.749750495],[447362.71834416018,1554303.9998435848],[447363.312277155,1554227.4999086757],[447364.15502980095,1554176.4995186804],[447363.68705058115,1554122.9996369639],[447379.84375076287,1554079.500159946],[447397.4063388558,1554051.2500283665],[447443.06246954482,1554039.3747001507],[447517.74988900049,1554001.6248910737],[447559.40524023038,1553968.1247623677],[447597.25020535273,1553932.0000820314],[447618.71833559877,1553915.2495301154],[447630.03150367533,1553901.1254800817],[447658.84379539435,1553848.5000426064],[447671.09389703639,1553797.374836483],[447681.99954370526,1553733.4997766421],[447682.87504433276,1553688.8748416987],[447694.78108901763,1553594.3749746855],[447697.15576461045,1553574.0004482488],[447748.7807228092,1553516.1250136474],[447828.65475620108,1553491.125058288],[447889.21926327015,1553438.2498260355],[447932.03168276016,1553389.3752919817],[447983.78153834748,1553344.2497110975],[448067.12490752828,1553279.6250231436],[448123.81255740079,1553219.2510719472],[448170.49972131435,1553176.6249827838],[448212.12533120124,1553137.9996730795],[448270.18717738998,1553089.0003228977],[448342.18771841167,1553034.749756682],[448383.78155544301,1552993.499976608],[448417.43737926707,1552912.875339977],[448428.6245123081,1552884.7501870464],[448443.56263003114,1552848.8753827477],[448468.31270935293,1552769.6249424331],[448455.34377732745,1552737.8747585956],[448433.62471465732,1552727.8754102837],[448382.65617877792,1552714.2500559387],[448351.99968001043,1552699.2495301517],[448331.59338071843,1552691.8746522097],[448307.31225574238,1552678.1253756024],[448289.37489422329,1552660.3754007963],[448296.46917965857,1552599.1248113255],[448311.53113838367,1552575.999860744],[448336.49940214807,1552523.5003770438],[448355.31226429471,1552493.9999714105],[448377.84336314182,1552453.000067374],[448373.65722848207,1552440.7498844713],[448369.65644902294,1552429.6251594943],[448363.68762151321,1552420.1245068712],[448340.37520295818,1552383.2502796825],[448321.24997544941,1552375.7505043519],[448258.93747376389,1552376.3751538156],[448194.1561968266,1552382.1249030172],[448135.81278300524,1552400.4995272872],[448010.1874628787,1552427.2495087755],[447954.46957581374,1552453.249862151],[447860.12532265804,1552424.8758895693],[447780.74998495483,1552363.1245728971],[447734.65667277557,1552325.3748450808],[447687.21882436262,1552278.6251105822],[447649.62471040385,1552196.1244940474],[447627.68762581208,1552158.1248901933],[447543.37449382374,1552111.7500103815],[447516.53138780233,1552094.1249329639],[447439.90647424414,1552055.374725871],[447400.499844832,1552059.6253001073],[447338.31232179556,1552071.6245505859],[447302.7191663899,1552073.2495980656],[447278.56302006292,1552073.50053049],[447260.62452089676,1552054.6250977581],[447210.49971278931,1551992.6249614349],[447188.68752558611,1551971.1261147198],[447171.50068604539,1551894.7500208127],[447101.2502524131,1551858.5004430879],[447052.84467270511,1551846.2503414457],[446987.87495266815,1551831.4996104357],[446916.43762817228,1551805.5002321864],[446841.15627572179,1551775.6250531268],[446749.28096033889,1551736.9997434225],[446712.24998164549,1551719.4985882675],[446668.62455085258,1551674.0001842091],[446595.43720022775,1551589.2498707306],[446583.71854225593,1551557.4997681535],[446555.28102396312,1551505.5000365286],[446529.06256740552,1551411.4998403301],[446510.343804918,1551305.7503509512],[446511.43748998805,1551285.3748493888],[446468.87494653568,1551214.3747876436],[446403.1884276279,1551119.3762249416],[446365.84410844633,1551062.3752345808],[446282.93702689023,1551033.875308224],[446239.68734464952,1551030.5001533548],[446150.59422626713,1551021.1254545066],[446121.34361541091,1551021.3753305443],[446085.75046000525,1551021.7501039705],[446055.28134795086,1551024.6255067645],[446016.28126482043,1551073.4999595578],[445956.99986104702,1551128.8748460521],[445912.74969952978,1551159.8754017767],[445886.21887760999,1551176.7509323419],[445845.71872564871,1551200.1247838349],[445782.40582594718,1551229.9999628945],[445733.03162107867,1551253.4997681626],[445684.78173648875,1551260.2499153803],[445622.50100765872,1551264.7514220406],[445520.8751636151,1551273.3745425239],[445477.62548137439,1551273.7503723365],[445363.09416975582,1551260.874564844],[445289.28119454114,1551251.3749686074],[445219.21912274795,1551238.0004654264],[445158.09351192613,1551227.1245601005],[445093.1872563397,1551217.6249638638],[445015.71853374911,1551229.8760406319],[444943.31258409267,1551235.6248147076],[444935.65613851807,1551235.7507684825],[444926.40633705858,1551219.2500113437],[444927.87365790788,1551204.8751101464],[444900.31277788954,1551172.5013332316],[444884.09358838334,1551153.3750493363],[444862.2189118556,1551121.7498441478],[444849.24997983011,1551094.9998626595],[444833.74970196775,1551064.6239563986],[444828.46890711191,1551044.2504863485],[444834.43781588215,1550997.0000246486],[444849.37487721868,1550959.8749462962],[444881.90532437764,1550898.3755371743],[444898.28110286745,1550880.3746299441],[444893.9066063686,1550817.8737664195],[444870.99967770878,1550812.9995178452],[444806.06278691388,1550803.4998403483],[444800.93760591565,1550798.3747406104],[444800.40721863182,1550738.5004602289],[444806.40578748455,1550696.3750982666],[444831.46920729452,1550653.9999415274],[444871.65610002814,1550595.0001866471],[444892.87541062303,1550550.125375666],[444910.34381779644,1550513.0002973136],[444925.1877545999,1550464.3745829109],[444946.28111141978,1550403.0001524379],[444950.99974613631,1550362.1251457899],[444926.53123444715,1550325.3748408637],[444890.65643014834,1550293.8745330637],[444848.40617079765,1550259.8746522826],[444835.31226012309,1550216.6249700417],[444846.12470099842,1550142.6246081139],[444839.28134798724,1550087.8754274701],[444795.40595989616,1550011.7492096005],[444792.71900020173,1549995.2495088482],[444724.71826351318,1549924.5002982668],[444761.31295458181,1549892.2504436143],[444823.21988511161,1549845.7496100273],[444839.4380182313,1549812.375353836],[444867.22017059126,1549788.0001292008],[444888.68724445079,1549773.7501253921],[444902.62496415782,1549767.2497729517],[444916.37521589117,1549740.2499154257],[444933.78113374003,1549692.8745563373],[444977.71892989514,1549629.9999757728],[445015.40624964744,1549574.8749653164],[445037.90663202549,1549530.0002355957],[445053.90658070263,1549469.8750227899],[445074.84326727834,1549391.8749377895],[445102.18718176155,1549318.9998712663],[445113.15629288094,1549265.3750921614],[445128.93708198942,1549175.8754274973],[445153.84391281585,1549116.9995136191],[445177.37540967896,1549044.1245283566],[445217.46909661905,1548976.124766794],[445247.40676500311,1548909.5002579342],[445273.40614325262,1548828.9995435658],[445297.2816970729,1548795.6252873745],[445317.28145008319,1548755.8746822656],[445317.21896075865,1548746.8747568438],[445306.81209103903,1548721.5000280582],[445284.84420871775,1548682.2500688899],[445241.43891261943,1548661.0000418262],[445186.62521113845,1548642.3734287454],[445173.87535742112,1548639.9998095392],[445155.7812443974,1548604.374881278],[445143.96840550599,1548565.0000247215],[445152.37545431952,1548506.2500646184],[445183.68731901987,1548449.874780108],[445198.78105060046,1548430.6245739502],[445221.43712809664,1548407.3746447198],[445227.53093425545,1548375.499644754],[445211.87496127503,1548329.7493331456],[445220.43770520663,1548288.8753828839],[445253.09402488021,1548242.6254004606],[445283.34405862645,1548213.0000161782],[445298.25040349393,1548173.3753648445],[445309.37512847094,1548134.9999311778],[445314.03127386293,1548085.2498964965],[445314.81259357085,1548027.8751890962],[445310.71860831813,1547998.4996808514],[445291.06291226507,1547928.6249957713],[445274.18746296049,1547890.5004132683],[445258.59397930466,1547851.1245815856],[445239.1246135782,1547805.3753263636],[445223.37445967819,1547745.6239118581],[445234.3128543286,1547689.5005348979],[445237.87539591099,1547661.3753007068],[445281.84390853514,1547598.499663756],[445305.25042674923,1547510.250354406],[445314.90579936438,1547452.7496932305],[445336.43739406095,1547443.6247891597],[445349.12475845381,1547438.3747107729],[445397.31215371919,1547423.874912187],[445425.2499199367,1547419.8751891144],[445451.78074185649,1547399.1237764787],[445460.18779066997,1547343.0003995185],[445411.46895173431,1547296.249689894],[445437.68643316592,1547242.4999321401],[445486.90502417687,1547199.8748993631],[445498.28165670397,1547192.1263043815],[445519.81227627455,1547179.2495217631],[445528.5940985143,1547166.3757457831],[445537.18747765437,1547130.624863747],[445542.03100975946,1547102.4986544298],[445558.21842641017,1547065.3745512033],[445576.96888049279,1547025.6249212206],[445585.15571335115,1546943.9998053131],[445578.28164387099,1546884.124468545],[445646.37452996656,1546821.000011943],[445698.15615840943,1546780.8745521475],[445704.18755650416,1546742.6240971298],[445710.24967106793,1546705.6248912921],[445727.59415597876,1546654.3747065195],[445741.06284007948,1546595.6237712903],[445768.4998790957,1546532.8750632405],[445760.62533033901,1546504.8748076987],[445730.93753799255,1546452.8750760737],[445711.53171797708,1546416.1247711473],[445717.21897785418,1546338.2495835356],[445735.90596748621,1546293.4997512035],[445776.37548423896,1546268.8745692703],[445813.03160824568,1546241.7498143557],[445849.7184487214,1546219.7502404393],[445899.24932383402,1546214.1253886262],[445911.87525528879,1546202.4988800616],[445956.12533554557,1546173.9999288307],[445975.15638213482,1546173.8750314421],[445818.65637879819,1545398.1254057582],[445679.78153413953,1544708.625268518],[445599.49997933989,1544319.8748737881],[445817.03133131831,1544312.3750984576],[446052.34345583228,1544328.9997778591],[446262.28085156064,1544241.3750367123],[446141.53075513424,1544039.1248030276],[446493.2501711708,1543759.1253355062],[446733.53080643894,1543790.8755193437],[446905.43788184435,1543428.3753540269],[447006.68789607531,1543174.6251407925],[447227.75001678063,1543078.1253716126],[447373.1877844648,1542875.5003645017],[447604.84416160278,1542708.8750590782],[447603.96866097534,1542486.1254015684],[447765.5619911942,1542303.749942245],[447909.28142434446,1542058.9996544323],[448077.90663193457,1541905.874805965],[448256.40620918752,1541737.2495983748],[448488.96888468252,1541607.4995765267],[448586.593949267,1541384.9997950546],[448826.34411599091,1541343.0003868674],[448947.53139390756,1541155.8756576187],[448909.03106285236,1540867.3749603643],[449080.93716313178,1540689.9997033898],[449191.81280863483,1540495.3751988108],[449412.06289316324,1540387.3749561016],[449473.81112193642,1540134.750038272],[449717.68794063403,1540100.3753840644],[449937.31240057258,1540088.9987515374],[449919.0933901603,1539832.1242345972],[450119.4687003275,1539669.6246872819],[450257.15576025698,1539467.1245775595],[450471.59263113327,1539328.6254814533],[450660.6875212054,1539082.3749622889],[450926.7186338114,1538987.750197887],[451141.65623188892,1538888.7498805998],[451222.84408504557,1538666.4998939047],[451440.96839489281,1538520.2501713042],[451642.12599989393,1538323.4998920439],[451787.21857297397,1538118.2503333027],[451972.87492498674,1537996.6247362487],[452293.34390926099,1537824.3745790122],[452279.12462192134,1537797.7495761728],[452272.40616629872,1537756.9994669133],[452301.28094734228,1537713.3750925069],[452343.03145461774,1537690.0001846272],[452382.28141378582,1537669.2499096387],[452425.31291158393,1537648.3745747404],[452473.28122854122,1537609.7503214227],[452521.34364515758,1537579.8751423631],[452538.78133586195,1537537.6248830124],[452549.96855016344,1537505.6249043976],[452537.93760809,1537439.5001476132],[452532.40596207051,1537387.2494835642],[452495.18662153801,1537346.8752041175],[452432.62530020135,1537315.6247723552],[452396.93788261572,1537305.7503214318],[452354.87500997807,1537295.8748953824],[452300.12485420814,1537285.0000464432],[452272.12459866609,1537281.3750967968],[452230.03100955946,1537267.8746398403],[452199.4379752425,1537259.1245904563],[452164.93736725999,1537237.8744821318],[452147.96871216188,1537188.2504824861],[452122.06253970595,1537133.7501214934],[452104.03189113276,1537104.499510637],[452069.49959155516,1537083.2505399596],[452040.09336684138,1537063.1248331743],[452049.8121226466,1537011.9995457905],[452078.53120857204,1536950.5002179288],[452086.96897385456,1536895.6250022494],[452085.15653966158,1536834.3754691649],[452072.09228906955,1536793.7503385546],[452032.09383943561,1536726.6251024934],[452016.65605089779,1536705.0003020035],[451975.50045174314,1536651.8751937132],[451946.00004610978,1536620.2499072643],[451934.312104607,1536593.6249044251],[451984.87515059119,1536559.9997970699],[452023.09391401371,1536566.0004786956],[452067.68707610172,1536578.3754777263],[452117.49960010749,1536603.3754330857],[452169.68769357156,1536613.0000079714],[452207.87476539903,1536616.5000602293],[452238.37459392246,1536613.6246574353],[452251.9999482673,1536571.375454471],[452250.46900044644,1536543.3751989291],[452261.59380668396,1536507.6252920188],[452296.87467798789,1536468.9999823144],[452322.21869030455,1536459.7502621156],[452369.06260572269,1536435.1250801822],[452397.87489744171,1536386.3755247777],[452427.93746321433,1536333.8749846909],[452449.03082003421,1536275.0001271993],[452448.68781946349,1536235.5003732541],[452433.15576874564,1536203.7501894163],[452386.09375014534,1536199.1248417539],[452327.59366607992,1536197.1249395874],[452291.96865655825,1536194.8752426438],[452230.74983994284,1536172.5008140407],[452215.2188456115,1536143.3751818335],[452185.52999687853,1536092.6247491362],[452160.93764418736,1536041.875291565],[452197.49958727451,1536005.874533491],[452262.21837488725,1535989.8745035534],[452294.21843476244,1536015.1253100766],[452333.65675576968,1536018.5004649458],[452388.21854970051,1536003.9995287131],[452433.99949651759,1536006.1253846546],[452484.81241853943,1535999.250258788],[452519.06217535835,1535992.5000303099],[452519.62433549762,1535987.7497039984],[452568.87469936413,1535573.124909668],[452499.62458248739,1535349.6246489193],[452520.62375838769,1535106.8752383993],[452748.3439581641,1535215.5001305721],[452985.59349552012,1535123.4998365403],[453091.49965514301,1534879.3762297041],[453038.71860381018,1534643.1250588517],[452868.99987367092,1534481.0002849624],[452684.46889832325,1534317.5002583705],[452539.03121189959,1534131.1250759743],[452671.78153393045,1533923.7497425519],[452464.62536007655,1533800.9997439589],[452537.62524272781,1533588.7501619624],[452343.93669658818,1533393.4999515328],[452097.3124603841,1533330.6253709686],[451996.31224093033,1533102.2498052593],[452104.78151924565,1532899.9995715746],[451860.53187737387,1532788.7501277714],[451682.12550591445,1532608.875379076],[451688.99957539467,1532315.3754545983],[451245.68746799434,1532120.1252441688],[451473.96877152356,1531737.87528314],[451247.4374941233,1531624.1252912292],[451100.68704432144,1531403.3754546256],[451030.155936922,1531174.8749915278],[450820.12533540011,1531063.6255477245],[450594.12550167012,1531017.249611526],[450396.75049168553,1530843.6252579733],[450169.09278123366,1530789.7495464443],[450154.62467424286,1530561.0002636954],[449926.87481438398,1530457.374517485],[449912.9688675325,1530246.125414765],[449916.718795828,1530235.3754632142],[449912.18754782458,1530234.3749839377],[449685.99927099497,1530184.9997226826],[449503.90643569059,1530044.374851895],[449184.15636306023,1529703.3736145538],[449119.81121122662,1529478.7500086527],[449184.12459020474,1529263.8748998996],[448998.34334080335,1529133.375331199],[448879.59412166954,1529331.9995588507],[448625.00009940268,1529219.6257947688],[448414.12471372233,1529115.87515117],[448172.37472609238,1529044.1244861858],[448058.62465292122,1528848.8753321429],[448250.12395992916,1528740.3753373586],[448225.28173120029,1528483.7497213301],[448003.90618874633,1528296.375116044],[447990.21842633747,1528043.5003221766],[447848.84498382348,1527859.7496914109],[447666.56273029349,1527630.1249080345],[447530.09425282263,1527424.750370644],[447614.1871688558,1527210.99966343],[447438.59371086594,1527036.2499332121],[447172.78273295454,1526899.6247854973],[447073.03083730245,1526699.2505317165],[447263.18763958919,1526541.2503782886],[447126.18666206149,1526286.1249123514],[446920.03088622371,1526083.5008803664],[446809.87512749049,1525847.3746881632],[446564.74998499121,1525555.6247898142],[446312.09337556642,1525396.3753374587],[446098.25043768494,1525278.875498513],[445997.18772890663,1525060.5002562415],[445885.03109288088,1524870.2492730354],[445764.96911036881,1524636.873504977],[445638.37508382124,1524428.8745784771],[445419.06290798436,1524466.2495328672],[445315.53142395423,1524246.7500515778],[445549.87484204723,1524112.7504306191],[445574.56243204448,1523884.0000914838],[445627.25035884429,1523644.9994716123],[445517.56249807036,1523453.3752672158],[445444.12535266834,1523237.6246578353],[445428.3434259129,1522986.1251166705],[445181.68749811378,1522954.9995822969],[445252.12531845918,1522735.0003489321],[445392.65600832721,1522491.999030862],[445640.87465680263,1522272.8752981247],[445876.46834894927,1522132.5003033748],[446005.78118930728,1521774.8754430185],[446101.2496814811,1521349.3748246229],[446263.31204730622,1521154.5004440062],[446188.96860354726,1520903.1248251039],[446166.49999402463,1520600.8748512419],[446383.21833470016,1520496.1247034927],[446624.34375412675,1520428.1250231906],[446592.87513792183,1520175.3752079722],[446824.68729143846,1519995.6252754051],[446976.40617073397,1519763.9985583497],[447151.25008187146,1519548.874548685],[447207.24953656911,1519302.2503124808],[447127.96837978548,1519043.2500208598],[447161.15622438979,1518738.2495415923],[447295.21833467286,1518537.2495819612],[447352.81220164185,1518268.9994888806],[447274.81203538092,1518042.9996551506],[447369.06202635658,1517732.7501538829],[447514.18742867856,1517500.0000916747],[447623.90592466109,1517293.875032306],[447578.87452469632,1517056.3745625257],[447504.62631824345,1516845.6251306203],[447592.87465246738,1516635.8751216051],[447851.65586578049,1516500.3753505554],[448097.84389562032,1516470.6250688843],[448341.5937854168,1516458.4998646309],[448506.06251842971,1516207.8748489677],[448560.93765284872,1515992.9997402146],[448546.43777300243,1515760.4995540441],[448704.34374551079,1515515.0006132447],[448938.68716360378,1515321.124680392],[448894.75034257467,1515011.2499525505],[448881.09329663485,1514778.8746637686],[448815.0002314453,1514306.5003886116],[448975.46924138558,1514097.6249050978],[449017.84334173833,1513823.1253107402],[449142.87481013057,1513632.2496780702],[449256.78147228528,1513441.2501231374],[449224.12507135118,1513189.8745042353],[449597.68747232051,1512894.1248828138],[449838.84352695564,1512804.5003207612],[450070.9065316359,1512701.1254257145],[450304.15634591924,1512563.3738449481],[450488.9688888996,1512350.6245921368],[450736.06207944942,1512127.6250585893],[450902.84405511705,1511969.7498025501],[451131.09366705129,1511797.6246239624],[451323.9374290324,1511682.6253331241],[451554.31289690826,1511548.7496344282],[451756.2497901048,1511442.7502690118],[451966.40634540177,1511307.5003739996],[452141.5011077029,1511174.9998467457],[452340.03009804862,1511001.6253692305],[452602.46900898969,1510796.4997327519],[452888.90642088762,1510635.6252329163],[453086.65620429843,1510478.8754348026],[453261.18775007373,1510253.5002505365],[453452.28148592595,1510068.8750942692],[453643.37530303869,1509873.8747598773],[453716.40590215893,1509646.2497974071],[453819.96915904462,1509416.1252619554],[454036.34344276291,1509275.7501859448],[454261.0622859702,1509193.8752752603],[454517.59380233957,1509148.7496131156],[454785.34414334502,1509130.2500101966],[455086.06227552064,1509100.2499337485],[455368.25106343435,1509084.2499038109],[455598.06331478438,1509091.2500083267],[456073.00062737317,1509121.7498368502],[456327.37451494543,1509084.0010841598],[456372.81246119185,1509077.2498805558],[456611.90620559634,1508971.5003099164],[456779.06295469019,1508813.1244079364],[456872.8439100596,1508589.1254514989],[456992.53111914545,1508399.3751954939],[457131.31283927104,1508210.6253375048],[457167.65659791557,1508141.7500753149],[457245.53081040143,1507994.1251000115],[457423.84397606726,1507812.6252225759],[457633.09228275524,1507662.6245965539],[457698.03128632315,1507614.1248359263],[457827.15665870759,1507517.8750240444],[457896.78049262398,1507466.9996126981],[458011.18893836648,1507383.4995732734],[458196.00148134684,1507212.1249979245],[458341.09405442682,1507021.9998872329],[458390.21838325774,1506940.0000791599],[458479.34327449562,1506791.2497271914],[458559.28085359861,1506668.7496046361],[458606.5630068935,1506596.2504491862],[458700.53134897602,1506432.8753199829],[458722.28112811525,1506395.1245357799],[458821.49954858457,1506197.876535957],[458836.53087210114,1506145.8747728195],[458887.2496132034,1505970.3754957493],[458935.31308620621,1505753.3745310546],[458962.87502261106,1505689.3744925647],[459032.87468634016,1505526.8749452492],[459017.4389293149,1505414.9998768561],[458994.93749055028,1505252.1254748541],[459096.56235946791,1505045.8755180968],[459280.62535559584,1504913.9996403069],[459466.12495610409,1504796.1249466746],[459544.56238511571,1504732.749638909],[459604.15607299074,1504684.6246517075],[459686.46824642603,1504618.0001428477],[459895.71858462651,1504467.9985416997],[460051.34406246163,1504301.9999172525],[460176.03139263619,1504107.1245615096],[460334.21893277718,1503942.3752359902],[460392.9996093493,1503910.1253813377],[460528.03140117938,1503835.8751433722],[460626.53099126532,1503599.6250289064],[460714.93697085936,1503357.0005157748],[460733.31265151571,1503127.8754032133],[460758.46830199321,1502847.8748793053],[460766.71868056268,1502611.0001153755],[460764.74949486513,1502385.4999524602],[460769.09327489493,1502162.5004189129],[460813.09356037457,1501908.125474954],[460865.78140591393,1501680.4995373578],[460887.18712809595,1501597.125451708],[460930.09372850548,1501430.0003942091],[460950.84408475464,1501376.6254911418],[460969.09381163598,1501319.4996033928],[460982.43751708762,1501244.3748399259],[460998.31264963665,1501164.2498741099],[461019.25039259891,1501091.8746409223],[461035.09367103194,1501020.6247031395],[461059.59387431608,1500976.2496442336],[461076.28104304208,1500954.7497411321],[461119.8747009795,1500910.4996608754],[461165.99978601432,1500866.249499358],[461256.74972473207,1500804.5002954588],[461315.5314576907,1500764.1249596258],[461367.87524627283,1500736.4994775099],[461412.59330574935,1500710.1253258341],[461505.81218223996,1500658.6253462844],[461576.12510519673,1500608.2496870134],[461615.81224585511,1500572.8745535293],[461654.53173647891,1500503.1247658378],[461676.62459744926,1500440.8748347375],[461719.21883249667,1500363.5003743269],[461768.03087722592,1500298.8756863731],[461779.84379737778,1500251.7502033222],[461823.49994463974,1500197.3747397182],[461860.62510425266,1500165.7495345296],[461911.87528902525,1500116.5003083101],[461956.71727076435,1500074.8746984231],[462033.49982969259,1500010.3749891184],[462100.03113275889,1499958.7500309197],[462146.06203687412,1499926.0004241921],[462202.3748320599,1499878.00041564],[462298.28164337092,1499806.1248532673],[462371.24983442714,1499745.4999696466],[462446.65616552671,1499693.875986574],[462508.09414171072,1499642.1250746001],[462633.28122396051,1499565.3752636532],[462720.34372370731,1499488.2496228938],[462844.40648567851,1499393.749837141],[462921.25047754479,1499324.2499254872],[462989.12526045827,1499262.3746865524],[463041.68723348301,1499208.0002793348],[463108.46841258695,1499124.3753425214],[463162.37484058487,1499058.500380514],[463226.59395738289,1498976.2496400166],[463290.84379064996,1498891.3754042755],[463318.09352421359,1498824.1252708258],[463340.24976837402,1498755.4998034129],[463359.87474795803,1498685.5002209444],[463404.18731753936,1498553.3745483772],[463445.78115457075,1498436.5002527609],[463469.37514075841,1498350.124810542],[463485.1877839829,1498282.6248010548],[463515.06296304247,1498200.1252409064],[463543.78107384191,1498109.8749730035],[463578.87455843278,1498014.6245840117],[463599.81230139505,1497940.8750732476],[463626.09422240319,1497831.4995778359],[463648.46767588018,1497740.0000110052],[463665.59405760892,1497663.6249734845],[463696.56284047803,1497607.8753948247],[463757.99878514954,1497553.4999312204],[463781.40635975014,1497489.9996448057],[463780.81145162933,1497404.6236254768],[463782.43861188221,1497362.6253549368],[463839.09343251266,1497272.6249630714],[463860.96916542691,1497239.7504589553],[463922.59347193752,1497163.7501948609],[463944.37494267174,1497143.499590687],[463962.37584990193,1497119.5001146041],[464002.09378828976,1497078.9998813823],[464026.53150224942,1497043.4998505097],[464063.87476504449,1496986.4999165356],[464085.78113316727,1496949.6246329602],[464101.34390035411,1496911.6250291064],[464106.81208192307,1496864.4984896691],[464103.28131319617,1496826.2500661639],[464112.78099069325,1496755.0001283812],[464114.65591421077,1496678.6250908605],[464110.03048528777,1496622.4996011273],[464110.31213418092,1496586.8746728662],[464110.5937018136,1496549.8754670285],[464145.56334540236,1496471.124778789],[464167.84351182537,1496388.5002399916],[464199.90597976459,1496351.8748324539],[464248.53161290672,1496315.2504813028],[464309.93781623524,1496264.7498433827],[464362.37481061096,1496227.0001155664],[464437.8754038905,1496166.3752319457],[464503.12466004759,1496112.1247469906],[464560.93768658518,1496036.1254580223],[464588.09413309477,1495980.2499255873],[464624.40725653077,1495891.374910387],[464658.12548841891,1495810.1245679057],[464714.49979780323,1495754.4998866343],[464755.65637208382,1495693.6251269761],[464791.84354174481,1495622.625065231],[464816.43792594853,1495566.7505079219],[464842.37481487344,1495500.7495921394],[464864.53114029433,1495434.624835355],[464889.31291121116,1495357.1253962952],[464923.12540527934,1495264.3745802848],[464942.62548747484,1495209.7502970295],[464972.56104308594,1495120.7503844406],[464988.31225337239,1495060.999945061],[464993.78141006734,1495015.2497147131],[465001.90583486168,1494952.8748049634],[465012.37519390584,1494915.9995213882],[465024.1870576712,1494868.9999921124],[465039.8747222466,1494815.6250077847],[465067.15614740527,1494744.5000486509],[465082.8121203857,1494692.375338377],[465097.12453225837,1494653.0004818202],[465108.78273241816,1494625.0002262783],[465114.21922239207,1494581.7485125249],[465139.12385918497,1494488.999728027],[465149.56258302054,1494455.8753478734],[465167.8747179659,1494392.3750614587],[465192.37500251055,1494348.0000025528],[465206.59420858975,1494318.7505293437],[465234.93852108897,1494271.8748410698],[465264.43795159634,1494240.2496358815],[465283.68710136769,1494216.1252624099],[465282.71839494666,1494180.5002528883],[465270.43757683557,1494128.1246914507],[465309.18778392836,1494049.4999569864],[465339.96918008442,1494015.3751788165],[465379.71881006728,1493974.8749455947],[465408.03240609751,1493933.0005160568],[465440.24951276835,1493877.2497997498],[465459.68710563926,1493831.4995694016],[465470.37456786551,1493765.3747313567],[465484.87542283779,1493704.3750743098],[465502.03154590953,1493622.8749370517],[465505.24994927424,1493542.7499712354],[465507.09423758322,1493471.3751360641],[465507.46901100944,1493424.2496530132],[465504.24955125822,1493351.6244625277],[465495.8127611017,1493294.2497551274],[465483.62514878414,1493229.125396359],[465472.65603766474,1493169.2500595907],[465455.3125278799,1493114.2500277832],[465426.71842060355,1493032.5000144872],[465411.81199447555,1492991.6250078392],[465396.99983052758,1492934.2503004388],[465384.65660435247,1492889.5004681069],[465386.24987897679,1492850.1245551638],[465407.4374979767,1492822.750005472],[465405.96903948038,1492771.2499446617],[465410.18792212167,1492720.3745333154],[465404.43719779409,1492642.6252994786],[465398.59424279892,1492578.8751370264],[465380.06286702445,1492513.7498031319],[465353.87512693589,1492452.3753726589],[465311.28081062797,1492371.7496796416],[465295.06267750828,1492335.9997727314],[465289.06313352956,1492290.1245637343],[465295.78158915218,1492245.4997100511],[465303.65613790893,1492217.6254082841],[465315.62459065783,1492150.1253175365],[465325.25022192998,1492059.7501522449],[465366.56249132869,1491983.624990762],[465430.71911880223,1491906.5004063889],[465484.49967428559,1491858.5003978366],[465524.25027939444,1491815.499535247],[465596.09415017208,1491735.7503992438],[465617.90633737529,1491711.7499480348],[465635.87652813649,1491687.6254933027],[465681.06256683276,1491603.8746027143],[465691.53095075086,1491565.7500202113],[465684.37523237756,1491508.375312811],[465653.12480061525,1491443.2499789165],[465636.90666749555,1491402.2510500059],[465629.50009795855,1491376.7503674452],[465611.99991792964,1491341.0004605351],[465571.90623098961,1491267.9995214972],[465558.1559792562,1491238.6240132526],[465516.87548271299,1491155.5008600268],[465447.96844766749,1491030.1253346773],[465398.96901622514,1490961.0001964497],[465381.46883619623,1490922.6248440435],[465406.18722392299,1490854.0004330173],[465430.62493788265,1490815.9997727768],[465478.00029697112,1490776.8747922578],[465533.00041003915,1490732.7496093896],[465599.37601798738,1490698.8746259969],[465673.25050740055,1490680.2501256894],[465751.28033374401,1490622.2497936992],[465810.25042854168,1490557.7500843946],[465875.59394687886,1490494.624571406],[465911.62542142172,1490441.3744844669],[465977.21873453597,1490347.6252206925],[466154.28162614815,1490146.3754662843],[466214.25016870984,1490116.2504111871],[466314.96873927052,1490080.1246744643],[466408.15584290557,1490032.3745419495],[466474.62465664733,1489988.3753128564],[466569.71845665545,1489860.3753171372],[466654.65615684708,1489731.125047364],[466707.43720817997,1489648.7503846043],[466750.15650313691,1489553.4999143521],[466786.37536439288,1489478.6250269229],[466830.18720677297,1489403.7511958801],[466900.12535630353,1489243.7501651596],[466932.56259766896,1489161.2485734988],[466949.75049359619,1489081.1246640692],[466999.12469846476,1488946.5003936468],[467071.53170450765,1488796.7496436625],[467124.56263187819,1488682.4998996765],[467168.12459822057,1488639.5000934734],[467205.43714454665,1488584.9997324806],[467232.68777197582,1488517.7495177705],[467322.71888031019,1488388.5002231235],[467362.87505657476,1488294.5001081855],[467414.53073124256,1488193.0002179169],[467467.34355543094,1488109.2503024545],[467512.125079358,1488071.374620863],[467576.03093692835,1488028.6246906975],[467640.03089415777,1487975.6255361824],[467664.3437107288,1487954.1245766946],[467716.93737534859,1487895.8753437926],[467785.03131783073,1487805.9999305764],[467863.46874684235,1487698.2494826445],[467909.96860530338,1487604.3753214814],[467960.46916196303,1487492.6251504768],[468006.99973689299,1487395.0000858924],[468063.90646507358,1487274.374968115],[468098.96825806948,1487182.8754012843],[468120.25005798892,1487067.1245320812],[468143.06272446865,1486918.2513142365],[468156.5928415074,1486816.499516418],[468180.65578204085,1486671.3751704826],[468176.18702336197,1486592.3745249449],[468190.84357345232,1486511.0003414617],[468238.53121664247,1486431.1252516834],[468307.81204998819,1486350.1248665003],[468379.62512303633,1486274.2494997946],[468447.46927074128,1486216.1241891552],[468526.65616534487,1486169.6253870807],[468586.78137815068,1486120.3751044748],[468630.56250406173,1486050.6253167833],[468671.28084046557,1486045.8749904716],[468745.18702147383,1486027.3764439393],[468810.28163889929,1485992.1252327177],[468856.37495107856,1485953.0002521989],[468906.28165600391,1485912.6249163656],[468947.46894675354,1485846.7499543582],[468948.18785839743,1485758.8754184344],[468959.28081051889,1485645.5001999501],[468940.49963996728,1485453.000494926],[468924.87649622891,1485340.8744941088],[468920.65558207512,1485231.2501790458],[468944.3754407774,1485129.5004127396],[468965.3746166777,1485045.6246247625],[469014.50000189507,1484943.9997558449],[469073.68722474889,1484859.1245449779],[469184.3437106834,1484693.124864144],[469246.37456347572,1484566.2502450899],[469345.56226747605,1484403.8746200372],[469476.40597439435,1484257.1251453613],[469591.68788925186,1484149.749552116],[469634.18696825369,1484083.8745901086],[469712.65608886036,1483967.2501705298],[469753.75017381646,1483915.2504389049],[469818.18747505709,1483808.7503462872],[469838.87534198171,1483764.3753686419],[469885.40591691172,1483669.1248983897],[469915.21860664675,1483598.1248366444],[469915.49919915339,1483563.6252850485],[469871.68735677336,1483479.2496637355],[469850.53151062899,1483423.0003330004],[469858.71842474787,1483354.374946848],[469844.18782843254,1483262.4996314652],[469843.43722519366,1483197.5001700851],[469850.21922652732,1483146.6248399992],[469835.28110880428,1483107.000107405],[469796.2503092048,1482904.1252242564],[469818.24988312111,1482855.8753396666],[469849.12456633121,1482807.7504337255],[469890.28114061186,1482751.9997986793],[469945.37543459947,1482696.3750361472],[469982.71861613402,1482635.5003577496],[469997.03110926721,1482594.8751458786],[470063.68739098252,1482529.1251625204],[470142.71867172851,1482501.7485000556],[470234.56221425592,1482462.8754270868],[470313.75016524596,1482416.3745934998],[470615.18712780497,1482437.7495179523],[470675.81201142556,1482442.1250708376],[470682.21915807255,1482438.3752238026],[470692.40597435797,1482435.8745944346],[470708.96913956088,1482432.1246661393],[470722.93749447638,1482432.2496447882],[470753.56335803535,1482419.7496671085],[470766.34384696122,1482410.9996177244],[470786.71837339771,1482403.4998423939],[470821.18728978524,1482388.3753130836],[470832.65607171936,1482382.1248366809],[470850.6876954186,1482355.4998338416],[470857.34366171667,1482318.6245502662],[470853.9378716388,1482266.3749426035],[470841.53109975264,1482229.3747616399],[470825.40617242648,1482180.8750010121],[470785.09332591784,1482133.3747445352],[470744.7497629401,1482092.2498618495],[470699.31279181968,1482053.7495307943],[470672.8434840985,1482024.2501815476],[470650.24989592686,1481987.1250219345],[470623.9996665137,1481933.3752641806],[470628.12534336146,1481896.4999806052],[470643.74954348634,1481849.5004513296],[470660.37519801379,1481835.6252209472],[470710.18772201956,1481806.7505211642],[470752.21882180165,1481798.1253691684],[470805.65621419338,1481793.3750428569],[470875.50018280442,1481798.9998134095],[470944.12459383078,1481804.6246652224],[471006.4062977868,1481805.1264488101],[471058.56278091634,1481799.1247920585],[471115.81250966759,1481791.9997901542],[471193.46861897135,1481778.5003895843],[471230.37461901567,1481773.7500632729],[471327.21836389223,1481746.5004109696],[471336.0933919255,1481747.7496286368],[471337.28117665462,1481757.9999093728],[471360.24953825248,1481746.7502057469],[471388.3746911831,1481727.7499568872],[471402.37481895415,1481725.3752812943],[471468.37467835011,1481738.6248058265],[471488.8127504976,1481725.9999307583],[471510.50004031224,1481718.5001554277],[471542.40681313339,1481703.49954838],[471583.25012818637,1481682.1245426671],[471599.93721565185,1481660.6246395656],[471625.9375690273,1481590.7499544856],[471647.84401841054,1481553.9996495591],[471655.78105649183,1481514.4998956139],[471644.68704798387,1481472.3745336519],[471639.65612916567,1481466.0001349864],[471590.43753815471,1481422.3747041936],[471577.7808902309,1481411.9995260688],[471547.40604035661,1481397.7495222602],[471504.34374482895,1481378.3754751002],[471471.43746785726,1481359.0003715539],[471417.0313690445,1481329.2500898829],[471409.56231018301,1481307.6252081322],[471412.2185534084,1481294.8754356755],[471431.56399687234,1481260.6247037305],[471463.65612489404,1481221.3747445624],[471488.1246365832,1481182.1248666549],[471525.53128256835,1481113.5004556284],[471538.4685229988,1481086.875452789],[471555.2815642393,1481050.1250666024],[471564.53136569879,1481009.3750386036],[471553.40664072183,1480967.2496766413],[471532.06243273831,1480934.000399099],[471494.37511298608,1480881.4999402727],[471466.78034733923,1480832.8752822566],[471440.56286590768,1480776.6248951349],[471425.59403171559,1480740.875069485],[471395.53146594297,1480683.2504860472],[471368.09337054018,1480619.3754262063],[471358.40630633,1480560.7503634917],[471327.18764742318,1480487.8753782292],[471304.65654857608,1480448.1246918598],[471284.46843372675,1480426.3749127206],[471247.90649063961,1480391.7494073494],[471235.71887832205,1480324.1254755997],[471273.34370874974,1480231.3756347152],[471299.22013986268,1480176.7503763339],[471327.5624208494,1480127.3751150789],[471361.15575534897,1480062.6245546106],[471391.96892436052,1480022.1253777754],[471419.03118995059,1479976.4999635553],[471479.62543836265,1479872.5005003053],[471491.78127782466,1479785.8752633093],[471505.00008588779,1479719.7504252642],[471537.3749191892,1479646.1248367627],[471628.68701804627,1479515.6252680621],[471685.21897280065,1479443.4998296518],[471754.3441110283,1479382.8759211572],[471818.21917086915,1479342.499610198],[471896.0923269685,1479303.6254808425],[471930.53150201304,1479288.6249550555],[472026.4997462621,1479210.374912757],[472054.87477523036,1479159.6255364462],[472071.87528444448,1479099.8750970666],[472072.28077433974,1479050.2500410343],[472065.18754529092,1478986.500853708],[472042.71893576835,1478934.1253735309],[472008.7814630511,1478886.6250357935],[471957.06232393277,1478836.625206335],[471858.15618756512,1478807.8743475541],[471807.34326554328,1478803.6247484437],[471727.34327837633,1478792.749818244],[471661.31270251132,1478782.1258204682],[471521.65653814474,1478759.3745869265],[471488.90587503061,1478724.7511130678],[471472.75023123546,1478676.2503773144],[471476.90670581267,1478634.2499940014],[471493.71869066672,1478601.2495361101],[471540.37521937181,1478488.2501474384],[471572.65579049318,1478427.2504903914],[471590.87480090547,1478375.24970238],[471614.34388970456,1478301.5001916159],[471621.31222136482,1478227.6247270766],[471609.0620384622,1478168.9986892361],[471577.87515241094,1478094.8753801719],[471542.74989496457,1478038.5000956615],[471490.96826652176,1477993.5004685523],[471430.18768778309,1477967.6250125654],[471343.78152909514,1477960.6249080496],[471251.0317694713,1477954.7502614595],[471179.90672907705,1477947.8751355929],[471077.18728122383,1477916.4997251814],[471044.50016382075,1477873.0012232896],[470990.2179060101,1477666.1245855559],[470970.90626691421,1477539.8755910916],[470964.4059144737,1477399.7503911187],[470961.40667067759,1477299.000128963],[470949.53134246171,1477194.4998572513],[470946.34357430547,1477119.3741186585],[470962.2187068545,1477043.000056264],[471021.21846173477,1476978.5003469593],[471071.03098574054,1476945.7497651055],[471086.37459335878,1476935.6255194051],[471157.62453114154,1476927.2501621868],[471227.37529395905,1476950.7499674549],[471309.90662696294,1476960.3745423406],[471320.09441837441,1476957.8749693593],[471349.4688702327,1476940.2498919417],[471394.18798609573,1476913.8746838795],[471398.03103892429,1476909.9998581954],[471476.31277281785,1476817.6248719979],[471489.18752392381,1476798.6255982642],[471495.62538703973,1476789.7495138443],[471516.40645975794,1476735.1253118494],[471555.03176946216,1476671.7499228234],[471577.09383270302,1476618.3749384957],[471588.87489873887,1476575.250234904],[471608.74975436053,1476474.7496862649],[471594.49975055188,1476351.0003460424],[471568.37547491386,1476279.499557096],[471529.50037043245,1476215.4995186061],[471491.68709690514,1476175.7498886234],[471409.84387781564,1476078.2497214274],[471367.06217479461,1476020.6251379894],[471345.9370451193,1475961.8752591468],[471343.7498375001,1475918.499623131],[471351.78105650091,1475868.8744858382],[471354.74966508854,1475814.1253051944],[471357.46831637801,1475795.1250563348],[471453.25023030047,1475738.4998957866],[471513.31295378174,1475699.4998126563],[471596.43716339394,1475636.3753560544],[471673.1869743407,1475578.3749428038],[471780.46838666638,1475516.7495799065],[471888.93766498164,1475465.3744977454],[472048.53109303396,1475378.7502358754],[472112.62531244342,1475313.0002525169],[472186.78136948927,1475260.0000416155],[472259.62466315692,1475213.5001831546],[472326.06276042963,1475169.3750002864],[472387.53145308269,1475113.750319015],[472417.24996189814,1475055.3751323381],[472452.50117311958,1474941.0004909635],[472463.12517089531,1474882.5004068981],[472447.34332540032,1474790.6250102548],[472429.12529011403,1474687.3750938573],[472432.28128541471,1474609.6248848944],[472508.84370964835,1474557.7500506581],[472524.68706934189,1474523.6252724882],[472536.34421311517,1474496.3745637985],[472558.59374432964,1474448.2496578577],[472539.9692440221,1474395.5002981198],[472505.18698714644,1474353.6248934558],[472449.12504312431,1474320.374559527],[472410.40660888696,1474306.6252829195],[472355.56219093699,1474271.9997775485],[472277.37463796296,1474258.7502530164],[472156.84475749166,1474268.8744987168],[472065.99958146783,1474225.4999190874],[472017.84387779748,1474199.4995657119],[471959.343793732,1474168.8747585395],[471911.40521811775,1474147.8735511268],[471855.96897994593,1474097.998619057],[471815.18709783105,1474065.2500687158],[471801.87410884839,1474018.6253128662],[471804.40642981121,1473953.4998977112],[471808.43792573939,1473894.7499376081],[471809.37388417887,1473790.1248497684],[471833.43788109883,1473690.9995538322],[471847.56290625845,1473630.4995676002],[471884.15662220109,1473557.6245823374],[471906.59345886816,1473481.3754985919],[471938.1244831371,1473409.999607034],[471938.28115338122,1473382.0004078785],[471942.56252534699,1473329.4999490522],[471963.87601686147,1473257.2495319929],[471984.43793001102,1473197.7500250374],[471997.09360280877,1473132.1249390678],[472000.0631865224,1473046.6250787368],[471995.56265498797,1472965.2508139929],[471971.53148731007,1472905.1246260612],[471956.99983460823,1472828.0000416883],[471939.18737047765,1472763.6252297722],[471919.28082326095,1472679.1247923311],[471911.24960426014,1472637.3752601817],[471890.03126879124,1472519.7504425871],[471877.21900700987,1472454.0003779682],[471891.93796516425,1472407.4995443812],[471902.46875714645,1472352.249636536],[471903.74982892961,1472256.500470595],[471932.03165210434,1472199.2496854572],[471986.40605932206,1472125.6250720818],[472025.25052859494,1472078.1248156046],[472113.93710069562,1472002.9990770118],[472194.40604220837,1471946.1250968126],[472358.40582087555,1471811.7496460415],[472414.49953775317,1471749.4996336806],[472436.09362177429,1471716.6252108249],[472436.87494148221,1471640.1251946553],[472438.12521553587,1471606.9998393755],[472450.34362558293,1471530.0001523911],[472447.87476907059,1471403.8741050633],[472415.062754279,1471282.8751889856],[472399.81227119378,1471219.7496759973],[472330.49974625302,1471172.9999414987],[472269.18780510454,1471135.9997605348],[472204.53142555582,1471110.7500103982],[472142.81285686512,1471095.499527313],[472073.96831114416,1471093.2498303694],[472006.21842561918,1471085.8749524273],[471901.62397298799,1471113.2495833796],[471814.93730305391,1471142.3752155867],[471712.34372771526,1471155.6247401189],[471643.15618142358,1471144.5000151419],[471574.74987357931,1471120.6254364476],[471542.25014288933,1471104.1246793086],[471498.56222277181,1471061.3747491431],[471451.03124982578,1470986.8746351402],[471416.78149300686,1470893.9998968672],[471372.87546970724,1470814.2497857378],[471374.12476863497,1470717.2503457433],[471460.93739234412,1470627.0000778402],[471568.71855674504,1470584.2501476747],[471680.96839856438,1470525.9998583863],[471807.84399274457,1470482.3754839799],[471950.68792526738,1470457.2495748454],[472041.28119374107,1470430.4995933571],[472135.18712775951,1470390.8748607626],[472191.93718569604,1470376.9997116409],[472241.00016284944,1470330.3749557913],[472263.68785068009,1470292.3753519373],[472272.4062084693,1470223.2502137097],[472275.06245169474,1470130.1245430126],[472272.84347122,1469978.4998446365],[472291.74953916017,1469813.2497919158],[472357.15652194782,1469697.0002270238],[472411.37531530799,1469619.6247102267],[472444.93793333851,1469567.1252265265],[472458.96877757856,1469504.1246921872],[472471.8752202795,1469411.7496247289],[472471.78103935998,1469345.4998892953],[472321.81218619336,1469256.2501006688],[472244.71823702892,1469205.8754977842],[472175.59415518778,1469164.2498878974],[472096.28130680911,1469122.8751291742],[472013.75094893127,1469063.8753742939],[471941.06335038168,1468996.8750356215],[471848.96887543018,1468921.7502721546],[471808.96839428367,1468876.2498365836],[471759.1558702779,1468808.2501562815],[471665.53158515255,1468662.999856571],[471617.6247823938,1468610.2495217072],[471566.68793810945,1468545.9996071795],[471537.3749191892,1468512.8753082862],[471492.53188106359,1468442.1260977047],[471495.50048965117,1468356.6251809872],[471525.12579267309,1468268.6246912885],[471542.84407588415,1468137.8752465502],[471506.3129305265,1468083.3748855575],[471460.09366457217,1468041.8752294455],[471392.24951686716,1468000.1256972961],[471336.12508352054,1467965.5001919251],[471245.65573730937,1467899.2504564915],[471163.09368783649,1467840.2496452248],[471091.59289889009,1467770.6247549218],[471049.87408320967,1467713.7497995966],[471009.28170058085,1467589.2497748749],[470979.84378427203,1467521.624867999],[470963.24982133956,1467392.2496195768],[470937.59352492128,1467291.3753538982],[470956.90613914316,1467168.249606753],[471026.37533432804,1467058.2494618774],[471088.87522272661,1466996.9999287929],[471155.93796946318,1466890.8736344753],[471186.71839049319,1466832.2496281473],[471208.00019041263,1466726.8749121947],[471175.93772247341,1466656.7503510769],[471146.24993012694,1466614.7499677639],[471087.84402698104,1466586.6248148333],[471061.93785452511,1466543.0003591664],[471046.06280323659,1466496.5005007053],[471047.40628308384,1466402.1245559547],[471086.12471732113,1466382.6245550197],[471159.87528447178,1466349.0005040511],[471224.68727787811,1466346.2499986456],[471299.3122892697,1466366.1248542673],[471381.21897280973,1466408.5000110066],[471451.06294142082,1466436.250390511],[471503.65660604055,1466478.6244908639],[471547.90676755784,1466502.2502499069],[471603.00000515894,1466543.2501539434],[471652.81244790426,1466579.37483428],[471722.40662173816,1466600.7508963794],[471800.06264978141,1466601.2495920681],[471880.68728641223,1466611.8745649699],[471957.71874625213,1466627.7496162585],[472046.65616951644,1466687.7499316756],[472184.99965176533,1466708.7500827019],[472275.7188740141,1466749.5001919614],[472383.06375079026,1466727.2496856209],[472438.62496761116,1466715.8750846062],[472470.65671908134,1466657.2501031524],[472545.56232297962,1466619.6252727245],[472595.28058480535,1466557.6251364013],[472662.0003309712,1466506.3749516287],[472764.18736002815,1466451.1260189095],[472852.50013382861,1466430.8754147356],[472914.28111058334,1466415.500034262],[472970.2499300724,1466382.6245550197],[473064.81220514973,1466327.6254983381],[473149.93737331498,1466290.8751121513],[473193.96829400316,1466277.6246124932],[473257.37545588473,1466239.2491788266],[473338.00009251561,1466218.0001268887],[473366.21845123975,1466223.1252266264],[473438.40629771404,1466245.624552618],[473527.96845170268,1466225.2500261816],[473624.78148011025,1466194.5004028811],[473646.03158843465,1466184.6248955713],[473718.25015137799,1466143.375115497],[473805.68750581145,1466101.4996295725],[473845.7504762825,1466084.5002580055],[473932.21904303448,1466082.1245260262],[473964.34294391173,1466089.7502551319],[474033.74973103259,1466137.750263684],[474088.43739747797,1466168.6249468941],[474134.78164208139,1466182.0004252014],[474198.34336143406,1466179.2499197959],[474302.0622321773,1466162.2505482286],[474347.25038364658,1466146.250518291],[474404.40495635231,1466110.7504874186],[474434.56275943102,1466068.7501041056],[474452.31175911106,1466002.8751420982],[474452.71830539277,1465949.3752603817],[474450.09375376237,1465915.1245284369],[474410.24994285993,1465873.3749962875],[474358.84406296932,1465861.4996680715],[474265.96834957041,1465830.9998395483],[474245.1872768522,1465820.374785386],[474218.24990865076,1465783.3746044221],[474210.09379226132,1465737.7503278491],[474238.15548074141,1465707.2504180651],[474341.09408816329,1465702.9998438288],[474389.18722124863,1465695.8737855381],[474446.37462319637,1465693.3752689431],[474540.09414562775,1465616.8752527735],[474583.71860129468,1465593.3755287658],[474659.18742171873,1465537.8746884966],[474707.53246235423,1465537.1240852578],[474824.250006466,1465463.3745744936],[474911.3433039423,1465476.3752793747],[475007.84404824814,1465501.6251107715],[475053.74997371435,1465503.5000342892],[475085.31268957828,1465496.9996818486],[475172.40598705463,1465446.2502242774],[475250.6559480927,1465396.9999416715],[475273.06206829072,1465384.6249426408],[475310.78107963799,1465404.7495930395],[475353.09382831323,1465443.7496761701],[475408.65610152064,1465432.4999725439],[475452.21904298902,1465375.874811996],[475497.21875135874,1465322.9995797437],[475572.74997984682,1465268.7500699144],[475610.03075331735,1465213.7510944933],[475670.87479650654,1465175.4995018288],[475715.0624686993,1465165.9999055923],[475767.68790617457,1465112.7498186531],[475788.37471671274,1465089.000218608],[475826.21870670904,1465047.8753359222],[475855.25007673615,1465041.4998808703],[475904.87521402887,1465040.7503340179],[475958.34332288959,1465040.999153669],[475986.34357843164,1465041.1251074441],[476027.09368769103,1464945.1251715999],[476087.43700367899,1464925.9998628306],[476132.78174413182,1464977.6248210294],[476175.18761734013,1465019.1244771413],[476232.34422155836,1465080.4999640007],[476281.90589440049,1465078.3751644457],[476333.78267888888,1465037.9999098729],[476356.78175695578,1465007.7489010007],[476432.7809646636,1464966.2502200149],[476502.46826303058,1464958.2497174831],[476566.93725586624,1464946.6253216914],[476626.53102500178,1464940.2498666393],[476708.28103829769,1464915.2499112799],[476770.90582408488,1464889.6253877173],[476821.49958653806,1464881.1251331102],[476909.9373389876,1464928.3745384235],[477001.59357606235,1464960.2496196497],[477042.84335613652,1464972.4997212917],[477123.46896789339,1464919.3746130017],[477187.59390377183,1464867.0001079505],[477210.15677547449,1464858.374955955],[477261.06282202934,1464857.5004304533],[477278.43704828317,1464878.4996063537],[477318.37512136565,1464922.7496866104],[477331.03176928946,1464952.7498443192],[477355.68864281767,1464996.375275112],[477405.12533701077,1465023.6250086757],[477466.84488082747,1465038.8754105004],[477506.90581978596,1465053.7500637728],[477514.56226536061,1465086.4995892399],[477530.59398689319,1465136.8752485111],[477572.40592710668,1465164.3747768519],[477614.81285670149,1465110.3751430602],[477625.56280825223,1465092.125416179],[477655.78106914298,1465019.3754095654],[477686.06279448426,1465013.124851902],[477724.40645529539,1465016.5000067714],[477752.37493798195,1465015.3746301061],[477811.78132040438,1465037.1253843715],[477884.2497593853,1465002.2500029628],[477890.25044101104,1464961.1261766637],[477904.90593471489,1464881.4999065362],[477908.46839503682,1464811.25044803],[477987.93799492007,1464824.4999725621],[478051.71887384134,1464891.8750846609],[478081.00011990609,1464923.8750632755],[478156.2190642925,1464958.8754233334],[478222.62546997017,1464931.8745906814],[478290.25045810657,1464903.4995617131],[478370.03128570493,1464860.7485751612],[478434.81264390273,1464824.8758023749],[478513.84489977476,1464827.875046171],[478554.00010091334,1464845.3752261999],[478609.40667900263,1464893.9998842161],[478679.12566896458,1464854.1253568446],[478774.25018544169,1464781.2502903214],[478803.59392083099,1464687.0002993457],[478824.62486958678,1464607.0003121789],[478845.43763389997,1464553.8752038886],[478873.43788944202,1464553.9991261512],[478931.2816324486,1464568.1252076973],[479003.21862775926,1464584.2501350236],[479042.96825774218,1464559.6249530902],[479069.37515739934,1464518.9998224799],[479119.15590854961,1464458.2499602102],[479161.46857596433,1464401.7497783115],[479217.56229284202,1464339.374868562],[479252.31277686218,1464381.375251875],[479264.90596033545,1464410.1250542693],[479306.31241065369,1464426.2499815957],[479363.28162815882,1464418.7502062651],[479403.21864485479,1464365.9998714011],[479460.81251182378,1464310.1253140923],[479513.96833658282,1464237.7499996442],[479549.12431049824,1464161.1251673466],[479580.21904714243,1464111.3751326653],[479695.656657118,1463972.6251853954],[479776.06213418022,1463881.2495408272],[479861.75043761078,1463794.8751549947],[479909.34389988135,1463743.1252994074],[479975.21886188874,1463735.2496942643],[480036.75004386634,1463745.3749963511],[480114.84333466034,1463724.2498666758],[480122.00002815964,1463712.5004922349],[480162.62524003052,1463645.8749269885],[480214.28091469826,1463600.249594029],[480282.56118750694,1463588.5002195882],[480325.37466338347,1463608.3740188235],[480361.56280817045,1463653.999351783],[480400.2495508127,1463666.3764635867],[480474.15670694696,1463668.3753093667],[480503.968421556,1463649.3749792464],[480509.40588665591,1463594.24996879],[480499.71882244572,1463510.6250319765],[480493.53083536739,1463450.8746738574],[480503.31208049715,1463408.500492244],[480561.15574224322,1463390.7505174379],[480588.96763594617,1463353.8752338625],[480596.00048844347,1463306.3748961252],[480599.37450566574,1463231.000337881],[480613.46889561682,1463201.1251588215],[480680.7190290665,1463163.8751018201],[480764.0941711028,1463179.500277071],[480801.96879630769,1463203.3748557651],[480863.03094267898,1463233.9996629376],[480893.62503338244,1463235.2499369914],[480936.37496354792,1463222.0004124593],[480990.62544850307,1463209.5004347796],[481047.81276919029,1463207.1247840608],[481111.71862676064,1463213.3752604637],[481185.49982911983,1463211.5003369462],[481250.87503905199,1463222.7510156981],[481286.59422949317,1463256.9997161306],[481317.40642337874,1463295.2501711482],[481362.71841585007,1463346.875129347],[481396.31280673615,1463391.3750856414],[481419.84324721276,1463438.7504447298],[481487.81229230633,1463451.2494472836],[481573.59380153043,1463399.1247370094],[481609.46860582923,1463405.3752134123],[481644.49968235602,1463421.7500167761],[481656.09336167877,1463425.0001929963],[481701.53130792518,1463415.4995403732],[481767.5311673212,1463410.1245645978],[481781.37462484813,1463405.750068099],[481826.96826621261,1463368.1262127974],[481877.87536915398,1463367.2496557834],[481913.0323994559,1463355.6252599915],[481969.31244666013,1463330.2505312059],[482015.65661000303,1463246.7504917812],[482074.34416204208,1463185.6248809593],[482100.12641223543,1463161.6253236157],[482166.31365834456,1463129.5004476125],[482245.37468043354,1463068.8745076056],[482339.59395494015,1462973.125422925],[482417.2499829834,1462908.6246572337],[482496.96840251778,1462864.5015058781],[482577.87460678129,1462817.7497398669],[482684.68706476118,1462750.8754362301],[482771.12491504411,1462715.3754053575],[482881.15577638877,1462664.8747674373],[482980.40596971364,1462599.4995575051],[483007.65667840326,1462580.500202511],[483029.31219536241,1462517.1248947454],[483044.28102955449,1462445.1254101102],[483050.68720107543,1462414.2497517741],[483063.12468943058,1462342.3751645274],[483068.21907269931,1462278.375207298],[483080.34427695285,1462230.7499721718],[483080.28081250231,1462165.7495356661],[483085.99984523491,1462085.1258741613],[483100.71880338929,1462038.6250405742],[483146.03079586069,1461961.5004562011],[483212.28150642029,1461898.8746140276],[483308.43721864297,1461819.6252300995],[483381.90613690042,1461746.3754714106],[483439.40574168938,1461687.8753060848],[483474.25040662906,1461667.3748258732],[483547.65586043603,1461656.6248743224],[483586.81261381059,1461648.625428177],[483615.99967895576,1461646.1247988092],[483683.09419854783,1461636.8749973497],[483717.06230647361,1461562.8746354219],[483716.12537290808,1461506.7502020753],[483720.15581244975,1461448.0002419723],[483726.06328828196,1461404.3748111792],[483802.87453216675,1461351.3756566644],[483865.87514776661,1461334.7509772629],[483893.18728939426,1461316.9999460704],[483914.84386273992,1461253.6245570441],[483902.78114781092,1461173.8755023014],[483901.74995206535,1461148.3748197407],[483948.09411540831,1461096.7498615419],[484026.68715827755,1461120.2495855496],[484059.40604853613,1461111.2496601278],[484105.18602022721,1461077.3747579954],[484158.06230886618,1461030.6240483709],[484217.59350741666,1460959.2501883255],[484267.7500883796,1460939.2504353153],[484373.59375867801,1460911.8748292371],[484463.21840199118,1460892.8744991168],[484493.12535390625,1460876.249900976],[484553.21879385656,1460819.0000909641],[484571.12543890666,1460788.8750358669],[484601.37539139244,1460749.3752819216],[484609.78146507998,1460672.5004923258],[484658.06198487844,1460670.4996150332],[484745.81267980009,1460668.1249394405],[484815.81226226874,1460667.7501660143],[484911.87476869783,1460649.6253365215],[484979.03177761444,1460609.8747314126],[485031.09399856394,1460574.4995979287],[485093.43713545793,1460541.3752177749],[485161.31297475792,1460519.3745874721],[485233.53161896177,1460511.2501626776],[485288.40772850672,1460513.9996116967],[485361.59402274509,1460530.1245390228],[485400.84398191317,1460556.4997470849],[485475.15670920315,1460600.4999513042],[485530.24994680425,1460641.4999366011],[485595.50025934784,1460714.0001484377],[485608.31252112921,1460779.7501317961],[485607.37453117722,1460852.5002196701],[485637.24971023673,1460931.4998088211],[485677.59327321441,1460985.8751911647],[485749.12477862992,1461087.3750814334],[485808.46867172781,1461171.6247489711],[485859.59395911178,1461208.9997033612],[485904.18606481323,1461241.5004091773],[485953.7814607629,1461272.6248871644],[486009.84340478503,1461305.8752210932],[486050.687694964,1461339.8751018746],[486102.68848297547,1461366.9998567891],[486178.50030397018,1461417.3755160603],[486235.43774861982,1461472.3745727418],[486280.06268356327,1461506.1245774855],[486345.59350735298,1461521.2500819215],[486362.53152724262,1461530.7496781582],[486389.62450930168,1461539.74960358],[486475.46850785031,1461585.8746886149],[486514.43779325124,1461637.7495228513],[486548.50016335706,1461693.7500339353],[486627.59393342759,1461729.8747142716],[486674.62523555889,1461727.9997907542],[486720.37546590698,1461725.9998885877],[486749.65573684569,1461726.1247859763],[486784.56289110996,1461739.8751189702],[486821.62450501189,1461775.3751498426],[486888.06268354511,1461813.3747536966],[486954.71888399991,1461856.3745598998],[486996.53090547392,1461884.0010171416],[487056.06218528491,1461908.2503692622],[487116.31229547929,1461918.4995936116],[487156.21957083227,1461929.500396326],[487210.74967316806,1461956.500253852],[487230.6879119798,1461977.3755074898],[487268.93739187135,1462043.3753668857],[487293.18780037836,1462108.6246230428],[487327.1251918351,1462130.1235510183],[487385.93764126272,1462136.6259349713],[487447.31312812224,1462142.8754362483],[487494.68743082415,1462118.0003782774],[487599.0627238868,1462085.4996724613],[487656.90541050688,1462131.4997788472],[487718.15599997778,1462135.3746045311],[487816.9371576964,1462154.1250586137],[487873.71898848843,1462173.5001621603],[487970.62522268953,1462177.0002144179],[488072.56237570883,1462179.1250139731],[488117.24971871631,1462150.5001089673],[488147.56216052664,1462080.3745727236],[488183.15645357926,1462015.1252353061],[488219.15615526662,1461992.0002847246],[488284.4371842792,1462000.6254367202],[488356.56262268947,1462021.8765201706],[488428.68708597374,1462042.9995370731],[488467.3123144175,1462086.0003996626],[488509.12531101744,1462080.5005264988],[488537.1245914335,1462080.6254238873],[488622.28145119379,1462045.1253930146],[488648.56239707593,1462065.7497954888],[488679.31210163696,1462102.6249978035],[488708.53085837717,1462133.2498049759],[488723.12491914298,1462147.9994795995],[488754.09475839866,1462158.1247816863],[488793.43792336027,1462155.2504352788],[488820.27997299522,1462157.8749869093],[488881.06258324638,1462182.1253141558],[488932.34348448797,1462223.2501968413],[488979.62466265686,1462291.3748557926],[489021.46837572585,1462319.0003379083],[489071.00030722498,1462348.7495631929],[489112.93714482704,1462378.87461829],[489160.21832299593,1462415.1252524015],[489187.71882646275,1462434.3754585595],[489245.53079661384,1462447.2502096654],[489345.56230964657,1462434.1245261352],[489428.99985974695,1462419.1249754741],[489466.00004071079,1462389.4996724522],[489482.34412760561,1462351.8748420246],[489489.40664018539,1462305.7497569898],[489491.40654235199,1462291.6247318301],[489502.12472104724,1462273.2500262999],[489545.34368681896,1462239.6250002051],[489584.24950776936,1462257.1250989735],[489637.21900220186,1462276.5002025201],[489700.81249441003,1462307.000112304],[489769.87514331314,1462347.5002642651],[489837.78169908217,1462390.5000704683],[489896.34321608563,1462390.6250491175],[489943.1247234398,1462350.3746919332],[489953.31243359076,1462286.2507311809],[489970.71843270009,1462211.4997660141],[490021.31219515332,1462171.2504652166],[490065.34417222795,1462189.7500681353],[490108.65634379326,1462190.4996149878],[490172.81297126674,1462171.2504652166],[490222.21894899081,1462133.4996810136],[490264.28076524189,1462102.3752030265],[490292.9067266343,1462085.8755022741],[490335.49998655572,1462068.7500956713],[490376.09342557099,1462032.6254153349],[490397.12534945284,1462017.7497869364],[490419.31231008226,1461999.00030798],[490449.5623438285,1461991.3745788743],[490489.46864405548,1462002.3754628492],[490525.09259719058,1462002.1245304251],[490555.71837948909,1462003.3748857393],[490622.71863690106,1462023.6254899132],[490657.28173420817,1462060.3748197134],[490698.68720940041,1462109.6251023193],[490755.15667483024,1462184.9996605634],[490784.2198177129,1462211.7496420518],[490834.28116136981,1462254.3746748287],[490901.59378414397,1462250.2499731069],[490953.750186013,1462249.2495750908],[491023.15591674735,1462265.5004561921],[491081.59351148823,1462294.8749080505],[491137.46912518376,1462323.1250396301],[491192.15581650316,1462385.8747228058],[491230.81289906293,1462525.750046741],[491351.78109867149,1462622.6245080866],[491336.15584216005,1462646.2502671299],[491334.37509956211,1462729.1246007043],[491352.37495040579,1462765.3752348158],[491389.31272330566,1462798.2497389319],[491427.12494044646,1462820.8750186986],[491471.34332910826,1462844.4997213553],[491487.56243735395,1462867.9995266234],[491520.90589581587,1462906.1250842526],[491570.50031663955,1462969.1246434657],[491585.1260690004,1463016.8747759806],[491603.21912563761,1463055.6249830734],[491645.21853382472,1463087.0003122243],[491722.53156129725,1463110.624039755],[491758.21792249643,1463143.499518997],[491794.65594332101,1463195.5003070086],[491847.87531379116,1463253.1248904464],[491914.90628767217,1463274.6247935481],[491980.74955808459,1463265.4998894772],[492027.40600552916,1463286.3751431149],[492085.15556761617,1463297.9996201671],[492143.96899216977,1463304.4999726077],[492216.87469390151,1463312.8752485656],[492274.28117415734,1463315.6246975847],[492361.24949298461,1463325.9998757092],[492449.15580176382,1463359.2502096382],[492520.28076089756,1463354.9995541412],[492622.34492407844,1463424.6254195701],[492655.40575852123,1463488.2496282475],[492730.9687598648,1463530.8746610242],[492757.78123067773,1463597.3752476214],[492836.56263538607,1463625.8751739783],[492887.65614991455,1463630.1247730886],[492934.59424625227,1463625.6253792013],[492982.46830102953,1463613.375277559],[493039.78157549183,1463613.6250723363],[493139.96870238218,1463667.9994795541],[493240.00021541497,1463654.874933671],[493311.68733468797,1463696.5004622974],[493365.34396790882,1463765.624625399],[493462.0935318658,1463797.2498305875],[493536.62533746386,1463814.5001345787],[493577.78093661851,1463857.3749621329],[493648.59361165058,1463909.2488212432],[493745.12507242546,1463967.624983046],[493837.12536645739,1463976.5000110792],[493954.28114844591,1463944.874805891],[493997.74999025528,1463917.5001749387],[494087.21885718987,1463862.7499379083],[494145.90640922892,1463833.500464699],[494220.7495238026,1463794.6252789572],[494304.7810068978,1463763.1249711572],[494369.31248905801,1463752.7498742931],[494462.9378305698,1463738.624767873],[494528.5936330086,1463724.3747640643],[494636.21910229145,1463709.625089441],[494684.15662151924,1463698.7502405015],[494747.25036165211,1463684.6251340813],[494810.12502347695,1463665.375009184],[494888.46819030854,1463650.6252533002],[494950.00034741213,1463660.7495802611],[495022.5312757176,1463660.2499094463],[495097.15628710919,1463648.2496025814],[495180.09416639479,1463620.5001982029],[495242.00004053809,1463608.9997246738],[495279.03101923148,1463611.2504780041],[495323.25038301927,1463634.8751806607],[495385.37541673111,1463628.4997256089],[495471.59418870596,1463619.7496762245],[495547.18790651864,1463599.9997179913],[495636.31279775652,1463568.2496154143],[495664.03140440542,1463560.7498400838],[495709.84420533857,1463578.9995669653],[495691.43780821317,1463513.625332159],[495673.75024147116,1463485.1254058022],[495650.87508566683,1463454.1248500776],[495584.56286090869,1463386.8746353674],[495564.09415355272,1463320.1252291191],[495553.31242914643,1463241.6253920433],[495478.59429322177,1463187.3748258278],[495417.65598785249,1463159.3745702857],[495361.99953372555,1463136.1247223157],[495263.03098929388,1463080.3750623951],[495217.34422339633,1463051.7501573893],[495176.40672742383,1463015.2496472402],[495157.71973779175,1462993.1250946748],[495142.37515504751,1462959.2501925426],[495145.21878498606,1462903.1247840698],[495164.31223963929,1462806.62501489],[495161.43789323175,1462734.1258594401],[495150.87435326807,1462628.7500871008],[495164.21911510627,1462515.9995180804],[495168.75028184918,1462470.0003868206],[495182.21896594996,1462359.7504471678],[495184.187095261,1462313.8752381706],[495178.34414026584,1462198.0003654445],[495197.7817331368,1462078.7505003698],[495189.34291146777,1461994.8746311322],[495270.93731090613,1461901.0004699691],[495395.56223301659,1461801.3755032183],[495457.78144764807,1461765.624621182],[495502.12473369838,1461728.1246881427],[495531.96919628896,1461710.2497346876],[495571.37582570111,1461644.8745247554],[495595.68766714621,1461583.9997650974],[495601.06264292158,1461494.5001004331],[495589.06233605661,1461417.2495622851],[495572.87500066642,1461298.1245945992],[495553.18753175787,1461218.6252533728],[495523.81202351308,1461088.6254367474],[495491.56216886069,1460949.7495357024],[495464.31251655758,1460840.0002419904],[495439.56243723579,1460730.1250757638],[495444.28107195231,1460624.1246539608],[495461.28149990592,1460539.2504182197],[495548.62459215941,1460431.125278122],[495651.53150798619,1460393.625345083],[495745.18756596703,1460379.5003199233],[495863.37454370107,1460374.5001175741],[495980.65636072512,1460378.4998406467],[496073.18704204087,1460368.2496411712],[496195.3123099095,1460365.6250895408],[496271.56139365496,1460362.4998107092],[496433.53161007306,1460369.7497912627],[496514.96828288084,1460368.875265761],[496645.46890796797,1460353.1251118612],[496742.31265284453,1460355.499787454],[496865.25003815064,1460341.3747622943],[496995.74960685126,1460325.6246083945],[497093.96957955655,1460298.6247508684],[497240.74977070146,1460243.9994924869],[497271.31103216286,1460212.1254676473],[497341.8441710748,1460128.8753042601],[497395.81308839732,1460076.8745162487],[497480.56340187584,1460031.2501584152],[497589.90614930616,1459996.1249009687],[497650.06199732044,1459908.1254676564],[497708.15659149073,1459863.625511362],[497791.1559037143,1459838.4996022275],[497891.93801998597,1459811.2499499244],[497942.31262287055,1459797.7494929682],[498051.46903997421,1459789.2502947475],[498124.62461774354,1459772.2498667939],[498203.12542994524,1459761.2500392054],[498317.65682282433,1459760.2496411896],[498418.87506419973,1459776.3745685157],[498504.3750057912,1459781.7495442911],[498605.03108702728,1459815.7504001984],[498693.21904469968,1459856.6254068464],[498755.09322724794,1459875.7496592291],[498827.0312789451,1459891.8745865552],[498887.46877585258,1459907.1249883799],[498997.37465854821,1459917.8749399306],[499088.62532446726,1459907.6247404553],[499196.62459205027,1459901.8749912537],[499276.84373878589,1459902.2497646799],[499371.37529739423,1459910.999814064],[499516.18735922809,1459870.4995808422],[499628.28158718982,1459872.2496069712],[499763.28160616441,1459906.1245903638],[499866.99950178165,1459920.8752401134],[499932.93792823958,1459914.2499902842],[499998.37465237023,1459926.7499679639],[500056.93714449974,1459926.8748653526],[500115.24984185206,1459920.6254453361],[500188.40647600789,1459871.6249575072],[500246.28093548352,1459821.9999014752],[500306.96830842865,1459811.8745993883],[500382.37463952816,1459818.8746226435],[500455.78106846113,1459808.1246710927],[500489.50035673572,1459791.3750943027],[500542.21900000458,1459772.6246402201],[500587.71837918903,1459764.3753180371],[500653.00038332766,1459741.2502861952],[500691.68712596991,1459721.7502852604],[500745.68773488747,1459702.8748525286],[500788.34348413337,1459687.1247798891],[500840.90643228416,1459664.5004752486],[500916.000479282,1459631.9997694325],[500951.24965899094,1459621.6245913079],[501057.99954638584,1459553.3749537077],[501076.53092216031,1459538.6252790843],[501124.21962173691,1459489.4998938669],[501151.43750118453,1459437.2502862043],[501175.28136340989,1459396.7500529825],[501181.18778285553,1459385.1246008044],[501206.50002231664,1459317.7494887055],[501246.84358529432,1459243.3754097382],[501283.9687449073,1459152.6253897599],[501298.93652271281,1459112.5000112248],[501310.09407693183,1459008.7503427521],[501320.78048277157,1458893.5002007501],[501326.03153628443,1458801.499906718],[501330.37539757474,1458718.4996193685],[501340.06246178492,1458609.7497485466],[501369.28121852514,1458511.6249318868],[501401.93867584568,1458404.5002710656],[501426.56280139246,1458319.3751029004],[501450.00011733605,1458236.7495889771],[501488.31200529163,1458143.3750986289],[501500.84375582688,1458105.8752468503],[501516.34500881517,1458079.7499148257],[501524.90669636033,1458006.7499509139],[501526.93731499591,1457962.0001185818],[501524.31276336551,1457927.7504430234],[501517.09358054161,1457874.5003560844],[501540.09363373445,1457780.5002411464],[501535.15592070983,1457687.6255028734],[501536.56188988156,1457659.5002686824],[501562.56224325707,1457576.8747547588],[501611.12546833517,1457485.5001665773],[501652.90669207962,1457415.0008320333],[501763.34409970598,1457342.7504962345],[501796.37527406623,1457309.5001623055],[501873.96889404545,1457243.7501789473],[501911.24958625546,1457220.6251471054],[501984.90597248659,1457184.374512994],[502065.28073307977,1457156.7500872645],[502136.2183055004,1457147.3743320301],[502260.15608882252,1457126.8749082049],[502343.4370499393,1457108.1254292484],[502429.56261612056,1457096.8747504964],[502499.24991448753,1457088.7503257019],[502572.81195727806,1457081.8751998353],[502645.31225037505,1457080.1251737063],[502706.87512394763,1457091.499774721],[502795.09371682856,1457100.624678792],[502868.28106745338,1457084.7495462429],[502937.50038660062,1457064.0002463802],[502978.87506406335,1457048.2500924803],[503043.12497859087,1457031.4995405641],[503128.99961234804,1457013.8754382727],[503189.96863418631,1457010.1245348512],[503235.31231825269,1456998.0003869841],[503262.90610877355,1456987.8750848973],[503300.68760944536,1456977.375009384],[503353.21878474054,1456953.5004306897],[503403.50026309211,1456937.3755033636],[503456.62537138216,1456928.750351368],[503517.78275505954,1456929.9996502956],[503599.21837148082,1456897.250043568],[503750.84518262983,1456772.3753266805],[503789.99982323137,1456732.4997429224],[503846.65675663482,1456684.2498583326],[503928.5316673193,1456629.7505537262],[503977.65599615022,1456552.4989591916],[504002.06201851484,1456494.1248289014],[504014.2814036879,1456417.125141917],[504015.93724889727,1456330.3749262718],[504011.31287636084,1456278.2502159979],[504013.31269726687,1456200.500007035],[504007.46876714577,1456117.8754682376],[504019.90625550091,1456014.1248246389],[504039.59372440953,1455964.8745420328],[504074.21817339415,1455939.1249585606],[504108.49970306858,1455936.3745344155],[504143.25010582822,1455946.4998365026],[504280.09343798581,1456010.3748963433],[504283.34361420607,1456067.8745823926],[504294.56357648905,1456088.3750626042],[504343.43705415633,1456162.7501979582],[504377.34372914408,1456205.1253546975],[504457.03135094891,1456251.875089196],[504537.90586361737,1456303.7499234325],[504597.3122460398,1456339.9995011576],[504699.68763693585,1456404.7500616258],[504706.93753622874,1456444.3747942201],[504711.71857900929,1456473.7503024649],[504710.78164544381,1456570.6247638105],[504713.84337856446,1456644.6251257383],[504715.71838334244,1456713.5003879282],[504732.74952776509,1456791.3746004142],[504769.06265120115,1456849.1240812407],[504829.78171574126,1456882.8751423708],[504839.87532623322,1456889.3754948112],[504861.34345647926,1456906.1250716012],[504881.31346814649,1456945.8747015842],[504890.81208925706,1457013.4996897206],[504929.34419316781,1457101.8749528455],[504961.78143453324,1457167.2501627777],[504987.9999723513,1457215.9997181825],[505023.40582230437,1457237.9993733591],[505059.93696766195,1457271.4995020651],[505101.5000882243,1457312.750338526],[505136.5936540757,1457366.6249936684],[505150.21900842054,1457403.7501532813],[505147.46850301506,1457422.8753807901],[505130.71892622503,1457444.3752838916],[505071.59419269575,1457508.7500958077],[505070.03260966641,1457537.9996502774],[505081.71851965669,1457641.3755204501],[505078.62501368055,1457697.4998725362],[505053.99983174726,1457743.1252867563],[504994.50032479182,1457845.7494973033],[504955.53095813037,1457928.1252164496],[504938.21922120103,1458005.7495528979],[504879.65664781106,1458141.5001751115],[504884.21861228353,1458195.1250354766],[504904.93719567714,1458285.8749741944],[504930.50028630189,1458399.5000687165],[504959.40578381444,1458435.4997704038],[505027.1874421949,1458527.9997352506],[505038.24967784731,1458565.1248948635],[505070.68895072525,1458630.3752074072],[505096.74976191274,1458693.1238341965],[505140.56266067934,1458763.7501789019],[505215.00028535782,1458824.3750625225],[505238.87486405217,1458854.0003655443],[505250.03136188467,1458883.3748174026],[505263.43755666085,1458943.5000302084],[505296.93768536689,1459029.249766577],[505323.06301739143,1459085.5001536987],[505336.90647491836,1459102.2497304888],[505374.75046491472,1459134.4995851412],[505420.09414898109,1459178.3748919717],[505453.96913237381,1459225.8752297093],[505480.15589733637,1459277.1254144819],[505501.18782121816,1459338.4998449548],[505668.87495759578,1459485.5001707943],[505736.96995646443,1459543.6254814335],[505781.40644830826,1459550.4996321741],[505844.87398674141,1459565.1253845352],[505913.18700753164,1459600.249585595],[505979.87506210245,1459673.6243229329],[506036.5309391194,1459731.4997575346],[506094.68794135371,1459766.6250149808],[506178.18798077857,1459811.9994967768],[506237.93736377166,1459815.249672997],[506367.74987494445,1459805.1253460362],[506434.21974507271,1459770.1250672387],[506559.53172471107,1459701.2498050488],[506607.25016563071,1459635.498765304],[506662.62497086445,1459565.8749313876],[506725.53132428427,1459505.3749451556],[506770.40613526542,1459471.5000430234],[506831.90651951346,1459423.6249318596],[506890.99948018725,1459365.6245998694],[506933.40640978201,1459321.3754947386],[507039.5624454426,1459261.3752605817],[507062.62498795998,1459242.4998278501],[507138.12452485308,1459196.1249480383],[507171.46903970151,1459167.1252696062],[507278.62547337811,1459135.1242346049],[507313.0319004411,1459128.9997119771],[507371.56270097557,1459124.5002368293],[507452.46898649953,1459173.8754980844],[507484.93791946,1459235.3748259458],[507509.24976090505,1459350.3751731706],[507512.40673133172,1459416.6249086042],[507521.37496515858,1459539.1250311597],[507573.78124306526,1459639.1247713368],[507600.96840604383,1459719.6254857052],[507607.81281544152,1459798.7499722447],[507656.21831388905,1459921.6248682262],[507735.96850627894,1460085.6245656328],[507769.59353237349,1460159.8748035983],[507802.87458277139,1460264.7498487362],[507830.87483831344,1460392.4999684179],[507838.75044345669,1460497.1251375182],[507858.34365018521,1460572.4996957621],[507847.59369863442,1460631.1247584766],[507809.90637888218,1460710.999848255],[507782.53077280393,1460778.2499817046],[507751.28139742813,1460854.3751431876],[507732.9998976913,1460902.6250277776],[507709.56258174771,1460957.2502861589],[507726.56203457539,1461037.7500254011],[507740.84372997907,1461135.9997394495],[507788.49968157418,1461205.3747537148],[507831.37459038873,1461242.7497081049],[507928.81226826005,1461292.2498667485],[507967.68737274146,1461347.3748772051],[507987.8745124648,1461362.8751550675],[508043.4377607982,1461404.2498325303],[508073.6253052199,1461437.7510176226],[508115.18745065626,1461480.2500966245],[508154.43732856389,1461497.2495494522],[508208.90591670113,1461519.3750771435],[508259.65643065894,1461531.3753840085],[508337.06258266454,1461550.1247817045],[508401.74975994282,1461567.3750856959],[508490.56228581851,1461587.3758950927],[508546.37541018956,1461604.5002453087],[508627.65541275323,1461615.5000728972],[508688.46873947344,1461639.1247755541],[508734.15648049698,1461648.5005307884],[508777.31295694417,1461656.6248743224],[508831.74985348643,1461681.3749536441],[508869.62455995177,1461711.1252353152],[508902.40585827443,1461740.7495632111],[508960.59365823818,1461771.8740411983],[509006.2189911977,1461786.3748961706],[509021.37521210284,1461796.7500742951],[509113.96838274313,1461824.5004537995],[509183.87475941819,1461828.9999289475],[509235.9052075122,1461838.4996064445],[509272.68736655446,1461849.1245793463],[509325.99986155762,1461859.8746121577],[509352.68735372147,1461860.1254633213],[509392.24959699123,1461846.5001089764],[509447.09401494119,1461831.750434353],[509485.37518642779,1461819.3753540618],[509523.65643917484,1461807.1252524196],[509553.00017456413,1461795.8745736678],[509587.40652036661,1461789.8749484285],[509640.93719981238,1461779.000099489],[509670.18772940809,1461777.9996202125],[509733.84371094086,1461772.2498710109],[509774.62551179528,1461762.5003987367],[509812.87393530033,1461752.7498700761],[509852.4372349566,1461740.3747897849],[509913.53107292292,1461734.6250405833],[509959.24961167597,1461742.7504405037],[510035.09426191275,1461788.1249222995],[510098.2812078392,1461828.2514384815],[510158.90609145979,1461873.499885242],[510206.81289421854,1461916.1249180189],[510238.06226959435,1461971.2499284754],[510250.0932929283,1462038.8749166117],[510263.18720360287,1462129.4998766806],[510263.68793080415,1462208.6254196065],[510260.09467275272,1462314.3749089853],[510275.93697605975,1462384.6254238782],[510290.78091286321,1462428.1249008961],[510323.1874377596,1462492.2498367745],[510371.15672984289,1462530.8751464789],[510394.90632988815,1462573.2503032181],[510401.96884246799,1462630.6250106185],[510419.15568200871,1462690.7502234243],[510454.28093945509,1462742.1253055853],[510479.40579220309,1462771.6236797061],[510538.53158211889,1462837.2498220624],[510587.78080833837,1462874.7496738411],[510631.87527473754,1462915.9995351757],[510672.28132703976,1462945.7497355863],[510713.68777735805,1463003.5002727993],[510740.15610995324,1463027.9995009576],[510761.59360499075,1463046.1253055762],[510784.28129282146,1463065.5004091226],[510814.59373463178,1463087.5000642994],[510832.21881204925,1463104.2496410895],[510858.62473658042,1463135.1252994256],[510878.59377312165,1463173.4996767058],[510894.78118977236,1463209.376512517],[510913.56236032397,1463238.8748866378],[510918.56256267312,1463249.1251673738],[510942.40634363797,1463281.250043377],[510943.53172030306,1463295.2501711482],[510954.68716174905,1463325.9998757092],[510973.12533173,1463374.12478165],[510977.56231755338,1463381.1248861658],[510972.68709385325,1463434.4998704935],[510966.12628360069,1463454.8753720559],[510958.31316778203,1463473.8747270501],[510939.81258973706,1463541.2498391489],[510931.96875744936,1463564.1249136927],[510914.0313146697,1463576.6248913724],[510901.93788327172,1463642.874626806],[510859.09369092621,1463730.37544569],[510843.59341306385,1463754.3749217729],[510821.4995769675,1463802.6248063629],[510802.06206535705,1463839.3751112891],[510759.53121349966,1463896.2501478747],[510710.59223986935,1463956.9999288837],[510692.50015835813,1463986.1245859649],[510670.37463066675,1464036.8750186623],[510653.46838363266,1464077.5001492726],[510618.59397734993,1464130.6252575626],[510588.81200408388,1464183.8753445018],[510571.96922150033,1464215.6254470788],[510548.2810543931,1464294.3751601921],[510491.28112041898,1464399.6249787563],[510472.12517644116,1464408.3750281404],[510460.5939051825,1464417.1251587851],[510411.62519020913,1464482.8751421436],[510388.50015836721,1464505.6253192988],[510343.65614511562,1464538.2500286377],[510305.31248430454,1464557.0004827203],[510245.28153367876,1464583.1247583583],[510188.96865723247,1464619.5002898586],[510174.90604013694,1464625.7497911353],[510139.03123583813,1464654.7504446935],[510130.96832524228,1464696.7498528804],[510132.8442238858,1464766.8753891243],[510132.53088339762,1464796.124943594],[510131.02975818032,1464820.3752708405],[510136.34330101771,1464926.2507952549],[510128.03148951021,1464993.624850967],[510127.59422675951,1465038.2497046501],[510128.03148951021,1465122.3754499252],[510127.8441027971,1465142.8748737504],[510119.68790514721,1465196.2498580781],[510119.37456465908,1465228.1249393041],[510132.56265625317,1465307.2504822302],[510130.68667634914,1465368.5000153147],[510134.87484252139,1465461.5007073625],[510126.12373675068,1465573.6256517933],[510121.96831855993,1465606.7499506867],[510121.21982809406,1465683.2499668563],[510120.46922485513,1465759.7509581519],[510118.50003915757,1465829.749484234],[510112.9376766691,1465879.3746215268],[510089.46866913047,1465936.5005092758],[510065.06264676584,1465961.7502594125],[510045.781724139,1465980.7496144066],[510017.31251425121,1466031.3751497155],[510001.87464445288,1466049.1251245213],[509968.18712903379,1466109.8749867911],[509963.03123156651,1466118.7499335639],[509959.90603399533,1466176.1247222247],[509959.68793081323,1466199.1247754176],[509960.37498834112,1466259.0001121857],[509957.37468815851,1466306.12453885],[509948.15665955452,1466336.6254237599],[509944.96889139834,1466402.8762155802],[509938.21874418069,1466442.3749131388],[509939.09424480813,1466480.6254494169],[509958.78163245623,1466548.3753349418],[509962.49978789623,1466558.6245592912],[509987.49974325567,1466600.8747373815],[510018.75017501798,1466658.6252745946],[510021.21903153032,1466664.9996732599],[510044.87550704251,1466716.2498580324],[510054.59320646123,1466763.5003197324],[510061.90559507866,1466795.3754009586],[510100.71829149604,1466856.9997074693],[510128.31200075638,1466896.7503125779],[510157.18783818639,1466934.1253482287],[510184.74977459118,1466975.1252522653],[510191.87477649556,1467026.2494832627],[510194.84338508314,1467112.8748015193],[510189.25030612561,1467165.1253843077],[510179.78134509752,1467219.8745649518],[510176.78104491491,1467265.7497739489],[510166.25017167226,1467302.5000788751],[510149.31223304314,1467344.5004621882],[510141.40591143089,1467371.1244899016],[510148.53091333521,1467424.7503253929],[510155.59342591505,1467480.8747587395],[510155.3753227329,1467502.6245378787],[510177.99954611307,1467529.6253705306],[510216.00020635349,1467546.4998447094],[510257.87463589152,1467555.8745435574],[510288.21885055734,1467572.7500741223],[510297.06210573507,1467580.4997254906],[510315.90576561121,1467603.6247573325],[510334.78111708234,1467624.2501349326],[510367.68739405402,1467638.6239797433],[510412.09414455493,1467650.5003643457],[510450.12454613834,1467662.3746361751],[510465.25005057448,1467676.6246399838],[510480.28129283054,1467699.6246931767],[510490.12502728484,1467731.6247530519],[510481.46915882023,1467769.5004346431],[510442.34417830117,1467802.9995882232],[510453.84367670433,1467868.7495715816],[510491.3753013385,1467915.6252598553],[510560.37448579114,1467986.6253216004],[510599.84352326731,1468018.1245730137],[510654.43709005369,1468046.4996019821],[510630.21845440217,1468109.8749910081],[510621.74997265061,1468185.5004004159],[510620.65636884101,1468254.3756626057],[510553.28125674231,1468223.9997563451],[510539.3436182958,1468193.9995986363],[510503.40632467251,1468154.7497207287],[510448.65608764207,1468122.624763465],[510403.62468767737,1468110.499640472],[510336.62540539133,1468122.2499900388],[510271.74986627395,1468155.6252213563],[510205.81241494202,1468193.9995986363],[510153.46862635989,1468223.0003334549],[510098.65598126542,1468285.2503458159],[510054.62497931678,1468330.3749515743],[510009.21880592586,1468373.1248817397],[509968.37451574689,1468402.8751634106],[509928.84396407218,1468432.6254450816],[509897.21875888365,1468437.7494884329],[509847.56298638246,1468405.3747363919],[509829.56207915227,1468369.1251586671],[509766.68741732748,1468324.6252023727],[509715.49972187949,1468317.8749738946],[509668.09364632197,1468342.8749292539],[509619.49970477488,1468369.1251586671],[509556.28106725338,1468412.4997382963],[509528.06270852924,1468439.2497197846],[509475.96871472424,1468473.2495193055],[509456.2188377516,1468489.375503018],[509403.31288903015,1468503.1247796256],[509379.78131090652,1468455.6254982746],[509353.15630806721,1468426.1250926412],[509325.28094991372,1468397.9998584499],[509283.56221549382,1468372.999984351],[509260.99942505168,1468349.7500551206],[509229.71925194637,1468331.8751016655],[509204.00046620355,1468325.3747492249],[509163.12545955554,1468321.9995943557],[509132.62457464566,1468323.2499496699],[509092.40599031706,1468336.3745768133],[509067.40603495762,1468347.6252555654],[509031.06227631308,1468361.8751781136],[508983.62540302606,1468385.6248594194],[508942.75039637811,1468414.1247857763],[508922.09324592247,1468439.1247411356],[508897.84389380197,1468469.4996722704],[508878.75043914869,1468502.1253567354],[508851.24985442142,1468546.6253130299],[508812.15664675791,1468587.8750931041],[508768.06218035868,1468631.7503999346],[508731.68762398465,1468677.8754849695],[508688.12460125575,1468734.499589131],[508661.62457706546,1468772.6251467599],[508633.81268336251,1468809.5004303353],[508589.93737653195,1468858.4998617775],[508555.1879488983,1468881.624812359],[508509.18784251256,1468909.0004996976],[508494.34390570904,1468919.8753486371],[508492.65636890463,1468973.5002090023],[508502.25022732129,1469022.7504916084],[508511.21837988764,1469056.7503723896],[508516.96918547573,1469105.0001757191],[508516.56263919402,1469126.6250574696],[508486.06281067064,1469128.0003101723],[508457.75027102692,1469120.2496024177],[508414.53130525514,1469090.1245473207],[508386.87510667031,1469067.1244941277],[508356.53089200449,1469040.3745126394],[508311.46771918429,1468995.1250094925],[508267.43777362211,1469008.3745340246],[508261.21907007473,1469044.3752920984],[508249.40614992293,1469099.6251999435],[508236.78127485461,1469134.6245036148],[508222.09400829521,1469181.1254184626],[508217.40617130819,1469223.3746214267],[508207.5317203849,1469263.2491487982],[508203.25042967958,1469315.7496888847],[508201.40614137059,1469333.6245610793],[508195.21912941826,1469369.6254004138],[508185.78096611972,1469421.001457701],[508170.93702931621,1469495.6254939665],[508148.84424960637,1469548.7496271306],[508131.24988865788,1469586.5004113333],[508113.90637887304,1469630.4996404266],[508095.37508435908,1469677.2503500511],[508079.87480649678,1469735.2506820413],[508064.62537979806,1469767.7504127312],[508042.24997606903,1469781.3747106895],[508004.12539356604,1469782.99983943],[507961.24950962549,1469793.7497909807],[507934.40640360408,1469822.8754231879],[507900.21913610969,1469859.9995264143],[507831.93772565399,1469903.6249572074],[507796.50018410594,1469908.9999329827],[507764.09365920955,1469861.8755063184],[507768.40672277036,1469842.6253001606],[507770.65650097455,1469802.9995924402],[507777.18756988406,1469742.875436021],[507766.06284490711,1469687.249698363],[507739.34357988776,1469623.3746385223],[507701.68697660451,1469572.6251809509],[507647.34328585578,1469518.8754231969],[507580.28159550572,1469497.3755200955],[507529.46964860993,1469467.7501358129],[507455.03096754488,1469421.1253799635],[507378.75019220443,1469391.1253035152],[507323.75007913634,1469352.7498698486],[507291.1254510578,1469332.3753434122],[507226.49978797807,1469276.4997297167],[507202.31292518205,1469244.374772453],[507183.9690173812,1469199.2501666946],[507167.56244116189,1469170.6252616888],[507148.87545152986,1469116.6246527713],[507121.6248241007,1469071.8748204391],[507106.15623783338,1469002.3749087853],[507079.24966736144,1468934.6250232605],[507048.56237086444,1468899.0000949993],[507022.81286865257,1468859.2504650163],[506983.65619653853,1468803.4998299701],[506945.53161403554,1468773.2497962238],[506890.74968541006,1468739.8745649063],[506835.78134519752,1468734.499589131],[506790.21842030203,1468805.2497748383],[506768.46872242336,1468834.2494532706],[506725.24975665164,1468867.9995392747],[506650.74964264856,1468915.7496717894],[506596.00046200468,1468915.4997957516],[506577.90643024142,1468908.4996912358],[506505.46862646897,1468879.7498888415],[506451.90625542821,1468845.0004612077],[506428.78130484675,1468807.7504042063],[506365.03114239452,1468773.4996722613],[506319.84404731169,1468757.4996423237],[506251.15617183479,1468727.2496898379],[506226.15621647536,1468706.625287364],[506174.87531523377,1468665.5004046783],[506144.71856854158,1468643.7496504132],[506089.84343412257,1468607.8748461143],[506049.96882549062,1468598.0003951909],[506005.68697237835,1468605.0004997067],[505930.49980084744,1468602.9995411537],[505884.40648866817,1468596.1254716734],[505841.59512556467,1468576.2496409258],[505800.21939171542,1468560.1247135997],[505749.7812431198,1468540.4997340157],[505692.1873761508,1468532.7491075215],[505650.81261742761,1468548.5002365473],[505622.43758845935,1468571.3753923518],[505599.50002459099,1468602.8746437652],[505590.12524448248,1468655.6249786289],[505568.21887635969,1468712.6249126031],[505541.96856568608,1468756.999971509],[505503.78157511906,1468821.1249073874],[505486.21898702614,1468860.1249092575],[505469.84418366232,1468928.3745468576],[505461.49962417333,1468974.6245292809],[505468.24985265144,1469016.3750365565],[505470.46883312613,1469072.3745725146],[505462.5297635324,1469128.7498570248],[505451.90576575667,1469149.6251106625],[505405.87494290195,1469176.9996603543],[505355.59443967638,1469193.1245876804],[505325.71926061687,1469209.7503234684],[505279.28083509387,1469226.9995710731],[505204.96916419046,1469246.6255257833],[505138.15621223103,1469263.5000812223],[505074.56280128332,1469264.8742775384],[505015.62545446714,1469255.8753272425],[504975.06273192086,1469228.2498451269],[504949.312254583,1469188.5002151439],[504920.59414378356,1469138.7502617231],[504888.31251627574,1469095.499523096],[504876.46896091534,1469085.8749482103],[504835.81205744948,1469055.6249957245],[504786.31295519241,1469027.1249881072],[504723.12495287944,1469006.8754403198],[504670.90606168588,1469038.3746917332],[504645.62453869375,1469043.2499154333],[504579.34408679116,1469072.7503210667],[504539.12550246256,1469085.9999268593],[504507.03126166778,1469111.4995530336],[504500.93745550897,1469149.9998840888],[504503.31204984128,1469178.0001396309],[504523.43775662658,1469203.8745392312],[504537.81265782384,1469245.3752517295],[504564.2503552105,1469269.7495012386],[504597.78120038554,1469313.0002398659],[504626.1562293538,1469353.8752465139],[504632.90645783197,1469362.3754198605],[504646.21847168857,1469357.750072198],[504685.56261177623,1469365.7495183432],[504751.34331160359,1469404.4997254361],[504770.21874433523,1469430.1263617717],[504785.28175944684,1469454.3746575059],[504788.84421976877,1469483.7501657507],[504787.37478614645,1469509.2497919248],[504765.5001096187,1469543.3746513552],[504743.43804637785,1469599.3751624392],[504737.87462750287,1469657.8752465048],[504774.56252436509,1469678.4995677182],[504831.56245833921,1469704.5000023544],[504850.59350492846,1469708.3748280383],[504901.34393762576,1469721.5004303078],[504926.71866641135,1469725.5001533807],[505000.37497138197,1469737.6253576342],[505051.09371248423,1469752.0002588313],[505081.34374623047,1469784.000237446],[505102.65520623245,1469821.1253970589],[505144.15583747026,1469877.4997064434],[505168.0621890201,1469907.0001120768],[505217.56234766368,1469916.3748109248],[505254.40585838351,1469917.874961016],[505312.75032859138,1469934.8753889697],[505329.0308697751,1469965.6250935306],[505372.09414042876,1469983.7499230234],[505375.59419268667,1470023.2496769687],[505373.03115525475,1470028.3747767063],[505357.34349067934,1470080.5004621064],[505326.40639940521,1470133.749492659],[505361.62478138466,1470179.8735213073],[505379.15673426905,1470211.8745563086],[505390.18719706597,1470264.1252203577],[505327.68738992792,1470290.3754497706],[505350.28089683905,1470324.9999800159],[505367.81284972344,1470359.4995316118],[505378.87508537591,1470404.1244665554],[505387.65593248967,1470418.2494917149],[505416.8122811658,1470431.2501965959],[505444.68755805877,1470442.8746736483],[505454.4063951245,1470496.5005091396],[505456.56288627465,1470544.8752911179],[505467.78081704519,1470574.2497429764],[505471.53172046674,1470582.0003694706],[505480.31256758043,1470593.4999491342],[505495.21891244798,1470636.8755038895],[505461.81296466151,1470681.2495876693],[505497.18704175903,1470710.7499933026],[505518.531331003,1470740.250398936],[505513.2187632916,1470769.4999534057],[505509.34393760754,1470775.8753271971],[505486.18721417058,1470812.6246569974],[505477.21906160429,1470820.2503861031],[505476.84526330407,1470866.1245387136],[505488.0939105436,1470891.6252212743],[505487.62495619786,1470947.6247572326],[505464.46815150045,1470984.4999595473],[505507.53150341456,1471002.6247890401],[505535.28082653251,1471028.2503689893],[505565.52980389225,1471060.375326253],[505567.53173757135,1471126.6250616866],[505588.59340279613,1471195.6252212652],[505597.18783832277,1471235.1249752105],[505626.31241414341,1471248.1247049656],[505643.56271813472,1471314.5003941741],[505651.12498278974,1471322.1250668934],[505660.65635188186,1471403.7501828007],[505666.93754475378,1471412.7501082225],[505675.65590254293,1471435.7501614154],[505693.12536610285,1471476.6251680634],[505704.2500910798,1471513.6253490273],[505726.62549480883,1471575.0008358867],[505739.28108634613,1471583.9997861825],[505763.21912949102,1471610.873608673],[505798.40581987542,1471659.6252768508],[505797.06234002818,1471669.7495225512],[505772.43723935547,1471729.5009370567],[505754.49979657581,1471745.8746840341],[505733.87539410172,1471782.6250702208],[505702.87483837706,1471843.6247272675],[505694.78113005171,1471899.6252383518],[505692.90620653424,1471973.4996465044],[505700.15513070114,1472020.6252108158],[505725.40593722416,1472041.2495320293],[505777.18756566703,1472086.2502967855],[505820.12488254561,1472120.8747457701],[505850.43732435588,1472145.3750303148],[505884.46897799271,1472180.000535686],[505922.43884050357,1472200.6249381599],[505972.90673044225,1472249.5004473398],[506013.46839660202,1472262.5000958343],[506075.40604360081,1472307.6247015926],[506100.56266920432,1472337.125107226],[506144.68785207259,1472384.5004663144],[506182.65673945745,1472406.5001214913],[506207.90648959402,1472427.1245239652],[506257.06259128044,1472479.6249827915],[506297.65603029577,1472488.874784251],[506341.96965626359,1472509.6251405],[506378.71890480333,1472525.2503157509],[506416.62538412423,1472552.2491168906],[506416.21883784252,1472604.4996996792],[506436.28108017729,1472640.2496065893],[506474.00009152456,1472691.4997913619],[506521.87520268833,1472742.8748735229],[506567.56294371188,1472754.6253043504],[506663.81283685408,1472796.1249604621],[506726.03107635956,1472806.8749120128],[506748.87551569485,1472810.8746350855],[506816.15636561351,1472822.7499633015],[506854.15596946742,1472839.6254938664],[506920.09342079936,1472859.2504734506],[506972.09420881083,1472874.9995709639],[506983.50050142047,1472878.8754530346],[507033.71851532144,1472957.0004354236],[507051.31287626992,1472982.5001428584],[507095.40628628258,1473031.2496982631],[507099.06300878455,1473050.4998231605],[507110.12524443702,1473098.8746863995],[507119.99969536031,1473134.6245120491],[507129.75022402103,1473187.0000734867],[507136.87522592541,1473248.1247091827],[507142.8123618401,1473301.7494882874],[507145.96835714078,1473380.7501338248],[507134.43708588206,1473394.6252829467],[507115.15721964173,1473420.0000117326],[507071.43752666871,1473479.4995186878],[507054.71866634773,1473503.6249485458],[507018.62470248033,1473567.0003375721],[507007.06271475262,1473583.5000383244],[506985.28124401841,1473603.7496673723],[506949.53133710817,1473621.2498474012],[506910.03158316296,1473633.7497438204],[506862.8128943186,1473657.5004002522],[506838.46830489201,1473680.2496022813],[506815.28192137252,1473719.6255152244],[506781.93740652408,1473753.7513497809],[506761.31300405,1473790.4996231946],[506727.90599987708,1473834.8746821005],[506673.00014898903,1473863.7504382699],[506637.31273140333,1473874.8751632469],[506607.9689960141,1473887.5000383153],[506569.68774326699,1473906.2495172718],[506539.12550667959,1473913.6253703397],[506516.06296416221,1473937.7497438113],[506490.34417841939,1473971.8746032417],[506460.93901009206,1473994.6247803969],[506416.24955431151,1474017.2500601634],[506349.87492148933,1474049.748734467],[506305.34424872592,1474055.8753698678],[506251.68761550507,1474091.1244683163],[506205.46834955073,1474145.4999319206],[506170.74963838607,1474193.6248378614],[506136.03092722141,1474243.124996505],[506109.06284255092,1474279.8743263052],[506090.9995272567,1474311.5005878801],[506051.24989727384,1474354.5003940833],[506019.06245068554,1474402.7512537993],[505992.03090156452,1474445.7500036159],[505975.15642738593,1474488.9996858565],[505944.28076904983,1474534.6250188162],[505911.90601700894,1474607.000333264],[505866.84390057519,1474680.4999679904],[505828.03120415786,1474760.4999551575],[505798.21843316231,1474832.8752696053],[505785.12460374826,1474881.1251541954],[505764.28104170557,1474943.3751665563],[505735.65613669972,1475023.5000511119],[505698.25046584057,1475093.2498388034],[505658.53155232675,1475132.3748193225],[505609.75022406649,1475189.3747532966],[505559.90600846574,1475220.8750610964],[505507.59391147859,1475245.8749351953],[505450.18751248327,1475270.9998692039],[505401.6877518557,1475296.124721952],[505346.68772004812,1475338.999549506],[505291.65591538505,1475384.3750876884],[505228.93792380433,1475437.3762737159],[505158.68749017204,1475477.6245993874],[505133.12537467334,1475496.5000321192],[505099.87504074443,1475517.9999352207],[505080.74981323566,1475527.9992835326],[505057.71896231326,1475544.3750620224],[505023.21835433075,1475567.0003417891],[505009.06261270214,1475589.8754975933],[504967.87532195251,1475650.7502572516],[504951.15646163153,1475676.0000073882],[504940.68710258737,1475711.6250169098],[504913.49985834828,1475772.6246739565],[504900.40594767372,1475820.8745585466],[504892.4065015284,1475866.7496862831],[504837.09410435869,1475949.1254054294],[504841.75024975068,1476000.1246577778],[504845.40591586614,1476021.7495395285],[504849.90636614006,1476091.8750757722],[504849.28171667625,1476169.4994122204],[504866.6252264611,1476225.7497993421],[504881.53157132858,1476271.7499057278],[504889.780974772,1476348.2499218974],[504877.50015666091,1476453.8754890137],[504874.43736715376,1476517.4996976911],[504873.90584222297,1476583.7504082506],[504887.28140179068,1476659.000069106],[504898.3129209741,1476711.3746554176],[504909.21848638245,1476777.6253659772],[504907.31284639594,1476856.6249551282],[504901.62453013239,1476931.7496373346],[504896.18706503249,1476972.4997465941],[504921.87513430626,1477099.9999902381],[504854.40584128798,1477110.9998178266],[504804.75006878679,1477122.1245428035],[504724.50020558218,1477140.6252021089],[504636.74951066048,1477144.9996986077],[504598.56252009346,1477149.7500249194],[504554.09328026808,1477148.1249774394],[504512.1563614055,1477147.8751014017],[504474.00008730753,1477151.3751536596],[504444.65635191824,1477161.3745019715],[504416.50040125812,1477185.375034441],[504375.53121369058,1477223.2496596458],[504325.46889490768,1477283.9984655289],[504297.24947979703,1477314.3754281763],[504254.93778750824,1477358.624533307],[504200.12514241383,1477378.6253427039],[504163.12496144994,1477394.8751674185],[504142.62553762487,1477415.1247964664],[504128.4686583493,1477435.3754006403],[504108.87545162078,1477501.5001574249],[504097.12510205392,1477540.8750139815],[504059.8125557279,1477594.1251009207],[504009.87513433356,1477640.8747541588],[503961.18701186689,1477686.3751897297],[503912.59412670624,1477722.8746434923],[503875.56217288686,1477744.2506243314],[503843.71886451624,1477751.6255022734],[503789.06288966583,1477751.2496724606],[503764.50019705715,1477800.7498311042],[503725.03115958092,1477806.8754101186],[503643.21865696047,1477864.7498695941],[503623.65616670094,1477924.5012840996],[503591.34382272407,1477991.7504424234],[503592.12514243199,1478054.2502495614],[503599.40575819393,1478095.0003588209],[503599.00026829867,1478144.7503935022],[503621.40638849675,1478203.5003536053],[503619.6871600973,1478259.4998083028],[503600.1563614328,1478316.7496183147],[503570.71844512399,1478342.0004248377],[503527.21888684563,1478378.4998786002],[503490.09275210666,1478410.1250837888],[503436.43717527232,1478444.1249645702],[503385.34374200436,1478471.7504466858],[503344.53114342038,1478489.2495703283],[503281.96884695778,1478523.1244724605],[503243.6569590022,1478545.7497522272],[503193.81266214087,1478578.5004153412],[503154.09374862706,1478616.5000191953],[503118.06227408419,1478669.7500248738],[503086.06229546946,1478698.749703306],[503070.59379046265,1478726.6250614594],[503077.18726743618,1478852.8750310498],[503117.50117033138,1478897.7497607705],[503122.28115672542,1478934.7499417344],[503152.46870114718,1478975.6249483824],[503177.65604321973,1479003.875079962],[503202.81266882323,1479038.499610207],[503222.71921603993,1479092.1254456984],[503232.53117763868,1479136.7503806418],[503254.93729783676,1479194.2499854309],[503293.9373809672,1479246.8754229061],[503313.93713397748,1479286.5001555004],[503335.18716104137,1479329.9996325183],[503345.21828220878,1479350.3752153411],[503358.90604461764,1479384.8747669372],[503378.93651409692,1479422.0009016762],[503434.53153528576,1479466.9985785333],[503438.15648493223,1479487.3751364823],[503469.50012248807,1479544.9997199203],[503472.93768542144,1479590.8749289175],[503434.78141132341,1479593.1246258612],[503410.50028634735,1479608.2501302974],[503392.59364129725,1479622.1263358057],[503384.65660321596,1479661.5002172363],[503400.84401986666,1479702.3752238844],[503383.78110258852,1479769.7503359832],[503377.09336343489,1479807.9997346143],[503376.84348739724,1479841.1251711545],[503381.62453017785,1479879.374651046],[503409.03085272509,1479945.7503402547],[503421.09356765408,1480028.7495712179],[503420.78128355241,1480068.1254841611],[503409.00013625604,1480110.1238359616],[503401.21879329288,1480129.1251412078],[503400.78153054212,1480181.3747488705],[503400.37498426042,1480232.3750576053],[503400.12413309678,1480261.624612075],[503387.28107358591,1480280.6249421951],[503371.90577437263,1480294.5000913171],[503348.8442882417,1480317.3752471216],[503335.78109403618,1480359.2496766595],[503329.06158202706,1480403.7496329539],[503314.78086174943,1480444.4997422134],[503290.34412291576,1480476.1249474019],[503278.87534098158,1480481.1251497511],[503248.24955868314,1480494.8754014843],[503207.46978934121,1480508.6246780918],[503181.93733392499,1480521.1246557715],[503160.31253343489,1480522.2500324366],[503130.99951451464,1480530.8751844324],[503110.71916899772,1480524.3748319917],[503087.93721898698,1480511.5000808858],[503056.31201379845,1480492.1249773395],[503034.74962137238,1480488.1251730062],[502996.6251201299,1480485.3747488614],[502967.37459053419,1480486.3752281379],[502934.21843752486,1480502.6250528526],[502927.65665214631,1480528.1246790269],[502939.99995958194,1480572.7496139703],[502942.09404266806,1480627.6247483892],[502917.59383938392,1480669.3752556648],[502909.46835820307,1480731.7501654143],[502897.62480284268,1480783.8748756882],[502939.40602658712,1480802.1246025695],[502969.78095772199,1480820.1255097997],[503024.06215914612,1480866.3754922231],[503051.7501305865,1480902.2502965219],[503059.12492726801,1480932.8750224339],[503060.12646293105,1480964.7501036599],[503038.18718430575,1481007.8748072516],[503005.03111255693,1481049.6253957876],[503010.96824847162,1481070.1248196126],[503039.93623530865,1481103.5000509301],[503081.81269635918,1481114.0001264431],[503104.65607930796,1481118.0009059024],[503145.31298277382,1481122.1245512376],[503153.90636191395,1481157.8755145343],[503155.03076345305,1481176.9996856565],[503158.50001798139,1481219.0000689696],[503185.15581855021,1481225.6254000592],[503184.84345318808,1481262.4996272479],[503182.06125618756,1481291.8751354928],[503181.78172006743,1481327.5000637539],[503185.18751014525,1481377.2500984352],[503186.34360327938,1481395.0000732413],[503200.96740538825,1481471.6249867994],[503208.46921223128,1481486.9993108867],[503221.90612347651,1481555.8745730766],[503238.03105080267,1481603.1250347765],[503242.90635576326,1481629.8749350044],[503245.12533623795,1481670.6250442639],[503239.68787113804,1481712.6254275769],[503229.28100141848,1481741.8749820467],[503209.90589787206,1481782.500112657],[503185.624772896,1481797.6246419672],[503097.81272629678,1481809.6248675715],[503055.90652390325,1481804.2498917961],[502996.15608452365,1481803.750139721],[502957.96909395664,1481811.125017663],[502912.09388495947,1481826.1245683241],[502910.75040511222,1481833.7502974295],[502909.09358477686,1481880.8748053545],[502931.71886454348,1481912.874783969],[502955.81260280643,1481920.6254104632],[502990.06130323885,1481929.8752119227],[503019.156218977,1481946.6238135868],[503049.56284170685,1481959.6254935937],[503064.56239236792,1481991.6254722085],[503035.03224539151,1482026.999549306],[502967.59366884228,1482034.1245512103],[502939.59341330023,1482038.999856171],[502915.40549411776,1482044.0000585201],[502878.53126692894,1482046.2497554638],[502863.31263795972,1482039.7504594098],[502811.34354154329,1482022.7499501957],[502788.46846699947,1482019.9995260506],[502768.06216770754,1482030.1248281377],[502747.50025455799,1482058.0001862911],[502773.78120044013,1482110.3746913422],[502783.81232160749,1482124.4997165019],[502786.00058561319,1482171.6252808133],[502774.31264411041,1482199.4995825803],[502776.5624223146,1482236.4997635442],[502797.93734676711,1482264.7508702497],[502814.46882037498,1482264.8747925123],[502869.34395479399,1482238.4995844502],[502878.28147215181,1482233.5004384874],[502931.93802411214,1482199.4995825803],[502973.93735103868,1482195.9995303224],[502987.87507074571,1482201.12463006],[502989.0004474108,1482220.2498575689],[502963.09419369436,1482278.7500228947],[502915.37477764871,1482362.3749597082],[502890.93706368911,1482399.1252646344],[502871.37457342958,1482458.8746476276],[502878.65624557796,1482502.2502836434],[502890.62469832692,1482594.1245426398],[502896.75027734123,1482623.3751534959],[502916.68754102691,1482674.5003596195],[502940.53140325221,1482712.8748181602],[502931.37586397282,1482742.1253477558],[502924.31229500653,1482832.5005130474],[502977.25001658348,1482886.5001468391],[502969.37546782673,1482919.4995483437],[502943.43857890181,1482980.5002617771],[502938.09326320892,1483013.5007196683],[502945.28172956378,1483069.6251530149],[502943.31262512674,1483153.7497606431],[502939.03125316091,1483210.9995706549],[502915.81204039947,1483255.3756859472],[502879.84403030714,1483299.7496884665],[502858.06255957292,1483322.4998656218],[502838.56255863793,1483373.2502983192],[502853.62451736303,1483400.125177196],[502855.93776001775,1483426.8751586843],[502865.81221094111,1483465.2495359646],[502868.18786165986,1483483.1244894196],[502873.06211023399,1483512.375100276],[502870.12527450192,1483558.2503092731],[502854.81238335266,1483568.3745549736],[502824.12614324217,1483588.5013181453],[502806.3127039856,1483590.8749373516],[502786.00058561319,1483588.1254883327],[502765.68749211478,1483585.4999615762],[502742.43756288424,1483629.8749392217],[502716.8437557905,1483651.3748423231],[502691.43725414935,1483649.8746922319],[502681.09384888026,1483670.1253776662],[502683.43780800403,1483694.3746485263],[502720.03144268622,1483727.7498798436],[502745.31296567828,1483744.4994566336],[502794.62476248282,1483779.374919303],[502807.18820461305,1483797.2497914976],[502787.65643082256,1483853.1254051931],[502787.62571435358,1483858.2495298048],[502778.34414003853,1483907.8745858369],[502746.46905881242,1483917.7500118862],[502726.09355724999,1483922.7502142354],[502718.40639520634,1483928.9997155124],[502709.21900181088,1483967.2501705298],[502699.9384838824,1484011.7502080849],[502671.78155809629,1484035.7486277812],[502659.09419370344,1484033.0002351487],[502637.4059287628,1484043.1244808491],[502627.18742088228,1484048.1257395849],[502628.09363797877,1484095.2502475097],[502644.50021419814,1484109.3752726694],[502642.93757478229,1484143.7499268767],[502633.59359240328,1484201.0007120145],[502639.59419276851,1484243.1250175901],[502650.87461286352,1484263.6254978017],[502650.71794261946,1484282.6247715354],[502645.46892061911,1484305.6248247284],[502570.31238429673,1484322.8751287195],[502558.65621564945,1484348.2498575053],[502513.71899660432,1484403.8746200372],[502501.7811790639,1484465.000230859],[502494.87533672818,1484536.2501686418],[502479.0627747642,1484602.3749254262],[502472.21836536651,1484666.0001904899],[502468.25033388886,1484685.1254179988],[502475.81259854394,1484690.2495426105],[502492.28158282727,1484698.0001691047],[502530.2186973567,1484722.5003723889],[502513.21826940303,1484781.0004564542],[502538.53156525065,1484795.2504602629],[502544.43895982235,1484851.2499149605],[502530.2186973567,1484880.4994694302],[502505.75026692805,1484918.5001296708],[502492.96864035516,1484929.8736742989],[502457.24953117449,1484943.6249824187],[502418.87507263385,1484972.6246608507],[502357.75051819847,1484988.7495881771],[502323.31231827999,1485001.2506222432],[502332.03173245565,1485021.6251486796],[502358.62496243947,1485034.6247971742],[502386.25044455531,1485078.1253305785],[502333.90665597317,1485105.7497563078],[502294.56251588551,1485097.7503101625],[502253.56261184899,1485137.0001880701],[502231.56295667216,1485186.5003467137],[502231.31210550852,1485217.0002564976],[502229.53136291058,1485281.999636617],[502247.06225940847,1485312.7503975646],[502285.93736388988,1485380.5002830895],[502300.68703851331,1485440.4994608599],[502333.50010969146,1485472.62547451],[502362.34417426598,1485518.7504782844],[502372.37529543333,1485537.8747306671],[502365.68747501925,1485577.3744846124],[502365.56257763068,1485595.1245406789],[502357.40646124131,1485657.5004255543],[502376.09336961282,1485704.7498308679],[502391.0622038049,1485740.6246351667],[502393.18700336001,1485795.3748721972],[502343.37456061476,1485821.7500802593],[502312.68734537828,1485843.1250047118],[502275.46897997177,1485889.9996365989],[502271.53174622363,1485903.99976437],[502271.21840573545,1485944.7498736293],[502272.0621335074,1485997.0004564179],[502251.31283364474,1486045.250341008],[502203.71839624818,1486116.250402753],[502159.74988362403,1486207.6249909347],[502155.34361426969,1486281.5004554738],[502171.62521183991,1486313.3744803136],[502193.09334208595,1486330.12511349],[502213.53133297298,1486318.8754098639],[502245.5938009122,1486283.3753789915],[502267.46847743995,1486249.1246470464],[502301.65574493434,1486268.499750593],[502320.37548254791,1486310.7500099435],[502336.4062289545,1486370.7502441003],[502344.7498133175,1486440.8748052181],[502341.4371477727,1486536.3750702473],[502339.65640517476,1486597.4997059433],[502356.90670916601,1486666.3749681332],[502385.68722802948,1486723.9984951848],[502416.96837626083,1486784.1246831166],[502448.31103869068,1486837.8754972569],[502484.81146757927,1486883.9995259051],[502531.15668730868,1486968.3750659577],[502598.25023177476,1487003.2504473664],[502625.99955489265,1487028.9999495782],[502643.65640516568,1487049.5004297898],[502652.31227363029,1487077.6246075942],[502644.53190579312,1487099.2504644711],[502642.87508545775,1487143.7504207653],[502659.09419370344,1487183.3751533597],[502681.37541651295,1487258.7497116036],[502691.06248072314,1487316.1254753906],[502675.5007699228,1487356.749630875],[502648.3750398822,1487408.7503376259],[502635.28112920764,1487454.4995928479],[502614.40587556997,1487521.8747049465],[502598.687413265,1487580.3747890121],[502590.87535383279,1487603.2499448163],[502562.50032486452,1487655.2496764413],[502548.21854820038,1487690.749707314],[502542.59377764782,1487757.000499134],[502541.09362755652,1487785.0007546761],[502538.12501896895,1487838.4995800059],[502529.90641325503,1487912.3750445449],[502502.84414766496,1487958.0004587651],[502470.84408778977,1487985.7497818829],[502446.56198768772,1488000.8752863191],[502406.99974441796,1488019.6247652757],[502382.78013364045,1488027.1245406063],[502350.8753923318,1488042.1250663933],[502320.24952877284,1488056.0002967757],[502252.68702996103,1488084.9999752077],[502438.71921178652,1488182.9998132186],[502499.56219858921,1488205.1254221704],[502560.34375245386,1488233.6253485272],[502626.43787402991,1488235.3753746562],[502685.09357195295,1488214.1253475922],[502766.84358524886,1488163.8745857098],[502808.93717435549,1488146.2495082922],[502848.56288207578,1488121.1246555443],[502885.75044975278,1488079.3751233949],[502910.15647211741,1488047.7499182064],[502957.65575346845,1487992.0002582858],[503001.24949266639,1487944.0003309939],[503033.37542505615,1487900.8745710158],[503073.31244175212,1487837.5001571157],[503095.34281339793,1487782.8748987345],[503098.18749972299,1487745.9996151591],[503113.90588076744,1487691.3754131643],[503146.18848340126,1487626.6247714355],[503164.15664264996,1487605.1248683338],[503179.53096673719,1487592.4999932656],[503210.21923836018,1487568.4994607961],[503231.90758456138,1487559.7514429244],[503286.71917326935,1487542.3751851581],[503335.18716104137,1487519.7499053914],[503371.06302172667,1487486.8754012752],[503434.84390064795,1487458.1245424943],[503471.7498194318,1487454.4995928479],[503534.15650203684,1487438.5006192969],[503560.90648352524,1487433.6253955967],[503594.12504459859,1487410.875137181],[503623.62545023195,1487380.5002873067],[503768.28076056117,1487252.999962402],[503834.59404170583,1487226.7497329889],[503871.56244981417,1487215.6250080119],[503888.15641274664,1487205.4997059251],[503988.81355036923,1487179.5003276756],[504167.31207123568,1487112.125215577],[504267.90574440773,1487092.5002359927],[504331.59341753548,1487076.3753086666],[504391.06326440844,1487110.0004160218],[504416.21883362549,1487142.0003946363],[504445.25028491305,1487167.7498968483],[504484.12538939447,1487234.2495083194],[504502.93727641506,1487267.4998422484],[504549.46988285758,1487326.4995971285],[504592.46871393471,1487354.8746260968],[504627.90625548275,1487373.0005119762],[504688.87519606052,1487379.7496840677],[504728.49992865481,1487352.1242019518],[504754.3436117862,1487299.9994916779],[504772.59333866753,1487245.375289683],[504784.49938335241,1487189.3747785988],[504796.43720089283,1487128.3750402916],[504801.96884691232,1487071.1262866664],[504821.24976953916,1487044.5002274406],[504885.15660223551,1487001.6253998864],[504917.28147823882,1486959.8748113506],[504948.15616144892,1486915.4998337051],[504984.0626573427,1486873.7503015557],[505024.90597239567,1486854.9998474731],[505061.71876664646,1486862.8754526165],[505135.21840137296,1486887.6255319382],[505189.78117042978,1486902.1253305241],[505293.53083890252,1486963.9995130722],[505416.31252909056,1487026.1245467842],[505501.12533189362,1487072.6254616317],[505594.6564924859,1487138.249491215],[505670.50008633616,1487192.3750787815],[505742.43708164681,1487254.1253390671],[505809.43742031936,1487302.999873121],[505852.43722652248,1487331.3749020891],[505913.12459946761,1487371.2504858472],[505982.59379465244,1487425.3750170271],[506030.65621126874,1487457.4999742911],[506071.15644449054,1487478.2502492797],[506133.28147820244,1487499.1245277913],[506208.43801452481,1487478.0004545026],[506280.93716997479,1487472.2496489144],[506348.34405492904,1487471.500102062],[506413.12533186638,1487475.7497011723],[506480.34377372096,1487496.6249548101],[506514.50032474636,1487517.2503324102],[506559.84409007319,1487567.3751405175],[506628.71829587675,1487695.2502388484],[506643.65641359979,1487734.8748901822],[506658.56275846728,1487779.4998251256],[506674.68768579344,1487829.3747571954],[506708.37528247305,1487905.9996707535],[506740.84421543352,1487980.12493007],[506782.06230391265,1488068.3752958064],[506839.65617088164,1488179.6247396097],[506879.87475521024,1488234.7497500663],[506905.03138081374,1488268.1249813838],[506956.65633901249,1488330.8746645595],[506980.56269056239,1488360.3750701929],[507046.18777653214,1488419.4998037221],[507111.90704342147,1488469.6246118296],[507173.68696378969,1488531.2499747267],[507249.43743310688,1488594.2495339401],[507283.53149480774,1488622.4995842592],[507309.90662160941,1488662.2502706286],[507346.28012159694,1488724.9999538043],[507366.25021452468,1488771.0001414507],[507400.00021926832,1488842.4998740104],[507456.43896822917,1488937.2495358009],[507486.6879455889,1488966.7500226947],[507490.37538455991,1488983.3746208358],[507506.46853903058,1489035.7501822733],[507521.31353222055,1489087.999789936],[507539.87448681699,1489151.8748497767],[507591.78109390894,1489177.7503057637],[507623.43701556645,1489190.7499542581],[507669.15661070601,1489196.2499086827],[507685.90610623552,1489169.6249058433],[507784.4692420325,1489087.5000378606],[507821.50013946538,1489063.6255404269],[507852.31225209043,1489026.8751542401],[507876.59337706649,1489011.7496498039],[507925.18829373963,1488975.2501960413],[507948.06239315745,1488975.3751746905],[507982.37463930086,1488976.8753247818],[508033.12507199816,1488991.3751233674],[508072.40672276128,1489004.3748531225],[508115.49973475793,1489022.4996013548],[508190.46880310675,1489024.3745248723],[508222.31219273782,1489015.7504292631],[508247.93777268712,1488991.7498967936],[508263.43699416297,1488963.7496412518],[508271.34331577522,1488928.2496103791],[508279.312126712,1488884.8750307497],[508283.53100935323,1488836.5002487712],[508287.59419687645,1488804.7501461941],[508299.34357131727,1488765.3752896376],[508325.03164059104,1488735.0003585026],[508401.40667811158,1488720.2496274929],[508478.96852523531,1488717.000507659],[508533.53137555264,1488728.8747794884],[508613.56207918865,1488738.5004107605],[508684.65632185334,1488750.4996612391],[508732.84371711878,1488762.2510671923],[508802.75017505436,1488762.8746602696],[508867.53145199164,1488772.2504155042],[508900.50021828787,1488780.124964261],[508972.78127055574,1488803.6247695291],[509009.49988388695,1488822.9998730754],[509034.6872259595,1488848.6243966382],[509047.15746229619,1488881.8747305672],[509043.06250191753,1488916.2504411612],[509030.09356989205,1488946.7492132981],[509005.43864661577,1489009.0012571714],[508988.37475421163,1489076.3753128836],[508970.40659496299,1489096.6249419316],[508939.50022015785,1489146.0002031866],[508916.25037218787,1489191.7504335346],[508881.46917169867,1489248.7503675087],[508839.18713949242,1489289.2495443441],[508800.7809893568,1489323.3753789004],[508771.31235657894,1489351.1247832789],[508741.34397172584,1489443.8746241631],[508722.65592570731,1489551.9997642608],[508729.75021114259,1489618.3754534696],[508715.09374231275,1489702.2502663205],[508739.59394559689,1489818.3749338239],[508759.71859599568,1489845.249812701],[508801.00014892541,1489924.6251504042],[508823.78112381016,1489937.4999015101],[508886.00033844158,1489948.1239805464],[508949.68703644333,1489930.8746516809],[508993.09330766764,1489908.2504283008],[509070.90608721547,1489874.3754449082],[509125.71978869644,1489857.0002435283],[509152.40622447379,1489855.9997642518],[509205.71871947695,1489867.8750924678],[509246.31215849228,1489878.3751679808],[509276.78127054666,1489883.6252463677],[509295.81231713586,1489887.6249694403],[509333.87538544036,1489895.499518197],[509373.21855040197,1489903.5001019894],[509384.65661586716,1489903.6249993779],[509419.0312700746,1489898.7496944172],[509452.15662535443,1489890.1245424217],[509477.62455993361,1489883.8751224054],[509603.56224542228,1489867.750195079],[509725.34345633374,1489770.874677347],[509805.65580886294,1489750.1253774844],[509833.81273464905,1489731.2499447528],[509910.3751588827,1489706.4998654309],[509946.0308036129,1489701.7495391194],[509989.28154224012,1489700.999992267],[510036.15511774085,1489719.2497191483],[510055.09401492303,1489734.7499970107],[510066.06206965592,1489783.3746550267],[510085.87541107903,1489837.1253879066],[510094.24971191108,1489890.7491918853],[510107.75008760684,1489939.249927639],[510140.0624315837,1490016.1247172349],[510152.37502255029,1490055.750424955],[510170.59403296257,1490142.6245628628],[510184.18761445192,1490182.2502705832],[510202.90629567899,1490218.1250748818],[510227.87455944339,1490266.8746302866],[510237.87488288124,1490286.1248364444],[510247.4687412979,1490343.4995438447],[510243.49973469425,1490357.4996716159],[510208.71853420511,1490403.0001071868],[510193.15576701821,1490434.7502097639],[510139.28111187578,1490480.1246915597],[510119.93778118485,1490507.8750710641],[510100.99994038919,1490622.4995884763],[510110.62549040088,1490677.3747228952],[510150.99976984755,1490709.6245775477],[510220.49968150142,1490756.2503897836],[510258.43785241729,1490776.9996896463],[510274.93755316967,1490782.3746654217],[510344.56236221211,1490812.3748231304],[510391.62543719891,1490814.1248492594],[510489.68776453414,1490799.8738703246],[510555.96927282325,1490783.9997941621],[510647.75040728657,1490764.4997119666],[510715.31282483792,1490747.376418137],[510748.40648852271,1490743.8753907529],[510795.34255334793,1490757.124915285],[510811.31284194248,1490813.375302407],[510832.4686880869,1490860.7496051088],[510877.99984012684,1490886.7499584844],[510933.9378618864,1490888.4999846132],[510969.53109855257,1490888.8737829134],[510998.74993655324,1490894.3747124639],[511038.03158731636,1490907.5003147335],[511068.40651845117,1490924.374788912],[511091.15669560642,1490937.3745186671],[511114.0000785552,1490943.999768496],[511151.00025951909,1490931.6247694655],[511168.65613466606,1490944.4995205714],[511186.15728982101,1490977.8747518889],[511217.4373816658,1491029.1249366615],[511240.0002533684,1491061.2498126647],[511269.06233986455,1491080.624916211],[511300.84429655765,1491083.500319005],[511331.59391985816,1491059.6247651847],[511349.75052220642,1491022.8754353845],[511386.00009993144,1490959.5000463584],[511467.09369090799,1490860.8745024975],[511448.84396402672,1490776.6249162201],[511442.96826105006,1490728.125236853],[511442.40610091074,1490656.7504016818],[511416.18764435314,1490606.7504909628],[511373.68750896479,1490532.3753556088],[511350.2501930212,1490460.7495880134],[511357.06291082385,1490413.6251613491],[511378.28116503224,1490324.6251674998],[511394.25047850085,1490254.6245286446],[511412.18784001999,1490239.6249779835],[511454.43809937069,1490211.9994958676],[511523.37479449873,1490184.6249461758],[511573.93792174343,1490218.250053531],[511591.34278320579,1490257.9996835138],[511621.21901865187,1490324.6251674998],[511638.37514172355,1490387.2499532867],[511673.09385288821,1490479.3751447073],[511729.53162672307,1490560.2496573757],[511766.12526140525,1490589.8749603978],[511779.71884289454,1490628.3753727134],[511790.15651034366,1490730.3749337967],[511789.68755599792,1490776.2501427939],[511791.9372529416,1490806.8749499663],[511808.15636118734,1490840.2501812838],[511820.62464727205,1490864.4995334044],[511855.93721017102,1490894.249733815],[511907.90630658745,1490913.874713399],[511939.56222824496,1490925.7500416148],[511986.37542719411,1490951.6254976017],[512043.34358831274,1490977.7497732397],[512086.4058838404,1490997.3747528237],[512129.12509753683,1491050.000190299],[512128.62534546159,1491098.4998696661],[512130.93753172981,1491123.9994958404],[512178.96825675113,1491151.2512609165],[512219.62516021699,1491156.7501589544],[512245.12486765173,1491149.3752810124],[512265.71847239626,1491126.6250225967],[512297.96832704864,1491081.1246682864],[512339.2816528338,1491016.4999803326],[512385.59404332121,1490964.7501247453],[512416.62539677537,1490911.5000378061],[512455.4697847878,1490841.750331375],[512456.09337786509,1490779.3754216256],[512456.31253743375,1490628.8750435282],[512432.68783477705,1490575.1252857742],[512402.90586151101,1490500.875047809],[512387.06250181753,1490430.6245329161],[512388.99991465954,1490361.8752245011],[512421.37466670043,1490304.7503931385],[512471.78006731457,1490221.1253750646],[512538.49981348042,1490163.2509968495],[512550.09357406362,1490149.3747913409],[512596.15616977389,1490120.5000102974],[512686.81290269812,1490083.249953296],[512736.40626713529,1490083.7497053712],[512772.06296825194,1490081.4999271671],[512862.37458783248,1490077.3753067057],[512922.15574368113,1490079.2502302232],[512978.03135737666,1490087.4995524061],[513069.5626158024,1490090.999604664],[513169.74974269274,1490118.7499841684],[513273.00063421624,1490096.8753076408],[513335.2813630462,1490098.7502311582],[513401.50038201082,1490089.2495785351],[513442.34361580323,1490077.000452019],[513514.90631696425,1490067.4997993959],[513568.43797153601,1490057.8752245102],[513597.68752600573,1490056.8748264941],[513619.31232649588,1490055.8754036042],[513681.71900910093,1490047.6250250349],[513745.18752266001,1490061.0005033419],[513798.31271221058,1490090.8746260151],[513898.28173591883,1490141.6251399729],[513925.9378532432,1490175.0003712901],[513943.46874974109,1490200.7488171156],[513976.25004806375,1490231.6255318383],[514080.06220586103,1490277.2498084111],[514156.46893497661,1490267.8751095631],[514219.18790168333,1490227.7496497675],[514252.53038501926,1490201.3745229659],[514289.84390647133,1490157.1254178351],[514333.5308514628,1490110.3747082106],[514375.87529173307,1490072.6248991338],[514406.59322343854,1490054.9998217162],[514462.34393974551,1490073.5004810216],[514506.49983908277,1490110.8754354117],[514548.09367611411,1490148.2514461884],[514588.49964715587,1490179.2499704005],[514645.34396727238,1490218.1250748818],[514753.03086949326,1490258.7502867528],[514763.09376351617,1490270.3746825445],[514799.78157911793,1490289.87476474],[514870.74994926807,1490314.7497414504],[514918.93734453345,1490330.6247927388],[514968.43750317709,1490341.2487905147],[515012.5626860453,1490381.2503280477],[515041.59405607241,1490401.9996279103],[515085.81244473415,1490433.0002648954],[515146.59399859881,1490460.3748145872],[515238.12525702454,1490463.8748668451],[515306.74966805091,1490469.7495134352],[515365.34393303591,1490457.6253655681],[515441.90643853007,1490432.8752862464],[515520.24960536166,1490357.1248981897],[515546.40662898123,1490282.2500107605],[515616.3120305303,1490159.3751147788],[515644.81203814765,1490106.1251091002],[515690.06259768095,1490032.6254743738],[515727.43755207106,1489983.2502131187],[515767.24967137846,1489942.8749585459],[515840.1246566411,1489905.3750255068],[515872.18712458038,1489876.3753470748],[515880.21834358119,1489838.2497894457],[515900.96869983035,1489797.7495562239],[515970.46861148416,1489714.2495167991],[516008.84298876429,1489691.7501908075],[516060.21912731195,1489640.0002539596],[516108.68711508397,1489626.4998782638],[516169.81272590585,1489616.8753033783],[516235.96925554588,1489616.374576177],[516269.00042990618,1489617.9996236567],[516326.15597773786,1489627.5003575403],[516407.28134156996,1489655.1247832698],[516447.74988319672,1489678.3747125003],[516467.47001882631,1489742.3746697297],[516502.50003896665,1489800.1262633293],[516522.18750787526,1489867.8750924678],[516535.46880526288,1489939.374906288],[516541.21855446446,1490000.6254144986],[516533.96963029756,1490089.7503057364],[516501.0316617309,1490205.3753024251],[516524.46897767449,1490279.624484004],[516547.12497391016,1490303.9997898997],[516595.31236917555,1490318.6245671345],[516681.81270878308,1490315.6252420777],[516725.2497777369,1490296.9996853839],[516777.96833974525,1490237.6251570773],[516869.18731406925,1490143.0003926756],[516924.7187895471,1490059.3753746017],[516995.56218104821,1489967.1252857924],[517058.75018336118,1489880.9997196111],[517106.34364563174,1489826.750209782],[517173.0316189421,1489770.0001518456],[517274.00006554037,1489718.8749457221],[517341.56256435218,1489705.500442541],[517410.28115629812,1489701.1248896555],[517520.99915643112,1489693.3752382873],[517578.18753350485,1489697.7498160468],[517609.8751467574,1489706.9996175063],[517695.96902134368,1489747.3748720789],[517769.12459911301,1489808.1247343486],[517803.09376342525,1489847.8753394573],[517848.43744749163,1489891.7496711619],[517921.8746741541,1489925.6246545548],[517957.5313752708,1489920.8753033692],[518111.99970358534,1489859.9994873244],[518163.8438213527,1489761.1251238124],[518207.68743658822,1489702.998838047],[518260.53089598514,1489632.1247300769],[518277.46891587478,1489590.250300539],[518308.6558831865,1489524.2504411428],[518348.28159090684,1489503.0003328186],[518404.28104560444,1489499.7501565982],[518525.06291488634,1489502.2497295795],[518555.53097055422,1489507.7486276175],[518650.7814408064,1489522.7502097911],[518723.15773038031,1489534.8754140446],[518764.87654606078,1489560.8758486807],[518787.4689965854,1489589.1249238739],[518802.59352589556,1489604.6252017361],[518829.96913197375,1489663.5000592277],[518819.49977292964,1489692.7496136974],[518805.1872797964,1489725.7500715887],[518775.06222469924,1489815.8753608428],[518769.21829457808,1489891.0001243097],[518773.53135813889,1489971.3748849027],[518773.15658471268,1490008.3750658666],[518799.09347363765,1490086.3752321275],[518841.87517665862,1490134.0003859932],[518888.56242183276,1490170.1250663297],[518964.25032056496,1490232.125202653],[519009.90636999346,1490245.3747271851],[519062.062853123,1490243.3749062789],[519128.49997526972,1490214.7500012731],[519216.43797564396,1490195.2499190776],[519271.31213493698,1490175.3751447164],[519362.87508495769,1490176.3745676065],[519401.3754972734,1490143.6249608789],[519455.31264174037,1490090.6248312378],[519492.65582327498,1490043.8750967393],[519506.68772390147,1490037.6246203363],[519556.50016664679,1490016.4994906611],[519591.12469689187,1489988.7500862826],[519647.2809030941,1489967.6250378678],[519688.12519327301,1489954.1245809116],[519744.1246479706,1489950.8754610778],[519828.1561310658,1489940.2504069156],[519849.31303359667,1489986.3754919504],[519788.46899040748,1490095.3751575495],[519807.53172859171,1490225.4999528239],[519782.74995767488,1490287.7499651848],[519777.49987928808,1490303.0003670095],[519741.31270962709,1490363.7501480186],[519720.65661555802,1490394.1250791536],[519693.46839619288,1490442.3749637434],[519685.34397139854,1490493.2503750897],[519684.96919797233,1490528.8753033509],[519694.46887546941,1490597.8754629295],[519705.56288397743,1490632.3750957861],[519773.71825939754,1490685.3753066876],[519824.4379756258,1490701.125379327],[519853.59334917599,1490711.6255361007],[519900.22013653803,1490754.2484561047],[519933.99988262472,1490810.6258533879],[519956.75005977991,1490824.8748008101],[519993.40618378663,1490848.2496274291],[520041.34370301437,1490888.2501898361],[520085.65627259569,1490909.1254434739],[520178.71847884223,1490885.8755142433],[520217.12454771739,1490859.5003061811],[520251.75013434899,1490831.7499266767],[520328.62484268431,1490774.0004458502],[520362.03079047077,1490739.8746112939],[520416.03148064879,1490681.7502757807],[520469.87541932223,1490639.0003456152],[520495.43753482099,1490623.9998198282],[520540.31226454163,1490589.9999390468],[520586.28173571883,1490571.3754387393],[520627.12496951129,1490554.000156099],[520693.49960233347,1490531.7496497585],[520733.06387711572,1490516.7500990974],[520832.59360656072,1490484.7501204826],[520857.31296941347,1490427.62528912],[520876.59389204037,1490407.3746036857],[520916.34352202323,1490373.3747229043],[520945.84392765659,1490349.5002254706],[520988.09418700729,1490319.3751703734],[521049.43790101126,1490291.874585646],[521096.5306360806,1490287.2502131097],[521148.74952727417,1490280.1252112053],[521161.40520007198,1490286.6245885198],[521228.71879797213,1490296.2491634055],[521265.4374113034,1490312.0002924313],[521299.59396232874,1490331.5002933664],[521321.75028774963,1490403.1250045754],[521370.93710590509,1490446.8754140174],[521402.00006969378,1490521.1246768567],[521433.31299078063,1490569.8752073874],[521474.65703303483,1490631.4995951587],[521509.53038293106,1490705.8747305125],[521531.8750701911,1490760.8747623202],[521544.12517183321,1490809.5004767228],[521552.43795846665,1490870.7500098073],[521570.71840181696,1490949.8754714727],[521590.21848401247,1491035.5003104529],[521607.59368539229,1491078.9998687312],[521640.09341608227,1491135.50005063],[521682.93858355377,1491175.3746592619],[521731.06251436868,1491197.6251656024],[521761.46913709852,1491208.1252411157],[521776.71856379719,1491209.5004938184],[521828.81255760218,1491216.4994606872],[521880.93718661572,1491217.0002691487],[521984.12461368868,1491199.0003370447],[522034.99904990906,1491200.7503631737],[522075.59346405038,1491208.7498905794],[522126.56199992978,1491201.6248886751],[522193.93711202848,1491202.3754919139],[522246.0935138975,1491201.6248886751],[522257.53166062315,1491201.7497860636],[522299.53098754975,1491199.6249865084],[522341.4995980073,1491198.7505422675],[522442.1557605039,1491180.7496350373],[522532.59341512003,1491167.6250078939],[522645.96863360447,1491148.3748017359],[522772.06298933725,1491129.3744716158],[522885.40643496613,1491115.2505028427],[522969.62530477444,1491087.999794153],[523008.0621713791,1491059.1250131095],[523105.4374411864,1490986.1251304583],[523179.59341697179,1490946.1245680512],[523262.68796650146,1490903.6254890494],[523319.96743659576,1490896.6254657942],[523381.06241220911,1490893.3752895738],[523486.37463883718,1490917.4996630454],[523562.71895988873,1490913.1251665466],[523639.24961126689,1490892.2499129088],[523701.93786150456,1490854.6260576071],[523757.18785061024,1490799.1252985983],[523798.37514135992,1490748.624660678],[523869.06291900342,1490672.8753290079],[523941.81300687749,1490646.874894372],[523989.75052610529,1490685.5002040761],[524028.78132570477,1490728.0002582041],[524067.68714665517,1490778.1250663113],[524093.74998935516,1490844.7495751712],[524121.12462030741,1490907.375417345],[524158.62447208603,1490972.8745495395],[524188.7188107142,1491016.4999803326],[524232.99863231403,1491038.624532898],[524291.43728344142,1491048.1251855211],[524344.93716515764,1491037.2503365818],[524412.4996639695,1491020.124929979],[524478.87535317824,1490997.748551124],[524571.7500914511,1490996.2504325451],[524623.12525487272,1490940.6246948873],[524667.75010855566,1490929.6248672989],[524753.18756082258,1490908.8745110498],[524842.24996273604,1490903.3746378857],[524946.62525579857,1490893.0005161476],[525029.4371813091,1490879.8748326176],[525114.81214425154,1490864.1246787177],[525211.99994608527,1490812.8745752056],[525327.00029331003,1490758.0004159126],[525377.18759074202,1490699.8751052734],[525403.18900050409,1490637.6250929125],[525431.62546241027,1490594.6252867093],[525503.56245772098,1490520.1252539668],[525571.74854961014,1490445.6251399638],[525641.06213093735,1490377.5004810125],[525695.93620896991,1490356.5002487258],[525796.31381047238,1490367.6249737027],[525827.74959743524,1490403.7496540393],[525858.93762113352,1490467.7496925292],[525905.00013558322,1490570.2500620743],[525946.0626102048,1490658.6253251992],[525987.18741162994,1490741.8754885865],[526028.49968102865,1490809.8752501491],[526077.25029281981,1490898.2495381481],[526144.81279163167,1491008.6254315758],[526237.75001922913,1491130.62482693],[526339.68717224838,1491235.0001199925],[526376.25009046157,1491272.3750743826],[526473.56287094438,1491333.2498340409],[526569.56288804894,1491399.2496934368],[526701.12534409016,1491470.7504823832],[526877.3127350749,1491529.8752159125],[526962.50031130423,1491530.7497414141],[527064.18766954634,1491538.2495167446],[527173.24974320945,1491568.6254230053],[527246.87435658509,1491583.3751788894],[527350.68748950842,1491631.6249822187],[527422.81292791863,1491671.8753394028],[527493.62454656418,1491710.8754225334],[527550.37460450071,1491762.5003807321],[527613.37522010051,1491819.2504386685],[527638.50007284852,1491848.749869176],[527701.49963206192,1491909.3747527965],[527768.25009469676,1491977.6253655227],[527837.68751702609,1492030.6245200378],[527898.49978735985,1492050.3754533967],[527990.06387502758,1492053.8755056546],[528070.37517117022,1492035.4998249982],[528183.56300294155,1492031.6249993143],[528275.18746716087,1492029.9999518343],[528427.43779012666,1492063.3751831518],[528554.49979589391,1492076.2499342577],[528646.99976074067,1492111.6249864812],[528739.6247042364,1492131.6247394914],[528793.12458595273,1492124.6247162363],[528849.18758636131,1492117.4997143319],[528904.9996543458,1492132.1254666927],[528990.06233318662,1492144.4984342109],[529057.49985334929,1492142.6245670798],[529117.18780340441,1492153.3745186306],[529193.24950043682,1492175.8748197483],[529256.74978685146,1492184.1251983177],[529301.37472179485,1492173.1254519897],[529358.9378722948,1492140.6246649134],[529424.50046894012,1492068.6251802782],[529507.81206526537,1492003.249970346],[529546.74965907133,1491927.124808863],[529572.87499109586,1491857.250123783],[529591.12471797713,1491807.7499651394],[529623.6254237931,1491736.7499033941],[529638.00040625082,1491698.6253208912],[529656.06266515853,1491670.7499627378],[529720.31152329955,1491605.1248767679],[529773.06291454996,1491543.2497190938],[529832.12418362871,1491490.2495081923],[529883.3128542027,1491457.6248801136],[529994.68719539454,1491386.1250662932],[530058.68723388447,1491343.5000335164],[530119.93879848137,1491319.8753308596],[530177.06265471806,1491329.3750083568],[530245.31221105775,1491374.7504652787],[530267.93651569844,1491402.9996217324],[530282.74965477246,1491447.7504291905],[530310.00036346202,1491521.9996920298],[530309.31224954769,1491592.1252282734],[530303.87478444783,1491625.1246297783],[530299.31290123588,1491702.8749200015],[530316.81202487822,1491736.250151319],[530371.24989654648,1491761.0002306406],[530481.99958827451,1491746.8752054812],[530546.06203482847,1491701.6246459479],[530610.37541380653,1491628.3748059985],[530669.50014733581,1491566.4996483242],[530729.68776820565,1491519.9997898631],[530760.49996209121,1491492.2503854849],[530811.62516821467,1491466.0001560717],[530838.74992312933,1491424.2496487962],[530901.49960630503,1491380.2504197031],[530945.06262903393,1491348.8750092918],[531019.3128669993,1491303.7504035335],[531091.00104265893,1491253.4997229115],[531150.12480106216,1491191.6255403631],[531190.12528220867,1491133.3752510748],[531209.62536440417,1491090.2494910967],[531211.56277724623,1491023.9997556631],[531218.75018721458,1490938.6247927207],[531224.62491506524,1490859.6252848303],[531249.25001573795,1490812.7495965566],[531272.4999449685,1490778.6248183867],[531320.87472694693,1490768.8752648521],[531361.74973359494,1490756.6251632099],[531400.31255397468,1490714.8746559345],[531410.81262948783,1490681.8741980433],[531427.81208231545,1490629.7495690298],[531433.31301186583,1490591.6249865268],[531406.31217921386,1490489.3744930192],[531383.87534254685,1490445.7500373523],[531363.87453315011,1490412.3748060348],[531346.43789883214,1490371.4997993868],[531349.62452934135,1490310.2502663024],[531369.06114708632,1490268.3748616385],[531405.12536961073,1490225.4999528239],[531468.06243949954,1490164.8750692033],[531521.87468657794,1490120.8747837236],[531594.99954787828,1490059.124523438],[531660.3122684859,1490013.9999176797],[531699.18745422782,1489942.9998559346],[531707.18795675959,1489904.8752734317],[531719.06222858897,1489857.7497903807],[531740.12495020032,1489785.3744759329],[531750.75097948848,1489743.3751490063],[531777.06264183961,1489654.3752364174],[531793.93711601826,1489616.374576177],[531810.93762523239,1489573.2497913248],[531823.87478440232,1489547.8751437997],[531831.62549215695,1489536.3745890099],[531856.06117460411,1489507.3749105779],[531880.37504756171,1489494.8749328982],[531899.50027507043,1489491.2499832518],[531927.49947422603,1489490.2495039753],[531960.37503472867,1489504.6254615588],[532007.37456400448,1489512.7498863533],[532031.49999386247,1489519.3751361824],[532078.49960439873,1489523.7496326813],[532115.68717207573,1489494.749954249],[532168.18763090193,1489458.3754791354],[532195.24989649199,1489417.8752459139],[532297.43790067488,1489419.5002933936],[532335.18770975166,1489397.1248896646],[532395.93749076081,1489380.7500863008],[532435.24993925344,1489375.0003370992],[532467.06253115507,1489375.6249865631],[532514.25050353038,1489383.750467744],[532544.81176499184,1489385.6253912614],[532632.25009455136,1489367.4995866427],[532670.24969840527,1489356.6246564428],[532723.37480669538,1489341.6251057817],[532761.50036432431,1489338.3749295615],[532790.68751073,1489333.9993766763],[532844.00000573322,1489327.999751437],[532890.93704568443,1489320.7498521442],[532914.81268076529,1489304.9987231181],[532973.87492496998,1489265.7498203365],[533002.43734065129,1489228.2498872974],[533020.68706753268,1489180.7496308202],[533076.93745465437,1489123.6247181972],[533103.1252760035,1489096.3740907679],[533121.74977631099,1489070.6255636821],[533162.9995563851,1489030.375206498],[533190.62503850099,1489008.1247001574],[533232.06220528821,1488980.6251718167],[533262.37464709859,1488968.6249462124],[533315.43726606411,1488948.5002958134],[533374.68795336841,1488918.1253646787],[533417.74927377002,1488908.3748360178],[533458.49930176896,1488911.5000335891],[533485.31274770794,1488916.125462512],[533524.93748030218,1488925.6251400092],[533553.00014390831,1488931.3748892108],[533607.93776765186,1488945.749790408],[533647.62490831013,1488959.0003713267],[533692.31233257812,1488968.3750701747],[533771.25040753058,1488973.2503751353],[533814.50008977135,1488972.5007470225],[533846.25019234838,1488970.6247671184],[533885.562640841,1488963.4998464745],[533919.74885194888,1488956.4997419587],[533975.68793009501,1488955.5003190688],[534015.06278665166,1488950.9988124082],[534054.31266455923,1488941.3752939091],[534088.68731876672,1488941.999943373],[534155.37537333753,1488973.8749433386],[534179.74962284672,1488986.2500236297],[534224.87528499146,1489021.00050765],[534247.12473494536,1489055.0003884311],[534289.18760758301,1489059.37488493],[534335.68640965747,1489029.2498298329],[534348.68711453851,1488974.1258757627],[534359.43706608925,1488935.750442096],[534361.24950028223,1488892.3748060802],[534369.31249213859,1488846.3746996946],[534368.24960479804,1488786.5004193129],[534349.50012584147,1488734.62452869],[534356.18786499498,1488679.7504506574],[534351.81231210963,1488649.2495657476],[534328.00022273988,1488598.624030439],[534357.87548305991,1488562.500406489],[534402.93759949366,1488522.1250706557],[534458.93705419125,1488522.3749466934],[534474.18753727642,1488523.3754259699],[534520.06274627359,1488526.3746697661],[534559.50001089426,1488528.124695895],[534600.49999619136,1488543.9997471836],[534632.56238287012,1488557.3753067511],[534675.31239429605,1488602.4999125095],[534694.93737388006,1488632.7498649952],[534718.49958721222,1488671.7499481258],[534739.37484085001,1488700.7496265578],[534751.50004510349,1488736.1246787813],[534779.93756339629,1488762.3749894549],[534814.4371149923,1488773.2498383943],[534841.37545831979,1488784.2496659826],[534878.49956154625,1488798.8754183436],[534923.37640403991,1488817.1251452249],[534951.6254792331,1488833.1251751625],[534994.9375695379,1488836.1254753449],[535022.87541701586,1488835.6247481438],[535054.62446320639,1488832.4994693121],[535091.43733871775,1488829.2503494783],[535119.43759425974,1488830.1248749797],[535162.56229785143,1488822.8759508128],[535219.68712921417,1488815.5000977449],[535257.68778945459,1488807.1247405265],[535291.93754627346,1488802.7502440277],[535323.62524078658,1488794.4998654581],[535342.3121491581,1488774.9998645233],[535373.3751942073,1488732.3748317463],[535385.31195536116,1488687.6249994142],[535395.81211213488,1488636.3748146417],[535390.37464703491,1488546.1245467386],[535374.12482232018,1488488.9997153759],[535381.12484557542,1488453.2488333397],[535403.56273862906,1488428.6247077931],[535444.93847247818,1488394.7497244002],[535471.6249895161,1488392.9996982713],[535502.06232871499,1488388.6252017724],[535533.750023228,1488384.124670238],[535556.68758709636,1488383.7498968118],[535570.68771486729,1488384.7503760885],[535610.43734485016,1488401.8747263046],[535636.00051673548,1488410.3749809116],[535669.43718099094,1488432.6254059917],[535707.75012533297,1488439.6255105075],[535734.68749353453,1488451.8746370235],[535780.81249730883,1488472.6249120121],[535807.99974154786,1488496.374593318],[535826.18697910465,1488518.9998730845],[535843.18740705831,1488545.3749998864],[535866.56231493782,1488573.000482002],[535895.31211733236,1488614.500138114],[535900.43721707014,1488688.3745462666],[535883.50025356701,1488737.0002606693],[535874.06209026836,1488779.2504387596],[535856.87525072764,1488812.7495923394],[535834.56225506263,1488847.5000763596],[535806.12376164389,1488892.624682118],[535771.37539039669,1488939.124540579],[535750.31266878534,1488971.3753703572],[535703.87529964896,1489007.87482412],[535672.25009446044,1489017.3745016169],[535622.81242514134,1489025.9996536127],[535596.43721707922,1489044.2504368804],[535573.87548302358,1489063.8753352039],[535532.81203327596,1489112.998688909],[535507.93697530509,1489146.6247713899],[535485.62511728716,1489178.8746260423],[535468.3123239713,1489204.6251846408],[535451.18797375506,1489244.499712012],[535437.81249544793,1489280.3745975713],[535425.74978051893,1489315.0001029426],[535391.43753437547,1489389.5002169455],[535381.81295948976,1489418.9995661923],[535377.7497719666,1489477.6246289068],[535379.62469548418,1489512.0002582404],[535380.375298723,1489551.5000934461],[535403.50024930446,1489636.4992265757],[535431.68789155968,1489649.9996835319],[535459.68717197562,1489649.4999314568],[535501.5625766397,1489644.8745025338],[535528.25006880355,1489644.3748317191],[535556.25032434554,1489643.8750796437],[535593.12463279488,1489643.25043018],[535619.74963563425,1489640.1252326088],[535693.37522413582,1489628.624677819],[535732.75008069247,1489627.8751309665],[535770.87458193488,1489625.8752288001],[535841.99962232914,1489619.4997737482],[535873.81221423077,1489621.5007323013],[535924.9375016148,1489635.874577112],[535951.12524170335,1489676.1249342961],[535959.24966649769,1489704.0002924495],[535959.87529108755,1489739.6252207106],[535951.49895874306,1489767.8753522905],[535934.06232442521,1489788.4997547644],[535901.50018567115,1489817.1246597704],[535884.18739235541,1489845.4996887387],[535861.87545307691,1489877.7495433909],[535832.00027401734,1489915.2504515562],[535812.1879077201,1489944.9997581011],[535793.68724841473,1489977.1246341043],[535751.24968361144,1490021.2498169725],[535726.8753528418,1490081.624905816],[535721.24952590279,1490123.7501865176],[535719.18721567211,1490150.5001680062],[535722.93706270715,1490216.7498221791],[535724.81198622473,1490251.1245576472],[535729.18656398403,1490281.6253612966],[535737.81269110565,1490339.9994915868],[535766.62498282467,1490384.1246744553],[535792.50043881161,1490410.3749851286],[535833.8751975348,1490447.8748369075],[535850.81216103793,1490470.500116674],[535878.31266450475,1490513.2500468395],[535896.43749399739,1490533.3747784989],[535917.12536092207,1490550.7499798788],[535947.99996287166,1490571.875109554],[536010.49879488372,1490581.000013625],[536048.62435251276,1490579.0001114584],[536090.4998384373,1490573.1253836078],[536129.87469499395,1490571.1245063152],[536157.93735859997,1490574.3746825354],[536189.99982653919,1490589.1254135454],[536217.06217338983,1490607.7499138529],[536242.68775333907,1490621.2503708091],[536271.06278230727,1490642.3755004844],[536308.50022602198,1490672.2496231575],[536351.93729497574,1490684.2499300225],[536400.68782550644,1490707.6257317676],[536428.93795708613,1490722.3754876514],[536470.87487594876,1490721.6248844126],[536500.37528158212,1490734.9993063333],[536532.62513623445,1490757.3747913227],[536565.62356261315,1490825.6243476626],[536586.43738331285,1490853.2498297782],[536610.06208596949,1490892.2499129088],[536636.31231538265,1490938.9995661469],[536661.18729209306,1490979.249923331],[536700.31227261201,1491032.1252368439],[536725.1248412584,1491067.2504942904],[536752.56293666107,1491108.8750477908],[536771.24992629315,1491159.499526713],[536780.68711446575,1491188.6251589202],[536786.81269348005,1491247.125324246],[536842.87463750213,1491323.7501565437],[536862.31214911258,1491342.4996355004],[536868.25034141378,1491393.3750468467],[536851.43730017333,1491448.4999760429],[536860.7495909573,1491542.6250696299],[536822.56251912971,1491612.1249812837],[536782.75048108282,1491660.000011187],[536756.43776234519,1491684.6251931202],[536722.62526827701,1491711.9998240725],[536697.62433779158,1491739.2504515015],[536653.87490347563,1491780.8750862624],[536628.87502937659,1491806.7505422493],[536591.49999372603,1491848.2501171008],[536573.12536945613,1491889.3749997863],[536534.50005975191,1491933.375285266],[536534.99981182721,1491962.6248397357],[536562.5628046185,1492009.2495955853],[536588.31230683031,1492025.3745229114],[536636.99945417105,1492047.3751532142],[536677.93792526948,1492060.7495751348],[536707.43727451633,1492074.1251347025],[536733.00044640165,1492081.3750339954],[536772.68758705992,1492094.6235021411],[536832.81279986573,1492115.2499361276],[536890.49979136779,1492138.3749679695],[536927.93723508238,1492169.5004210828],[536955.31292242114,1492207.2502301596],[536982.74996143731,1492247.4985558311],[537011.37486644322,1492286.4996140876],[537036.18735382904,1492320.3745974805],[537067.25039887824,1492350.3746739286],[537093.18728780327,1492379.2505113585],[537117.93736712507,1492410.6247841229],[537141.12488829147,1492428.1249641518],[537197.874946228,1492471.6245224304],[537250.87515712949,1492521.6243518887],[537297.49991297908,1492566.6250353842],[537327.49998942716,1492610.6253208639],[537342.06333372404,1492639.7498966847],[537369.3754753517,1492674.8751541311],[537388.8745011607,1492698.7497328254],[537407.1876924925,1492725.1249408876],[537420.87447977532,1492781.0004733226],[537439.50003646943,1492825.2495784534],[537445.12488828239,1492856.9996810304],[537501.062910042,1492927.2501959233],[537526.93730964232,1492949.7495219146],[537551.93726500182,1492996.3753341509],[537564.2498559684,1493045.8754927944],[537552.43799220305,1493095.7504248642],[537544.06271624507,1493126.5001294252],[537521.74972058006,1493160.1252367804],[537468.12494147522,1493219.6247437359],[537440.81279984757,1493257.124676775],[537414.81244647212,1493295.8748838678],[537391.25015187939,1493331.8745855552],[537365.12481985486,1493364.2494188566],[537339.12446647941,1493402.9996259494],[537313.25006687897,1493449.2496083728],[537289.81275093544,1493490.500363573],[537258.99958192382,1493547.1255241209],[537238.12530341209,1493587.0001327528],[537207.4995211137,1493653.8754927763],[537197.99886849057,1493690.9995960027],[537171.31235145277,1493762.7502609869],[537160.31260512478,1493788.4997631987],[537152.37353553099,1493842.12559869],[537154.43787727412,1493886.7505336334],[537161.37549246533,1493918.3746824353],[537173.56107327039,1493962.7497413412],[537198.68795753096,1494014.6245755777],[537209.37550101767,1494045.0004818384],[537216.50050292199,1494088.12518543],[537221.43715956016,1494150.5001764402],[537227.25045447284,1494189.8749517363],[537229.43766209192,1494240.7503630826],[537235.37487926718,1494290.3755003754],[537243.12550576136,1494366.7505378958],[537249.00015235145,1494409.8752414875],[537261.12535660504,1494447.8748453415],[537265.62483175285,1494488.6249546008],[537294.31214482279,1494526.2497850286],[537323.87503978075,1494543.6249864085],[537371.43778558227,1494572.0000153768],[537408.62543451972,1494589.1254219795],[537452.18740086223,1494608.7504015635],[537506.06205600465,1494632.0003307939],[537532.87452681758,1494640.3745503656],[537579.56274711771,1494690.5004148595],[537594.93707120488,1494767.9997726586],[537602.1245624338,1494812.3748315645],[537609.24956433813,1494854.3752148775],[537624.25009012513,1494913.9996192215],[537644.49971917307,1494977.2501108591],[537668.12539695576,1495017.6253654319],[537683.99947311834,1495054.2497978434],[537705.06211346912,1495092.1254794348],[537738.81211821281,1495131.0005839162],[537764.81255284871,1495163.6252932553],[537798.56255759241,1495199.9997683689],[537816.81228447368,1495225.1246211168],[537843.18741127534,1495279.3751873325],[537860.68661617825,1495331.3749189575],[537878.12528200867,1495383.2496719332],[537895.75035942614,1495442.8752139243],[537903.18772669265,1495503.8748709711],[537897.31202371593,1495532.0000239017],[537881.87415391766,1495594.7497070774],[537889.18759892159,1495645.5002210352],[537906.50031097687,1495691.1244976083],[537921.0626801477,1495724.000058111],[537936.87524211174,1495752.999736543],[537970.75022550439,1495796.8750433736],[537996.56213578035,1495820.6246434189],[538042.74971013959,1495840.249623003],[538069.68699708057,1495855.0003540129],[538148.75005068211,1495864.9997023249],[538217.18707499537,1495850.9995745537],[538265.12459422322,1495830.9998215435],[538304.5629152304,1495829.0000006375],[538354.12450681196,1495828.1254751359],[538408.99964123103,1495839.8748495767],[538487.31209159363,1495877.8755098172],[538537.81272951374,1495929.2496168523],[538566.12526915746,1495947.8750922859],[538623.00030574307,1495997.7500243557],[538642.75018271571,1496036.8750861352],[538645.31224502157,1496108.1249426575],[538642.12455812586,1496145.2501022704],[538627.56227021548,1496184.9997322534],[538610.31294135028,1496215.8753905895],[538594.37540073716,1496248.0002665927],[538572.24987304572,1496291.7497009085],[538548.6875784531,1496326.5001036683],[538527.6874274268,1496358.7499583208],[538504.56239558489,1496417.87469185],[538475.25043305114,1496487.1248087266],[538468.1879204713,1496519.1247873413],[538456.56238703255,1496580.5002742009],[538430.06236284238,1496662.5001635344],[538426.87459468609,1496698.2490140582],[538404.06192820636,1496773.8754798523],[538397.37524543924,1496826.2500661639],[538403.12499464082,1496863.1252684789],[538408.81225451792,1496898.6252993513],[538417.6247932266,1496962.2495080286],[538425.68778508296,1496988.874510868],[538427.56270860042,1497021.874968759],[538435.81211204396,1497056.1247255781],[538440.62492768001,1497112.1252366621],[538444.06249061332,1497160.5000186407],[538442.12507777126,1497196.2499255508],[538428.74959946412,1497229.6251568682],[538398.93788485508,1497270.8749369425],[538356.50023879134,1497316.2503938645],[538320.24960467976,1497350.0003986079],[538277.18730915221,1497363.6247778267],[538241.81225692865,1497374.3747293777],[538206.18724740704,1497375.1253326165],[538176.93769293721,1497373.1254304498],[538112.37451918202,1497390.8754052559],[538071.81285302225,1497399.2497060879],[538042.62473149062,1497404.8745579009],[537993.37550527113,1497424.8752860373],[537956.68760840886,1497434.4998609228],[537919.87481415807,1497439.0003924572],[537885.6250573392,1497443.3748889561],[537799.68793425744,1497475.49984622],[537782.31273287768,1497497.5014516488],[537772.62461228098,1497525.749551716],[537765.74948641425,1497569.1251877318],[537772.81199899409,1497607.2496889743],[537782.3751409417,1497644.000075161],[537795.7496441229,1497681.999679015],[537802.62476998952,1497711.2502086107],[537805.99984359834,1497757.0005202193],[537821.00045064592,1497812.7500988792],[537826.68771052302,1497845.8755354194],[537827.81211206212,1497910.7500181503],[537832.56243837369,1497961.6254294969],[537833.06210918841,1497989.6246286524],[537835.06201135495,1498031.7499093539],[537825.56233385787,1498070.1253430205],[537803.50027061708,1498116.3753254439],[537785.24956860975,1498163.8746067949],[537770.18752862408,1498245.6235637043],[537787.43783261534,1498286.1248533127],[537865.62530432898,1498384.3745673611],[537873.3749556971,1498389.2498723217],[537902.56202084234,1498387.3748675436],[537930.0626055696,1498368.8753458853],[537983.99975003651,1498337.0002646591],[538016.24960468884,1498303.1252812664],[538054.87483313261,1498271.6249734664],[538078.56202511385,1498253.2503491966],[538121.12456856621,1498225.4999696922],[538142.24969824159,1498204.6247160544],[538185.750231646,1498164.1254579586],[538218.18747301144,1498137.8752285454],[538259.81210777233,1498122.8747027584],[538308.00047816371,1498119.1258308494],[538340.0005380389,1498128.6254270861],[538364.18740083487,1498182.749958266],[538374.9998417102,1498209.2500637169],[538387.12398957729,1498237.0005244818],[538403.56225739163,1498286.2497507012],[538414.43710633088,1498315.3753829084],[538430.31215761951,1498341.7495345841],[538469.93794660026,1498401.8747473899],[538511.74988681369,1498449.3750038669],[538544.87629848009,1498452.3753040496],[538589.31279032398,1498449.9986782048],[538627.37480224192,1498447.8748537756],[538659.12498607941,1498445.8749516089],[538718.87542545912,1498444.4997801669],[538765.87495473481,1498443.3753786278],[538820.12543968996,1498426.7497241003],[538850.37539217575,1498415.8748751609],[538892.37374397635,1498417.3750252523],[538927.06279505847,1498433.1251791522],[538961.56234665448,1498440.0003050189],[539007.37506632716,1498441.5015114967],[539047.12469631003,1498454.5001036047],[539087.99970295804,1498463.7499050642],[539132.68712722603,1498471.624453821],[539167.25014327257,1498482.2495079832],[539207.31213861762,1498508.0010417073],[539238.56257037993,1498537.875245641],[539279.74986112956,1498559.8749008179],[539305.31197662826,1498566.874924073],[539330.93755657761,1498575.1253026426],[539373.56258935446,1498600.8748048544],[539394.37543492822,1498622.1248319184],[539423.18772664713,1498657.1251919761],[539439.00134499767,1498679.6245179677],[539471.74989533878,1498719.6249991143],[539498.81216092885,1498735.5000504027],[539542.43759172177,1498752.3746058417],[539575.68792565062,1498759.1247530594],[539604.50021736964,1498795.5013409459],[539610.49984260881,1498832.2496143598],[539607.37456377712,1498861.6251226044],[539605.87547007238,1498903.6245307915],[539600.3120511974,1498936.8747834601],[539588.99993950734,1498994.5004232845],[539579.68764872325,1499031.6245265109],[539569.87471199851,1499099.3753871617],[539549.00043348677,1499129.2495910954],[539514.49982550426,1499175.8754033314],[539481.24949157541,1499219.9995298132],[539460.43778364873,1499252.3753382405],[539434.62473572581,1499289.8752712798],[539404.87445405487,1499319.8753477279],[539370.00012903253,1499350.000402825],[539333.8129593716,1499380.1254579222],[539291.50029195682,1499418.1251430367],[539258.99958614085,1499440.4994903791],[539214.12477515975,1499478.5001506195],[539167.81132828584,1499507.6247264403],[539138.87511430436,1499519.7499306938],[539115.06204980856,1499534.3747079286],[539092.56264255638,1499551.3751358823],[539070.24972815195,1499573.6245858362],[539037.50012142432,1499585.8747687389],[539004.62464218214,1499594.2500446967],[538950.12533757591,1499600.6254184882],[538919.68791711656,1499602.6253206548],[538891.68766157445,1499603.3748675073],[538859.93755899742,1499604.1254707461],[538825.87413250504,1499615.1252983345],[538772.62518321292,1499621.3747996115],[538738.43791571865,1499627.3743435901],[538699.37639965012,1499640.9996979351],[538654.06229440577,1499659.8751306667],[538618.6872421822,1499668.3753040133],[538588.62459514907,1499686.8749069322],[538564.99989249231,1499709.1254132725],[538539.93752906891,1499726.2497634888],[538505.12561211071,1499757.6251739003],[538478.2497581077,1499802.8746770469],[538458.1250264484,1499864.5000399442],[538456.37500031944,1499898.9995915401],[538457.06213910785,1499926.9998470822],[538466.12455385423,1499985.375033759],[538498.68774899468,1500019.0001411142],[538519.68790002097,1500045.2513456533],[538550.56258323113,1500061.0005244273],[538587.81264023262,1500075.3754256244],[538632.74977801729,1500094.750529171],[538680.1876264303,1500110.2497506468],[538736.18716238835,1500112.625482626],[538768.06216235401,1500118.2502531784],[538809.12463697558,1500132.6241792496],[538851.49979371484,1500152.0003391826],[538900.18685979501,1500167.3746632698],[538932.12443034572,1500171.7491597687],[538972.81205028063,1500172.0000109323],[539021.18780738511,1500175.9998152656],[539070.75045535318,1500174.8754137265],[539116.43722125073,1500171.2504640799],[539150.62448874512,1500166.625035157],[539211.68769150297,1500167.6244580471],[539258.87460749189,1500172.874536434],[539299.74961413979,1500180.8740638397],[539349.18728345889,1500174.6245625629],[539398.43764732534,1500163.2499615483],[539427.56222314597,1500157.5002123467],[539468.06245636777,1500150.1253344046],[539502.37462125067,1500149.3747311658],[539540.999930955,1500117.8754797522],[539586.81265062757,1500118.0004584014],[539627.437781238,1500115.7497050711],[539653.93788668874,1500108.7496005553],[539684.12648749689,1500095.3751786347],[539719.31212149479,1500077.9998959943],[539747.06250099931,1500067.1250470551],[539774.93785915268,1500065.2501235376],[539805.43768767617,1500064.4995202986],[539867.75010810117,1500064.2496442611],[539909.24976421287,1500097.6248755783],[539925.8130106763,1500152.0003391826],[539921.56235517957,1500187.8751434814],[539909.68702696369,1500221.2503747989],[539892.31280070986,1500291.7497093428],[539882.93704547524,1500324.9999620111],[539866.1250606213,1500366.2497420853],[539856.6878724487,1500398.2498019605],[539848.56239126786,1500430.2487241887],[539840.56294512248,1500518.375248923],[539846.25020499958,1500597.249859425],[539848.49998320383,1500636.6247159815],[539848.37500455475,1500686.3746694024],[539842.93762071524,1500723.3749316267],[539839.93723927217,1500756.6251842952],[539842.56179090263,1500813.8749943068],[539843.24990481697,1500841.8752498489],[539843.49978085456,1500904.2501595984],[539844.18683838251,1500933.4997140681],[539848.31259649072,1500998.3752531856],[539834.5622634968,1501061.1249363613],[539827.24889975332,1501127.4995691834],[539814.81238652417,1501191.4996076734],[539805.93743975135,1501246.4996394811],[539783.37456804875,1501311.9998280623],[539771.93755897018,1501364.5002868883],[539792.81281260785,1501439.12529828],[539840.31209395884,1501458.3755044378],[539870.93787625735,1501462.7500009367],[539912.93720318389,1501464.3750484167],[539956.18786055071,1501467.1244974355],[539995.62520643184,1501466.2500531946],[540050.37544346228,1501469.9999002295],[540082.12457091338,1501470.4996523049],[540110.249723844,1501476.2514330191],[540168.00026105705,1501497.7503609946],[540191.25019028748,1501513.8752883207],[540208.68788099184,1501551.625016137],[540212.43772802688,1501601.2500721691],[540195.49978939781,1501638.5001291707],[540176.06219652691,1501676.0000622098],[540159.00033563515,1501705.6253652317],[540120.87477800623,1501757.5001994681],[540090.18748150917,1501804.1249553177],[540049.99961364956,1501877.6245900441],[540026.37491099292,1501953.3750593613],[540035.4373257393,1502011.7501647777],[540051.50082012743,1502044.4997715054],[540064.81283398403,1502070.874898307],[540098.62524679175,1502102.0004326808],[540138.4998554237,1502121.3744798407],[540192.2496131775,1502135.3756639983],[540252.31128027232,1502149.2498379941],[540302.12477940414,1502157.0004644883],[540354.31401051511,1502160.8752901724],[540390.25024775194,1502173.999917316],[540436.31284346222,1502186.9995658104],[540472.06275037245,1502193.7497942885],[540527.56245299475,1502229.3748038104],[540564.06296314392,1502265.5004592726],[540586.06261832069,1502281.5004892102],[540623.37508338632,1502299.7502160915],[540651.56272564142,1502307.9995382745],[540697.50042396318,1502367.9997724313],[540712.12520119804,1502395.7502331962],[540724.18791612703,1502422.1253599979],[540742.81241643452,1502454.8749667255],[540788.62513610709,1502509.7501011444],[540827.68770856212,1502548.3753295883],[540851.1874325698,1502574.4996052263],[540891.50027907838,1502611.8746408769],[540918.56254466844,1502626.5003932377],[540953.24956423813,1502642.2505471378],[541000.81231003965,1502662.7499709628],[541030.37618012354,1502675.9995767553],[541060.00050801947,1502691.874628044],[541092.06297595869,1502705.1252089625],[541121.1251437153,1502749.0005157932],[541130.81212666503,1502781.8750199093],[541137.31247910555,1502841.6253780285],[541139.31238127209,1502872.1252065517],[541145.06213047367,1502898.7502906516],[541159.75037215906,1502929.0002431374],[541182.12480076216,1502960.3745971622],[541230.43709341611,1502960.4994945507],[541271.12471335102,1502959.5000716608],[541319.18818635377,1502949.4996669623],[541378.87516128295,1502947.9995168711],[541419.68767860637,1502953.3744926464],[541452.81205876009,1502956.4997714781],[541487.37613119325,1502965.8755267127],[541524.56272374419,1502979.0001538564],[541553.99958366656,1502985.875279723],[541600.06217937684,1503000.1252022712],[541650.62530662143,1503039.6250374769],[541701.24978554365,1503084.3748698088],[541699.81212477689,1503128.999723492],[541685.12485821755,1503153.4999267759],[541651.56224018696,1503184.8753371874],[541620.18788616208,1503200.8752858646],[541595.06197702757,1503214.2497890457],[541557.24975988676,1503227.8751433906],[541530.74867931008,1503234.8751666457],[541469.00045053684,1503259.2504725414],[541436.24986868328,1503270.2503001299],[541384.43752377143,1503284.1255305123],[541334.87487580325,1503285.3758045658],[541296.75029330025,1503286.2503300675],[541256.06275462592,1503284.625201327],[541229.37526246207,1503285.2498507909],[541181.25027526065,1503292.7496261215],[541133.06190486928,1503299.0001025242],[541102.93782489805,1503313.7488020216],[541060.06299734407,1503328.7503841952],[541034.81219082093,1503336.9997063782],[540986.6247955556,1503341.9999087274],[540948.81257841468,1503354.3749890185],[540907.56271708,1503383.3746674506],[540887.87532943196,1503410.5003974913],[540858.12504776102,1503443.1250255697],[540838.9373309277,1503489.3750079931],[540847.56248292327,1503532.4997928452],[540874.18748576264,1503582.8754521164],[540901.87545720302,1503621.6246028226],[540920.18767340889,1503642.874711147],[540954.24996225419,1503685.374765275],[540988.12494564685,1503720.2501466838],[541012.50025154243,1503780.8750303043],[541024.81276124856,1503817.500437842],[541037.00045482663,1503848.9997705158],[541055.93723923585,1503896.9996978077],[541075.68719746894,1503924.5002825349],[541098.93704543891,1503940.5003124725],[541124.68760403723,1503953.9996317818],[541141.74946492899,1503976.5000141598],[541156.43778787483,1504005.3747952033],[541211.99997982173,1504040.9997234645],[541259.50031755923,1504061.6251010646],[541287.81285720295,1504074.8756819833],[541335.31213855394,1504095.5000844575],[541371.50028334092,1504117.4997396341],[541417.68777643971,1504136.8748431806],[541450.06260974112,1504161.4999438534],[541473.56233374879,1504185.12464651],[541495.62545337621,1504205.0004772577],[541522.68771896616,1504271.8748621552],[541570.31295409228,1504301.5002464377],[541596.81200315652,1504346.7497495844],[541649.6248273449,1504373.4997310729],[541682.56279591168,1504368.8763336623],[541726.24974090315,1504335.9997980336],[541761.31250902498,1504314.7497709699],[541814.18774127739,1504294.3752445332],[541850.62478697603,1504276.9999618928],[541874.43785147183,1504262.375184658],[541905.81220549659,1504246.3752359811],[541934.68796166615,1504230.3752060435],[541964.87453096185,1504216.8748303477],[541991.31214708812,1504206.1248787967],[542034.06207725359,1504187.2505024518],[542069.31223208853,1504173.6261232328],[542134.6875232812,1504142.7494897707],[542190.18625077745,1504126.1248916299],[542252.12495416275,1504111.9997852098],[542295.31214707904,1504110.8754649311],[542323.43730000965,1504116.6252141327],[542370.93755648669,1504135.8753390301],[542391.68791273586,1504153.249565284],[542473.24956419261,1504214.8749281811],[542507.81258023926,1504224.2496270291],[542538.43738741172,1504229.8755352285],[542580.37528140028,1504228.875055952],[542623.62496364093,1504229.1249319897],[542681.06216036587,1504239.2502340768],[542688.62540014694,1504288.7503927203],[542704.87424973561,1504331.6253015348],[542705.68726103858,1504363.5003015005],[542695.31216417451,1504408.3751124816],[542678.87487148622,1504463.5001229383],[542660.81253131793,1504506.0001770661],[542628.99993941642,1504556.3748612111],[542532.18788613484,1504600.7498388565],[542433.31254749664,1504665.5004805853],[542387.00007574877,1504693.3747823522],[542360.81225439976,1504715.7501860813],[542336.93775696587,1504727.7504116858],[542304.62541298906,1504757.7495942684],[542300.37475749222,1504792.2502022509],[542297.62530847325,1504835.6247818803],[542276.99993087316,1504875.6252630267],[542275.62467817042,1504924.1249423937],[542274.4378685673,1504981.4997310545],[542274.31297117868,1505028.6252141055],[542271.43756838469,1505066.874693997],[542259.37485345569,1505147.3754083654],[542253.18784150342,1505204.8750944147],[542256.81279114983,1505249.3750507091],[542285.87495890644,1505295.8748279095],[542306.93759925722,1505324.6256866907],[542342.25024341675,1505367.1247656925],[542402.50035361107,1505388.624668794],[542441.1246069289,1505407.9997723403],[542502.68748050148,1505430.7500307562],[542560.50050703902,1505456.1247595418],[542623.25019021472,1505476.2503850665],[542689.87567420059,1505496.3751167259],[542716.8120672761,1505505.8737378365],[542770.75018686906,1505530.1251214696],[542801.56238075462,1505542.1253470739],[542842.62477411574,1505558.8749238639],[542890.81216938107,1505553.999700164],[542914.25046045065,1505471.8748321813],[542907.99998404784,1505422.3746735377],[542899.37483205216,1505382.9998982414],[542882.1870173855,1505303.2497058515],[542862.87537828961,1505238.7499965469],[542851.18743678683,1505177.8752368886],[542837.24979834026,1505126.0004026522],[542823.3121598938,1505073.9996959013],[542804.75006765034,1505043.8746408042],[542789.74954186333,1505002.2490309172],[542847.74987385341,1504981.7495258318],[542913.1875731101,1505007.0003323548],[542955.87403882504,1505037.7500369158],[543003.5627384017,1505064.6249157928],[543041.06267144089,1505090.5003717798],[543103.93725200521,1505167.9998108393],[543148.74957366171,1505233.1251447338],[543163.75018070929,1505276.124950937],[543171.18746671535,1505321.7502838965],[543165.93738832849,1505367.7504715428],[543151.74987384432,1505410.1245718955],[543140.56265954289,1505472.8753114578],[543151.43856486864,1505503.1252639436],[543168.87528044707,1505539.6247177061],[543189.62458030973,1505558.2502744002],[543211.93749471416,1505587.0000767945],[543241.5628789966,1505601.6248540294],[543276.43728527939,1505624.999761909],[543306.37487240299,1505653.6246669148],[543329.68729095801,1505673.3745438876],[543352.74983347545,1505732.7501285805],[543368.68737408845,1505760.3745543098],[543387.50031749555,1505802.0001641966],[543403.37536878407,1505828.3753722589],[543423.93728193361,1505890.2495548071],[543428.56271085667,1505923.2500126984],[543436.87452236412,1505951.1263459779],[543439.50004912051,1506008.3750996031],[543456.75035311177,1506090.7497623628],[543474.37543052924,1506134.874945231],[543498.06262251048,1506168.7498473632],[543538.4378770832,1506208.4994773462],[543561.68780631374,1506224.4995072838],[543625.87523151678,1506304.4985193247],[543631.18771796755,1506313.2496250954],[543648.5005112834,1506346.0002069492],[543660.49968050129,1506368.6254867157],[543676.7495864766,1506410.2500402161],[543694.75049370679,1506469.750603558],[543714.75024671701,1506509.9999043557],[543730.81268471864,1506543.9997851371],[543782.87490566808,1506593.7498198182],[543831.24968764663,1506647.3746801836],[543869.81250802637,1506666.8746811186],[543906.81268899026,1506724.5002396826],[543937.93716697744,1506749.2503190043],[543971.93704775872,1506789.2498250247],[543987.74960972276,1506813.0004814565],[544001.56340716721,1506857.2495865873],[544011.25039011682,1506891.5003185323],[544031.74989520235,1506950.8759844857],[544047.68743581546,1506977.2501361615],[544079.56251704157,1507033.7503180602],[544119.6878955767,1507118.1248829865],[544150.43760013767,1507178.4998905696],[544171.25044571143,1507199.7499176336],[544238.18723867286,1507233.7497984148],[544296.12516259903,1507264.2496269383],[544335.99977123097,1507282.374456431],[544351.43755976867,1507292.2498824801],[544392.99970520509,1507328.124686779],[544409.50038108346,1507378.7502220878],[544421.68701827503,1507410.2495547617],[544427.81259728933,1507453.5002121285],[544453.0624286863,1507498.7497152751],[544463.93727762566,1507528.9997490214],[544500.75007187645,1507579.1245571289],[544524.24987714458,1507603.9995338393],[544542.37462537689,1507616.2496354813],[544587.93755027233,1507662.3747205161],[544617.68783194339,1507683.2499741539],[544630.81237782643,1507699.4997988685],[544654.49859468162,1507733.3747822614],[544679.31213845394,1507760.7503883396],[544719.37510892504,1507789.1254173077],[544750.12481348601,1507849.5005061512],[544777.68886266381,1507885.8749812648],[544792.43748090079,1507918.6245879924],[544813.68758922524,1507956.2503935462],[544814.24974936456,1507979.2504467389],[544815.9997754934,1507998.2498017333],[544814.37464675307,1508036.5002567507],[544821.6870353705,1508075.8751133075],[544817.68731229787,1508120.5000482509],[544804.37529844115,1508148.8750772192],[544787.68715458922,1508193.8747043284],[544787.93703062681,1508205.3752591182],[544778.31245574122,1508279.4995433085],[544752.6254428539,1508320.8753584181],[544749.06290127151,1508331.1245015073],[544732.12496264232,1508367.1253408415],[544728.37503434683,1508371.1250639141],[544711.24962774408,1508397.000519901],[544697.75030843483,1508419.0000938175],[544687.99977977411,1508434.5003716797],[544680.87477786979,1508454.9998767653],[544679.9377630438,1508470.375257239],[544681.56289178412,1508485.6246026773],[544689.5623379295,1508500.6252097248],[544697.81271649897,1508525.9999385104],[544702.06231560919,1508543.6250159279],[544714.56229328888,1508568.1252192121],[544679.37462777854,1508650.999634047],[544641.56232937716,1508759.1247741447],[544619.31287942326,1508831.2502125551],[544604.12496692303,1508883.8736185178],[544584.87476076523,1508972.4997328063],[544586.37491085648,1509028.6252225395],[544567.68792122451,1509186.1245675057],[544558.75048512721,1509232.2496525405],[544540.49970185931,1509310.6245922276],[544520.00027803436,1509400.500005444],[544479.93730756326,1509520.2496225939],[544460.37481730373,1509597.2503659648],[544433.87471185299,1509701.3748078637],[544419.31234268215,1509775.7499432177],[544415.56249564723,1509872.8753369874],[544385.62482726306,1509991.124804046],[544363.25039866008,1510058.0001640695],[544358.93733509921,1510136.0003303303],[544339.18745812669,1510253.8750239627],[544318.24971516442,1510325.8745085979],[544290.0610165227,1510414.7495237982],[544262.31266853085,1510518.8749408231],[544238.87437746127,1510641.9997128423],[544238.87437746127,1510689.2500932817],[544247.93776733358,1510791.1247569765],[544269.00040768436,1510913.1252087171],[544286.75046375091,1511004.4997968986],[544314.06260537868,1511122.6253416946],[544324.99994364253,1511198.8744254401],[544339.06256073806,1511295.5000671346],[544332.43625452253,1511381.2498847637],[544324.50019156723,1511418.4998605046],[544342.68751038448,1511527.7504585278],[544348.74954368779,1511611.8740910301],[544349.68753363984,1511693.6251607125],[544346.31246003101,1511758.7495194811],[544333.8749716758,1511863.7504371335],[544331.81258018466,1511977.3745565296],[544350.75050224084,1512067.4998457835],[544438.25026473845,1512198.1253682594],[544501.812959217,1512292.2504618464],[544522.74972705333,1512360.6239404485],[544561.62483153469,1512482.2495375024],[544593.87468618702,1512595.000106523],[544630.43760440021,1512724.2504575567],[544662.68745905254,1512884.2504318906],[544720.37453181506,1513090.8751620741],[544743.75041482062,1513202.6253330787],[544785.62484435865,1513343.2502038663],[544848.87525473558,1513471.8748490494],[544919.2496918909,1513629.7501050888],[544934.99984579091,1513694.374711782],[544945.37494265498,1513748.9999701635],[544976.43701257813,1513817.1246291145],[545054.31220019003,1513922.3755040651],[545104.43700829754,1513987.4998628336],[545166.93787182204,1514089.3745265284],[545224.56245526008,1514198.9998979778],[545261.50014689937,1514293.7495597682],[545294.4371403401,1514383.6250542451],[545321.5628703807,1514446.749510847],[545395.18748375622,1514536.7499027124],[545432.00027800701,1514580.5003121544],[545489.43747473194,1514635.2504679244],[545530.99953890778,1514713.3745564478],[545601.25005380053,1514818.7502475264],[545651.68714600964,1514896.6264915247],[545684.56270651228,1514937.875296473],[545718.18781386735,1514958.7494937242],[545814.00036299834,1515018.87470653],[545868.56215692917,1515109.5007229852],[545875.31238540739,1515131.8751515883],[545814.81239917537,1515146.4999288232],[545750.31268987071,1515159.6244747061],[545689.50041953695,1515170.1246314798],[545655.43707430514,1515181.2503315827],[545582.49959971791,1515213.7500622727],[545495.56297248579,1515245.2503700727],[545429.93894290249,1515265.9996699353],[545390.8753953214,1515278.499647615],[545268.06298866449,1515350.5001886368],[545210.87461159076,1515399.2497440414],[545151.06282053352,1515446.7500005185],[545094.0628865594,1515505.6248580101],[545053.25028797542,1515548.7496428622],[545013.43719354202,1515630.1248827321],[544962.06211138098,1515708.000070344],[544845.9998519416,1515839.8748917473],[544770.5003150485,1515919.6250028766],[544713.31201923522,1515969.6249135956],[544638.49962113053,1516026.374971532],[544536.06271603599,1516049.375024725],[544464.43702970096,1516084.3753847827],[544361.62535118021,1516093.3753102045],[544275.12501157273,1516141.5012725319],[544193.87466909154,1516147.375919122],[544091.81261868367,1516138.4999159628],[543978.93707101396,1516151.6255182324],[543894.93736077438,1516151.124791031],[543800.62488047418,1516145.8747126444],[543749.62457173923,1516140.7496129065],[543681.99958360288,1516134.8749663164],[543578.00012035295,1516193.6249264195],[543478.99980306579,1516155.2504678788],[543432.81230996689,1516141.1254427193],[543350.00038445648,1516136.8747872224],[543270.18778400251,1516150.3752441788],[543206.74998691247,1516108.4997582543],[543165.31273886468,1516081.4999819887],[543108.31280489056,1516043.3764558721],[543046.00038446556,1515999.0004218402],[542982.99976886564,1515972.5003163896],[542944.87526762311,1515976.0002873871],[542910.12478360301,1516008.7498941147],[542870.06286951841,1516079.9998318974],[542849.68728669547,1516175.0003448515],[542837.24979834026,1516280.000287378],[542822.37514506781,1516390.1254109025],[542825.24957273586,1516451.374943987],[542849.06263723166,1516532.3753291701],[542891.12550986931,1516629.6246452024],[542927.81235034496,1516716.7496342736],[542943.43752559589,1516777.625369058],[542963.24989189301,1516852.5002564872],[543001.49937178462,1516952.3750992757],[543002.56234038563,1517039.1253149209],[542999.75040204218,1517170.7502602867],[542977.93715845246,1517260.624698377],[542964.06298445642,1517311.999780538],[542930.87513985217,1517403.5003224949],[542855.12475179543,1517521.6248921647],[542802.43788138207,1517596.8745530203],[542742.93731804006,1517654.6250902333],[542706.6877403151,1517679.7489678552],[542664.06270753825,1517703.8753728392],[542600.1251583728,1517739.8751557872],[542552.56241257128,1517767.8754113291],[542486.25026907364,1517810.3754654571],[542436.31284767925,1517846.1253723672],[542381.37522393581,1517885.8750023502],[542322.62526383274,1517925.6246323329],[542264.37505580485,1517983.2502721574],[542211.56223161647,1518053.4997306636],[542138.43737031613,1518128.1247420553],[542058.24999643606,1518222.1248569933],[541962.87462879531,1518317.6251220226],[541891.68718033703,1518369.2500802213],[541855.56250000058,1518398.2497586536],[541777.68731238879,1518483.1250507811],[541704.06269901316,1518584.6259974362],[541635.06253943464,1518668.0000830861],[541565.0004676414,1518760.5000479326],[541508.24935331848,1518828.2499334577],[541463.62547476147,1518872.7498897521],[541382.43762160477,1518928.4995496725],[541317.37469577428,1518970.9996038005],[541214.75048522721,1519033.5004673249],[541096.1876776804,1519119.5000797312],[541038.75048095558,1519160.5000650282],[540969.81272944098,1519200.4994897882],[540889.50037691183,1519242.125099675],[540812.24983876385,1519304.1252359985],[540742.50005107233,1519360.7493401598],[540615.37458085455,1519412.5002521337],[540496.37451055704,1519481.875266399],[540291.24993046478,1519471.749964312],[540169.75028718601,1519448.0002830063],[540056.37506870157,1519395.9995762552],[539955.56223596085,1519336.0003172245],[539901.81247820694,1519325.8760715241],[539831.49955525016,1519312.2496607928],[539685.56211675121,1519280.2506573042],[539615.1876795959,1519264.1247548519],[539534.75042967813,1519207.3746969155],[539438.68800450955,1519088.6254777815],[539350.12527341093,1519011.6247344108],[539297.99958801083,1518965.7496066741],[539200.1246473887,1518922.2500483957],[539075.37482788973,1518870.5011679344],[538955.68770006439,1518821.2498289419],[538839.49948684988,1518757.7495425271],[538680.00023971719,1518692.8750597963],[538536.49996613548,1518608.3746223554],[538378.93707545835,1518570.2500398525],[538276.37527297519,1518539.6253139405],[538168.81229301693,1518514.3754825434],[537971.43728303234,1518461.8750237173],[537865.62530432898,1518405.8745126331],[537698.31294137752,1518381.9999339387],[537574.62503409304,1518371.0001063503],[537462.43760033767,1518363.6242532823],[537337.68778083869,1518362.9996038186],[537178.74971871916,1518365.7501092241],[537028.3128050724,1518354.2495544343],[536806.5011375146,1518290.8752217947],[536695.43704891193,1518229.8745083616],[536484.9374930443,1518209.6248793136],[536375.31212159479,1518202.1251039831],[536270.43707645696,1518229.1249615091],[536138.24997095193,1518280.8748170964],[536060.56217005313,1518327.624551595],[535995.25042457157,1518405.8745126331],[535919.43754719035,1518459.3754507359],[535910.06284834223,1518471.6244959915],[535882.06153641373,1518503.1248037913],[535867.43781556538,1518527.6250070755],[535850.25000089861,1518540.0000873667],[535822.87536994636,1518564.8750640771],[535800.74984225503,1518597.2498973785],[535789.93740137969,1518621.6251220135],[535772.93794855208,1518653.8749766659],[535766.68747214915,1518659.1250550528],[535741.62510872574,1518675.1250849904],[535725.99985221436,1518712.3751419918],[535740.31234534748,1518726.0004150763],[535741.56367578765,1518776.9997486852],[535739.37533052149,1518790.9998764561],[535722.25000517932,1518818.2495287592],[535698.68771058659,1518844.2498821348],[535643.87506549223,1518890.125091132],[535601.12513532676,1518910.2498227912],[535564.31234107586,1518911.1253234188],[535542.18778851046,1518912.2496436974],[535459.49978526263,1518878.8754687663],[535377.93715867971,1518826.0001552533],[535321.2495088072,1518800.6255077282],[535206.87486743275,1518760.6249453214],[535173.43714679079,1518726.8749405777],[535150.18721756036,1518705.00026405],[535128.75086016976,1518691.1250336675],[535118.49960430781,1518682.874655098],[535086.18726033089,1518669.9999039921],[535070.93783363223,1518671.749930121],[535025.87466081197,1518675.9995292313],[534996.06294620293,1518678.7500346368],[534939.93753773032,1518721.0002939876],[534915.93700526084,1518755.4998455835],[534878.62454019533,1518783.6249985141],[534848.68784693722,1518806.0004835036],[534808.49997907761,1518827.3754079561],[534778.24994533136,1518838.250338156],[534740.50021751504,1518853.1249101681],[534707.37486223527,1518850.1246099854],[534658.68771489465,1518834.7502858981],[534634.37489832356,1518827.6252839938],[534611.37484513072,1518824.3751077736],[534561.74978909851,1518820.5002820895],[534514.68777049822,1518820.375384701],[534485.49964896648,1518821.0000341646],[534437.31225370115,1518827.2505105676],[534396.81202047935,1518833.3750331954],[534385.4374194647,1518837.4997349172],[534371.62467840686,1518842.8747106926],[534347.99997575011,1518866.3754910866],[534334.31221334124,1518878.1248655275],[534302.24974540202,1518918.3752227116],[534282.31240045582,1518934.1253766115],[534264.87470975146,1518949.874474125],[534237.50016005966,1518973.5012895546],[534227.56224468583,1518983.8754112928],[534227.87452878756,1518997.8744826773],[534229.62455491652,1519015.750492519],[534229.93789540464,1519029.7495639035],[534230.31266883085,1519044.9999657283],[534229.81299801613,1519075.499875512],[534228.93749738857,1519092.1255300394],[534228.31284792477,1519120.1247291951],[534214.87488029303,1519143.3746584256],[534198.93733968004,1519166.7494850445],[534190.12480097124,1519170.7502645038],[534164.99994822324,1519181.625113443],[534161.37499857682,1519189.2498674227],[534152.99964135827,1519212.3748180042],[534143.00029304647,1519219.0001490936],[534120.43750260433,1519232.3745710144],[534097.5623468,1519232.8752982155],[534072.06272062578,1519229.6251219953],[534056.81223754061,1519229.999976682],[534031.4999980795,1519234.500426956],[534019.12499904889,1519247.5000754504],[534003.31235582428,1519277.125459733],[533992.12514152285,1519286.3752611924],[533970.81262513436,1519300.8750597781],[533934.43709363427,1519319.6245387348],[533919.74885194888,1519342.8754430912],[533919.2501562601,1519374.749467931],[533926.25123590196,1519401.2495733816],[533926.87482897926,1519427.99955487],[533927.43707037903,1519450.9996080629],[533923.43726604595,1519495.6245430063],[533917.56261945574,1519516.1250232179],[533902.81294483226,1519536.8752982065],[533893.06241617154,1519553.6248749965],[533874.06208605133,1519608.8747828417],[533865.62432076887,1519626.9996123344],[533866.3124346832,1519657.5004972443],[533868.24879113876,1519684.2503974722],[533873.87469933822,1519706.9995995015],[533879.31208317773,1519720.8748298839],[533884.87550205272,1519741.1254340578],[533886.37467701803,1519750.0004620911],[533886.68801750615,1519763.9985583497],[533879.49946989072,1519782.0004407058],[533874.75125635217,1519847.1247994744],[533871.25014770788,1519861.2498246338],[533864.68738720333,1519904.6254606496],[533866.68720810942,1519935.1252891731],[533879.06228840048,1519974.3752483411],[533882.87462476012,1520026.4998773548],[533878.87490168749,1520069.8745382444],[533855.56248313235,1520106.1250910955],[533831.8128830872,1520120.7498683303],[533833.56290921604,1520141.1254511534],[533857.3749985859,1520181.2498545623],[533856.56296240899,1520199.1248080176],[533850.68725943228,1520219.625288229],[533839.50004513073,1520280.9997187019],[533837.8749163904,1520319.2502549801],[533856.49941669789,1520353.2501357615],[533875.0624840674,1520384.6254649123],[533906.43789447879,1520422.1253979513],[533935.18769687321,1520453.2498759385],[533953.49991307908,1520475.7501770563],[533965.437649359,1520495.8749087155],[533980.06242659385,1520523.5003908314],[534006.87489740679,1520580.2504487678],[534018.31296287186,1520633.5004544465],[534028.00002708216,1520665.1246845091],[534047.74990405468,1520692.6251879758],[534052.06296761555,1520714.1250910773],[534051.18746698811,1520729.5004715512],[534038.18773723312,1520771.8756282905],[534031.4999980795,1520808.8748341282],[534042.31138256832,1520835.3749395791],[534073.43797332852,1520862.7494892708],[534102.06279707386,1520888.7499239068],[534136.81230596814,1520905.7503518604],[534159.93725654949,1520918.0004535024],[534195.18643625849,1520956.6247068201],[534222.43714494817,1520978.8752131606],[534242.06204327173,1521001.3745391523],[534251.43779850623,1521021.5002459376],[534269.12536524818,1521069.5002544899],[534276.75003796734,1521122.7502601685],[534292.75006790494,1521153.0002939147],[534309.81298518309,1521174.2503209787],[534324.25135083089,1521192.9997186747],[534355.49975108064,1521225.3745519761],[534391.93777190521,1521258.8737055562],[534405.06239904882,1521277.7501134139],[534439.0622798301,1521367.3746754664],[534449.43843308068,1521377.2501015158],[534501.1248242174,1521411.7486779857],[534523.18794384482,1521431.4996113449],[534549.24981141882,1521456.3745880553],[534585.8752189565,1521498.8747234438],[534605.18783317832,1521563.3754078744],[534619.56273437559,1521631.7499428631],[534618.00009495975,1521671.3746754574],[534611.0000717045,1521698.2495543344],[534592.06223090878,1521754.7497362331],[534581.06240332033,1521774.1248397797],[534560.4380008463,1521815.3746198537],[534544.50046023319,1521838.6245490843],[534527.12525885343,1521856.875332352],[534506.18751589116,1521882.8747106015],[534495.62495105341,1521918.8754686755],[534491.31286261859,1521950.7494935151],[534488.81231451128,1522005.6246279341],[534488.62484653771,1522051.4998369312],[534485.31226225337,1522071.8754197541],[534484.75010211417,1522099.9995162983],[534496.37449790584,1522108.6246682939],[534529.00018237089,1522144.7504050168],[534532.99990544352,1522150.9999062938],[534533.43716819433,1522170.1251338024],[534528.81279565778,1522188.1249846462],[534516.62510207971,1522208.7504435068],[534504.12520566047,1522219.2505190198],[534475.25042461697,1522234.0001936434],[534468.06293338817,1522252.000044487],[534465.25001991866,1522292.7501537465],[534469.8754488416,1522327.1248079538],[534470.00034623023,1522332.125010303],[534460.18838463142,1522347.6252881654],[534452.75004223897,1522354.2495628684],[534425.62634371081,1522389.2498416658],[534425.81275529799,1522396.8745956453],[534427.68767881545,1522422.3751969456],[534429.3752156198,1522440.1252530122],[534429.68758098199,1522451.6247514153],[534430.0623544082,1522468.1255085543],[534421.62458912563,1522487.4995557142],[534413.12539090507,1522502.9999148368],[534392.49993204453,1522542.8754985949],[534388.75008500949,1522546.8752216676],[534384.06216676196,1522563.4998198084],[534391.24965799088,1522596.5002776997],[534404.75003368664,1522629.2498844273],[534411.50026216474,1522646.8749618446],[534413.12539090507,1522659.6247343016],[534414.87639216008,1522680.0003171246],[534424.18762655754,1522696.2501418393],[534451.4997681852,1522723.6247727915],[534464.81275716785,1522747.625305261],[534481.99959670869,1522776.500005044],[534490.56225937977,1522813.2503912307],[534489.81271252735,1522836.1255470349],[534491.06201145495,1522888.3740983112],[534508.56219148391,1522928.6255118817],[534523.31292249379,1522960.1247632951],[534531.37485796364,1522977.8747381011],[534538.62475725659,1523014.625124288],[534544.6878469463,1523055.2512300243],[534555.75016385922,1523090.6253883822],[534556.81199481338,1523135.1242882903],[534555.25041178404,1523177.2495689918],[534567.81287878822,1523221.4997305092],[534574.68800465495,1523244.2499076643],[534577.93712448876,1523272.2501632064],[534578.6252384031,1523301.4997176761],[534589.50016860291,1523330.5004524947],[534605.62509592914,1523365.8745295922],[534607.43753012212,1523388.749604136],[534603.87506980018,1523452.4997665882],[534594.81371144031,1523497.2495989203],[534586.37488977122,1523517.8749765204],[534575.87481425807,1523555.125033522],[534575.06277808116,1523575.4995599585],[534596.43875892018,1523617.0002724568],[534604.31233255088,1523626.9996207687],[534627.06250970613,1523673.6243766181],[534639.81130703702,1523729.3740365386],[534632.74985084368,1523751.1247908038],[534626.62524695543,1523762.7502429821],[534620.56215726561,1523774.3747200344],[534618.49984703504,1523793.499947543],[534618.93710978574,1523812.6252563123],[534617.93768689572,1523824.1247547155],[534617.24949172081,1523848.3750819622],[534617.50042414502,1523857.2501099952],[534615.49954685243,1523878.9998891347],[534612.31283508264,1523904.4995153088],[534612.74904144695,1523923.6247428176],[534616.81231023057,1523933.7490697785],[534629.87542317563,1523949.9999508797],[534633.87522750883,1523956.2504272826],[534655.99969881366,1523977.3745005715],[534670.2497026223,1523989.7495808627],[534688.56289395422,1524009.7503089989],[534701.68752109772,1524027.2504890277],[534713.6253386382,1524048.6254947407],[534715.25038611796,1524061.2503698091],[534720.56295382942,1524071.37469677],[534719.81235059048,1524094.2497713137],[534714.81214824133,1524149.2498843819],[534717.81244842394,1524168.250214502],[534741.68702711817,1524209.7498706139],[534749.62504032545,1524222.2497670332],[534785.7497206619,1524245.6246749125],[534814.37462566781,1524270.3747542344],[534827.31292248471,1524280.2491238972],[534853.12483276066,1524296.2502102214],[534875.50031775015,1524327.4995855971],[534858.74968457362,1524372.4992939669],[534856.74978240707,1524395.5003222856],[534855.06224560272,1524429.8740013673],[534855.87533816614,1524464.2496307006],[534873.12458577089,1524493.1254681307],[534888.9996370594,1524519.4996198064],[534895.74986553751,1524536.0002956847],[534902.99976483046,1524571.5003265573],[534909.68750398408,1524585.2496031646],[534921.81270823756,1524614.2503379832],[534944.8127614304,1524671.1252933084],[534912.06217957684,1524735.5001052245],[534886.37516668951,1524779.500390704],[534878.18727744464,1524806.3752695811],[534878.37466415775,1524815.3751950029],[534882.37544361688,1524876.3748520496],[534874.06257572293,1524899.4998838915],[534856.43749830546,1524906.2500311092],[534825.06216915452,1524923.6253137495],[534782.56203376618,1524953.8752662353],[534769.25001990958,1524981.0000211499],[534759.43805831077,1524996.5002990123],[534748.74953969801,1525026.1246269082],[534739.56117117661,1525068.374886259],[534739.93700098933,1525082.3750140299],[534740.68760422815,1525112.8748425534],[534741.87547021778,1525163.8751512882],[534742.87489310792,1525204.5002818985],[534732.06139584607,1525228.9995100568],[534719.56247455277,1525239.4995855698],[534669.37525838136,1525264.8753707421],[534655.43859506084,1525267.7497171497],[534609.74971639027,1525270.1253678682],[534560.31204707129,1525277.750121848],[534513.49990450859,1525285.2498971785],[534480.56291106786,1525289.7503474525],[534453.875418904,1525290.4998943047],[534415.81235059956,1525293.8750491741],[534378.99955634878,1525294.749493415],[534335.5624873949,1525286.8749446583],[534304.81278283393,1525277.5002458103],[534211.43731735973,1525253.0000425261],[534146.31295859115,1525239.2487344062],[534110.68794906954,1525240.1252914201],[534051.000080275,1525241.5004628624],[533992.81228031113,1525251.7496872121],[533926.93731830374,1525260.9994886713],[533880.06268641655,1525268.5003203885],[533850.93705420941,1525272.9997142758],[533812.87496103102,1525275.2504676061],[533796.37526027858,1525276.8745399599],[533771.99995438301,1525267.2499650742],[533729.00014817994,1525223.7504880563],[533695.00034865912,1525185.0002809635],[533659.62415878859,1525142.6251242242],[533606.93736963579,1525064.8748340011],[533581.12537809939,1525050.2500567662],[533535.18767977774,1525042.3755080095],[533462.7499572658,1525042.8751788242],[533409.37497293809,1525044.1255341384],[533357.31275198865,1525045.3747518056],[533296.18714116677,1525041.7498021591],[533228.56215303042,1525029.3748031284],[533184.93769736344,1525013.749546617],[533155.49978105456,1525005.6251218226],[533117.00042512547,1524989.9999465717],[533101.62504465168,1524984.001377719],[533055.5624489414,1524973.6251432078],[533010.25045647006,1524991.2502206254],[532997.74950366432,1524999.1247693822],[532976.43804366235,1525011.1250762471],[532972.74954830483,1525017.6254286875],[532950.56258767541,1525044.8750809908],[532935.93781044055,1525071.9998359054],[532931.43727890612,1525094.9998890981],[532927.06278240727,1525125.7495936593],[532927.1876797959,1525130.7497960085],[532917.18735635804,1525189.6246535],[532867.87458442745,1525199.7499555871],[532845.68648615107,1525229.6251346467],[532837.12487986649,1525243.7502410666],[532819.81208655064,1525263.2502420016],[532808.5623829246,1525272.4989870747],[532794.87462051574,1525283.0001189741],[532763.31287977775,1525292.6246938598],[532733.87593859492,1525283.2489386254],[532723.24990930676,1525264.3745622803],[532717.93742285587,1525255.4996155074],[532701.87490359379,1525222.874987429],[532693.7495036734,1525201.3750843273],[532676.37527741957,1525166.1248482319],[532645.06235633278,1525133.750096191],[532624.6254218322,1525129.124667268],[532601.62536863936,1525124.6251921202],[532573.31274773518,1525110.0004148853],[532568.12515867292,1525106.2505678502],[532533.31226658868,1525084.1249588984],[532497.00019953912,1525055.7499299301],[532453.5610990728,1525045.3747518056],[532427.99995870003,1525040.8753579182],[532381.93736298976,1525029.2498244795],[532332.37479628215,1525029.1249270907],[532308.25034155021,1525029.7495765546],[532289.25106781651,1525032.7498767371],[532265.37551399611,1525043.4998282881],[532222.62452744413,1525062.3752610197],[532201.12462434266,1525066.62486013],[532178.37542231334,1525073.6248833851],[532156.87551921187,1525077.8744824955],[532134.25023944513,1525088.6254904328],[532099.06249267422,1525105.9997166866],[532060.06249080424,1525121.0002424736],[532024.81225470884,1525135.8748957461],[531998.37463858258,1525145.3755483693],[531961.5629007183,1525147.5003479244],[531928.25007746497,1525138.1245926898],[531883.56273445743,1525130.250043933],[531869.31273064879,1525117.8750449026],[531847.06222430826,1525092.9999869317],[531797.9378954774,1525058.5004353356],[531782.31272022647,1525043.4998282881],[531752.49994923093,1525018.7497489662],[531717.56207849772,1524992.8753493659],[531690.49981290766,1524978.2495157444],[531659.81154128467,1524971.3754462642],[531630.62447613943,1524972.0000957281],[531600.18713694054,1524976.6254433906],[531539.3748666069,1524984.3750947588],[531524.18792923272,1524986.000223499],[531498.74965473602,1524986.6238165763],[531441.56233404879,1524986.7497703515],[531421.18780761235,1524986.000223499],[531394.37541805999,1524979.0001189834],[531372.62466379476,1524974.3746900603],[531354.62473169062,1524965.8745167137],[531319.62542801932,1524937.3745090964],[531273.24949182081,1524911.7499855338],[531233.49986183795,1524897.4999817251],[531172.25032875361,1524888.7499323408],[531128.7497953492,1524875.7502025859],[531062.18777581386,1524856.9997485033],[531020.12490317633,1524851.624772728],[530966.56253213552,1524846.4996729901],[530930.06210324692,1524860.125027335],[530876.62462959462,1524857.6254543536],[530823.43703198002,1524866.5004011265],[530799.31265850854,1524867.1250505901],[530780.24983906385,1524867.4998240164],[530743.37455548858,1524868.3754059044],[530704.68789410673,1524843.8751213597],[530668.6870547724,1524826.874693406],[530630.18778010365,1524813.7500662624],[530594.56277058204,1524810.8746634685],[530570.49983004865,1524813.9999423001],[530536.25007322966,1524818.6253712231],[530510.93783376855,1524821.7495936684],[530485.62453792093,1524826.1251465536],[530481.874690886,1524828.8745955727],[530450.81262096274,1524860.125027335],[530447.18767131632,1524866.6253797754],[530429.74998061196,1524882.2495799004],[530409.81271692622,1524897.9996525398],[530384.75035350281,1524912.6244297747],[530365.93741009559,1524923.2505403233],[530345.68778104777,1524927.6239804358],[530294.06282284902,1524947.9995632586],[530261.37473031995,1524963.9995931962],[530215.12572302262,1524994.3754994571],[530180.31283093838,1525027.1250249243],[530133.68701870227,1525043.4998282881],[530109.87492933252,1525058.124605523],[530073.18703247025,1525066.62486013],[530022.31267751043,1525064.0003084994],[529965.06286749861,1525061.4996791317],[529921.74972080742,1525057.499956059],[529861.62458926206,1525042.3755080095],[529828.18890013255,1525025.3750800558],[529815.18722012558,1525015.499572746],[529812.06299768039,1524991.3751992744],[529787.50030507171,1524920.6249323064],[529777.4999003734,1524874.9995993469],[529768.0627122008,1524852.2504785783],[529743.1241897794,1524821.000046816],[529729.00013974577,1524813.7500662624],[529693.6875768468,1524827.2505232187],[529648.24954933987,1524838.6260993595],[529628.43726430321,1524860.7496767987],[529619.56223626994,1524863.5001009437],[529591.43700207886,1524856.5000776886],[529571.87451181933,1524835.2499693641],[529562.74968900892,1524825.3745433148],[529542.18777585938,1524815.6250710406],[529512.87475693913,1524812.4997922089],[529473.56133332045,1524815.9998444668],[529440.81278297934,1524828.2499461088],[529389.18782478059,1524849.874746599],[529355.31284138793,1524868.5003032929],[529341.50018159044,1524873.8752790682],[529325.31276493974,1524888.3750776541],[529285.81301099458,1524937.6254415207],[529279.62494265568,1524945.4999902772],[529263.25013929186,1524949.7495893876],[529236.62513645261,1524954.125142273],[529202.18701779458,1524948.6251878485],[529170.68776638119,1524960.8753707511],[529140.87499538565,1524989.5001944965],[529108.12538865802,1525001.7503773991],[529080.31260108959,1525008.8752980428],[529063.93779772578,1525012.9999997646],[529048.81229328969,1525018.4998729285],[529019.75012553297,1525026.875230147],[529009.68731277063,1525032.1252272734],[528977.12509275612,1525050.7497275809],[528947.00003765896,1525068.1250102213],[528920.87470563443,1525089.1251612476],[528900.68756591098,1525096.0002871142],[528870.37512410071,1525105.6249432603],[528841.49936793116,1525120.2496392347],[528809.12461589032,1525146.4999499083],[528794.18747329328,1525159.6244957915],[528781.68757687404,1525168.8753536374],[528768.0622225292,1525183.2502548345],[528742.0628442798,1525211.8751598406],[528718.37467717251,1525232.7504134781],[528701.25032695627,1525258.6248130787],[528687.81235932466,1525283.2489386254],[528671.68637561193,1525298.8751702628],[528660.50021769688,1525309.3753270365],[528630.25018395064,1525318.9999019222],[528601.1245517435,1525323.5003521959],[528573.1878419125,1525325.3752757136],[528556.68708477367,1525327.1253018426],[528535.12469234748,1525328.8763843579],[528509.74996356189,1525329.4999774352],[528472.749782598,1525325.2503783249],[528465.18759920343,1525326.7494720297],[528400.24957076157,1525374.1248311182],[528354.68770225253,1525382.8749617629],[528333.18779915094,1525387.2505146484],[528305.25003293343,1525390.3747370935],[528276.06296778831,1525392.3746392601],[528244.31278395071,1525393.1251612385],[528198.56255360262,1525393.00026385],[528169.37548845739,1525393.7508670888],[528151.62543239084,1525397.874512424],[528140.24985625024,1525399.4995599038],[528074.06261014123,1525394.7502899789],[528047.2501393283,1525391.5001137585],[528029.18885554653,1525379.2500121165],[527983.56149107451,1525333.1238706952],[527959.06226291636,1525319.7494487744],[527926.81240826403,1525298.8751702628],[527880.43744719157,1525273.2495903135],[527848.31257118832,1525258.7497917276],[527808.50150826748,1525241.8752362886],[527753.87519349961,1525243.1245352163],[527727.31259872427,1525248.8753408045],[527688.12512888073,1525257.3745390249],[527676.68706341565,1525258.9995865049],[527650.18695796491,1525265.9996910207],[527605.93793409457,1525276.000095719],[527572.99988426734,1525280.6264997679],[527538.31294595823,1525266.1245884092],[527516.24982633081,1525247.5000881017],[527494.4376391276,1525239.1248121436],[527454.93780392187,1525235.0011668084],[527430.99976077699,1525243.2504889914],[527407.00028469414,1525250.1246397321],[527372.81204207381,1525256.1252400973],[527364.06296781555,1525260.1249631699],[527331.06250992429,1525264.7503920929],[527319.49946581014,1525257.3745390249],[527284.37526475021,1525224.9997869842],[527271.31207054469,1525210.1251337116],[527246.75043432252,1525192.8748297202],[527220.81248901109,1525173.1249527477],[527213.18781629193,1525171.9995760827],[527167.43758594384,1525171.749700045],[527141.49964063242,1525151.9998230722],[527120.62536212069,1525129.6253944694],[527104.74925444566,1525104.4995665953],[527077.37576114049,1525074.6243062753],[527065.4379436,1525055.7499299301],[527043.06253987097,1525024.4994981678],[527022.1247969087,1524999.4996240688],[526993.2500158652,1524960.7503921019],[526961.18754792598,1524950.0004405512],[526952.43749854178,1524955.2505189381],[526929.81221877516,1524966.0004704888],[526904.68736602715,1524979.3748924094],[526879.62492134317,1524993.9996696443],[526827.9375550804,1525010.5004267832],[526782.24973279634,1525012.8751023761],[526737.68728717731,1525011.3749522849],[526683.18798257108,1525016.5000520225],[526655.18772702897,1525017.2495988749],[526627.249879551,1525017.8753047253],[526595.49977697397,1525018.6248515777],[526570.12504818826,1525019.2504761675],[526526.87536594749,1525017.7503260761],[526487.18716890272,1525005.8749978603],[526450.12449861434,1524997.8744953284],[526411.43783723249,1524977.1251954657],[526378.12501397904,1524965.24986725],[526348.68709767028,1524955.7501897528],[526315.56271751644,1524952.7498895703],[526284.87550227996,1524945.7498663149],[526251.6887140621,1524941.5002672046],[526227.5622278176,1524940.7496639658],[526208.68785147252,1524948.8750638862],[526192.18709433358,1524950.5001926266],[526156.37477935944,1524941.2503911671],[526124.3123114201,1524930.5004396162],[526109.00039539696,1524927.125284747],[526084.43770278827,1524911.1253360698],[526068.87501686183,1524897.4999817251],[526044.06139182905,1524871.249752312],[526010.49983018497,1524847.8749256928],[525993.62535600644,1524834.2495713481],[525984.50045193546,1524825.6253944784],[525962.74969767034,1524818.5003925741],[525947.31288425857,1524812.4997922089],[525929.4379308034,1524809.1247186],[525905.25001162093,1524805.8745423798],[525891.24988384987,1524806.1253935434],[525868.43721737014,1524808.0003170609],[525838.18726488436,1524820.1255213143],[525818.00012516102,1524826.9995907946],[525800.37504774355,1524833.8747979219],[525776.56295837369,1524847.1252975799],[525766.50006435078,1524852.5002733553],[525746.62528998964,1524869.499726183],[525727.99973329564,1524888.9997271181],[525702.74990189855,1524948.2504144222],[525698.06206491147,1524963.6247385095],[525690.68718696956,1524976.6254433906],[525675.81261495757,1524991.0004258482],[525663.37504534191,1525001.3745475863],[525633.1875821806,1525014.8749232821],[525602.87514037034,1525024.4994981678],[525597.81147357065,1525024.6254519429],[525569.87468247907,1525025.3750800558],[525543.18719031534,1525025.999648259],[525512.56238314277,1525021.6251517602],[525466.62476608157,1525012.5003289499],[525442.31398102304,1525006.7495233617],[525430.87485917145,1525007.0003745253],[525410.62523012352,1525011.2499736357],[525396.81248906557,1525016.7499280602],[525380.31278831325,1525019.6252495938],[525367.87529995805,1525028.8750510532],[525335.249615493,1525048.7499066747],[525316.56270712148,1525064.5000605749],[525311.50001544773,1525064.6249579634],[525286.50111647486,1525082.9995822331],[525248.87522966054,1525103.1252890185],[525233.74972522445,1525107.2499907403],[525200.68783439521,1525107.9995375928],[525181.56260688638,1525105.9997166866],[525154.3754439078,1525084.9994843998],[525141.6245338039,1525082.7497874561],[525096.68731475878,1525066.0002106661],[525058.50032419176,1525062.9999104836],[525043.24992236705,1525063.3746839096],[525003.93755513488,1525065.6254372399],[524973.81250003772,1525081.625385917],[524948.68756602926,1525093.7496150446],[524928.56291563041,1525103.1252890185],[524916.06293795072,1525112.2501930895],[524893.9998183233,1525144.6249451304],[524886.68742970587,1525158.8749489391],[524873.0621566216,1525174.5002054505],[524850.93760405621,1525204.2504058608],[524832.24955803761,1525219.9995846348],[524803.49975564319,1525239.8754153827],[524764.37477512413,1525253.4997133408],[524745.43790945446,1525257.7503688377],[524707.6247171876,1525270.1253678682],[524675.12498649769,1525293.8750491741],[524665.06209247478,1525297.8747722467],[524637.12538264378,1525298.6253754857],[524586.00115164625,1525340.6257587988],[524561.12511854945,1525361.49995605],[524533.81297692168,1525388.9994843907],[524463.12519927823,1525463.2497223562],[524438.43760928093,1525493.1249014158],[524414.62446352467,1525506.5004609835],[524374.37516272697,1525523.9995846257],[524355.49972999538,1525533.3753398603],[524306.2505037759,1525546.0002149285],[524283.50130174664,1525551.6250667416],[524245.65633662435,1525564.0000657723],[524207.5317541213,1525563.6252923461],[524167.87532993202,1525553.1252168329],[524134.25022257696,1525529.7503089535],[524105.5628282465,1525499.8751298939],[524060.43724736228,1525474.1246525559],[524019.4065455962,1525458.6253498197],[523997.65473494452,1525452.7507032296],[523951.65771645779,1525443.6257991586],[523908.25030758645,1525435.7501940154],[523892.90669996821,1525430.9998677038],[523849.40616656386,1525420.6246895792],[523806.24969011662,1525422.8754429095],[523787.71937072865,1525392.7503878123],[523804.87549380038,1525489.0002809544],[523810.46857275791,1525503.8748529665],[523810.46857275791,1525531.8751085086],[523808.59364924039,1525548.6246852984],[523802.99951389642,1525571.0001702881],[523795.56222789036,1525589.6246705956],[523784.37501358887,1525612.0000743247],[523778.78087824484,1525636.2504015712],[523775.06280406535,1525654.8749831391],[523765.75051328138,1525679.0004129971],[523748.99988010485,1525716.2504699987],[523739.65589772584,1525749.8745209672],[523732.21861171984,1525777.7488227342],[523721.03139741835,1525796.3753545543],[523709.87489958585,1525818.7497831571],[523700.56269006233,1525833.6254115556],[523683.78134041681,1525880.2501674052],[523674.4691308933,1525898.8746677127],[523663.2808602053,1525915.6242445027],[523661.43770954327,1525954.7502814084],[523646.53128341527,1525992.0003384098],[523640.93722933176,1526008.7499151998],[523635.34406911378,1526023.6244872119],[523626.03080320376,1526051.6247427538],[523620.43772424624,1526066.500452413],[523613.00043824024,1526107.5003564495],[523616.71859368024,1526127.9997802745],[523624.15587968624,1526150.375265264],[523640.93722933176,1526191.3751693005],[523650.25049524178,1526247.2497266096],[523655.8435741993,1526278.8749317981],[523655.8435741993,1526299.3754120097],[523657.71849771682,1526340.3753973066],[523668.87499554927,1526357.1249740967],[523683.78134041681,1526375.7504495301],[523696.81276176684,1526390.6251028026],[523709.87489958585,1526405.6246534637],[523734.09353523736,1526426.1251336753],[523756.43619098485,1526439.1258385561],[523784.37501358887,1526457.7503388638],[523802.99951389642,1526485.6246406308],[523812.31277980638,1526539.7502281973],[523817.90594002442,1526558.3747285048],[523842.12449441542,1526589.9999336933],[523862.62497462693,1526614.2503422003],[523877.53140075493,1526629.1249142124],[523892.43774562248,1526649.625394424],[523925.96859079751,1526709.2498800284],[523942.71922397398,1526750.2497840649],[523966.9378596255,1526793.1256680056],[523972.53093858302,1526815.3751992199],[523976.25006914901,1526845.2503782795],[523993.03141879453,1526886.250282316],[524019.09426149452,1526943.999844403],[524032.15639931359,1526966.375248132],[524048.90597610356,1526986.7508309551],[524063.81337735755,1526996.1244734165],[524086.18772470008,1527009.1251782975],[524104.81230626814,1527029.6246833832],[524119.71865113563,1527044.5003117817],[524155.09370335913,1527074.3754908412],[524171.87505300465,1527089.2501441136],[524203.53097466216,1527156.3753801747],[524214.72022047621,1527191.7504323982],[524222.15653135622,1527223.3746624608],[524225.9063783912,1527242.0002191549],[524233.34374565771,1527305.3745517943],[524233.34374565771,1527336.9997569828],[524235.21866917523,1527365.0000125249],[524238.93779974122,1527405.9999165614],[524255.68737653119,1527471.1263068423],[524257.56238130922,1527504.7504390716],[524268.74951435026,1527532.6247408385],[524278.06286152074,1527556.8740929591],[524285.50014752673,1527597.875053382],[524292.93743353279,1527616.4995536895],[524294.81235705025,1527633.2501056055],[524300.43720886332,1527659.3754376301],[524311.56299022678,1527687.2507957837],[524317.18784203974,1527735.7504751508],[524328.37505634129,1527774.8754556696],[524337.68726586481,1527864.2511980713],[524319.06276555732,1527955.4998324779],[524311.56299022678,1527981.6251645023],[524298.56228534575,1528015.1252932083],[524305.9995713518,1528039.3746453288],[524315.31283726182,1528059.8751255404],[524313.43791374424,1528104.4990040974],[524302.24972431676,1528154.8746633686],[524298.56228534575,1528221.875002041],[524300.43720886332,1528255.5001093959],[524305.9995713518,1528277.7495593501],[524305.9995713518,1528300.1249630791],[524305.9995713518,1528339.2500248586],[524307.87457612972,1528404.5003374021],[524307.87457612972,1528430.4996343912],[524304.12464783422,1528454.7500428981],[524304.12464783422,1528473.3745432056],[524305.9995713518,1528505.1246457826],[524317.18784203974,1528534.8749274537],[524328.37505634129,1528561.0002594783],[524333.93741882977,1528598.2503164797],[524350.68797074573,1528631.7504451857],[524382.37460887234,1528721.1252124612],[524447.56251335191,1528827.3754290415],[524466.18701365939,1528857.1246543259],[524527.68739790737,1528978.2495241784],[524546.31295460148,1529047.1247863686],[524561.18752661347,1529088.1247716655],[524568.68730194401,1529119.8759306292],[524576.12466921052,1529138.5004309367],[524592.87522112648,1529186.8752129152],[524596.62514942198,1529229.7501217297],[524594.75022590451,1529257.7513523977],[524587.31188351195,1529287.4996025562],[524583.56301160296,1529324.7496595578],[524579.81210818142,1529367.6235119859],[524577.99959272798,1529417.8752489944],[524576.12466921052,1529447.7505093145],[524572.37474091491,1529505.4989337544],[524568.68730194401,1529535.2502718118],[524568.68730194401,1529568.7504005178],[524570.49981739745,1529600.4995279689],[524574.24974569294,1529652.625213369],[524572.37474091491,1529691.7501938881],[524570.49981739745,1529714.1235661046],[524563.06253139139,1529745.7487712931],[524559.37509242049,1529766.2503078911],[524546.31295460148,1529835.2504674697],[524550.06280163641,1529859.3749222017],[524559.37509242049,1529878.0004788956],[524566.81237842643,1529922.7503112277],[524570.49981739745,1529950.7495103832],[524576.12466921052,1529987.9995673848],[524579.81210818142,1530015.8749255382],[524587.31188351195,1530060.6257329963],[524592.87522112648,1530090.3749582809],[524583.56301160296,1530153.750347307],[524566.81237842643,1530185.3745773693],[524542.56205117994,1530248.7498851349],[524546.31295460148,1530293.499717467],[524574.24974569294,1530314.0001976786],[524622.68799212202,1530341.8744994455],[524639.43756891205,1530341.8744994455],[524656.24955376599,1530347.5003263846],[524682.31239646603,1530373.624683283],[524697.18704973848,1530395.8751083631],[524695.37453428505,1530410.8747402846],[524667.37533512956,1530470.5002010153],[524654.37463024852,1530489.1247013228],[524626.43783915695,1530516.9999782157],[524602.18751191045,1530545.0012901442],[524587.31188351195,1530578.5004437242],[524577.99959272798,1530626.8752257028],[524585.43793512043,1530651.1245778233],[524591.0002976089,1530677.2498285873],[524568.68730194401,1530697.7503087989],[524533.24976039596,1530703.2502632232],[524509.06395398639,1530701.5002370942],[524484.81248909293,1530699.6253135768],[524432.68786007934,1530684.6247065293],[524417.74974235636,1530679.1248333652],[524380.49968535476,1530690.2495583424],[524373.06239934883,1530708.8751150363],[524365.62503208232,1530749.8750190728],[524358.18774607626,1530772.2504228018],[524352.5628942633,1530792.7488715008],[524346.99955664878,1530807.6244998993],[524348.81199084176,1530848.6254603225],[524356.3128225588,1530878.3747668674],[524382.37460887234,1530893.3752926544],[524419.62466587382,1530923.1245179391],[524434.56278359692,1530945.5000029285],[524434.56278359692,1530969.750330175],[524430.81293656188,1531007.0003871766],[524417.74974235636,1531025.6248874841],[524406.56252805481,1531044.250444178],[524380.49968535476,1531073.9996694627],[524348.81199084176,1531118.7495017946],[524320.87528101075,1531165.2504166421],[524285.50014752673,1531191.3746922801],[524257.56238130922,1531230.4996727991],[524248.25009052519,1531251.0001530107],[524248.25009052519,1531295.7499853428],[524257.56238130922,1531325.5002670137],[524272.46872617671,1531372.1250228633],[524270.59380265925,1531403.7502280518],[524240.7810316637,1531420.4998048418],[524222.15653135622,1531414.9998504173],[524205.40589817968,1531401.8753045343],[524188.62462979468,1531381.3748243228],[524171.87505300465,1531366.5001710502],[524156.96870813717,1531351.6245426517],[524136.46920305165,1531325.5002670137],[524114.1245157916,1531308.7506902236],[524082.4378776651,1531282.6253581992],[524061.96917030908,1531271.4995768357],[524032.15639931359,1531256.6250048238],[523987.4372834505,1531241.7503515512],[523946.46907100902,1531245.3753011976],[523927.8128791065,1531271.4995768357],[523924.09366727999,1531286.3752052342],[523927.8128791065,1531308.7506902236],[523931.56272614148,1531333.0000423442],[523940.87501692551,1531357.2503695907],[523948.3123029315,1531373.9999463807],[523968.81278314302,1531427.9995801724],[523976.25006914901,1531457.7498618434],[523987.4372834505,1531480.1252655725],[523991.15649527701,1531510.000444632],[523953.90643827547,1531550.8754512798],[523937.12508863001,1531565.8750019409],[523884.96868676093,1531591.875436577],[523866.34418645344,1531604.9999824599],[523847.71862975945,1531623.6245640281],[523830.96905296942,1531649.6249174036],[523819.78086354188,1531666.3754693195],[523808.59364924039,1531681.3750199806],[523808.59364924039,1531714.875229947],[523830.96905296942,1531739.1245820676],[523858.90584406094,1531748.375358653],[523871.93726541096,1531770.7497872561],[523858.90584406094,1531783.7504921372],[523823.49999410793,1531787.5003391721],[523782.5308065404,1531795.0001145026],[523765.75051328138,1531798.7500427982],[523730.34466332832,1531813.6246148101],[523700.56269006233,1531834.1250950217],[523685.65626393433,1531848.9997482942],[523672.59412611526,1531867.6253049881],[523646.53128341527,1531903.0003572116],[523639.06222455378,1531932.8745611452],[523644.65635989775,1531947.7501895437],[523659.5627047653,1531962.6248428163],[523680.06220985082,1531981.2503995101],[523694.9685547183,1531992.5000218758],[523709.87489958585,1532016.6254517338],[523713.5941114123,1532059.5003605483],[523713.5941114123,1532083.7497126688],[523711.71918789484,1532117.2498413748],[523715.46903492982,1532137.7503215864],[523724.78132571385,1532206.6246086503],[523730.34466332832,1532225.2501653444],[523730.34466332832,1532255.125344404],[523726.62447637581,1532301.6252028649],[523728.50045627984,1532320.3746005611],[523719.18719036982,1532381.7500874205],[523719.18719036982,1532402.2495112456],[523694.9685547183,1532452.625251777],[523713.5941114123,1532473.1246756022],[523735.93774228584,1532480.499553544],[523754.56232385384,1532484.2504569655],[523771.34359223885,1532493.6262122001],[523808.59364924039,1532502.874957273],[523844.00047431944,1532540.1250142746],[523853.31276510342,1532556.8755661906],[523862.62497462693,1532579.2499947937],[523871.93726541096,1532599.7504750052],[523870.06234189344,1532627.7496741607],[523858.90584406094,1532698.4999411288],[523842.12449441542,1532713.3745131409],[523784.37501358887,1532692.8750893157],[523756.43619098485,1532663.1248076449],[523717.31121046585,1532676.1244561393],[523715.46903492982,1532711.4995896232],[523726.62447637581,1532741.3737935568],[523748.99988010485,1532767.3752033189],[523767.62543679884,1532785.9997036264],[523795.56222789036,1532834.5004393798],[523804.87549380038,1532849.3750926524],[523819.78086354188,1532873.6254198989],[523830.96905296942,1532892.2499202064],[523845.84370624193,1532923.8751253949],[523849.59355327691,1532944.3746304805],[523849.59355327691,1532963.000105914],[523834.68720840942,1532981.6236310955],[523797.40643493889,1532992.875366234],[523762.03130145487,1533000.2501629156],[523726.62447637581,1533007.7499382461],[523702.4058407243,1533011.4998665415],[523687.49949585681,1533015.1248161879],[523652.1254187593,1533026.37549494],[523627.90580798179,1533028.2504184574],[523603.68717233028,1533002.1251676935],[523609.28122641373,1532959.250258879],[523611.12551472272,1532918.2503548423],[523607.40630289627,1532888.5000731715],[523601.81216755224,1532856.8748679829],[523596.21908859472,1532826.9996076629],[523586.90582268476,1532810.2500308729],[523564.56219181122,1532782.37475398],[523531.03126537567,1532758.1254018594],[523512.40570868168,1532756.2504783417],[523486.31214951264,1532765.5001985407],[523462.09351386112,1532780.4987740759],[523450.90638082015,1532795.3754588608],[523441.59409003612,1532815.874882686],[523434.15574764361,1532832.6264909883],[523426.68774516863,1532853.1249396873],[523413.65632381861,1532910.8754769005],[523404.34403303458,1532927.6250536905],[523382.00040216109,1532916.5003287136],[523363.3748454671,1532901.4997216659],[523322.37486017006,1532843.7502408393],[523281.40672898904,1532819.6248109813],[523231.09347778198,1532806.5001838377],[523199.43755612447,1532804.6252603203],[523156.5933637789,1532813.9999591683],[523113.71853622486,1532838.250286415],[523065.31303777738,1532882.8752213584],[523035.50026678183,1532914.6253239354],[523022.43707257631,1532942.4986505765],[523001.96836522029,1532985.3745345171],[522992.65607443632,1533004.0000912109],[522977.74972956878,1533032.000346753],[522962.84338470129,1533052.499770578],[522953.53109391726,1533069.2504037546],[522899.49976853072,1533093.374777226],[522869.68699753523,1533121.3750327681],[522860.37478801172,1533136.2496860407],[522851.06249722769,1533154.8752427346],[522826.84386157617,1533206.999871748],[522797.03117184114,1533236.8750508076],[522774.68745970714,1533253.6246275976],[522754.18803588214,1533270.3752607743],[522733.68755567062,1533281.6248831397],[522716.9379788806,1533292.7496081167],[522700.15662923508,1533305.7503129977],[522685.25028436759,1533315.1250931062],[522664.78157701157,1533328.1237664747],[522651.71943919256,1533337.5004968352],[522631.24967545003,1533352.3751501078],[522620.06246114854,1533363.4998750847],[522608.87524684699,1533378.5004008717],[522597.71874901454,1533404.4997791213],[522588.40653949103,1533426.8742077244],[522577.21826880297,1533454.8754383924],[522569.75026632799,1533473.4989635739],[522554.87463792949,1533503.2502203709],[522547.405579068,1533523.7497254563],[522530.65600227797,1533568.4995577885],[522491.53102175891,1533594.4999111639],[522465.43738132942,1533616.875314893],[522446.81288102188,1533635.5008715868],[522420.71834672685,1533652.2504483769],[522402.09376515885,1533659.7502237074],[522385.34426962934,1533667.2499990379],[522351.81236806785,1533672.7498722021],[522325.7187276383,1533680.2496475326],[522297.78096142079,1533697.000280709],[522284.74954007077,1533709.9999292034],[522267.96924681176,1533730.500409415],[522258.65598090173,1533752.8748380181],[522254.93782546173,1533769.6253899341],[522238.15655707673,1533808.7504517136],[522208.37450255023,1533847.8754322326],[522187.87402233871,1533866.4999325401],[522158.06230772968,1533888.8753362691],[522137.56288390467,1533903.7499895417],[522100.31282690313,1533952.2496689088],[522055.5937110401,1533998.7495273696],[522031.37507538858,1534022.9998546161],[522016.4687305211,1534037.8745078887],[521975.49946169305,1534101.2498969147],[521955.00003786804,1534123.6253006437],[521914.03085030051,1534166.4991530718],[521900.9687124815,1534175.7499296574],[521856.28128821345,1534220.4997619893],[521807.84409817093,1534276.3753756848],[521785.46861318138,1534296.87479951],[521770.56226831389,1534321.125208017],[521757.53084696387,1534336.0008364154],[521742.62450209638,1534375.123785422],[521725.87492530636,1534421.624619009],[521722.12499701086,1534436.6252260567],[521714.68771100487,1534455.2497263642],[521705.37550148135,1534472.0003595406],[521705.37550148135,1534499.8746613075],[521707.25042499887,1534520.3751415191],[521705.37550148135,1534566.9998973687],[521705.37550148135,1534594.8752555221],[521703.49846519087,1534609.8748061832],[521696.06215431087,1534635.8751595586],[521690.46907535335,1534662.0004915833],[521681.15580944333,1534686.2498437038],[521671.84359991981,1534706.7503239152],[521653.21901835181,1534732.7496209042],[521632.7185381403,1534753.2501011158],[521597.31276944774,1534760.7498764463],[521532.12486496824,1534771.8746014233],[521502.31217523321,1534803.6247852608],[521491.12496093172,1534837.1249139667],[521485.56259844318,1534851.9995672393],[521468.78230518417,1534872.5000474509],[521453.87490393018,1534926.4996812423],[521440.84348258015,1534958.2497838195],[521420.34405875514,1534989.8749890081],[521396.12542310363,1535025.250122492],[521375.62494289211,1535056.8753276805],[521366.31265210808,1535079.2497562836],[521357.00044258457,1535099.7502364949],[521343.9690212346,1535125.874512133],[521332.7807505466,1535172.37534572],[521325.34346454055,1535194.7497743231],[521317.87546206557,1535217.1251780521],[521304.84404071554,1535239.4996066552],[521295.53174993157,1535261.8750103842],[521273.18706267152,1535304.7499191987],[521260.12492485251,1535338.2500479047],[521243.37534806249,1535384.7499063658],[521226.59302329097,1535423.8748868848],[521219.15671241097,1535440.7504174497],[521207.96852298349,1535462.9998674039],[521200.53115571698,1535479.7505005803],[521191.21894619346,1535505.8747762183],[521181.90665540949,1535522.6253281343],[521172.59338949947,1535541.2499097022],[521163.28109871544,1535569.2501652443],[521153.93711633643,1535582.249813739],[521142.78167489043,1535597.1254421375],[521129.75025354046,1535610.2500692809],[521101.78177085391,1535625.1247225534],[521075.71892815392,1535656.7499277419],[521060.81250202586,1535690.3749538364],[521042.18800171837,1535731.2499604844],[521042.18800171837,1535749.8745420524],[521040.31202181434,1535787.2494964425],[521040.31202181434,1535809.500002783],[521040.31202181434,1535828.1245030905],[521032.87473580835,1535861.7496104457],[521019.81259798934,1535871.0003870311],[521001.18704129534,1535884.000116786],[520980.68761747034,1535895.2497391517],[520967.65619612031,1535904.4995406112],[520952.74976999231,1535912.0003723281],[520914.62526874978,1535930.2500992094],[520913.59407300426,1535963.124522065],[520917.43712583283,1535988.1244774244],[520921.28123504791,1536022.7500640561],[520925.12534426292,1536043.8751124709],[520928.96839709149,1536067.0001443129],[520936.65661552164,1536088.1252739883],[520952.06271246442,1536116.8750763827],[520967.43703655171,1536134.250359023],[521019.34356238309,1536147.7496783324],[521061.65525467182,1536157.2504122159],[521125.09410814842,1536159.2502331219],[521201.9996142133,1536168.8748080076],[521255.84355288674,1536191.8748612006],[521275.06198618904,1536207.2502416742],[521292.37477950484,1536236.1250227178],[521305.81274713657,1536259.2499732992],[521313.49990918022,1536337.9996864125],[521313.49990918022,1536368.7504473601],[521309.65579996514,1536416.8753533009],[521303.90605076356,1536455.3747092301],[521298.12452870642,1536478.3747624231],[521273.12457334698,1536541.8750488376],[521267.3748241454,1536570.6248512322],[521257.75024925976,1536605.2503566032],[521253.90614004468,1536639.8748868483],[521259.68766210176,1536689.8747975673],[521282.75020461919,1536737.9997035081],[521384.65664116945,1536764.8745823852],[521482.71896850469,1536762.9996588675],[521549.99981842336,1536749.5002582979],[521580.74952298438,1536735.9998013414],[521626.90638087469,1536712.9997481487],[521665.34324747935,1536701.3753523568],[521701.87544922344,1536697.6243676748],[521740.34400742315,1536699.5003475789],[521788.40650529996,1536737.9997035081],[521819.15620986104,1536768.7503831952],[521873.00014853448,1536799.5000877562],[521928.74980845494,1536820.6252174315],[521949.90565459931,1536834.1246180013],[521971.06247586966,1536843.7502492734],[522032.59365784726,1536874.4999538346],[522121.0314102968,1536905.2496583955],[522196.00153503206,1536928.2497115885],[522253.68755140807,1536949.4997386523],[522313.2812392831,1536974.3757717491],[522399.81229535962,1537001.3745728887],[522445.96915324993,1537016.7509284886],[522532.46843647095,1537051.3754587336],[522580.53093434777,1537072.5005884089],[522647.84355712193,1537095.6245638644],[522665.15635043778,1537108.9989857851],[522730.49978751439,1537147.5003732268],[522740.12541878654,1537185.8747505068],[522717.06287626916,1537239.7504620359],[522713.21876705409,1537272.5000687635],[522709.37473909953,1537306.9996203594],[522697.81275137182,1537331.999575719],[522695.90605499881,1537347.3749561927],[522695.90605499881,1537378.2506145288],[522695.90605499881,1537403.2495135018],[522709.37473909953,1537445.4996915918],[522724.75003831281,1537464.7498977499],[522736.28130957147,1537482.000201741],[522753.59410288732,1537497.3745258283],[522774.71923256264,1537505.1252335829],[522809.34376280778,1537508.8750806181],[522878.56202556845,1537503.1253314165],[522916.99994855962,1537487.7499509426],[522941.9998226586,1537468.4998260452],[522974.68799644813,1537449.374517276],[522995.8438425925,1537435.8751167061],[523066.96880172624,1537414.7510434175],[523163.09371621942,1537387.7502107653],[523216.93871127936,1537391.6250364494],[523245.78171946737,1537397.374785651],[523282.31294608553,1537401.2496113351],[523336.15590963291,1537412.7501661249],[523388.06243546435,1537437.7501214843],[523461.12480744009,1537459.0001485483],[523478.43760075595,1537474.375529022],[523574.56251524907,1537503.1253314165],[523611.09374186723,1537518.4996555035],[523653.37471768697,1537535.8749381439],[523705.3130163739,1537555.1250630415],[523780.28102833615,1537574.2502905501],[523812.96920212574,1537587.7496911199],[523834.1250482701,1537595.5003988745],[523853.34348157246,1537603.1250715936],[523880.2500520444,1537614.6245699967],[523916.78127866256,1537630.1248478591],[523932.18737560534,1537672.3751072099],[523932.18737560534,1537708.8745609724],[523924.4684407062,1537768.5000217031],[523912.93716944748,1537799.249726264],[523870.65627488826,1537839.6250620973],[523824.50047338445,1537868.5008182668],[523797.593821652,1537885.7500658715],[523770.6564534505,1537918.4996725991],[523755.28115423722,1537945.3745514762],[523743.74988297856,1537964.624757634],[523739.90577376349,1537991.4996365109],[523749.53140503564,1538012.6246849257],[523770.6564534505,1538026.1251418821],[523797.593821652,1538035.7497167678],[523870.65627488826,1538066.5003964547],[523878.34238054539,1538087.624551004],[523905.25000740384,1538120.3751328576],[523905.25000740384,1538141.5002625331],[523905.25000740384,1538156.8745866204],[523912.93716944748,1538252.9995011135],[523912.93716944748,1538268.3748815872],[523924.4684407062,1538320.2497158237],[523943.718646864,1538335.6250150369],[523989.84373189881,1538356.8751233614],[524024.46923726995,1538364.4997960804],[524049.46919262939,1538374.1254273525],[524072.53165388625,1538397.250377934],[524086.00033798703,1538418.3755076095],[524103.28135844728,1538512.6254985849],[524114.81262970599,1538524.1249969881],[524170.59406248201,1538568.3751585055],[524209.03092908661,1538585.6244061103],[524226.34364114195,1538599.124781806],[524247.49948728632,1538622.1249162594],[524260.93745491805,1538641.3740660308],[524264.78156413313,1538666.3749965162],[524280.18766107591,1538693.2498753932],[524293.62554744713,1538731.7502064484],[524308.99995279487,1538766.3747366935],[524332.06241405173,1538789.3747898862],[524343.625458166,1538831.7499466257],[524364.74953145487,1538862.4996511866],[524389.75054320076,1538876.0001081428],[524441.68778550124,1538887.499606546],[524482.06206494791,1538899.0001613358],[524522.43837590714,1538910.499659739],[524562.8126553538,1538914.3755418095],[524699.31290568016,1538922.125111917],[524789.68701458524,1538922.125111917],[524839.68790043017,1538927.8748611188],[524868.50019214908,1538937.5004923909],[524895.43756035063,1538945.12516511],[524914.62527718395,1538956.7496421624],[524964.62510664226,1538979.7496953551],[525008.87526815955,1538995.125075829],[525018.49984304525,1539022.1248520943],[525028.06298499287,1539047.1248074539],[525031.93781067699,1539066.2500349625],[525035.75014703651,1539104.7504472784],[525031.93781067699,1539121.9996948831],[525026.1870050889,1539145.124726725],[525010.81268100161,1539189.3748069818],[525001.1870497294,1539210.5009117832],[524991.56247484381,1539231.6250663325],[524978.12450721208,1539260.4997661156],[524954.99955663062,1539291.2494706765],[524939.62523254333,1539322.0002316241],[524912.75035366637,1539360.4995062929],[524916.56269002601,1539393.1251907579],[524926.1872649116,1539437.3742958887],[524930.06209059572,1539469.9999803538],[524930.06209059572,1539510.3752349264],[524930.06209059572,1539550.749514373],[524928.12467775366,1539587.3749219107],[524922.31243922759,1539629.6251812615],[524920.43751571001,1539654.6251366208],[524928.12467775366,1539708.4997917633],[524956.93900098512,1539712.2497200589],[525006.93785531749,1539700.7511967816],[525026.1870050889,1539691.1245903836],[525064.62484681956,1539685.374841182],[525101.12535696861,1539681.5000154979],[525141.49963641539,1539693.125467676],[525178.06255462847,1539700.7511967816],[525210.74967203161,1539727.6250192721],[525229.93738886493,1539743.1263535209],[525245.37517740275,1539762.2495495172],[525258.81111352192,1539783.4995765812],[525283.81204400735,1539814.2503375288],[525301.12483732321,1539831.4995851335],[525331.87454188417,1539854.6255921014],[525349.18733520003,1539889.1252249579],[525377.99962691893,1539910.3752520219],[525402.99950101797,1539925.7495761092],[525441.43742400908,1539937.2501308988],[525468.37479221052,1539942.9998801004],[525508.75004678324,1539946.8736493979],[525541.43716418638,1539946.8736493979],[525562.56229386164,1539948.749629302],[525595.25038639072,1539954.5004348902],[525629.87491663592,1539956.5003370566],[525660.62462119688,1539954.5004348902],[525704.87470145372,1539992.9997908194],[525700.99995703006,1540008.3750900326],[525699.12495225214,1540033.375045392],[525699.12495225214,1540052.6252515498],[525702.93728861166,1540073.7503812253],[525729.8746568131,1540131.4998620518],[525781.75054743607,1540160.2496644461],[525802.93711004942,1540173.7501214023],[525847.12470098166,1540210.250550291],[525891.37486249895,1540246.7510604402],[525937.49986627325,1540273.7498615796],[525954.81265958899,1540292.999986477],[526022.12528236327,1540321.749870132],[526056.68732328375,1540348.7496463975],[526066.31295455596,1540364.1250268712],[526037.49960645044,1540415.9998611077],[526004.81248904741,1540440.9997352066],[525972.12545290485,1540460.2499413644],[525952.87524674705,1540473.6244445457],[525941.37574834377,1540496.7504515136],[525912.49991091376,1540531.3749004982],[525908.68757455423,1540546.7502809719],[525906.75016171217,1540577.4999855331],[525906.75016171217,1540598.6251152083],[525908.68757455423,1540619.7502448836],[525924.06295502803,1540639.0003697809],[525962.49982163263,1540656.3745960349],[526039.4370192925,1540654.3747751287],[526114.37537117233,1540667.8751508244],[526187.43782440852,1540681.3745513943],[526250.87464637263,1540714.0002358593],[526293.18731378741,1540748.6246848439],[526381.62506623694,1540767.8748910017],[526422.00040207012,1540773.6246402033],[526452.75002537074,1540777.5005222741],[526514.31298020377,1540783.2502714756],[526554.68717838998,1540787.1250971595],[526575.81230806536,1540802.5004776334],[526602.7496762668,1540829.3753565103],[526604.68708910886,1540861.9999845889],[526596.99992706522,1540881.2501094863],[526591.18768853915,1540902.3752391615],[526583.499470109,1540921.6254453193],[526573.8748952233,1540958.1248990821],[526564.31280966219,1540994.7503066198],[526562.37539682013,1541031.2497603823],[526560.43798397807,1541067.7501892711],[526562.37539682013,1541094.7500467971],[526556.62459123204,1541163.8751850247],[526550.81243396644,1541187.0001356062],[526537.37544146064,1541219.6247636846],[526512.37451097521,1541248.4995447281],[526475.87505721266,1541283.1250500993],[526435.49972137948,1541313.8747546603],[526412.37477079802,1541350.3752648095],[526393.1859975782,1541379.250045853],[526377.81272987742,1541406.1249247298],[526372.00049135124,1541459.9995798722],[526366.24968576315,1541492.6252643373],[526372.00049135124,1541515.7492397928],[526431.62595208187,1541550.3747451638],[526497.00018688804,1541571.4998748393],[526558.49959601008,1541596.4998301987],[526589.31276502158,1541611.8751294119],[526652.74958698568,1541621.4997042976],[526721.93713327742,1541644.6247361396],[526733.50017739157,1541656.1252909293],[526758.5000514905,1541667.6247893325],[526796.93797448173,1541681.1252462887],[526850.75022156013,1541702.2502947035],[526860.37479644583,1541715.7496952733],[526871.93775929953,1541807.9998653429],[526839.24966677045,1541882.9996501608],[526800.75031084125,1541942.6251108912],[526783.50000684999,1541983.0004467245],[526764.24980069208,1542013.750070025],[526756.56263864855,1542034.8751997002],[526750.81288944697,1542054.1254058583],[526748.87547660491,1542073.3745556294],[526744.99967579474,1542092.4997831383],[526727.68793886551,1542156.000069553],[526718.12479691789,1542215.6245551575],[526718.12479691789,1542234.8746800548],[526719.99972043536,1542275.2489595015],[526725.81293408747,1542325.2498453464],[526737.31251375121,1542348.2499797998],[526752.68789422489,1542377.1246795829],[526768.1246263762,1542398.2498092582],[526789.24975605158,1542423.2487082311],[526816.18712425302,1542457.8752699888],[526845.00039109809,1542494.3747237513],[526860.37479644583,1542513.6249299091],[526885.37572693126,1542532.8750548065],[526902.68746386049,1542546.2495579878],[526927.68741921999,1542559.750014944],[526943.06377481972,1542567.4995850516],[526962.31292459113,1542575.1263705436],[526993.06262915209,1542582.8749655255],[527074.68774505949,1542566.5001621617],[527107.31237313803,1542556.9995095385],[527145.68780680466,1542549.2498581703],[527199.43756455858,1542539.7502619338],[527235.87452899665,1542528.124728495],[527279.99971186486,1542510.8754808903],[527329.93713325926,1542499.3749261005],[527398.99978216237,1542508.9995009862],[527408.62541343446,1542539.7502619338],[527406.68800059252,1542572.3748900122],[527402.81211852189,1542591.500117521],[527389.37520727667,1542645.249875275],[527374.06231612747,1542708.625264301],[527354.87459929415,1542752.7504471692],[527341.43768804893,1542794.8746714843],[527339.50027520687,1542825.6254324319],[527343.37510089087,1542871.7514925927],[527350.99977361003,1542900.5003198611],[527354.87459929415,1542931.2500244221],[527366.37515408383,1542975.3752072903],[527381.7505345575,1543038.6245612809],[527421.99983535521,1543065.5004965444],[527475.74959310913,1543044.3753668689],[527514.12502677576,1543009.8747588864],[527552.50046044239,1542952.2501754484],[527587.06250136287,1542898.6253963436],[527648.50047754694,1542879.3751901858],[527677.25027994136,1542885.1259957738],[527690.68719118659,1542898.6253963436],[527704.12515881832,1542927.3751987382],[527731.00003769528,1542961.8747503341],[527748.25034168654,1542979.1250543254],[527757.87491657224,1543048.250192553],[527757.87491657224,1543071.2513021324],[527723.31287565164,1543130.7497527015],[527721.43795213418,1543171.1250885346],[527731.00003769528,1543209.5005222012],[527738.68719973892,1543226.74879468],[527761.68725293176,1543242.1251502798],[527782.81238260714,1543259.375454271],[527861.49960639596,1543267.00012699],[527878.74991038721,1543269.0000291567],[527936.37449382513,1543269.0000291567],[527959.37454701809,1543269.0000291567],[527992.00023148314,1543269.0000291567],[528013.1253611584,1543267.00012699],[528040.00024003536,1543263.2492235687],[528064.93770607025,1543259.375454271],[528093.68750846479,1543255.4995722005],[528130.18696222734,1543249.7498229989],[528145.49985337665,1543247.8748994814],[528168.56239589397,1543259.375454271],[528183.93777636776,1543267.00012699],[528195.43833115743,1543278.4997066539],[528210.75122230663,1543303.4995807528],[528218.43732796377,1543318.8749612265],[528224.18715842592,1543338.0001887353],[528233.81270843756,1543372.6247189804],[528239.56245763914,1543393.7498486557],[528243.37479399866,1543414.749999682],[528251.06203730288,1543459.0001611994],[528260.68758731452,1543506.8751911025],[528264.49992367404,1543528.000320778],[528297.12455175258,1543564.4997745405],[528329.75023621763,1543604.7501317246],[528337.43739826127,1543625.8752614001],[528337.43739826127,1543656.6249659611],[528335.49998541921,1543675.7501934699],[528333.62506190175,1543712.2497284929],[528333.62506190175,1543727.6250277061],[528329.75023621763,1543750.6250808991],[528318.24968142796,1543781.3747854601],[528306.75018302479,1543815.8753934426],[528335.49998541921,1543821.6261990308],[528385.43740681361,1543814.0004699251],[528456.43746855878,1543808.2496643371],[528502.49908914301,1543794.7502637673],[528561.99957122444,1543775.6250362585],[528632.99963296962,1543748.7501573816],[528694.37511982908,1543740.9995308875],[528746.18746474094,1543737.2496025919],[528763.5002580568,1543760.2496557848],[528774.99975645996,1543777.4999597759],[528786.50031124963,1543811.9995926325],[528792.25006045122,1543844.6252770976],[528803.81204817898,1543879.2497260822],[528832.56290695991,1543894.6251065561],[528863.25012219639,1543921.499985433],[528892.06241391541,1543927.2507910209],[528957.312726459,1543925.2499137286],[528984.18760533596,1543915.7502362314],[529022.56206387654,1543881.1247308603],[529055.18766708113,1543848.5000215212],[529091.62471277965,1543827.3749731064],[529133.87489086983,1543806.2498434309],[529183.7499042002,1543788.9995394398],[529224.06266944832,1543783.2497902382],[529243.25038628164,1543777.4999597759],[529262.43712798902,1543756.3749113611],[529273.93768277869,1543743.0004081801],[529285.49967050634,1543733.3747769077],[529327.68744053261,1543725.7501041887],[529350.74990178947,1543721.8763348912],[529371.81262340082,1543720.0003549871],[529402.56232796179,1543720.0003549871],[529448.62484241161,1543727.6250277061],[529465.87514640286,1543731.4998533903],[529504.24960494344,1543748.7501573816],[529531.12545894645,1543767.8753848905],[529554.12453701324,1543787.1245346616],[529563.75016828545,1543808.2496643371],[529575.24966668861,1543827.3749731064],[529582.93780385831,1543852.3748472054],[529596.37479636399,1543871.5011311006],[529611.75009557721,1543894.6251065561],[529621.31226239889,1543915.7502362314],[529632.81281718856,1543936.7503872577],[529634.75023003062,1543954.1246135114],[529632.81281718856,1543990.5001450116],[529636.68756161211,1544011.6252746868],[529646.24972843379,1544076.8755872305],[529650.12455411791,1544119.1247901947],[529650.12455411791,1544178.6253535366],[529650.12455411791,1544207.3751559311],[529650.12455411791,1544241.8747887877],[529663.56252174964,1544282.2500433603],[529691.50028796715,1544314.4989228868],[529724.93800860911,1544353.2501051056],[529767.18721157336,1544374.3752347808],[529822.81294923124,1544383.9998096665],[529911.12474790565,1544443.5003730084],[529928.3750518969,1544474.1251801809],[529928.3750518969,1544502.8749825754],[529934.12480109849,1544566.250290341],[529936.06221394055,1544600.7499231976],[529936.06221394055,1544618.1251245774],[529937.99962678261,1544648.7499317499],[529947.56276873022,1544683.3754371209],[529959.06226713338,1544706.3745151879],[529984.06222249288,1544719.7499934949],[529999.37511364208,1544729.3745683806],[530026.24999251904,1544735.1253739689],[530058.87462059758,1544735.1253739689],[530076.12492458883,1544723.6248191791],[530093.43771790469,1544706.3745151879],[530104.93721630785,1544662.2503074456],[530108.74955266737,1544639.2502542527],[530112.62535347743,1544585.5004964988],[530116.43777109752,1544535.5006670405],[530135.62548793084,1544504.8738283555],[530166.37519249192,1544493.3753050785],[530189.37418929825,1544497.1252333738],[530210.50037536013,1544522.1261638594],[530229.68703580694,1544543.2502371483],[530250.8121654822,1544583.4996192062],[530281.50043710531,1544660.2504865394],[530292.99993550847,1544687.1253654165],[530289.18759914883,1544748.624693278],[530281.50043710531,1544775.4995721551],[530256.56288980984,1544794.6248809244],[530208.56296251807,1544800.3746301259],[530170.18752885144,1544815.7500105996],[530150.99981201813,1544859.8751934678],[530150.99981201813,1544881.0002418826],[530158.6879491877,1544911.7499464438],[530166.37519249192,1544934.750080897],[530189.37418929825,1544967.3747089757],[530206.62449328951,1544996.12451137],[530223.93623021885,1545019.1245645629],[530283.43784994725,1545049.8742691239],[530312.18765234179,1545059.4999003962],[530339.06253121875,1545071.0003739253],[530377.43796488526,1545082.4999535889],[530435.00005899882,1545094.0005083787],[530483.00006755104,1545103.6250832644],[530559.74987849779,1545109.374832466],[530688.31203435641,1545122.7503107733],[530720.93771882146,1545138.1246348603],[530765.12539101427,1545155.3749388517],[530780.43722577696,1545164.9995137374],[530805.43718113634,1545172.7501402316],[530845.68753832055,1545197.6251982024],[530882.18699208309,1545224.5000770793],[530935.93780622352,1545270.6250808537],[530957.0004465743,1545285.8745075522],[530989.62401826633,1545310.8755192982],[531010.75020432821,1545330.1246690697],[531020.37477921392,1545347.3749730608],[531037.62508320517,1545370.3750262538],[531053.00046367897,1545399.1248286483],[531062.56254924007,1545416.3751326394],[531064.49996208213,1545431.7505131133],[531068.31229844166,1545472.12479256],[531077.93792971387,1545521.9997246298],[531075.9994604853,1545560.3751582964],[531072.18712412578,1545602.6253363865],[531066.37488559959,1545631.3752200415],[531049.37551403255,1545677.8749972421],[531079.81285323133,1545709.9999545058],[531095.18717731861,1545721.6254066841],[531112.43748130987,1545748.3753881725],[531141.24977302889,1545777.250169216],[531156.62515350268,1545796.3753967248],[531170.06206474791,1545809.8747972944],[531214.18724761612,1545838.6245996889],[531273.68781095813,1545869.3753606365],[531312.06218823825,1545905.7498357501],[531329.31249222951,1545919.2502927063],[531348.50126544933,1545925.0000419079],[531419.500270808,1545969.1252247761],[531444.50022616738,1545986.3744723808],[531454.06231172848,1545999.8749293371],[531494.37515823718,1546045.8750357227],[531502.06232028082,1546074.6248381173],[531509.74948232446,1546090.0002185912],[531540.43775394745,1546105.3735675523],[531578.81213122758,1546105.3735675523],[531649.81219297275,1546103.4996191608],[531697.81220152508,1546105.3735675523],[531766.8748504282,1546107.2494661959],[531791.8123164631,1546116.875097468],[531828.31282661227,1546132.2504779417],[531855.18770548911,1546184.1253121782],[531855.18770548911,1546209.001345275],[531837.87491217337,1546230.1254185638],[531814.87485898053,1546280.0003506336],[531793.74972930516,1546301.1254803091],[531768.81226327026,1546320.3746300803],[531749.62454643694,1546335.625031905],[531718.87484187586,1546370.2495621501],[531703.56300711317,1546431.6250490097],[531707.3753434727,1546464.2507334747],[531713.12509267428,1546487.2497302811],[531716.9999183584,1546518.0004912287],[531728.50047314807,1546558.2497920264],[531741.9373843933,1546606.2498005785],[531782.25023090199,1546661.8745631105],[531799.49947850674,1546679.2497644904],[531870.49954025191,1546715.6252959904],[531889.68725708523,1546721.375045192],[531908.87497391854,1546725.2498708761],[531962.62473167246,1546717.625198157],[531985.68727418978,1546713.7503724729],[532008.68732738262,1546707.9995668847],[532031.68738057557,1546696.5000684815],[532062.43708513654,1546681.1246880079],[532112.31201720634,1546652.3748856133],[532144.93770167138,1546638.8754850435],[532202.49979578482,1546610.1246262626],[532292.68757436331,1546588.9994965873],[532367.56246179261,1546575.6250746667],[532415.56247034483,1546571.7502489826],[532465.43740241462,1546567.8754232985],[532488.43745560758,1546573.6251725],[532503.81283608126,1546581.3748238683],[532517.24974732648,1546596.625225693],[532547.93704382353,1546629.2498537714],[532559.43751735275,1546640.8753872102],[532580.56264702801,1546677.2498623237],[532595.93705237587,1546700.2489403905],[532617.06210079067,1546730.9996200777],[532632.37499193987,1546748.2499240688],[532643.93697966763,1546757.8744989545],[532678.43758765014,1546773.2498794284],[532712.99962857075,1546775.1248029459],[532737.93717586622,1546775.1248029459],[532770.56277907069,1546771.3749559107],[532793.62532158813,1546769.3750537443],[532824.31253682461,1546771.3749559107],[532851.18741570157,1546792.375106937],[532854.99983332155,1546811.625313095],[532860.74958252313,1546838.5001919719],[532864.6253833333,1546859.6253216472],[532868.43771969283,1546878.7494927696],[532878.06229457853,1546892.2488933392],[532902.99976061343,1546899.8746224449],[532920.25006460468,1546899.8746224449],[532962.50032395532,1546894.1248732433],[532995.12495203386,1546890.2500475592],[533012.37525602523,1546888.3751240417],[533046.93729694572,1546892.2488933392],[533075.68718060071,1546907.6253301995],[533087.25014345441,1546920.9997521203],[533116.0000271094,1546953.6254365854],[533125.62460199511,1546976.6254897781],[533146.49985563278,1547006.7495697495],[533151.25018194434,1547066.1251544422],[533144.12518004002,1547085.1254845625],[533120.43798805878,1547113.5005135308],[533108.56265984289,1547127.7505173394],[533080.12514155009,1547144.3751154803],[533061.12489269034,1547165.7501211932],[533042.18697063415,1547187.0001482572],[533018.43842697539,1547217.8747502069],[533001.81374757399,1547248.750408543],[533013.68704427732,1547288.999790601],[533061.12489269034,1547298.5004432241],[533077.74949083128,1547298.5004432241],[533115.68766174722,1547298.5004432241],[533148.87550635159,1547305.6254451284],[533167.87478008529,1547322.2500432695],[533179.68770023715,1547348.3753752939],[533193.93762278522,1547374.3747535434],[533205.81295100111,1547391.0004080709],[533231.8748185751,1547402.8746799002],[533248.50047310255,1547414.7500081162],[533262.7504769112,1547421.8750100206],[533279.31266698812,1547429.0000119249],[533310.18824406376,1547438.4996894218],[533326.75043414067,1547450.2500389887],[533341.00043794932,1547473.9997202945],[533350.5001154464,1547495.374644747],[533362.3129543378,1547530.9996542686],[533371.81263183488,1547549.8750057397],[533383.68796005077,1547571.2500114527],[533412.125397083,1547587.8746908542],[533433.50040279608,1547616.3746172111],[533447.68791728013,1547649.4999724908],[533445.31226656144,1547666.1246518923],[533428.75007648452,1547699.3749045606],[533414.49909754982,1547711.2502327766],[533395.56223188015,1547725.3753391965],[533364.68762993056,1547746.750263649],[533341.00043794932,1547768.125269362],[533336.2510867638,1547808.3746514202],[533333.875436045,1547834.4999021844],[533331.49978532619,1547865.3745853943],[533336.2510867638,1547886.7495098468],[533348.12543985364,1547915.1255952017],[533362.3129543378,1547931.7492182166],[533383.68796005077,1547943.6245464324],[533402.62474445999,1547950.7495483367],[533426.37540089176,1547953.1251990555],[533452.43726846576,1547967.3752028642],[533466.68719101383,1547972.1244727892],[533492.75003371388,1547981.5002280239],[533509.37471311528,1547990.9999055208],[533520.43800515425,1548001.2501049964],[533529.43793057615,1548023.7504873746],[533560.99967131403,1548086.8749439765],[533624.06269497797,1548127.3751771983],[533664.56292819977,1548149.8745031897],[533687.12474351586,1548174.6245825116],[533707.37534768973,1548230.9988918959],[533693.87497199397,1548296.2501795655],[533683.93697535968,1548339.0001909914],[533678.12481809407,1548363.8751677019],[533673.56285362155,1548433.6249553934],[533671.31210029137,1548505.7503938037],[533684.87496531161,1548534.9998670127],[533752.43746412348,1548557.6251467795],[533808.75034056976,1548602.6248551491],[533853.74996767892,1548613.8745587752],[533896.56238716899,1548663.3747174188],[533923.62465275894,1548733.250377625],[533939.37480665895,1548825.625445083],[533941.6245848632,1548915.624780562],[533950.62451028498,1548960.7504427067],[533939.37480665895,1549021.5002237158],[533943.87533819338,1549080.1262615563],[533968.62639264122,1549082.374983374],[534013.68753394892,1549057.6249040524],[534063.2501819171,1549050.8747568347],[534092.50071151275,1549055.3752071084],[534106.06260140706,1549073.3750579522],[534110.56207655498,1549107.1250626959],[534090.24995818257,1549165.6251467613],[534076.74958248681,1549237.7496100455],[534081.25003276067,1549264.7504426977],[534135.31215587677,1549334.6251277777],[534175.8747971626,1549354.8747568256],[534232.18767360889,1549393.1252118431],[534277.18730071804,1549413.374840891],[534306.50031963829,1549496.7499016668],[534313.24949172989,1549550.8754892333],[534328.9996456299,1549676.9995050486],[534306.50031963829,1549755.7502745485],[534270.43707223993,1549814.3752560024],[534229.93789540464,1549823.3751814244],[534169.12359355844,1549812.1245026723],[534115.06252682884,1549812.1245026723],[534040.68633508845,1549809.8748057287],[533966.37466418499,1549812.1245026723],[533905.56239385135,1549832.3751068462],[533916.81307260331,1549884.1250436939],[533930.37488123716,1549924.7501743042],[533977.62534293707,1549976.5000298917],[534031.6873847926,1550037.37478955],[534094.750489717,1550089.1247263977],[534171.37637840118,1550152.2502393862],[534214.12533344061,1550179.2500156516],[534265.93767835246,1550217.5004706692],[534310.99979478621,1550264.7499572432],[534349.31273912836,1550312.1253163316],[534369.56236817618,1550330.1251671752],[534405.56206986355,1550384.1248009668],[534531.68714206538,1550447.2502326947],[534558.75046404195,1550469.7495586863],[534574.49956155533,1550550.8750037788],[534590.24971545534,1550611.6247847881],[534621.81243131927,1550652.2499153984],[534639.81130703702,1550665.7503723546],[534680.37500470923,1550683.7502231984],[534709.62455917895,1550692.7501486202],[534761.43796047731,1550697.2506801547],[534786.25044786313,1550710.7500807242],[534822.25023081107,1550760.2502393681],[534835.74963138078,1550812.1249923438],[534795.25045454549,1550902.2503628582],[534770.43788589921,1550978.7502977673],[534779.5003006456,1551041.8747543693],[534826.749705959,1551089.1252160692],[534910.12476673478,1551129.7503466795],[535011.43727029022,1551149.9999757274],[535060.9999182584,1551181.5002835274],[535119.56249164836,1551228.7496888407],[535202.87514436012,1551305.3745211384],[535245.68756385008,1551343.6250574165],[535263.68741469376,1551418.0001927705],[535284.00050819223,1551521.6239074683],[535311.0002844577,1551602.6253490378],[535324.49968502752,1551658.9996584221],[535324.49968502752,1551744.6254725282],[535326.7504383577,1551821.1254886978],[535333.5620997739,1551884.2499452997],[535338.06255004776,1551942.7500293651],[535360.56293242588,1552035.1250968233],[535401.12459858565,1552086.8749524106],[535412.37527733773,1552118.5001575991],[535461.93792530592,1552143.2502369208],[535511.49951688747,1552168.0013726291],[535542.99982468749,1552212.9989682259],[535572.25035428314,1552264.8748588488],[535597.06292292953,1552357.2499263068],[535597.06292292953,1552390.9999310505],[535606.06284835131,1552537.3745510397],[535565.50012580503,1552688.2497025633],[535572.25035428314,1552751.3752155518],[535608.31254529511,1552803.1250711391],[535664.62639686733,1552872.9997562191],[535675.87504410686,1552913.5010458273],[535687.12474773289,1553026.1246046864],[535727.68738901871,1553134.2498260445],[535784.000265465,1553210.8747396027],[535858.3129114944,1553237.8745158683],[535901.12533098448,1553249.1251946203],[535943.93775047443,1553269.3748236683],[535982.18723036605,1553282.875199364],[536056.49995765602,1553296.3745999336],[536083.56222324597,1553325.62521079],[536117.31222798966,1553348.2504905565],[536130.8750930099,1553395.49989587],[536117.31222798966,1553440.4995229791],[536108.31230256776,1553501.3753390238],[536074.56229782419,1553546.3750473936],[536063.31259419816,1553566.6245951809],[536033.99957527791,1553578.0002525821],[535975.4370831484,1553580.2499495258],[535964.18737952237,1553607.2497257914],[535921.37496003229,1553656.749884435],[535883.12548014079,1553715.3760035359],[535878.56254054233,1553753.625402167],[535903.37510918872,1553818.8747395845],[535975.4370831484,1553920.2497324646],[536024.99964985601,1553969.8747884966],[536061.00146431639,1554041.8753295185],[536090.3124517242,1554120.7499400203],[536110.56199951156,1554271.6250915439],[536108.31230256776,1554424.7499400112],[536090.3124517242,1554490.1251499434],[536054.25026071223,1554553.1236527702],[536040.74980375601,1554616.2502221451],[536040.74980375601,1554659.0001523106],[536067.81206934608,1554731.124615595],[536049.7497291778,1554828.000133327],[536065.56237240229,1554872.9997604361],[536128.62539606623,1554949.6246739943],[536166.87487595784,1555039.6250658596],[536187.18796945619,1555107.2510291222],[536166.87487595784,1555215.3751940937],[536187.18796945619,1555368.500042561],[536232.18767782592,1555512.6249656065],[536254.37463845534,1555652.2504947647],[536257.00016521174,1555708.6247228882],[536263.75145007635,1555735.6245804143],[536275.00001605542,1555769.374585158],[536257.00016521174,1555848.2502520464],[536245.68699713517,1555902.2498045773],[536205.18782029988,1555945.124713392],[536189.43872278649,1555978.8747181357],[536182.62502985774,1556014.8754762094],[536175.87480137963,1556057.7503850241],[536187.18796945619,1556091.5003897676],[536198.43759182177,1556136.5000981374],[536211.93699239148,1556159.1253779039],[536234.43631838309,1556190.6246293173],[536277.24979425967,1556219.8751589132],[536326.81244222773,1556233.374559483],[536371.87455866148,1556246.8750164392],[536396.62463798327,1556267.1245642265],[536421.37471730507,1556296.5000724713],[536437.18833565561,1556330.250077215],[536461.93743985146,1556393.2496364284],[536477.6875124909,1556474.3750002605],[536452.93743316911,1556521.750359349],[536455.18721137324,1556582.5002216187],[536475.43781554722,1556602.7497694059],[536502.50008113717,1556618.4999233058],[536547.4997895069,1556625.2501517842],[536585.81379023544,1556634.2500772059],[536624.12470306503,1556656.8753569725],[536657.87365142221,1556695.1248368642],[536696.18765215087,1556713.1246877078],[536743.49954678875,1556728.8748416076],[536788.50023028441,1556744.6249955078],[536829.06287157023,1556762.7498250005],[536842.56227214006,1556780.7496758441],[536844.81205034419,1556801.000280018],[536838.06287825259,1556819.0001308618],[536795.25045876252,1556857.2496107533],[536781.7500018063,1556913.6248952635],[536799.81234197458,1556931.6248273677],[536815.56249587447,1556938.3749745854],[536847.06280367437,1556945.1252030635],[536878.62454441236,1556947.3749812676],[536898.87514858623,1556951.8754315416],[536930.43786445027,1556967.6245290551],[536961.93711586366,1556990.1249114331],[537009.2510420141,1557008.2497409259],[537045.31225790002,1557053.2504244216],[537049.81270817388,1557163.6253427234],[537047.5630112302,1557246.8755061107],[537058.81263359578,1557285.2498833907],[537081.31098446134,1557318.9998881344],[537130.87460755545,1557352.7498928781],[537202.93755664118,1557384.3751793271],[537218.68771054118,1557418.1251840708],[537218.68771054118,1557442.8752633925],[537200.6878596975,1557465.3745893841],[537180.43725552363,1557481.1247432842],[537151.12521172932,1557494.6261753663],[537094.8124165436,1557521.7498738945],[537049.81270817388,1557544.250175012],[537011.49976383185,1557598.2498088037],[537009.2510420141,1557629.875013992],[537020.49968925363,1557672.6239690315],[537040.7502934275,1557710.8754804356],[537103.87483128998,1557751.5006110459],[537146.62476145546,1557794.2495660854],[537171.43733010173,1557816.7499484634],[537189.43718094542,1557843.7507811156],[537191.68793427572,1557875.3739547916],[537180.43725552363,1557900.1250092394],[537153.37498993357,1557965.3753217829],[537103.87483128998,1558010.4999275412],[537058.81263359578,1558044.2499322847],[537009.2510420141,1558095.9998691326],[536993.49991298816,1558127.6250743212],[536991.25013478391,1558172.6247014303],[536998.00036326202,1558201.8753122864],[537036.24984315364,1558249.2506713751],[537081.31098446134,1558307.7496990541],[537121.87468213367,1558377.6254405205],[537166.93785495381,1558463.1253821119],[537193.24951730506,1558527.3752153791],[536911.50002365455,1558782.6246035786],[536821.37473440066,1558864.2497194861],[536787.68713772099,1558892.9995218806],[536745.37544543226,1558932.2504561746],[536673.18654257141,1558998.8749650344],[536653.87490347563,1559041.2501217737],[536656.31206839287,1559088.24973231],[536669.37526259839,1559151.500142687],[536695.81287872465,1559241.1247047395],[536711.00079122477,1559287.7505169758],[536730.62479568284,1559359.750001611],[536739.24994767853,1559398.9998795185],[536739.00007164082,1559439.6250913893],[536731.37531766121,1559540.2504561564],[536726.31165086152,1559592.5000638191],[536714.56227642065,1559684.375379202],[536700.49974058568,1559733.000037218],[536684.12493722187,1559789.3753217284],[536650.00015905197,1559851.2495042766],[536602.24994527688,1559927.3746657595],[536567.87529106939,1559980.374876661],[536518.00035899959,1560073.1247175455],[536478.12477524159,1560211.3749127402],[536450.56283883681,1560330.2500856491],[536444.68811098614,1560350.749509474],[536441.06210495322,1560358.5002172287],[536420.43778373965,1560398.3747446002],[536328.9372417829,1560508.6247655135],[536253.87496764062,1560513.0003183989],[536169.75027875183,1560511.25029227],[536087.37455960561,1560527.2502409469],[536036.81257000787,1560543.7500229599],[536005.24977288349,1560553.3745978456],[535935.74986122956,1560627.5009135483],[535925.75051291764,1560686.249817265],[535922.12450688472,1560744.8748799795],[535898.18752012635,1560806.5001616161],[535878.74992725544,1560842.499944564],[535828.18785639724,1560908.6247826091],[535810.87514434196,1560930.6254129119],[535719.12472634763,1561029.4997764239],[535672.00021842285,1561081.4995080489],[535617.37601642788,1561188.2504518302],[535587.00002890662,1561246.2498086945],[535527.43705750059,1561309.9999711467],[535494.37516667135,1561362.8762597856],[535473.12513960735,1561430.8749649618],[535466.49980851787,1561470.3748001675],[535452.56217007129,1561525.374831975],[535433.12457720039,1561561.4995123115],[535373.93743560708,1561640.5000765885],[535331.37481089425,1561670.7500290743],[535284.06299751671,1561712.4995612237],[535245.74997191422,1561760.499569776],[535225.50042412675,1561815.6245802324],[535215.93728217913,1561892.2494125301],[535207.81285738479,1561974.9999051027],[535204.18790773838,1562032.374612503],[535199.37509210221,1562144.3746595453],[535197.31278187165,1562214.3752984004],[535186.56283032091,1562294.625161605],[535169.68729975575,1562382.8755273414],[535148.31335042929,1562444.3748552031],[535143.31209169363,1562449.6249335897],[535094.56253628887,1562487.6245374437],[535067.18798659719,1562512.3746167656],[535020.62466368568,1562636.8746414874],[535019.37536475796,1562689.0003268875],[535018.49986413051,1562755.1250836721],[535015.56302839844,1562790.8749905822],[535000.37503463775,1562844.6247483362],[534993.12513534492,1562861.3753002521],[534937.62535146205,1562932.6252380349],[534896.37451500143,1562965.3748447625],[534802.56284316292,1563032.5000808237],[534729.93765267741,1563083.8751629847],[534638.31221333216,1563136.8753738862],[534546.18702191161,1563170.8752546676],[534451.12499475898,1563189.7496310126],[534392.62491069362,1563193.7504104718],[534335.6249767195,1563207.7505382427],[534312.99969695276,1563218.5004897937],[534251.99995864555,1563275.8751971941],[534225.9371159455,1563303.2497468856],[534146.93858318101,1563404.3748637279],[534099.18747554033,1563479.2497511574],[534042.74970170553,1563567.0004460788],[534008.43745556206,1563621.2498746477],[533971.49976392277,1563671.7505125678],[533887.06279093237,1563757.7501249739],[533795.74963568873,1563824.7504636464],[533756.24988174357,1563875.3749425686],[533719.1247221306,1563918.1248727341],[533661.68752540566,1563965.375334434],[533641.62536433141,1563977.2496062634],[533596.49970218667,1564007.6245373983],[533574.43763894576,1564039.8754484372],[533543.81283177331,1564139.8751886145],[533467.18791821518,1564183.6245416699],[533435.81258906424,1564202.250098364],[533389.43770925235,1564231.249776796],[533340.50068587402,1564261.7496053195],[533281.74975064502,1564306.3755153888],[533211.74911178986,1564360.1252731427],[533149.6875425285,1564425.2496319113],[533084.37474066042,1564511.9998475565],[532967.37457252946,1564621.6252190059],[532908.74959107547,1564671.3751724265],[532831.43753872893,1564735.5001083051],[532742.74991024169,1564806.3752726617],[532662.99979911232,1564876.8746072056],[532609.25004135852,1564917.6247164649],[532565.62452930503,1564955.6252954449],[532514.68776628119,1565006.374753016],[532394.87565980677,1565105.8748223786],[532333.56258101133,1565149.3753557829],[532282.43737488776,1565195.1246110052],[532252.06244375301,1565251.7497715531],[532220.18736252689,1565302.125430824],[532175.68740623246,1565304.5001064169],[532129.7497079107,1565301.7496010114],[532082.25148294622,1565286.3752769241],[532041.06216068403,1565270.8749990619],[532010.24996679847,1565260.125047511],[531963.93855143711,1565243.5003681097],[531922.56281758787,1565219.0001648255],[531811.62468276022,1565318.6251315766],[531756.12489887746,1565368.5000636464],[531714.06210750027,1565410.5004469594],[531631.37507937837,1565531.3754407743],[531620.56263850303,1565590.7500503412],[531617.81221435801,1565679.7499629301],[531613.12535249698,1565787.7502868997],[531610.12505231448,1565882.9997007654],[531627.56274301885,1565976.3751662394],[531627.68764040736,1566054.0004778136],[531619.43726183788,1566113.4999847692],[531597.62507463468,1566159.8749458417],[531565.81248273305,1566200.8748498783],[531531.25044181256,1566245.6246822102],[531527.31215167791,1566250.6248845595],[531499.50025797496,1566284.1250132655],[531486.31216638093,1566339.7507509233],[531489.99854896532,1566384.3746294803],[531436.56213169964,1566423.3747126109],[531427.62469560234,1566425.6254659409],[531376.56295392942,1566430.4997145152],[531326.93781663675,1566428.9995644239],[531283.87454598304,1566422.6251657584],[531233.93712458876,1566431.250317754],[531187.74963148986,1566443.8751928224],[531156.31278814049,1566470.8749690878],[531130.06255872734,1566496.7504250747],[531121.87466948247,1566554.9996579767],[531133.12534823455,1566601.1247430113],[531138.5628133344,1566631.8754226984],[531142.56253640715,1566664.9998028523],[531093.24976447655,1566695.375709113],[531069.56257249531,1566719.9998346597],[531025.99963102699,1566735.5001125222],[530987.18799099606,1566749.3753429046],[530815.12522047258,1566796.2499747917],[530576.06219253712,1566951.7504739778],[530542.56206383114,1567004.2499576781],[530486.37514115986,1567091.4999253985],[530413.99982671195,1567166.875540029],[530327.62544087949,1567241.8753248467],[530250.06253736932,1567319.6235022971],[530189.31275636016,1567388.9995729488],[530104.31256684405,1567502.2498127841],[530050.62529841461,1567589.6246778932],[530011.18795253348,1567671.1248151516],[529990.25020957121,1567729.0003310137],[529911.06225858117,1567778.7502844343],[529825.1251354994,1567839.7500227417],[529758.12577195291,1567865.6254787287],[529710.37466431223,1567926.5002383867],[529645.00148589257,1567981.7501462321],[529556.06292498135,1568017.2501771045],[529511.37558197381,1568060.3748806962],[529472.93774024316,1568110.1249153775],[529437.50011743454,1568184.0003799167],[529424.62536632863,1568229.4997591011],[529425.99956264487,1568307.1250706753],[529426.12454129395,1568344.0003542507],[529419.06202871422,1568366.6236025048],[529341.62507897906,1568399.8749115597],[529290.81215695722,1568437.749618025],[529283.37487095129,1568470.6250972673],[529271.4995427354,1568524.9995044849],[529221.43714269192,1568618.8747220344],[529168.75035353913,1568635.1246280097],[529124.31280530873,1568631.1248236764],[529038.62450187816,1568563.7497115778],[529012.50022624014,1568543.8749372168],[528996.00150061375,1568542.0000136991],[528945.0626248169,1568582.5002469209],[528951.06225005607,1568636.1250260258],[528969.50042003696,1568738.3745444072],[528971.12546751695,1568847.8749372074],[528957.12533974589,1568928.7504250021],[528912.75028083997,1569004.9995087476],[528834.18697931373,1569073.8747709375],[528765.93742297415,1569139.2500621302],[528697.43790933629,1569212.2499447814],[528681.37547133467,1569238.3752768058],[528652.1238853524,1569276.9995301238],[528630.31267327524,1569323.3754663221],[528611.37588886602,1569399.1248792529],[528591.4999768578,1569423.8749585748],[528582.37515404739,1569431.2497552561],[528494.56205106177,1569471.8749671269],[528474.62478737603,1569498.0002178911],[528446.56204250944,1569540.3753746303],[528428.81198644289,1569579.2495039857],[528381.99984388018,1569650.37454438],[528348.4997151742,1569704.0003798713],[528319.25016070448,1569743.8749072426],[528253.00042527087,1569786.3750426311],[528194.62523859402,1569820.1250473747],[528180.43878049636,1569827.3749466676],[528159.9372438984,1569830.5002254993],[528132.0005340674,1569828.3754259441],[528095.93728666892,1569841.3750744385],[528080.0611789939,1569861.2499300602],[528057.18707957608,1569899.8751585041],[528046.24974131223,1569925.000011252],[528024.00021009776,1569984.1247447813],[528017.06267616712,1570003.0001775129],[528006.5625193934,1570012.8746284363],[527965.12535260618,1570034.5004853129],[527949.87495078146,1570033.9997581115],[527900.06242677569,1570038.8749818117],[527883.68762341188,1570075.2495381858],[527886.75041291898,1570099.4998654323],[527897.24951330619,1570129.1252497148],[527901.68755551602,1570149.6246735398],[527882.00008660741,1570168.1253328451],[527843.56224487675,1570175.8749029529],[527824.12465200585,1570188.0001072064],[527809.00020395627,1570223.1253646528],[527806.18720922619,1570231.8754140369],[527796.62512366509,1570292.6252763066],[527744.43800532701,1570333.1255095284],[527730.37538823148,1570375.8754396939],[527728.43797538942,1570396.1250687419],[527707.0619945504,1570428.6247181713],[527696.81277020089,1570430.8754715014],[527690.1884954978,1570439.499648371],[527677.37517732999,1570441.7504017013],[527655.62645457732,1570444.8746241464],[527641.50037303113,1570449.5000530696],[527622.99979498622,1570470.6251014844],[527610.87459073274,1570491.8752098088],[527608.74979117757,1570519.7495115758],[527608.99966721516,1570551.4996141528],[527586.18700073543,1570590.2498212457],[527575.81287899741,1570596.3754002599],[527535.25015645102,1570630.7500544675],[527515.12648117822,1570664.3751618224],[527512.06271654507,1570680.8748625747],[527501.56264103192,1570731.499341497],[527502.18720923527,1570791.2497808766],[527519.93726530182,1570833.7498350046],[527549.50016025978,1570905.8763298013],[527571.56222350057,1570974.0000136264],[527602.18800579908,1571052.499850702],[527623.43705773703,1571105.250185566],[527693.12435610394,1571238.3742246365],[527719.49948290561,1571330.7503484811],[527754.93710571411,1571417.1247343137],[527778.5627834968,1571515.7502781746],[527814.31269040704,1571594.4999912879],[527847.24968384777,1571638.7500715447],[527880.31254980306,1571680.3746250451],[527921.12506712647,1571719.7494816016],[527957.43713417603,1571738.7487553356],[527998.75045996124,1571760.3746122122],[528044.1884062076,1571771.8751670017],[528069.43718121818,1571779.0001689061],[528084.62517497886,1571782.0004690888],[528123.75015549792,1571792.1247960497],[528140.24985625024,1571795.1261526188],[528166.87485908961,1571797.2498957873],[528174.43712374463,1571800.001376319],[528188.18737547798,1571809.375100041],[528201.37546707212,1571833.875303325],[528199.43707910413,1571855.5001850757],[528175.12523765897,1571900.4998121848],[528163.00003340549,1571920.4995651951],[528113.18759066018,1572006.7500287651],[528113.00020394707,1572014.3747827446],[528121.87515071989,1572055.3746867811],[528141.12535687769,1572090.2500681898],[528158.62350539421,1572101.0000197408],[528192.37448526383,1572121.1247514],[528219.93755931559,1572134.6251270957],[528249.81273837516,1572157.2504068625],[528259.06253983465,1572186.7498373699],[528229.3122581637,1572241.7498691774],[528217.56288372283,1572292.2505070975],[528246.12529940414,1572354.2495870343],[528238.43708097399,1572436.6262813066],[528210.50037114299,1572475.2495594984],[528168.56239589397,1572514.7502885696],[528147.56224486767,1572534.3752681536],[528135.06226718798,1572567.1248748812],[528131.43731754157,1572601.3745504397],[528139.12545471115,1572641.0013145464],[528134.62500443729,1572703.1253731323],[528131.56123980414,1572760.3751831441],[528124.56219167484,1572821.1249641534],[528092.1249503094,1572881.2491205726],[528036.31280106446,1572995.2500449074],[527987.62467859779,1573046.0004776046],[527952.06215840066,1573085.6262665854],[527916.87546801625,1573110.0005160945],[527855.12423260452,1573171.6248226052],[527819.25040343171,1573220.1245019722],[527801.31304191262,1573304.8748967112],[527794.75020014751,1573351.7495285985],[527803.18796543009,1573366.0005075331],[527875.81209952908,1573445.7496435365],[527928.25006903079,1573559.2497594096],[527963.56271319033,1573610.0002733674],[528017.06267616712,1573689.2496572954],[528039.06225008343,1573759.8749456145],[528061.31275642384,1573821.5003085115],[528052.00152202637,1573873.3750614873],[528018.25046089618,1573935.9998472745],[528010.31244768889,1573945.8753545843],[527982.3121921469,1573985.7498819558],[527905.99956269038,1574064.8753436212],[527883.56272602326,1574090.8747218708],[527844.68859666795,1574112.6245010099],[527792.50050320383,1574151.749481529],[527751.56300723134,1574198.8749645799],[527736.06272936903,1574205.9999664843],[527715.31237311987,1574218.1251707377],[527686.31269468775,1574250.2501280014],[527665.06266762386,1574278.8750330075],[527637.81301532069,1574294.6251056469],[527594.8746420556,1574323.7497627279],[527576.87470995146,1574329.6254657046],[527537.812218757,1574357.6246648601],[527480.6873061338,1574392.8749009557],[527418.81214845949,1574417.6249802774],[527388.68603697582,1574444.7496539315],[527371.50025382149,1574465.874783607],[527337.12462448806,1574505.4995162012],[527278.31217506051,1574554.6249014186],[527245.56362471939,1574585.3746059795],[527226.68721686176,1574617.8753117956],[527209.18703683279,1574647.8754695042],[527182.37464728043,1574691.6248225598],[527180.68711047596,1574704.249697628],[527196.43726437597,1574811.5003934847],[527184.06218408479,1574879.8749284735],[527164.12492039904,1574908.4998334793],[527139.81210382807,1574952.2502429213],[527111.24960688618,1575009.9997237478],[527085.12533124816,1575072.7504633102],[527067.62523247977,1575102.7495646323],[527028.12539727404,1575143.4996738916],[526991.43758167222,1575178.0012570003],[526920.62490664015,1575203.8746814746],[526867.93697984039,1575218.7513662595],[526772.37528187304,1575262.8754927414],[526752.62540490041,1575282.6253697139],[526708.43773270759,1575311.8749241836],[526634.93704159465,1575341.3753298169],[526552.56343522132,1575372.0001369894],[526486.8123954765,1575398.0004903649],[526447.87480167055,1575422.2498424854],[526376.74984253687,1575457.0003265056],[526296.43749000772,1575501.6251801886],[526225.31253087393,1575536.2507668203],[526168.06272086222,1575575.2497935642],[526125.93735889997,1575619.7497498586],[526082.50037120667,1575665.5000614673],[526043.18792271405,1575701.249887117],[526009.37550990633,1575724.3749189589],[525946.12501826882,1575752.9998239647],[525866.31241781497,1575781.0000795068],[525828.06293792336,1575782.3752509491],[525771.68765341316,1575793.3750785375],[525753.81269995798,1575795.3749807039],[525715.37485822733,1575804.3749061259],[525667.06248431292,1575801.7503544954],[525638.43757930701,1575822.4997356187],[525567.1252334601,1575863.4996396552],[525491.81210815418,1575910.8749987436],[525468.68707631226,1575958.5002338698],[525460.1253887671,1575986.2495569875],[525432.00023583649,1576071.8754523541],[525426.62526006112,1576161.999766482],[525425.49988339597,1576197.4997973547],[525432.12513322511,1576270.2498852287],[525439.62490855565,1576314.9986611744],[525458.18700079911,1576372.8751521625],[525477.68700173404,1576401.3741033932],[525496.87471856736,1576437.6246562442],[525511.81283629045,1576488.8748410167],[525495.06228437438,1576535.4996781268],[525461.31219837023,1576557.3753297806],[525397.37473046535,1576566.8750072778],[525363.12497364648,1576561.9997023172],[525291.62515982601,1576570.0002861093],[525221.06236083165,1576586.874760288],[525152.12469057762,1576634.375016765],[525089.43741546583,1576683.3755045938],[524988.5621746612,1576775.7495156655],[524960.0621670438,1576832.1248001759],[524921.74922270176,1576916.1245104154],[524888.37504777079,1576966.0004988718],[524868.31280543597,1576997.2498742475],[524845.25026291865,1577042.2495826173],[524812.74955710268,1577064.2502129201],[524802.31294604007,1577071.500112213],[524793.12457751855,1577080.1252642085],[524789.12485444592,1577086.3747654855],[524784.81276601111,1577101.5002699215],[524776.37402560259,1577128.0003753724],[524761.31304200354,1577160.6250034508],[524754.75020023843,1577166.7485509526],[524748.06246108492,1577176.7499307771],[524733.37519452546,1577200.4996120827],[524729.06213096471,1577214.2498638162],[524726.12529523263,1577228.2499915871],[524724.43775842816,1577240.8748666556],[524727.43700222427,1577267.6248481439],[524742.00034652115,1577289.7503758352],[524746.68720838218,1577302.6251269411],[524751.37504536915,1577315.499878047],[524762.43736228207,1577327.2503088745],[524785.87467822572,1577352.1252855847],[524821.812946975,1577383.7495156473],[524849.18757792725,1577403.625346395],[524887.81280637102,1577430.2503492343],[524927.56243635388,1577460.7512341442],[524967.43704498583,1577487.3752618574],[525017.81270425685,1577505.5000100897],[525055.50002400915,1577521.8748134535],[525109.31227108755,1577550.2498424219],[525184.50049900496,1577588.1245488871],[525216.81276172132,1577613.2504580216],[525250.12452858826,1577647.3752361916],[525240.56244302716,1577696.1247915963],[525255.62545813876,1577715.0011994538],[525280.37448107405,1577777.9997022806],[525319.75136914314,1577861.8745151318],[525354.93708440161,1577917.6252314388],[525373.12537834491,1577985.6249117409],[525361.62482355523,1578069.2499298148],[525389.62507909723,1578150.2503962584],[525397.8129683421,1578212.7512597828],[525405.81347087398,1578282.9996619027],[525421.87493374955,1578339.4999250621],[525446.43762635824,1578408.8748580669],[525481.43693002954,1578468.5003187973],[525513.24952193117,1578550.8749815573],[525538.50032845431,1578597.3748400181],[525584.06219696323,1578647.1248746994],[525631.62494276487,1578713.374610133],[525673.18708820117,1578768.124765903],[525712.93769330997,1578879.9998342961],[525718.06279304775,1578960.2496975008],[525696.25060584454,1579005.3753596456],[525660.68711052148,1579125.1249767954],[525666.37542678497,1579186.3745098799],[525687.75035123748,1579236.6242153759],[525724.37478364923,1579284.8740999657],[525796.75009809714,1579331.4999122019],[525865.12455182534,1579383.2497677892],[525913.68777690339,1579418.9996746993],[525997.37520304136,1579469.9999834343],[526052.06295074732,1579510.9999687313],[526104.99969719828,1579569.8748262229],[526144.37447249447,1579652.5003401462],[526173.37520731299,1579701.7496476262],[526250.37489429745,1579763.8746813382],[526307.56221498467,1579807.5001933917],[526351.74988717737,1579858.5005021265],[526368.50043909345,1579893.3748271489],[526357.56212570355,1579917.1254835806],[526270.06228194549,1579988.2505239749],[526224.3120515974,1580067.0001558277],[526194.12450717564,1580136.1252940553],[526173.25030992448,1580191.3762582869],[526154.49985584186,1580262.1254688685],[526130.31291178544,1580384.7504888123],[526120.00127937179,1580468.3754256258],[526120.74976983771,1580526.8744533048],[526129.43741115788,1580574.2498123932],[526132.81256602728,1580627.7497753701],[526109.18778211006,1580691.8747112486],[526076.87551939371,1580746.874743056],[526049.12513988919,1580819.7497283188],[526038.31269901397,1580881.749864642],[526024.56244728051,1580913.2501724421],[525997.81246579217,1580954.3750551275],[525970.25044812681,1580981.4998100421],[525933.50014320062,1581016.0004180248],[525884.87548518449,1581065.3746228933],[525839.18766290043,1581100.8746537659],[525775.99974184798,1581128.2502598441],[525745.06265057379,1581139.999634285],[525695.8123679678,1581167.7500137894],[525643.81255508238,1581201.7498945706],[525569.87468247907,1581246.6246242912],[525531.06198606174,1581265.7498518],[525460.99991426861,1581308.1250897998],[525414.12528238143,1581341.1254664306],[525371.31286289135,1581366.5001952162],[525340.06243112904,1581389.7501244466],[525277.68752137956,1581429.749630467],[525253.93792133429,1581455.7499838427],[525226.68721264461,1581472.7494366702],[525197.06288474868,1581484.6247648862],[525169.37499456888,1581474.875292612],[525146.68616909115,1581466.4999353935],[525133.43770094553,1581441.8748347207],[525122.31297596858,1581390.7495473367],[525137.43742401816,1581316.124535945],[525150.75041300082,1581296.1247829348],[525191.37456848519,1581260.4998546736],[525244.56216609979,1581188.3753913895],[525283.93702265644,1581150.1249363718],[525312.81277882599,1581122.9991250709],[525361.68731287972,1581066.0002474831],[525360.81278737821,1581052.0001197122],[525344.6878600521,1580998.1254645695],[525327.81232948706,1580968.2502042495],[525307.18792701291,1580935.8765085952],[525259.62518121139,1580869.6246603886],[525247.87483164459,1580838.6251610504],[525245.56264537631,1580832.2487308725],[525234.75020450098,1580811.6253035243],[525208.12520166172,1580766.2498466026],[525165.50016888476,1580706.3745098342],[525126.93734850502,1580717.9999620125],[525107.62465302262,1580724.9990101419],[525061.31226253521,1580740.1245145779],[525014.99979078735,1580756.5003743283],[524953.06108740205,1580782.6246499664],[524902.87484635657,1580798.874474681],[524824.81227203168,1580813.1255348762],[524682.81214854133,1580835.4989070927],[524616.49992378312,1580838.5001824014],[524565.75054747239,1580834.5015157152],[524465.56236419547,1580821.24987841],[524403.31235183461,1580818.1246808388],[524307.56221076765,1580826.6248541854],[524278.15598605381,1580830.7495559072],[524156.81203789305,1580884.3764477849],[524143.96897838218,1580887.7494898813],[524121.03141451383,1580888.3751957316],[524077.5932891735,1580893.3753168203],[524009.53111954691,1580913.0002964044],[523964.68710629531,1580921.7504270491],[523923.59399646521,1580933.2499254523],[523905.43739411695,1580944.1247743915],[523873.06264207605,1580962.2496038843],[523860.59338086535,1580993.6249330351],[523846.09358227957,1581050.3750722322],[523819.34254440467,1581091.6248523064],[523794.03136133007,1581127.7495326428],[523764.53095569671,1581175.1248917312],[523717.96763278521,1581238.6251781459],[523689.40619222983,1581297.5000356375],[523667.406537053,1581349.0000964478],[523647.5328190783,1581414.5002037685],[523642.24999270996,1581461.4997330443],[523636.71834669053,1581516.000094037],[523632.71854235732,1581561.6254269965],[523630.218969376,1581601.0002835533],[523636.62514089694,1581640.6260725339],[523638.59327020799,1581658.4999696026],[523643.53098323266,1581663.7500479894],[523667.53151570208,1581669.499797191],[523689.09390812815,1581671.4996180972],[523714.78092101548,1581664.6244922304],[523762.46856420557,1581645.7501158852],[523816.25009481498,1581635.8746898361],[523879.93776794273,1581633.9997663184],[523910.46831293515,1581635.0001643344],[523981.68753424892,1581637.1249638896],[524047.53177978733,1581647.9998940895],[524141.2810435617,1581662.3747952867],[524167.75035128294,1581670.7500712448],[524216.87476137438,1581687.4996480348],[524264.78156413313,1581701.7496518434],[524286.28146723466,1581706.1252047287],[524285.81243162841,1581680.7504759431],[524274.2504439007,1581643.5004189415],[524258.43788193667,1581620.1245359359],[524218.8745822804,1581583.2512838731],[524179.28162254166,1581546.500003821],[524152.34327921417,1581512.6250204281],[524123.31288431305,1581464.625011876],[524114.09379932261,1581433.8753073148],[524128.93773612607,1581366.8749686424],[524137.90588869242,1581364.6252716987],[524219.06196899351,1581374.6246200106],[524270.65621072327,1581393.9997235569],[524352.37453242415,1581425.7499073944],[524431.99974616501,1581485.5002655135],[524532.06295079272,1581622.1254132285],[524555.62516412488,1581682.6253994606],[524577.49992191326,1581757.0005348145],[524630.62503020326,1581847.6255761439],[524664.43752427143,1581907.2500617483],[524710.68750669481,1581973.4997971819],[524760.1876653384,1582018.2496295141],[524811.56372262549,1582045.250462166],[524892.12489480583,1582074.3750379866],[524944.06221836677,1582082.374484132],[525019.81260642339,1582101.1250194751],[525052.74951860367,1582107.2495421029],[525101.99988247012,1582120.2502469837],[525197.87492092571,1582145.9997491958],[525249.74975516205,1582156.4998247088],[525291.43777311291,1582168.0003794986],[525311.81229954946,1582166.0004773319],[525419.25038211921,1582109.500295433],[525460.1253887671,1582065.0003391386],[525488.50049899588,1582013.6251757171],[525526.37512420071,1581942.3753191947],[525571.68711667205,1581877.4997800773],[525625.31303342397,1581832.1252982814],[525669.06238647946,1581815.6245411425],[525684.43776695326,1581813.6247202365],[525736.62488529121,1581813.8745962742],[525764.43775412021,1581819.8751966394],[525798.68742967863,1581864.1252768962],[525845.4371641773,1581955.8747197646],[525858.93762113352,1582012.2500042748],[525868.24983065703,1582079.8749111507],[525873.81219314551,1582106.7497900275],[525886.43706821383,1582150.375302081],[525885.99988672358,1582205.1255391114],[525882.9995052804,1582300.3748717166],[525894.56254939467,1582378.3750379775],[525913.18704970216,1582472.9998023794],[525933.62504058913,1582632.6250032873],[525938.75022158737,1582755.0002284539],[525940.31277974276,1582826.2500849762],[525900.00001449464,1582975.1263907198],[525867.9375465553,1583144.5000887758],[525859.06251852203,1583223.1248232401],[525864.43749429751,1583377.2501509839],[525865.24953047442,1583432.0003880144],[525877.56212144101,1583526.5002550278],[525886.12478411209,1583618.2496166355],[525893.81300254224,1583698.6254336152],[525914.18752897868,1583820.1250768939],[525952.68786003394,1583972.6252758976],[525988.37527761958,1584051.3749890109],[526008.56241734291,1584137.1247253795],[526030.62448058382,1584206.4997396448],[526067.9370269099,1584273.7498730943],[526096.81278307934,1584328.1253366985],[526124.93793600996,1584446.0000303308],[526112.93771040556,1584502.874985656],[526083.4373047722,1584550.2503447444],[526049.3125266023,1584624.2497315463],[526044.81199506787,1584685.2504449796],[526051.81209958368,1584705.7498688046],[526089.75027049961,1584755.2490523222],[526114.43786049681,1584780.125085419],[526349.37521158461,1584918.3752806138],[526395.625194008,1584945.2501594909],[526416.06220976892,1584984.0003665837],[526394.18753324123,1585031.6245453232],[526382.12481831224,1585091.0002112766],[526394.99956941814,1585127.1248916131],[526453.37467483454,1585173.3748740365],[526513.62478502886,1585201.8748003934],[526607.74987861607,1585244.2499571326],[526639.9997332684,1585270.6251651947],[526651.68767477118,1585304.0003965122],[526645.62458508136,1585334.375327647],[526632.06269518705,1585360.7504544486],[526581.1248757767,1585402.3750079491],[526521.93765292293,1585422.2498635708],[526451.93701406778,1585463.3747462563],[526414.68801345269,1585513.1237245512],[526393.43790512835,1585582.3748165539],[526379.06202880503,1585635.3749461947],[526363.75011278188,1585716.2505152498],[526339.06146639807,1585772.7497220226],[526292.25038022187,1585846.3753105241],[526259.49979836831,1585874.6254421039],[526170.9995565943,1585936.8743980783],[526124.43720880873,1585960.8748492873],[526073.87521921098,1585989.8745277193],[526009.81269139657,1586043.8752178974],[525989.62555167323,1586118.3753319003],[526005.24975179811,1586188.7496877953],[526031.31259449816,1586250.6249267301],[526058.063632373,1586290.8742275275],[526122.12502254045,1586318.2508899923],[526144.68789424305,1586327.875464878],[526257.74977223936,1586375.7495196552],[526318.24967721093,1586395.3754743652],[526397.74999356316,1586416.8753774669],[526440.18763962691,1586444.8746578828],[526487.49953426491,1586478.1249105514],[526521.56287949672,1586528.8754245092],[526523.25041630107,1586555.625324737],[526525.74998928246,1586597.6236765375],[526507.24941123754,1586660.6252672635],[526462.49957890541,1586707.6247965391],[526422.93733563565,1586749.6251798521],[526389.43712566921,1586804.6252929203],[526382.31220502534,1586869.2498996134],[526399.31263297901,1586976.6245177328],[526441.87517643138,1587079.7495367418],[526478.68797068216,1587124.124514387],[526573.68750851019,1587179.1246274551],[526602.7496762668,1587186.374526748],[526654.37463446555,1587203.1251599244],[526677.06240355677,1587210.2500805683],[526728.74976981955,1587227.1246360075],[526763.81261920196,1587245.9999874786],[526786.87508045882,1587281.0003475363],[526796.49965534452,1587339.7503076394],[526787.81209528481,1587373.8750858093],[526758.6874382036,1587449.2496440534],[526758.87482491671,1587564.9995381306],[526756.62407158653,1587636.2505322997],[526754.25045238028,1587711.2503171177],[526754.62522580649,1587740.4998715874],[526739.74959740799,1587808.7504843136],[526741.31118043733,1587839.2503128368],[526740.43771132233,1587868.4998673066],[526700.87449292652,1587911.8754220619],[526630.06279302051,1587978.3750335332],[526533.75049181422,1588045.3753722056],[526474.93706726062,1588093.250402109],[526426.43738789356,1588138.749862554],[526364.87548944692,1588192.8764252465],[526315.43782012793,1588228.250502344],[526252.9994459278,1588270.8744787343],[526182.68749809708,1588360.375199785],[526140.93796594755,1588393.3735449032],[526053.06237363734,1588435.2500872144],[525970.25044812681,1588436.5003612679],[525854.1872135615,1588444.4998074132],[525805.56263680581,1588453.124959409],[525781.00091932307,1588465.1252662737],[525731.00003347825,1588517.0001005102],[525700.99995703006,1588538.9996744266],[525637.25076970388,1588582.8749812571],[525578.06257172406,1588602.6259146163],[525538.75020449189,1588598.9999085832],[525499.81261068594,1588582.5002078309],[525438.06235040026,1588561.5000568046],[525373.68753848411,1588545.6249242555],[525307.62518976361,1588540.9995765931],[525224.37502637645,1588557.6252311205],[525200.18710719387,1588597.499758492],[525209.31298639078,1588630.8749898095],[525226.93708868232,1588677.2499508818],[525239.25065477495,1588732.2499826895],[525244.00000596046,1588783.3752700733],[525243.68764059828,1588832.8754287171],[525213.93735892733,1588848.4995475814],[525192.62589892535,1588837.7495960307],[525155.18739882426,1588813.7501199478],[525123.68717228482,1588803.8746938985],[525115.87503159209,1588810.0002729127],[525109.68704451376,1588844.1250510826],[525109.12488437444,1588863.1253812029],[525116.4996810559,1588951.1248957757],[525128.87476134708,1588963.0002239915],[525177.37549710064,1589000.1253023439],[525215.68738505628,1589036.8746321441],[525253.18731809536,1589097.7503669285],[525270.37513276213,1589198.7495299957],[525278.87538736919,1589252.500344136],[525306.62471048709,1589301.624672967],[525330.06202643074,1589325.2504320103],[525386.31241355243,1589358.7495855901],[525448.18659610068,1589414.1254472104],[525500.87549802649,1589479.249805979],[525513.9376358455,1589549.6252182603],[525510.6874596253,1589653.8756139344],[525514.0001251701,1589709.875068632],[525528.56241308036,1589813.3748610672],[525509.24979885854,1589861.1249935818],[525500.93798735109,1589923.2500272936],[525500.56215753837,1589934.6246283082],[525498.68723402091,1589995.6253417416],[525498.87462073402,1590070.6251265593],[525546.81213996175,1590124.2489305381],[525572.12543580937,1590128.8754158476],[525602.75016172125,1590127.2502871072],[525651.00004631118,1590131.2500914405],[525673.93761017954,1590170.1251959219],[525698.12455423607,1590210.2495993308],[525698.43789472419,1590240.8753816294],[525673.87520211551,1590293.4997627181],[525691.99995034782,1590405.9994805751],[525681.49987483467,1590456.5001184952],[525634.50034555886,1590533.9985011683],[525620.81250188954,1590565.3748867058],[525634.37536690978,1590620.499815902],[525646.12474135065,1590651.3754742381],[525658.81210574345,1590692.5003569236],[525681.49987483467,1590740.2504894382],[525680.87522537075,1590760.5001184861],[525665.31245818397,1590809.6255037035],[525676.62465113448,1590854.5002334241],[525697.81218887388,1590869.125010659],[525739.06196894811,1590893.3753379057],[525744.68787714757,1590917.624690026],[525742.75046430551,1590978.6254034594],[525735.68689533928,1591040.7504371714],[525733.43719839561,1591072.4985894964],[525777.31250522612,1591216.2497142416],[525806.68801347096,1591252.7502243908],[525847.06229291763,1591304.8748534042],[525854.75043008721,1591384.0003963304],[525878.31272467994,1591444.5003825624],[525918.31214943994,1591507.9996125905],[525956.50019639346,1591548.6247432008],[526038.56257505156,1591571.4998990051],[526078.62343274965,1591591.7505031789],[526105.99912008829,1591653.6246857273],[526106.87462071574,1591705.8753497764],[526142.68799207651,1591902.8745299482],[526208.24961359578,1592003.9996467906],[526240.81280873623,1592060.9995807647],[526276.00047424668,1592116.7502158112],[526300.18733704265,1592158.2498719231],[526325.93789564108,1592188.2500296317],[526352.87526384252,1592222.1249317639],[526389.6870017068,1592266.4989342832],[526428.68708483723,1592322.3745479786],[526497.25006292562,1592449.1252447704],[526525.00044243003,1592498.2495736012],[526558.12482258386,1592537.4995327694],[526599.56296449713,1592595.9996168348],[526634.68724681751,1592652.9995508089],[526665.93767857982,1592711.2497588368],[526697.12456463103,1592771.8747237178],[526713.31303766824,1592823.2508622655],[526709.87547473493,1592893.1255473455],[526708.37426825706,1592900.7502200645],[526691.24991804094,1592919.2498229835],[526683.37536928419,1592926.6246196651],[526640.56392492016,1592952.1253022258],[526605.31271369872,1592980.2505364169],[526579.74962307396,1593023.9998894723],[526562.18695372052,1593097.2496481612],[526567.93775930861,1593157.2499635785],[526586.99952236691,1593278.6256845947],[526589.4376624102,1593323.2495631517],[526587.31286285503,1593390.6246752504],[526536.56243015779,1593425.8748300853],[526476.12493325025,1593404.9995764478],[526396.37474086042,1593350.3752931922],[526358.06285290478,1593313.624988266],[526350.56202118774,1593308.3749098792],[526311.49952999328,1593297.0003088645],[526282.49985156115,1593287.1248828154],[526244.87502113346,1593270.7500794516],[526206.93782534357,1593262.0010051932],[526165.06242067961,1593258.1252043832],[526090.0001465372,1593255.875426179],[526046.68797497195,1593257.1237499807],[525973.87539777334,1593266.3745265661],[525970.50032416452,1593291.6253330891],[525943.68793461204,1593376.1247954043],[525933.87597301323,1593444.5003867794],[525946.12501826882,1593541.4997455135],[525955.87457180361,1593595.2495032675],[525954.68776220048,1593674.0002727672],[525933.18785909889,1593750.9999597517],[525894.99981214537,1593831.2498229563],[525837.12535266974,1593931.2495631336],[525781.49961501185,1594041.4995027862],[525732.62516221858,1594136.6249943895],[525713.62483209837,1594214.9999340766],[525707.99998028541,1594273.2502233649],[525706.37493280554,1594324.1245783246],[525703.56299446197,1594373.6247369684],[525708.74952713773,1594412.001145761],[525724.37478364923,1594481.1252276022],[525742.43712381739,1594554.1262479003],[525748.43772418262,1594606.4996965651],[525709.50013037666,1594630.750105072],[525641.06213093735,1594661.7496044103],[525569.18754369079,1594681.1247079566],[525531.93748668919,1594690.2496120275],[525512.81225918047,1594692.2504893201],[525444.93641988048,1594785.5000010193],[525434.62478746695,1594790.2504085912],[525414.81242116983,1594812.6258123203],[525412.06297215074,1594860.8756156499],[525428.93744632939,1594890.6249221948],[525455.50004110462,1594936.0003791167],[525468.68707631226,1594961.7498813285],[525476.06292938022,1595010.3745393446],[525450.18747339328,1595105.0013352591],[525400.00025722187,1595163.2495117742],[525375.62495132617,1595289.6255164002],[525378.50035412028,1595361.0003515715],[525381.75053034048,1595419.6253330256],[525368.37505203334,1595480.2502166461],[525327.56245344935,1595523.499898887],[525268.93747199536,1595566.2498290525],[525207.93879007455,1595603.8746594801],[525174.68748101965,1595649.8748471264],[525147.00056596578,1595679.6251287973],[525145.12458606181,1595699.8746765847],[525140.81152250106,1595754.3750375775],[525150.18727773556,1595820.8746490488],[525162.93705019238,1595861.9995317343],[525144.74981263559,1595913.4995112841],[525114.24998411222,1595951.9998423392],[525020.43725588731,1596061.1244865875],[524953.937644416,1596112.4995687485],[524930.25045243476,1596137.2496480704],[524875.06197752769,1596191.5001330255],[524827.93755086337,1596232.1253448962],[524758.00037645875,1596270.624619565],[524727.93781068607,1596295.1238477232],[524684.62458273431,1596338.3745050898],[524661.87546196557,1596373.2499677592],[524639.87483166275,1596424.7499473088],[524635.37535651482,1596447.5002057245],[524628.50023064809,1596503.2497843846],[524626.25045244396,1596534.9999682221],[524632.68734043383,1596573.3754018887],[524644.68659091229,1596637.3764155046],[524670.68800067424,1596699.2495416664],[524687.25019075116,1596740.3764558646],[524719.6874321166,1596801.1252617477],[524735.56248340511,1596863.999842312],[524739.81208251545,1596890.874721189],[524728.1876054632,1596896.8754028147],[524673.68830085685,1596928.2497568396],[524648.25010762073,1596927.4991536005],[524615.18716040498,1596926.4997307106],[524581.12381517317,1596917.7496813263],[524554.68717417296,1596908.1250251802],[524519.81284915074,1596882.8752750435],[524498.62523015076,1596869.4997967365],[524474.68718700588,1596861.1245207784],[524443.12544626801,1596852.5003439088],[524421.81301113998,1596841.7514487444],[524382.62342852342,1596834.1246632524],[524338.43786910374,1596862.1249187945],[524323.18746727903,1596902.2503785901],[524321.68723592721,1596949.3748865149],[524324.99990147201,1597006.6246152662],[524302.9378382311,1597060.7502028327],[524281.03138884786,1597109.6247368865],[524267.28113711445,1597142.2503400911],[524245.28148193762,1597193.7504009013],[524253.18885993637,1597225.7494043899],[524271.87479318189,1597279.7500133074],[524299.81158427347,1597322.6249221221],[524342.62497888948,1597378.626408332],[524331.75118633662,1597440.624513143],[524324.12545723096,1597481.1247463648],[524317.25025010377,1597497.3745710794],[524303.5624876949,1597568.2497354359],[524303.68738508353,1597605.1250190113],[524311.75037693989,1597632.1247952769],[524335.99867267394,1597669.7496257045],[524352.87525962549,1597699.4999073755],[524352.68787291239,1597705.8753624274],[524340.56266865879,1597727.1253894914],[524303.25012233283,1597739.8752432088],[524281.62532184267,1597739.2495373585],[524217.21881833154,1597723.3754611958],[524160.71855517215,1597738.1252170799],[524140.06246110308,1597788.3759789623],[524101.56213004788,1597878.7500878675],[524064.75031092309,1597997.2504060897],[524074.9995352726,1598157.875111148],[524050.56279643893,1598286.8745297573],[524056.187648252,1598350.6246109491],[524054.62500883616,1598440.8748788522],[524038.12530808378,1598561.2502018523],[524037.87543204613,1598650.2501144412],[524058.06257176946,1598737.3751035125],[524070.78170901781,1598778.3750888095],[524082.25049095199,1598818.249616181],[524090.59399405448,1598836.2505234112],[524121.06213098287,1598919.8754602245],[524144.09395703126,1598996.875147209],[524158.15649286628,1599035.5004569131],[524176.62537931622,1599095.8754644962],[524185.53112381848,1599136.7504711442],[524184.43752000894,1599171.1240689652],[524172.90624875022,1599214.0000341663],[524116.3127797973,1599273.374643733],[524064.71853806754,1599294.624670797],[524028.84373376879,1599302.5002759402],[523974.40586210054,1599333.8745487046],[523939.62368648534,1599346.8752535856],[523890.65594663803,1599365.6247325421],[523842.21875659545,1599408.7494361338],[523841.25005017442,1599439.2503210437],[523835.28114140424,1599507.7497534212],[523847.96850579703,1599630.2498759765],[523854.56206403108,1599704.2502379043],[523853.31276510342,1599784.2502250711],[523853.8124359182,1599849.2496864512],[523847.21895894466,1599897.374592392],[523843.65641736222,1599930.2501528948],[523838.31215805584,1599978.4999562241],[523830.5932231567,1600021.4997624273],[523825.03086066822,1600117.9995316071],[523825.71905584307,1600176.4996156725],[523832.96895513602,1600269.6262614955],[523834.00112600753,1600317.9999870877],[523834.46910522733,1600343.3747158733],[523822.06233334111,1600414.2498802298],[523825.21727225534,1600476.6257651052],[523833.84339937696,1600565.9994759944],[523852.12489911378,1600632.6250412408],[523869.71828493627,1600680.2502763667],[523893.12488441082,1600745.87430595],[523914.53158171882,1600793.6254948513],[523938.21869243955,1600850.2495990128],[523947.18798265292,1600929.3751419387],[523918.1565313653,1601002.2501272014],[523880.15587112488,1601036.7496787976],[523852.78132143314,1601057.4990599207],[523778.34369675466,1601117.6252478524],[523675.99999745365,1601174.2504084003],[523549.62504921417,1601226.3750374138],[523492.93748060224,1601247.5001670893],[523426.43786913098,1601338.3750844561],[523402.46910951711,1601372.0001105506],[523330.03130574466,1601448.6250241089],[523268.81248912925,1601493.8746085162],[523242.93703314231,1601507.1251081743],[523175.53120457463,1601545.7504178786],[523097.68778981827,1601632.3746797487],[523071.03101412341,1601670.9999894528],[523047.06225450954,1601704.6250155475],[523027.24988821242,1601767.6245747609],[523024.43803112936,1601817.1247334045],[523034.7486884169,1601893.7496469626],[523050.87459086912,1601947.7502558802],[523052.74951438658,1601969.3751376309],[523055.71917936072,1601996.1250378587],[523055.15596283489,1602013.9999913138],[523054.96857612178,1602020.3754463657],[523044.90673848538,1602056.8749001282],[523018.46912235918,1602128.6255651123],[522987.93752098025,1602168.3751950953],[522941.21850295068,1602236.8746274726],[522912.6878601248,1602294.500267297],[522875.40603026777,1602346.8747723482],[522823.71866400499,1602411.3755380393],[522771.21918030479,1602462.0000169615],[522706.90580132673,1602523.6253798588],[522664.49992811843,1602577.0003641865],[522618.81113070837,1602612.5003950589],[522602.87456522131,1602633.6255247344],[522576.5004948061,1602663.3747500188],[522556.53243339085,1602690.750356097],[522548.62513665261,1602699.3765644792],[522533.84368917369,1602724.3754634522],[522515.46800851729,1602741.6247110569],[522483.93698424834,1602773.7496683206],[522444.34402450954,1602818.3755783902],[522435.56220226985,1602833.1252530136],[523519.46830252197,1602729.1247333772],[523680.0939014458,1602991.25030383],[523941.12481170264,1603334.1254895627],[524161.96891048632,1603676.8746402601],[524402.9375784084,1603999.5001969449],[524804.50023491972,1604584.2502676963],[525065.49937232106,1605108.5003522157],[525145.81269997614,1605290.0003109118],[525266.31292036502,1605632.8754153841],[525306.43732377398,1606520.1253360349],[525185.99959270982,1606923.3755293507],[525185.99959270982,1607387.1256276378],[525105.68724018056,1607649.2502229649],[525306.43732377398,1607951.7500728643],[525507.249896692,1608032.3747094953],[525868.62460408325,1608334.8744781343],[525908.81255320332,1608617.1247802465],[525969.00017407315,1608738.1246714501],[526049.3125266023,1608859.1246439142],[526169.81274699117,1608980.1255915042],[526189.87490806542,1609141.3748647659],[526169.81274699117,1609262.37483723],[526129.62479787099,1609383.3747284336],[526069.43717700115,1609645.5002988863],[525928.87471427757,1609827.0001763219],[525868.62460408325,1609948.000148786],[525888.68782154401,1610089.1247716488],[525928.87471427757,1610169.7503834057],[526129.62479787099,1610270.6257054708],[526049.3125266023,1610411.7513034598],[525989.124824472,1610512.6245127521],[525908.81255320332,1610694.1254465741],[525808.37449388881,1610835.2500694369],[525567.43751756183,1610835.2500694369],[525366.68743396841,1610835.2500694369],[524945.06261638273,1610815.1254190381],[524603.68766200182,1610794.8748148642],[524141.90666815155,1611137.7499193365],[524081.65655795718,1611480.5001264203],[524081.65655795718,1611984.6245041543],[524021.43822061829,1612206.3748200345],[523860.81254043395,1612650.0002679229],[523720.25007771043,1613053.3753586272],[523519.46830252197,1613315.499953954],[523378.93761265394,1613638.1254293786],[523178.15575620503,1613960.7500109375],[523057.68730867177,1614202.6248959559],[522776.59415608016,1614525.2504526409],[522615.96847589582,1614747.1256659096],[522575.81229963124,1614888.2502887724],[521973.46892431797,1615513.3746389705],[521672.28078141005,1615634.3745301741],[521351.03153381438,1615775.5002094235],[520969.56289249333,1615896.5001006271],[520608.12463939103,1615977.1247372578],[520407.34383932862,1616138.4999642945],[520166.40588787559,1616239.2503077106],[519564.06243130186,1616360.2502801747],[519202.65595105506,1616440.8749168057],[518700.7188622008,1616521.6255072115],[517777.12510164484,1616582.1254934436],[517435.78086373286,1616602.2501438423],[516973.96915341361,1616582.1254934436],[516632.65660709661,1616501.3749030377],[515990.15599913226,1616380.3749305736],[515407.8747848933,1616319.8749443416],[515146.8745911055,1616259.4999367585],[514986.24996730767,1616178.7504027393],[514805.53132831951,1616118.2504165072],[514624.84348706086,1616057.7504302752],[514444.12492933322,1616017.5000730909],[514283.49924914888,1615957.0000868589],[514082.71739269997,1615856.1248460542],[513902.03158295387,1615735.1259299768],[513761.46912023029,1615775.5002094235],[513580.78127897164,1615836.0001956555],[513440.21987263463,1615876.3754502281],[513279.59419245028,1615916.6248322863],[512737.46915447584,1616118.2504165072],[512616.99965055613,1616178.7504027393],[512476.46896068804,1616259.4999367585],[512396.1566081589,1616420.7502664067],[512376.06267422909,1616501.3749030377],[512356.00051315484,1616642.6253984151],[512376.06267422909,1616763.5004734905],[512356.00051315484,1616884.500364694],[512215.43699404475,1616904.749993742],[512135.12472277606,1616844.25000751],[512054.81237024692,1616763.5004734905],[511874.12452898826,1616763.5004734905],[511833.96835272369,1617005.5003371581],[511713.49990519043,1617267.6248512245],[511653.24979499605,1617489.5000644932],[511552.87422500609,1617610.5000369572],[511392.24960120826,1617731.4999281608],[511332.00046613987,1617912.8749082079],[511291.84331474931,1617993.6254986138],[511030.8440960875,1618275.8747443394],[510930.43789088901,1618175.0004786607],[510870.21849716367,1618074.2501352446],[510789.90614463447,1617993.6254986138],[510669.43769710127,1617933.1255123818],[510548.96916830749,1617872.6245510236],[510468.6558406523,1617933.1255123818],[510227.71886432532,1618013.7501490125],[510127.31257786631,1617973.3748944399],[510026.93708913686,1617933.1255123818],[509886.37462641334,1617872.6245510236],[509745.84393654531,1617852.3749219759],[509765.90617888008,1618074.2501352446],[509625.34371615649,1618094.3747856433],[509444.6558748979,1618094.3747856433],[509263.93829229625,1618255.7500126802]]]},"properties":{"FID":0,"ZONE_":"C"}},{"type":"Feature","id":1,"geometry":{"type":"Polygon","coordinates":[[[359947.21847551467,1651846.8750369661],[359780.25022035814,1651921.7499875703],[359650.37626775145,1651977.8754052042],[359520.50031007087,1652034.1247015325],[359260.75039978354,1652108.8747273169],[359130.87548822846,1652127.6251320585],[358796.9060249622,1652239.8750083779],[358648.46909843234,1652370.8752894388],[358537.15620185196,1652576.7494749788],[358796.9060249622,1652763.8752608506],[358963.87541342131,1652857.4995700712],[359464.84381819208,1652894.8745829633],[359687.4686524045,1652913.6249877049],[359854.46872721164,1652969.750492516],[359854.46872721164,1653082.000281658],[359724.59372847941,1653250.4995414829],[359724.59372847941,1653456.3746859711],[359761.68715925794,1653624.7499799242],[359873.02969606081,1653924.1245959899],[359873.02969606081,1654186.1252452892],[359873.02969606081,1654335.8749721434],[359761.68715925794,1654504.2502660968],[359631.81111440028,1654635.2495882092],[359483.37514681881,1654672.7495259214],[359205.0939950819,1654728.8749435553],[358982.43742839602,1654728.8749435553],[358592.81260655361,1654504.2502660968],[358295.96830653935,1654242.2506629231],[358128.96823173226,1654092.6258608887],[357832.12497784349,1654017.7499513361],[357609.46849833475,1654017.7499513361],[357071.40666278539,1654017.7499513361],[356811.65579354973,1653905.5000750166],[356700.34385591769,1653849.374657383],[356533.37455463567,1653736.9988101181],[356347.81246485387,1653736.9988101181],[356069.53122593981,1653736.9988101181],[355828.31264427921,1653680.8754847352],[355661.34334299719,1653587.3740080837],[355364.46826945781,1653362.7503767507],[355216.06202927604,1653175.6246780558],[355030.53167196765,1652894.8745829633],[354937.75010401401,1652745.2496937518],[354844.9685360603,1652520.6251034704],[354770.78071555484,1652352.2498095173],[354715.09362450521,1652146.374577852],[354473.9057291926,1651959.2498381054],[354325.46871548571,1651846.8750369661],[354139.93739922898,1651846.8750369661],[353972.96905689529,1651903.125466597],[353787.43765346147,1651996.6248509975],[353694.65503938228,1652015.3752557393],[353490.56266709924,1652165.0001449506],[353416.34416024579,1652052.7502686314],[353360.687668367,1651828.2495570444],[353249.37581791211,1651734.6252478238],[353063.8433683528,1651678.4997430129],[353063.8433683528,1651491.3750032664],[353186.78072430473,1651449.1247840161],[353246.84349678672,1651237.1250106147],[353171.78120254091,1651085.6252901542],[353021.62488157582,1650979.6248803909],[352901.53124343959,1650813.124504864],[352841.4684709576,1650676.7502771129],[352796.43703989004,1650343.6246012389],[352736.37540071068,1650010.5000586677],[352646.28080610203,1649692.4998755031],[352526.18708078866,1649480.500189279],[352376.03075982362,1649298.750355171],[352331.00037488155,1649071.6251762374],[352270.93768957665,1648632.3752119057],[352105.78080072225,1648375.0000065018],[352030.71850647643,1648268.9995967385],[351925.62543622951,1648117.499876278],[351790.50045667886,1647981.2504861699],[351700.40586207027,1647845.0001371133],[351655.37643607653,1647708.6248632367],[351685.4062531293,1647526.8750291285],[351790.50045667886,1647390.6246800721],[352015.71898471261,1647208.8749331413],[352120.81214213668,1646981.7496670305],[352135.81271002599,1646724.3755077524],[352090.78127895843,1646421.4998583486],[352000.68773047533,1646239.7510703662],[351880.59400516195,1645997.3753867263],[351745.4690256113,1645830.8750983765],[351595.3127046462,1645649.1252642684],[351445.18715720624,1645482.5000510986],[351219.96862917242,1645300.8752289878],[351009.78135537595,1645164.499867934],[350904.68715182639,1644982.8750458232],[350754.56265051191,1644907.1246625301],[350289.12493937794,1644710.2503818383],[350033.87450204039,1644604.2500592521],[349823.68722824391,1644528.4996759591],[349688.56224869326,1644437.6247589053],[349673.56272692943,1644240.749519265],[349598.46870021016,1644013.6252992798],[349478.37497489678,1643892.5004429326],[349328.2504735823,1643740.9995891694],[349298.21856427856,1643559.3747670588],[349298.21856427856,1643317.0001295442],[349268.18770110031,1643059.6258830887],[349193.12540685449,1642923.2495630865],[349042.96917306655,1642756.7502336851],[348832.78085314453,1642559.8749940449],[348682.62461935659,1642438.7501376977],[348442.40648238186,1642241.8748980574],[348172.15652328054,1642075.2495977106],[348022.03088866343,1641923.8747148931],[347871.90638734895,1641802.6249337257],[347721.75006638386,1641681.5000773785],[347691.7192032056,1641348.37544763],[347661.68738107895,1641045.4997982264],[347616.65595001139,1640863.7500512956],[347541.59365576558,1640530.6254215471],[347496.56222469802,1640348.8747156679],[347316.37512773182,1640136.8749422668],[347016.09325932676,1639955.1251953358],[346895.99953401339,1639864.250278282],[346685.81226021692,1639743.1254219348],[346535.65602642891,1639591.7495801686],[346505.62516325066,1639455.3752652404],[346325.46875263244,1639349.3748554771],[346040.21918459015,1639243.374532891],[345875.0623829129,1639137.375169253],[345739.9373161851,1638758.875020325],[345604.81233663444,1638577.1252733939],[345274.49969222822,1638334.7486308056],[345019.25021383906,1638243.9996846972],[344824.09323533153,1638122.7499035299],[344598.87366117223,1637986.4994672963],[344283.59331712883,1637774.4997810721],[344268.5619757144,1637577.6244542548],[344253.56245395058,1637395.874707324],[344343.65600243374,1637229.3744189742],[344583.87413940841,1637199.0005138093],[344703.96882367018,1637093.000104046],[344974.2187827715,1637093.000104046],[345124.37510373659,1637168.7495283906],[345214.43796587171,1637305.0008363954],[345424.62523966818,1637380.7502607401],[345589.78108239709,1637289.875343686],[345559.7502192189,1637168.7495283906],[345724.90606194781,1637062.7501647526],[345814.99961043091,1637123.3750553362],[345875.0623829129,1637062.7501647526],[345905.0942050395,1636986.9996942824],[346115.28147883597,1637047.6245848662],[346250.40645838663,1636896.1248644057],[346400.53104687826,1636881.0003306447],[346445.59421041928,1636729.6244888788],[346460.5937321831,1636578.1246812411],[346550.6872806662,1636441.87537831],[346430.56286900491,1636214.7501121995],[346490.62459536135,1636048.1248118524],[346520.656417488,1635896.750016212],[346640.75014280138,1635805.8761452835],[346730.84369128448,1635730.1247158649],[346745.84330022539,1635609.0009056432],[346640.75014280138,1635503.0004958799],[346790.90646376647,1635457.50005188],[346911.0001019027,1635457.50005188],[347076.15594463161,1635397.0000861166],[347106.18890006084,1635139.4999558926],[346986.06239614851,1634988.1250730751],[346895.99953401339,1634791.2498334348],[346895.99953401339,1634609.500086504],[346895.99953401339,1634306.625483226],[346775.87512235204,1634064.3747244061],[346610.71832067473,1633852.3739048792],[346490.62459536135,1633625.1247600741],[346340.46827439626,1633443.4999379634],[346310.46923086862,1633231.375239742],[346205.3432948456,1633140.6253346852],[346070.21831529494,1633034.6249249219],[345769.96922548884,1632822.6261976461],[345604.81233663444,1632671.1254310603],[345574.78147345618,1632504.4990845877],[345544.74965132953,1632337.9997551863],[345529.75004238862,1632035.1251519083],[345454.65610284643,1631883.6253442706],[345244.46882904996,1631656.5001653372],[345079.31298632105,1631565.6252482831],[344824.09323533153,1631565.6252482831],[344538.81298094126,1631565.6252482831],[344448.75011880614,1631474.7513773546],[344178.50015970482,1631338.5010282982],[344073.40700228076,1631202.2496331159],[344103.43786545901,1630914.4994764219],[344118.43747439992,1630687.3752564366],[344313.62513925548,1630581.3748466733],[344583.87413940841,1630505.6244633803],[344719.00016508461,1630217.8753528115],[344688.96825578087,1629930.1251961174],[344568.84384411952,1629733.2499564772],[344508.78115881461,1629566.7495809502],[344313.62513925548,1629233.500113559],[344253.56245395058,1629082.1252307412],[344238.53111253621,1628809.499520631],[344238.53111253621,1628582.3753006458],[344163.46890546748,1628400.6245075895],[343998.31201661308,1628006.8750744346],[343968.31288590829,1627825.2502523237],[343953.28163167101,1627688.87489127],[343953.28163167101,1627476.875205046],[343848.18742812146,1627279.9998782286],[343713.0624485708,1626795.5014989653],[343773.12522105279,1626492.6248034362],[343863.18703706242,1626068.5004189909],[343998.31201661308,1625690.0002700626],[344253.56245395058,1625296.2497907821],[344493.7815498737,1624963.1251610338],[344703.96882367018,1624690.4994509234],[344899.15657570283,1624448.249738229],[345109.3438494993,1623993.8753273133],[345244.46882904996,1623887.8750047272],[345634.84424593818,1623736.5001219094],[345830.00017832022,1623645.6252920325],[346055.21879353112,1623615.2503407423],[346208.84336923505,1623584.249719226],[343474.2185717937,1621766.1254463892],[342333.25011420134,1619254.5002576204],[340969.65586344816,1617209.1247477273],[339258.81298104854,1616572.125070015],[339083.43762549368,1616652.6247758979],[338971.8441929252,1616749.250419176],[338557.31260495458,1616813.7512047347],[338254.40618202591,1616910.374842939],[338015.24994961009,1617039.2503559336],[337648.56273699767,1617135.8749530863],[336978.93736898305,1617135.8749530863],[336867.34393641457,1617087.6251169201],[336468.7498960722,1616974.874495195],[336086.12513583148,1616829.875137056],[335831.03135578753,1616700.9995368843],[335512.15669888264,1616588.2500484618],[335017.90677359997,1616378.749817587],[334810.65632278868,1616201.6255145515],[334667.15606249025,1615943.8754475105],[334635.28096723382,1615686.1254676466],[334523.68744748819,1615557.2499546518],[334396.12473481806,1615412.2494632101],[334220.75042538869,1615186.7503991884],[333806.21883741807,1614961.2502018639],[333216.34362636606,1614864.6245585857],[332897.46896946116,1614832.3746888691],[332514.81247674697,1614864.6245585857],[332084.34438727365,1614816.2497975994],[331669.84348565096,1614848.5006262644],[331335.03136829496,1614896.7504624308],[331111.81268350745,1614961.2502018639],[330904.5622326961,1615057.8748861935],[330713.25037563854,1615122.3745384498],[330282.78124003968,1615235.1251601747],[329613.15587202506,1615396.1256180659],[329437.78156259569,1615299.4998876108],[328433.34407722508,1615299.4998876108],[328034.78176935617,1615347.8747357742],[327412.9997305742,1615380.1246054908],[327094.12411472097,1615557.2499546518],[326727.43786105688,1616024.3751533933],[326265.06294385355,1616314.3740440255],[325515.74992487492,1616491.625364132],[325324.40633534384,1616346.6249598677],[324830.18709640921,1616330.4999814208],[324650.99931082624,1616272.2497957207],[324383.74963965704,1616185.4995771563],[324224.34356420382,1616072.7500015567],[323905.46899447608,1615895.4996403987],[323746.03118654946,1615702.2503589164],[323538.78274081199,1615170.6254207415],[323443.12476362078,1614800.1248191525],[323251.7811740897,1613785.2497037894],[323267.75045419141,1612979.8747321239],[323076.40581853484,1612303.2503486329],[323092.37509863655,1612045.5013277174],[322932.93729070993,1611304.5001245395],[322709.71860592242,1610386.3745311492],[322677.84351066593,1610064.1248118519],[322709.71860592242,1609355.3754834644],[322773.50044173165,1608034.5004648941],[322805.37553698814,1607551.2502877056],[322757.56289410341,1607228.9996094601],[322598.12508617679,1606729.6265460758],[322295.18701795174,1605940.3754195545],[322167.65595057793,1605441.0003510963],[322199.53104583442,1605134.8744769434],[321976.34409352031,1604700.0001068669],[321880.68716245459,1604313.3746140082],[321737.18786110461,1603894.5002103813],[321689.34357292356,1603636.7502305172],[321689.34357292356,1602992.4995954377],[321705.31285302527,1602638.0000064238],[321705.31285302527,1602235.3755060639],[321657.46847766708,1602058.1252320828],[321577.75005317794,1601896.9998493716],[321593.68760080618,1601494.3753490115],[321689.34357292356,1601123.8746602454],[321960.40654589212,1600672.750474079],[321832.84383322194,1600092.8746536125],[321848.78138085018,1599416.2492239962],[321721.25031347637,1598401.5000795785],[321561.81154660136,1597821.5002932404],[321498.0316286888,1597048.3751912913],[321513.96917631704,1596065.7498584678],[321577.75005317794,1595179.7502560993],[321641.53093003883,1594712.5001325377],[321962.46889513696,1593810.3745055969],[321767.78092956159,1593113.3736024527],[321769.0005375396,1593094.2503411477],[321789.21839482547,1593045.8745340358],[321810.62508656428,1592954.1252304185],[321835.87489467917,1592887.7495264336],[321872.53095782187,1592811.2495070433],[322001.84375127533,1592702.7495547535],[322113.49968984234,1592637.5002663999],[322277.15643473074,1592546.7503613431],[322354.50015433633,1592484.1245813877],[322509.37502436619,1592434.1246644382],[322605.81227787735,1592389.2498906641],[322714.93790039286,1592327.8754511604],[322834.18783831387,1592270.2498895605],[322895.0932648856,1592234.4999454543],[322980.09453596926,1592178.2496030005],[323044.71911304537,1592109.2504777946],[323077.56292051426,1592034.1247186018],[323114.21907083405,1591949.8750886894],[323154.71825035289,1591880.9998421781],[323238.21833134501,1591736.9997954224],[323284.99975601869,1591640.0004238097],[323330.53088636644,1591550.7495294162],[323365.90596883523,1591464.1252817975],[323415.21875568596,1591369.7514236567],[323454.43791347917,1591302.1254253457],[323534.28126278834,1591217.8737903596],[323592.5622220136,1591151.5001786256],[323641.99993368436,1591099.1245978442],[323704.12496823404,1591044.2505206619],[323777.65634498873,1590988.0000910307],[323919.71896731964,1590893.5002619445],[324040.21919956664,1590817.9997282915],[324159.43836396257,1590725.9984827833],[324255.84388500021,1590667.2495567515],[324409.37526835751,1590585.3746317225],[324520.749624811,1590406.7500975437],[324524.37453684333,1590330.3750029735],[324516.50000150129,1590218.2501386513],[324485.7185432773,1590083.3750087407],[324453.78102919937,1590005.7496198444],[324386.12539066601,1589871.0004608794],[324349.03100093908,1589756.3749207282],[324364.09398764989,1589673.6254347819],[324412.15648017463,1589578.0002361897],[324438.71900143696,1589532.0000929097],[324554.156596507,1589468.1250647537],[324630.31252778525,1589441.1252630327],[324772.56249375769,1589423.0004413396],[324858.96757808432,1589437.9999631036],[324902.21832919779,1589463.3746960384],[324993.8437541204,1589524.3754072078],[325350.78151296463,1589518.3747441664],[325395.06234898645,1589437.9999631036],[325415.09382157924,1589313.1252699038],[325414.84397193912,1589199.8749488988],[325419.68744582392,1589101.7501206028],[325439.7814244153,1589001.1247036553],[325453.56238432665,1588919.4996282663],[325480.03075429401,1588829.1255437951],[325544.62473219924,1588735.9998877293],[325649.68711609824,1588575.2492794781],[325686.43741771299,1588534.3753254993],[325831.18701338896,1588503.4996288032],[326035.78117720323,1588534.7500999593],[326107.00035507296,1588570.2501072481],[326290.25033314701,1588718.8744645966],[326553.25038100651,1588727.1249077015],[326583.46858782624,1588622.6246419041],[326582.03190880717,1588542.3747856612],[326557.68734795775,1588454.6251685366],[326525.68732788123,1588351.5001218854],[326483.56203345081,1588256.1258190586],[326429.93720446888,1588138.9996902556],[326336.90683300066,1588013.2504361386],[326261.78107380786,1587930.6249160639],[326179.03158786154,1587855.6251278166],[325821.65663573571,1587678.2498418384],[325534.28125350166,1587552.8753621813],[325416.06253379158,1587516.1250605667],[325297.74957560946,1587433.7504362576],[325216.06199422211,1587272.125354266],[325271.40613046219,1587028.7501848885],[325283.87533617445,1586925.6252254145],[325295.1250210859,1586850.3745414016],[325343.12500761211,1586729.2496850544],[325362.06293034955,1586675.7497808926],[325347.7504515074,1586525.5002675809],[325320.90626095445,1586454.2504033633],[325264.71842449915,1586323.2500351251],[325264.46953380742,1586212.3754651288],[325307.31273186172,1586058.2501440193],[325343.96879500442,1585989.3748103308],[325383.28123232134,1585953.624953402],[325486.12565580744,1585938.1246862325],[325528.06247329368,1585943.1249045879],[325651.34391735779,1585960.6250150036],[325735.21877281007,1585976.9998430905],[325822.87519758823,1585986.8752678044],[325902.93762301235,1585999.5001718618],[325937.24984197377,1586004.5003902174],[326023.68770489946,1586025.8753494825],[326091.03107497125,1586039.7495017406],[326186.34400510194,1586048.4995569484],[326291.8128959345,1586065.9997545413],[326412.53019922262,1586077.2503984012],[326538.28154559067,1586081.9997209909],[326648.81211465178,1586077.8751096784],[326821.50049686158,1586053.2488795384],[326919.1244925746,1585962.6259043755],[326987.40588851081,1585832.5000970548],[327025.21914081002,1585696.2497479981],[327196.31209445617,1585525.1249747013],[327266.1253668319,1585503.2503161558],[327395.78120227205,1585528.5001242708],[327480.96877087175,1585567.750055589],[327736.06255091575,1585465.249633038],[327761.12492821197,1585312.3746934314],[327757.09342206887,1585220.6253026372],[327733.9684691974,1585098.500001604],[327612.68791450502,1584844.0001593123],[327537.28161932423,1584643.0002211824],[327495.12450524321,1584534.8750433528],[327457.93796929519,1584385.8747782416],[327418.24979856977,1584252.2499426571],[327361.96868259081,1584085.6247294871],[327373.18759397714,1583983.6250523417],[327357.62490798614,1583844.8751607588],[327341.96894247149,1583667.8746492406],[327353.15612138435,1583562.1252224201],[327429.0315166745,1583401.4995389888],[327497.50025625224,1583356.7496900349],[327652.31262028351,1583276.125059332],[327748.62494897458,1583183.0004493915],[327795.31222235336,1583035.1256409634],[327794.9998667147,1582908.9995201353],[327760.46857163822,1582807.2497798072],[327680.28113421693,1582733.6252107059],[327514.78120337584,1582574.7495208809],[327351.93755953189,1582465.6249444908],[327242.49966855475,1582387.0001570343],[327168.68766863493,1582328.5001216941],[327091.06236691575,1582265.1247056413],[327024.90573904582,1582224.4995551768],[326994.37421763904,1582200.375203745],[326748.40631338855,1581852.0001564673],[326678.24999902619,1581728.624473931],[326625.84373189672,1581588.6252469704],[326637.03099798667,1581484.2499931704],[326658.50010854693,1581423.0004784865],[326706.62510707031,1581361.7499176771],[326777.53097035299,1581258.3750213857],[326861.03096416802,1581118.1248986595],[326929.43719774712,1581025.0002887191],[327057.43727805314,1580898.6253643765],[327181.71907962603,1580801.5000218181],[327276.84353281255,1580741.3748305147],[327325.03095015738,1580700.6247552303],[327427.78113517142,1580635.3754668767],[327475.96855251625,1580600.8748581484],[327568.53095717781,1580527.9998379673],[327653.43798978941,1580436.1245634046],[327781.31201197277,1580252.4998108705],[328184.74961337715,1580019.6248646611],[328282.53139968624,1579999.1253380845],[328433.74953803321,1580029.2504397349],[328524.0622498084,1580073.6254270517],[328613.06216125912,1580111.625064044],[328676.59423460538,1580122.8747489555],[328785.78131699399,1580098.5004607064],[328948.21941285278,1580016.499564732],[329043.34395321645,1579958.9998869004],[329161.25031728781,1579854.2498586401],[329260.06227568246,1579736.8748391455],[329313.24982420565,1579657.7503524085],[329351.1869551994,1579580.0001258692],[329406.90595307673,1579503.500193656],[329510.7497751232,1579369.4995374857],[329557.62543826899,1579306.9996412988],[329632.40606322407,1579240.6249834395],[329717.31204971019,1579144.8748600271],[329816.18747305177,1579059.2500109687],[330011.21848061378,1578792.6250510768],[330079.56229537143,1578687.9998604595],[330189.81224126741,1578560.3746417908],[330397.87474699755,1578449.1252101574],[330494.37546545564,1578432.3746486618],[330612.40579539869,1578387.4998748878],[330725.40626676375,1578357.8745596947],[330885.40627996915,1578325.6246899781],[331021.18761609355,1578262.9999561482],[331188.62497135939,1578156.874621565],[331298.9998420754,1578089.1247445594],[331409.21910162334,1577970.3745059187],[331467.4376420271,1577865.7503614267],[331498.9071892983,1577739.6253739013],[331583.7497108375,1577623.4996026068],[331690.12489506096,1577478.1254700078],[331748.40585428622,1577414.2503546749],[331818.15662066336,1577358.0000122208],[331871.37494271167,1577308.2499449113],[332056.65640932828,1577217.3751150346],[332156.96851168899,1577205.6246847175],[332273.81201225298,1577192.6250061998],[332348.65618933219,1577149.1244926234],[332393.06299629953,1577119.749986019],[332439.56283885968,1576898.1246375442],[332369.3122860252,1576730.1251641766],[332376.68712208705,1576620.6247672008],[332390.56232047046,1576578.5004317188],[332429.78156544082,1576515.9995765835],[332453.84349805117,1576480.2507657802],[332481.65640081657,1576424.2502729665],[332511.99953245639,1576360.5000824535],[332496.62523623242,1576301.875035116],[332481.34404517792,1576286.6256637122],[332388.46823875216,1576225.749877363],[332363.03108699579,1576206.7495358039],[332314.59382001089,1576141.8750219105],[332304.37430718489,1576112.6244811779],[332305.49967669084,1576052.7501856398],[332326.96887442819,1575990.2503766301],[332357.3745120666,1575960.8749110771],[332491.9065999905,1575903.2503084256],[332574.43796877027,1575886.4996597532],[332657.00002389797,1575886.374734933],[332752.31286685151,1575901.3753899995],[332823.50031224778,1575921.6249797589],[332885.75035879464,1575927.7484753693],[333010.25027753413,1575930.0002605065],[333165.24911343568,1575937.3750965684],[333251.68802248681,1575966.3747415356],[333368.68713421887,1576015.7489882596],[333436.09396923764,1576044.8746041723],[333504.75013963395,1576075.3754392313],[333593.75005108461,1576106.999638722],[333672.56226935994,1576129.6249794904],[333785.68757836794,1576158.7495492778],[333870.81272814621,1576172.499822841],[333938.18783069146,1576185.1247268985],[334098.28103624342,1576198.7500756418],[334217.71831780596,1576213.6237136372],[334321.96873396315,1576250.3750613777],[334395.65572188585,1576257.8748222594],[334581.0939329731,1576243.3749997758],[334650.90615922335,1576217.7504172008],[334714.31226162409,1576171.7502739208],[334844.90603575151,1576061.8751024851],[334871.50037666439,1576018.5004726772],[334914.5001448351,1575948.3749318398],[334957.53173265647,1575878.250349951],[334978.9691107432,1575808.1248091136],[334983.96828297322,1575772.4997898277],[334957.71907629794,1575742.3747753545],[334993.62463157199,1575702.1254454758],[334998.74977474753,1575648.4995703683],[334996.78166397475,1575563.2494957701],[334985.50024658989,1575459.1251377356],[334974.12459073286,1575352.3751790519],[334972.93776135391,1575300.2494479106],[334956.59370679205,1575197.5003090219],[334941.65660384967,1574991.5001525367],[334947.96753027872,1574879.3752010374],[334946.7817470252,1574827.1246322531],[334936.78139749134,1574780.2500152329],[334926.15633668017,1574704.1247703026],[334913.28158298263,1574642.1257066985],[334896.56275396066,1574522.7497978318],[334913.81205578794,1574114.8752294763],[334897.8745081597,1574028.7497221893],[334880.09377457877,1573919.6250586221],[334867.71872016141,1573879.124832978],[334831.90635723394,1573759.1253461365],[334804.53073492728,1573618.3744780046],[334754.2810555147,1573478.2503262241],[334688.75009787054,1573337.2496084522],[334632.34414424864,1573205.0000791906],[334600.12496088003,1573130.623868918],[334559.43739159423,1573019.5004082303],[334528.34357773152,1572938.7498065818],[334467.28149386629,1572825.6254565222],[334433.3123168915,1572729.7504082897],[334409.59342626785,1572582.6251487818],[334398.78102181514,1572444.1260657874],[334403.06229042116,1572354.875258571],[334406.2500091719,1572271.9998888564],[334416.46856304951,1572109.9999452275],[334456.00007648137,1572005.8745410675],[334495.40666509327,1571951.5001631654],[334586.93793872092,1571897.1247391377],[334667.62603437086,1571869.6252381364],[334794.40641952178,1571857.6249581792],[334917.81278840592,1571863.624575095],[335006.87520585518,1571867.7502325331],[335128.59399995464,1571857.2501837192],[335208.09430727718,1571832.3751500645],[335405.18766408402,1571782.9999443921],[335545.90671256528,1571713.3750617835],[335652.28085066326,1571642.0002727457],[335726.31201387523,1571547.2495478936],[335797.34384810342,1571376.249699417],[335829.78106146154,1571295.2502942539],[335884.09397949063,1571115.6253153894],[335936.7183637867,1570862.2498836552],[335979.59329431446,1570737.6249529186],[336047.18756015185,1570637.9999806567],[336136.65648453473,1570550.5002131721],[336192.56273887644,1570495.6250898642],[336339.15656663064,1570405.4997217304],[336510.06217663531,1570377.2496256835],[336658.09364235704,1570349.3753502222],[336751.99953369109,1570343.3746871809],[336861.15592973173,1570338.1246191852],[336944.71842954529,1570324.6252413874],[337075.93787389842,1570284.4997902033],[337153.43720467208,1570227.8746732892],[337285.56294241617,1570116.5003168357],[337400.49979208049,1570032.124803155],[337513.21859415487,1569904.6245093062],[337667.75042219809,1569773.6251871935],[337721.25032635999,1569723.8752070612],[337760.71837484487,1569617.2501731976],[337771.99979222979,1569499.8751537029],[337732.06281798979,1569365.8745847098],[337669.37453203584,1569237.4997299435],[337631.28170269693,1569128.8748528338],[337598.06216181954,1569011.250070876],[337577.78083958669,1568902.2503321287],[337561.84329195844,1568762.62492068],[337550.21883258689,1568644.5003522648],[337556.78161372989,1568543.7500104972],[337584.46854554972,1568476.8746072319],[337649.62464155664,1568380.9995589997],[337740.71863472561,1568308.7502090444],[337798.49989467068,1568279.3747434916],[337872.59347670409,1568241.8748057794],[337985.6553207651,1568240.3746618133],[338049.4065574035,1568249.1247170211],[338107.87486027024,1568250.2500865271],[338125.53171515669,1568244.6252440715],[338201.75006525638,1568188.1250519773],[338317.78159807867,1568150.8749639054],[338402.03114081395,1568111.8749694042],[338497.62460693275,1568068.8751140565],[338653.34326435492,1568043.3754563015],[338777.90673521848,1568045.5003115449],[338884.81239224726,1568053.1249972468],[338993.59392665065,1568086.1254620091],[339072.12552176078,1568129.9997039202],[339200.71840651642,1568195.6248128593],[339324.7196721012,1568283.124580344],[339380.53072902252,1568333.8750923392],[339473.90623472841,1568470.5002158561],[339716.40579706297,1568571.5004072639],[339945.09371313814,1568569.7504136579],[340103.34364556032,1568489.6254822351],[340175.28168600233,1568358.0004898966],[340221.49994644889,1568267.75028412],[340276.37506975676,1568166.9999423523],[340348.21895890386,1568087.6245598497],[340441.59341848426,1568058.6249148825],[340599.75024573697,1568138.8747711254],[340702.03141781874,1568276.3754145079],[340744.65641152934,1568362.0002635662],[340763.18774015608,1568393.3746134171],[340840.28169729875,1568485.74958726],[340875.09352836321,1568507.7492578027],[340988.53128018702,1568466.8752166466],[341019.74897274427,1568388.3754411871],[341054.71850722778,1568251.2494850876],[341080.96876002854,1568122.0002437581],[341101.49993190146,1568021.0000523503],[341108.0924404441,1567810.7503597324],[341095.81267062429,1567663.2503257643],[341075.65627321147,1567560.6249783933],[341048.09322008619,1567468.3749293704],[340946.81249269022,1567153.7498957752],[340860.24970494455,1566982.7500472984],[340815.74970563065,1566926.498658719],[340760.81207632419,1566857.7503421016],[340726.53167701338,1566803.8747045312],[340683.09358225844,1566738.7503409977],[340655.65650007868,1566706.2495755157],[340491.53082943521,1566586.7497879546],[340437.53122599318,1566559.9998358735],[340294.53162392334,1566530.3745206806],[340109.34230352775,1566490.375040442],[340021.90600099013,1566445.375341848],[339955.24976101716,1566420.2515046785],[339917.28081037279,1566372.750171307],[339876.31261792179,1566248.9998014879],[339855.09326982452,1566155.2495213218],[339849.25039737928,1566122.2501026848],[339798.56239138253,1565962.9996383998],[339889.53145973146,1565720.2502264252],[339918.12459776516,1565636.750145433],[339959.75019291532,1565513.499474894],[340000.37534337968,1565401.7503439805],[340024.03076905641,1565325.9989145619],[340035.46884373482,1565270.9999125595],[340052.93626272876,1565201.749891588],[340089.59337199695,1565027.7497551793],[340114.81249376386,1564964.750159712],[340133.62540450413,1564898.1246932643],[340175.87466480618,1564801.50105506],[340245.12468577764,1564663.6245910916],[340274.40591285849,1564556.0000714906],[340286.65508350742,1564425.7503854753],[340283.37617748399,1564339.2500165512],[340278.37500018015,1564232.5000578675],[340262.53169102396,1564096.624483271],[340254.93769166997,1563877.7495730883],[340250.43717259471,1563516.2499224728],[340249.84323484241,1563436.0000662298],[340254.93769166997,1563381.124942922],[340291.62452833779,1563209.6254823422],[340321.62461799092,1563132.4997927262],[340361.62409822951,1563048.7499492711],[340399.81212498888,1562995.6248195693],[340469.81282818329,1562890.8747041319],[340556.28137745691,1562783.0004220679],[340751.1567738509,1562582.2503335781],[340780.46877445682,1562475.8751493546],[340802.03116454079,1562419.2500324405],[340811.4376634995,1562385.874793218],[340812.2496312412,1562366.8754977847],[340815.34415764542,1562334.8754777082],[340813.87478720443,1562271.2502991923],[340812.49948088132,1562211.499882349],[340812.68795782543,1562165.6246638892],[340813.50001274433,1562090.499950822],[340816.46856820292,1562053.4997123899],[340822.53060394025,1561985.8747602045],[340831.81217807892,1561892.6252254441],[340836.96905372792,1561840.3746566598],[340838.78146615555,1561808.4985152779],[340840.28169729875,1561763.8746372694],[340854.84393860382,1561678.2498753881],[340901.46870598401,1561496.2501916401],[340923.93730228173,1561368.3751233313],[340966.12510271074,1561269.2499375266],[341027.12476775452,1561104.8753761915],[341166.06217733328,1560902.8749933757],[341254.74973314523,1560780.9995419828],[341330.37519161822,1560698.8747673139],[341508.87480097683,1560614.3752877614],[341594.03168322856,1560616.1252813675],[341735.34371051373,1560626.7503421786],[341835.09360759566,1560654.8765595311],[341949.53171692818,1560711.8754047798],[342107.93734769546,1560748.8745970863],[342218.81296381715,1560762.7497954697],[342232.74962207361,1560761.1247266836],[342404.9689913512,1560735.2502944684],[342429.12516243366,1560735.9998433888],[342468.59425704408,1560738.7502816808],[342587.90661378659,1560733.3753760422],[342665.25033339218,1560725.1249329376],[342783.87460108747,1560690.374474569],[342824.24990191171,1560678.0004662771],[342922.03168822092,1560619.6253557568],[342954.40648275753,1560590.749502307],[342978.53092136647,1560570.126184213],[342978.4377290199,1560577.7498237896],[342997.50048940029,1560576.7504252291],[343021.81227165076,1560563.1250764858],[343034.46890818171,1560564.5002956318],[343050.9378875636,1560567.2497749755],[343088.06200469012,1560543.6250356466],[343149.71907243313,1560487.1248435527],[343224.65644185885,1560381.1254799149],[343285.71861290123,1560267.2494886839],[343338.68603918393,1560090.8747345686],[343351.96834594058,1560042.7498232224],[343438.68779097981,1559907.6248436719],[343518.37552912097,1559829.6246803154],[343566.09393353359,1559770.3750088778],[343591.78093493008,1559746.5004199089],[343644.34385935299,1559704.0003510183],[343667.25078223494,1559699.1250574829],[343969.62464010739,1559791.0004192227],[344190.71855682862,1559777.376116605],[344251.8748791659,1559760.2497345239],[344302.56183903717,1559664.1247494742],[344312.71893304167,1559561.1247148202],[344340.21843404288,1559389.6251670632],[344346.56213907088,1559286.500207589],[344350.28128957527,1559189.7496394909],[344349.09341407078,1559078.9999071376],[344322.7500561006,1558950.0005154484],[344271.12507036491,1558811.7502359685],[344259.90615897859,1558689.3750852952],[344268.78113900655,1558484.3753734957],[344408.84383091412,1558348.7496485393],[344497.03177462303,1558301.500257059],[344584.84485669469,1558284.7496955635],[344744.03080990736,1558350.625613091],[345206.03095265053,1558677.624654978],[345329.6246651762,1558746.6249134867],[345438.15634993947,1558800.3746672885],[345563.1877876097,1558855.4996402366],[345631.62479471392,1558867.8746946538],[345740.71964370436,1558875.6253513014],[345887.74865966628,1558896.6255361065],[346015.65650657413,1558923.7502626476],[346147.18726044043,1558863.1253720641],[346227.9378620889,1558801.7498864345],[346277.40626010764,1558701.7501397126],[346361.43777285347,1558374.3752772398],[346391.93764896388,1558266.4999490504],[346405.18717712158,1558117.6246959365],[346446.40617816104,1557966.6245875789],[346467.59379378485,1557895.6245730014],[346499.81297715346,1557754.6249013548],[346558.81271177385,1557704.5000595851],[346646.81226571579,1557675.1245940323],[346653.00027239864,1557582.124908912],[346682.87543723173,1557424.6254843585],[346713.71835532883,1557291.375423234],[346779.65573272953,1557092.2504907076],[346830.0949352117,1557016.5001074146],[346863.78148394736,1556962.1246833869],[347159.90587526385,1556629.8745273787],[347236.09353901556,1556525.1254580668],[347282.65580039716,1556454.3752931294],[347353.81255944539,1556348.3748833661],[347455.49988095212,1556236.3748566867],[347582.5935806901,1556120.8748427953],[347784.56223103235,1556011.5004167652],[347885.78158573236,1555938.8752462242],[347965.656667515,1555843.1251228119],[348007.56279865326,1555740.4997754409],[348036.96903773129,1555515.5004106993],[348019.75050942908,1555366.250295948],[347988.93731873157,1555290.749762295],[347966.78099089541,1555233.1252468207],[347869.06275671034,1555021.7500975197],[347853.00028426206,1554985.8753157707],[347794.96812855144,1554852.6252546462],[347772.81284684071,1554793.7503576688],[347759.43839386303,1554641.9997414427],[347728.15523128491,1554502.7500634023],[347695.96882651531,1554331.7502149255],[347699.6879770197,1554233.750398627],[347718.093421878,1554181.7495923056],[347833.87501788308,1553957.8745509444],[347869.99964927213,1553911.1248587442],[348041.5934355011,1553895.6245043976],[348220.90605872701,1553976.8748925033],[348339.15651091054,1554067.62479756],[348398.31203105324,1554110.3747160907],[348478.84451553511,1554170.1251329342],[348582.21827852383,1554230.0004745973],[348687.18755725335,1554265.7503315264],[348825.96918130986,1554233.2496532213],[348857.90678256488,1554218.3749691003],[348887.34370799089,1554198.375228981],[348918.24904490943,1554164.3753656584],[348941.1558806143,1554159.6250841201],[348965.90598944901,1553798.2503583247],[348951.93759871903,1553694.8754620333],[348915.62449038588,1553446.0004621972],[348884.28091406019,1553309.3753386806],[348892.87535810005,1553021.6251819863],[349086.37553534796,1552671.3752162822],[349155.75048113952,1552604.8745874774],[349349.34385073406,1552557.750120817],[349500.37455826229,1552563.4998880927],[349713.24985152937,1552599.3746698417],[349804.59369433846,1552605.7501073431],[349963.40591921646,1552598.8749705614],[350105.74907753547,1552588.0000601101],[350231.65603507153,1552571.8762149659],[350367.74972683459,1552553.2496017416],[350491.06281619507,1552539.5003743039],[350613.21889075328,1552519.499588059],[350718.90493980411,1552494.1248551242],[350785.12494544382,1552478.4996631346],[350916.50000096497,1552430.4996766082],[351050.24976136966,1552396.6247381056],[351162.34402652091,1552367.5011272668],[351239.93759576662,1552355.7497380013],[351313.65640333993,1552349.1254969852],[351383.84340405028,1552321.9997243185],[351424.31294334657,1552230.8749576244],[351409.03175229207,1552131.3749101826],[351404.56200674188,1552081.6259761758],[351340.71862388239,1551902.499650466],[351329.59395096812,1551878.1254493939],[351309.74982201686,1551839.6250669959],[351257.31286853948,1551767.6245205554],[351176.09325395874,1551659.6253136713],[351101.12519818504,1551560.5000406895],[351000.21924524923,1551401.2496635816],[350948.12524658133,1551301.2499168594],[350902.15587682649,1551217.8747606876],[350793.75007583166,1551049.6254376799],[350680.43628987949,1550868.6252396693],[350567.62525440694,1550644.2504990278],[350496.03130207711,1550477.7501235008],[350437.59263943281,1550376.3751576329],[350249.87500805961,1550046.6255902767],[350183.68778101885,1549956.6252341401],[350081.18735846778,1549823.9988381676],[350016.71839255968,1549698.3745088705],[349950.59262539202,1549497.6254665062],[349898.43821297656,1549403.8751863402],[349841.71781146497,1549265.6249068603],[349832.90734250948,1549155.9995850646],[349879.28121412412,1548996.1244966793],[349933.96794766496,1548887.3746947492],[349976.87461066624,1548803.8746137572],[350040.12501472188,1548719.3752213819],[350124.56198827573,1548668.2499349264],[350285.84402828058,1548562.1246003429],[350488.12503426155,1548427.2494704323],[350599.59249588446,1548347.1245390095],[350671.25000033842,1548300.9995580867],[350687.90641053894,1548288.4995788494],[350741.65616434091,1548254.7495651667],[350795.37514461775,1548223.625064956],[350902.28080164653,1548099.0001342194],[351192.219191354,1547989.2498876036],[351194.12488330528,1547910.3752505069],[351198.46865790995,1547843.0001479615],[351198.37651168887,1547696.7504083195],[351207.03136947635,1547570.875270434],[351232.0620142991,1547465.5005308965],[351248.87508179311,1547430.0004364306],[351269.81284777686,1547358.8754970329],[351279.00009626633,1547324.6247379445],[351296.12447327352,1547253.4997113696],[351310.40617859055,1547217.9997040809],[351363.37465099874,1547120.3746622424],[351411.0941015369,1547041.8737534801],[351488.43782114249,1546922.8747113249],[351520.56276603905,1546884.9999991525],[351552.99997939717,1546807.6245470734],[351581.4375062628,1546754.3734464261],[351598.28126010485,1546717.6251498852],[351633.24983563996,1546639.0004496058],[351651.46994193061,1546589.5002319363],[351674.87543079018,1546529.874739913],[351691.65571968525,1546500.7512162512],[351722.65634120139,1546442.4998972486],[351752.2499239209,1546401.9987126559],[351816.62473853404,1546312.1252864131],[351910.74979316024,1546162.6254091989],[351970.21854071284,1546048.6264982219],[352015.31247777899,1545978.9996105393],[352044.90606049856,1545939.7496792208],[352091.12536707061,1545891.7496926947],[352133.53119748906,1545838.6245629929],[352146.43768366007,1545817.1246789077],[352173.74984101974,1545746.1246643302],[352235.78168322291,1545628.2499455551],[352252.6879430635,1545582.4996519152],[352280.00010042323,1545510.2503019599],[352310.25108584197,1545388.374850567],[352317.09344402468,1545328.6254798491],[352346.28156593605,1545182.4997060788],[352340.56248500827,1545102.374774656],[352332.40636755264,1545006.8754598321],[352334.59364161751,1544893.7500636471],[352336.25044287712,1544846.7495628584],[352326.68728662486,1544766.4997066157],[352324.84410067217,1544678.7500023136],[352319.9688071367,1544653.250431736],[352318.09388871054,1544568.0003571375],[352286.34371827409,1544401.1252071506],[352276.84411414596,1544317.1254268782],[352259.71869101323,1544231.750514637],[352229.78110735869,1544152.7499065946],[352159.40667582967,1544040.2501806354],[352116.62493764842,1543978.999619826],[352054.96891603095,1543889.5000090951],[352008.62468463881,1543797.6246473552],[351969.87453977781,1543709.499209645],[351932.43710806424,1543615.1253515042],[351897.75011464267,1543495.3746681775],[351880.43734786846,1543434.1251534936],[351872.15726454114,1543354.0002220708],[351897.68760864408,1543186.2495522178],[351971.3439102188,1543048.1252436833],[352007.25051161833,1543016.6250100643],[352078.90592382126,1542968.7499483582],[352173.46921785455,1542923.625324944],[352273.24988846161,1542861.9989435489],[352392.06254592387,1542804.375387023],[352467.31218381121,1542787.1250390701],[352616.31236174528,1542775.3746959302],[352674.71824579057,1542793.6254013916],[352776.09329883568,1542851.6247785033],[352879.9995397036,1542909.5002769204],[352956.12478463387,1542940.6246899541],[353027.21903768356,1542961.4999499391],[353090.62409395882,1542992.3756466352],[353188.28086827078,1543035.1246062175],[353313.93797616678,1543081.750332546],[353404.12471699645,1543101.5002230252],[353482.84374292521,1543126.25033186],[353589.62543408235,1543146.0002223391],[353778.09261437587,1543132.1250239557],[353849.43776319112,1543126.25033186],[353984.84336590697,1543064.8748462305],[354212.68740741274,1542906.2500521711],[354301.34331792837,1542802.5004685968],[354403.03159838344,1542659.4998204014],[354437.81283027708,1542606.3747778768],[354539.56257060519,1542460.8745871549],[354736.15622813185,1542067.8746157433],[354778.2497900888,1541900.2499168359],[354806.90648024651,1541817.8752925268],[354852.81133892888,1541649.0002992935],[354865.28159076668,1541521.874779905],[354872.03075660282,1541314.6243290936],[354890.65632370161,1541215.5001022373],[354898.65578386368,1541168.4995142715],[354915.71774204948,1541103.7500123754],[354943.03085835755,1541032.7499106207],[354966.46921299316,1540965.4997328955],[354982.25010332791,1540903.250732474],[354989.53174704319,1540788.8751291402],[354976.03132311994,1540570.0002189572],[354976.71845321875,1540481.0003075066],[354994.50014574808,1540329.7503495091],[355005.46824854589,1540230.6250765275],[355022.96740001329,1540112.3746243438],[355065.56266632426,1539878.6251172172],[355108.00031639333,1539666.500418996],[355138.12541804364,1539558.6250908063],[355234.71828272275,1539259.1245909722],[355271.156315876,1539161.5005080821],[355355.3751722633,1538975.125317256],[355429.18717218313,1538817.8747833942],[355528.28167163971,1538682.4999542034],[355616.93758215534,1538578.8752082719],[355734.87576587731,1538476.6247225381],[355857.81207570375,1538383.3751877777],[356013.719122893,1538303.1253315348],[356276.7816767511,1538199.3736557094],[356449.18743072182,1538125.5002830937],[356606.21880129148,1538065.6249414303],[356737.65636281122,1538024.5000916857],[356879.37489703001,1537970.8751755268],[357009.65640269587,1537914.4999082529],[357119.71900495025,1537841.4999632519],[357199.24999862077,1537764.5003317583],[357278.75030594331,1537688.7499484653],[357362.5001493984,1537563.3754688085],[357397.43699246005,1537491.1250727277],[357420.90603344364,1537421.375352476],[357440.65697004838,1537340.1250515475],[357494.15582808474,1537176.3751143124],[357519.12510021153,1537077.3758122763],[357576.59400451789,1536897.1242042377],[357651.4996414702,1536761.6254091752],[357722.46896969981,1536641.2501017484],[357821.53173668293,1536509.6251965871],[357943.43787442386,1536388.3754154199],[358093.21837480331,1536280.1252255931],[358208.31292788673,1536212.2514698931],[358664.53157088067,1535986.50046398],[358817.71886612586,1535931.6252534951],[359039.78149505949,1535855.625020562],[359172.52976465278,1535808.2496581362],[359296.3129130709,1535770.874732421],[359658.49969378521,1535680.6254855928],[359868.31210594444,1535708.8745355143],[360113.37476292945,1535781.7495556951],[360331.53081054008,1535876.1244599614],[360439.18706261466,1535944.3750823727],[360502.43746667024,1535991.8753696186],[360569.28209641023,1536068.6252386491],[360715.53087710391,1536243.8746232584],[360800.96829534369,1536381.8750530982],[360868.84309716913,1536490.4999302081],[360954.46890517592,1536608.1247121659],[361032.81315664452,1536677.3748203146],[361170.75003436033,1536778.7497861825],[361211.2502600046,1536807.1248070495],[361414.43747219932,1536865.749854387],[361499.68754679762,1536868.875067139],[361528.87462258351,1536877.9999839843],[361582.18709592673,1536896.1247185003],[361663.49990285398,1536914.625360779],[361872.12452668586,1536928.7504088024],[361980.49955415557,1536906.6248544913],[362171.96911463223,1536840.6249710922],[362289.40550682298,1536799.3751965275],[362402.93740994175,1536768.373616063],[362525.49999143358,1536719.6250395649],[362673.65638197528,1536658.3755248811],[362764.43706055719,1536605.6251696395],[362930.81251126411,1536492.3748486342],[363048.7496488606,1536387.624820374],[363110.31256530865,1536330.7497666427],[363271.90591482667,1536177.9996646792],[363311.9063540136,1536110.876504025],[363342.31199165201,1535969.8747401275],[363359.46914725821,1535892.5003341739],[363386.4996353272,1535699.2500065661],[363369.97024219774,1535536.3746302486],[363349.4687977244,1535393.749802639],[363338.03272811981,1535233.3760610989],[363357.49999035994,1535028.750164811],[363443.7505096441,1534906.0002396777],[363514.43720963469,1534823.8753778317],[363586.25032525661,1534754.3755072202],[363811.53135928902,1534599.4995910649],[363994.15662608569,1534520.7498787881],[364125.71911242546,1534465.62490584],[364250.71881762223,1534433.4999609436],[364411.21853010781,1534418.1246185941],[364513.06250890804,1534413.7500704643],[364612.37512553122,1534410.6248577121],[364721.90629603202,1534401.1251664069],[364836.52974393219,1534391.8754119189],[365063.21877570951,1534385.0002751371],[365145.09370073845,1534348.0000367051],[365188.93734347861,1534315.5004045255],[365295.15682935697,1534218.37497479],[365360.65596735053,1534116.750159282],[365439.78150021291,1533994.624858249],[365536.21875372401,1533846.8749746408],[365606.46921938134,1533726.1238466282],[365675.56258305931,1533611.8751731883],[365764.12530122837,1533448.8748720507],[365829.12473994173,1533318.1253995781],[365895.34369945596,1533186.1245866541],[365975.90591133747,1533074.1246471521],[366086.406752999,1532932.3763855337],[366229.56301236234,1532842.2500584517],[366416.75017093029,1532729.7503324922],[366645.93778628571,1532550.500215265],[366697.21868390922,1532507.625284737],[366744.5940463352,1532457.2496343791],[366808.62372671068,1532416.7504548603],[366856.87356287695,1532346.0002027457],[366860.15647904814,1532315.5003266351],[366858.0941298033,1532269.7501201725],[366849.46899941546,1532211.3749224751],[366765.40575419622,1532050.1246149438],[366715.3127320772,1532016.6254970266],[366612.62496588466,1531952.3746482851],[366554.6246298246,1531901.2504079551],[366457.93752667343,1531817.625402143],[366417.74956949067,1531768.749895751],[366383.65651382133,1531707.1245604814],[366361.2504235222,1531659.1245739553],[366351.43741762987,1531606.0004903791],[366336.53100103547,1531551.5001415315],[366334.75032108137,1531449.8762849716],[366351.37491163128,1531384.7499163644],[366360.4998284764,1531326.1248690269],[366360.2817113098,1531313.3750401495],[366397.24908396567,1531249.2501623535],[366523.71824678057,1531149.2504156316],[366626.75001390814,1531087.7489590566],[366701.49995251524,1531007.6250737594],[366779.71927916387,1530907.1245816315],[366842.4997113389,1530867.9995751334],[366868.68745814101,1530840.7499237722],[366929.78136165685,1530777.5004786649],[367018.31226017536,1530685.7501289223],[367035.3751773095,1530644.7491578723],[367054.34378639492,1530566.8749654614],[367047.53106843471,1530467.8746172998],[367039.43736980052,1530367.6250209378],[367023.06262889074,1530303.0003566844],[367001.78086197196,1530246.2503149505],[366974.24954132014,1530197.1249589182],[366923.28099933534,1530112.7504041858],[366811.43762994965,1529959.6244816366],[366732.09406709776,1529851.6252747525],[366657.4065473121,1529790.6245635832],[366636.96856778569,1529783.3746523415],[366593.24984986556,1529750.9998578047],[366537.65586398542,1529693.5002671503],[366530.75004085572,1529660.6247272082],[366518.6248360785,1529621.3747958897],[366510.56286991783,1529596.1239416494],[366501.15645813622,1529568.2496661879],[366509.50000641047,1529533.8750284051],[366526.0939106124,1529467.5003705458],[366586.90623201471,1529387.6252887631],[366686.68882051844,1529285.4997278494],[366731.68651403865,1529245.374276665],[366766.62536217418,1529211.6253091081],[366828.09404015017,1529168.7503785803],[366932.3126366568,1529103.3752064584],[366987.81247124198,1529083.3754663391],[367049.81258097163,1529072.1247353021],[367094.21834181348,1529070.1248920558],[367173.43697984528,1529099.2505079687],[367238.49997068278,1529118.4996530421],[367303.93764880323,1529084.3748648993],[367386.87447839114,1528963.3749333723],[367400.6871707759,1528955.50039803],[367505.49970503477,1528995.7497279088],[367604.15596508427,1529048.7499327904],[367671.15629316936,1529104.7504256044],[367830.78153191466,1529233.0002683732],[367944.84390783869,1529293.2503844968],[367995.74994382495,1529301.374769479],[368025.87504547526,1529281.7498038197],[368102.68733332719,1529173.6246259902],[368127.12508652319,1529046.1253782669],[368147.28148393601,1528892.0000571574],[368179.03165437246,1528820.2504064823],[368257.87351287022,1528755.3749336405],[368347.50118679763,1528727.1248375936],[368428.37462101516,1528705.3750166909],[368605.93725063489,1528623.6250164821],[368662.28078543535,1528579.3749539854],[368693.28140695149,1528463.2502288166],[368699.12532552221,1528361.3734714175],[368701.62495522574,1528287.6250236216],[368783.78146236821,1528194.7502633214],[368846.96840147686,1528178.3755224117],[368960.31191482861,1528198.1254128909],[368984.3748935645,1528195.1250377817],[369014.46922168968,1528174.250823922],[369042.28107832954,1528095.0003662396],[369078.37502337061,1527981.2503459542],[369117.34328539827,1527886.4996211021],[369202.09366071632,1527796.1244905056],[369349.78112550301,1527747.8746543392],[369729.18739346782,1527738.8746623141],[369829.09394784324,1527716.7501541285],[369889.34406396677,1527677.6251476302],[369928.62476881017,1527600.6255161369],[369946.84374179825,1527554.6253728569],[370039.24948916625,1527466.6248599666],[370114.53094670421,1527415.7504692767],[370285.71909777081,1527332.750174742],[370625.65644547943,1527098.1251477494],[370639.15582327719,1527000.0003194537],[370634.56211185537,1526881.8747920902],[370595.28149418905,1526812.6246839415],[370417.24985163711,1526140.7496230407],[370459.40591959259,1526010.3750122052],[370500.93727627076,1525916.8745816792],[370540.93675650936,1525809.3750740755],[370551.87513190758,1525707.5003217501],[370525.59523888433,1525512.2501508959],[370511.812186722,1525376.4995011196],[370499.21901513805,1525164.3748900755],[370491.87486542418,1525033.6254176029],[370463.00014527695,1524834.5003978992],[370427.3752131681,1524685.1254455049],[370383.21825584088,1524554.8747133643],[370320.46859719098,1524450.5004185126],[370257.93696853053,1524358.7499815926],[370206.65607090702,1524256.6254668045],[370219.62506307662,1524126.7495091239],[370268.5620293417,1524021.7495440464],[370292.00038397737,1523909.4997549041],[370295.28120789753,1523807.749927399],[370255.78142693912,1523580.8745981054],[370273.06246123987,1523480.1252152862],[370298.4075539523,1523404.7496064533],[370274.96919931669,1523224.6249283084],[370243.62457686552,1523103.1252975012],[370409.71835828171,1522945.2501395391],[370505.37528934743,1522899.1261175647],[370635.25028807967,1522847.3751608834],[370761.3128567838,1522796.8745857053],[370998.18757666263,1522622.4996748364],[371092.00036282727,1522543.3751880995],[371186.90669884719,1522452.7501206854],[371237.34380907839,1522361.6254411687],[371259.31270609592,1522237.9999089923],[371237.40631507698,1522145.6249351494],[371217.31338261109,1521941.2498474501],[371240.03078242345,1521787.1245263405],[371440.09382799151,1521394.7503123316],[371465.31286258128,1521311.6250057996],[371438.93768496049,1521183.7499374908],[371393.81210259802,1521143.7504572521],[371301.65611769294,1521099.6253195754],[371223.90589115367,1521081.8752723425],[371142.34428071184,1521062.8749307836],[371061.813888481,1521031.2497723445],[370974.46973216441,1520973.0005455927],[370976.84339092241,1520819.1261202486],[371021.43754153122,1520682.3749386093],[371030.1875967391,1520600.8747880405],[371017.09376692661,1520505.750334854],[370927.62475536659,1520251.6242208967],[370929.93695425149,1520222.3747262894],[370923.18778841541,1520172.7486248517],[370920.1875004833,1520109.1254514097],[370915.87545835209,1520046.6245962745],[370915.53137023997,1520000.87534876],[370880.46855623275,1519903.0003701043],[370867.56102393626,1519876.3753428436],[370852.15595418715,1519856.1247069587],[370806.12512455921,1519825.8747676653],[370744.68722010835,1519772.8745627836],[370730.59390455834,1519757.7501161997],[370699.96910362784,1519745.2501369624],[370610.53086559294,1519686.1253903448],[370571.00039828656,1519669.8745281296],[370415.49985803093,1519621.374755146],[370398.905953829,1519616.4995487877],[370339.09407711262,1519608.0003021683],[370322.50017291069,1519601.7497894869],[370271.31246763375,1519556.3754036098],[370277.24966572813,1519502.7495285023],[370283.09463042434,1519432.6249466136],[370285.25017201575,1519382.9998913012],[370298.81196863495,1519326.7495488473],[370331.21849564509,1519238.6250700853],[370267.34346748923,1519034.0002199232],[370181.50050126418,1518946.8752268986],[370108.84359824989,1518922.0012393694],[370082.06295982096,1518913.250138036],[369948.03161730274,1518845.5002610306],[369886.7195966203,1518810.3749410249],[369826.68759766337,1518775.1247833762],[369780.56252956338,1518728.3761373013],[369767.43792622577,1518673.749817508],[369762.93740715046,1518582.0004267138],[369765.31211203401,1518391.0009252948],[369786.34402931266,1518316.8745646626],[369827.78123469581,1518247.7504274594],[369833.59237466758,1518172.4997434467],[369815.59352391999,1518145.9996410059],[369724.90603768465,1518093.1254070697],[369720.90635119216,1518067.7497151864],[369637.78104466019,1518006.0004140451],[369519.74975576875,1517870.624538729],[369533.18767369341,1517797.8745305452],[369550.62536528771,1517749.3747575616],[369575.34374164895,1517652.3753859489],[369623.06214606157,1517575.4995459728],[369666.84424175153,1517478.37524954],[369672.56332267931,1517394.1245735022],[369665.74955859361,1517333.1249084584],[369653.84351710847,1517270.7500242686],[369615.21829706751,1517208.6249897189],[369587.09408478893,1517190.9998673059],[369506.71825760056,1517154.7503110969],[369495.1563042276,1517140.8751127135],[369363.62450423581,1517065.5004628289],[369349.50050233782,1517046.5001212701],[369333.62546070816,1516967.6245252248],[369330.530934304,1516892.4998121576],[369333.87426422274,1516829.9999159707],[369346.93740768731,1516708.8750596235],[369345.81203818135,1516559.8748816894],[369343.8746137566,1516473.2495879452],[369338.46893459297,1516431.2502644602],[369303.15635812283,1516298.9996018962],[369199.25107620325,1516180.1254845608],[369185.87453097454,1516090.9985560391],[369127.50037940277,1515941.2498753101],[369036.56199740182,1515855.2502517917],[369009.74962649943,1515839.0013946502],[368892.53126429813,1515808.1247390057],[368783.71904354676,1515881.6254294124],[368649.90573101799,1515839.3751229849],[368597.21892790054,1515600.2496640943],[368617.99994941358,1515490.5003764268],[368680.81211406208,1515389.375260199],[368770.50020173704,1515308.3748089103],[368880.84333997959,1515270.5001839153],[369011.5938585776,1515242.7497871483],[369076.15601683228,1515205.2498494361],[369135.15583862981,1515104.1247332082],[369128.65643525665,1514916.8750686417],[369127.71849656937,1514792.125213085],[369071.99958586914,1514656.2496384885],[369055.43741414067,1514650.0001719326],[368854.0309690772,1514585.3745487311],[368771.03163349075,1514538.874706171],[368701.81229886727,1514466.8752058558],[368629.6561412586,1514342.6250495792],[368611.15654510539,1514247.2497006271],[368580.90660581214,1514117.4997138921],[368553.25036034029,1513991.6244888294],[368515.12483957951,1513826.2495699855],[368468.50007219933,1513710.749468917],[368437.06225740159,1513591.2496813559],[368246.99964854447,1513344.3746119433],[368119.43789482268,1513291.8751524671],[367970.37529806711,1513251.1250771829],[367893.93778467533,1513235.1250235559],[367837.78159351635,1513206.2503034088],[367755.78174366744,1513124.1255287398],[367778.46845713176,1512931.6247500521],[367847.43794211518,1512801.1252143967],[367894.90649688768,1512689.8747366378],[367864.71897641593,1512565.2498930783],[367829.68789488223,1512471.2497632722],[367785.87502566713,1512396.4997374879],[367731.40640929289,1512255.5000658415],[367791.46918177488,1512125.0005301861],[367865.53094415768,1512000.8752987296],[367970.09362877643,1511868.8745729828],[367988.56253858167,1511789.6251614259],[367917.4375120069,1511634.8752162161],[367890.25036664435,1511570.1245810173],[367873.84380608395,1511417.3744790538],[367904.68768312945,1511290.9996418881],[367920.25045629754,1511165.9999366913],[367951.21829921467,1511057.4999844015],[367922.59334153042,1510970.9996154772],[367873.49971797178,1510869.4997247891],[367908.25017634034,1510754.6252939464],[367978.74953268934,1510663.624493124],[368174.43794295058,1510476.0000540973],[368267.68747771095,1510364.3748018781],[368401.96875704639,1510296.9996993328],[368531.06238720776,1510218.2500742332],[368661.12472958147,1510095.0003626426],[368775.49937396706,1509920.7514227191],[368816.09375090629,1509740.7496643206],[368773.31209990219,1509630.2497816074],[368747.37516168848,1509562.9996038822],[368708.65779542644,1509488.1247404551],[368483.78117607674,1509179.1245493155],[368394.12386192684,1509090.6252960935],[368267.59332641598,1509008.8752958847],[368216.40658008744,1508962.1245575589],[368156.21896996256,1508906.6248101508],[368088.3124356636,1508842.2500827147],[367960.96879910841,1508646.9998246834],[367919.3125176102,1508520.0002762405],[367887.74969081534,1508382.6245576779],[367896.84383413533,1508238.6245980994],[367927.75021717942,1508123.7501672565],[367957.43699224549,1508012.6247014948],[367978.43717705068,1507930.8747012857],[367977.84332647553,1507852.0000641891],[368008.74962234253,1507750.1253990408],[368096.25043595262,1507503.8748665513],[368006.78151156974,1507276.4997508007],[367958.06266247126,1507025.2501332583],[368006.99962873635,1506741.6245878765],[368107.90767392318,1506537.8742114548],[368285.50003094249,1506399.7499029203],[368488.87458677875,1506216.9997113035],[368537.71836069733,1505910.3762301214],[368502.18757988338,1505657.7513062558],[368627.90614765248,1505461.6246565876],[368836.99978441652,1505347.499861842],[368901.37459902966,1505092.3753082729],[369091.40643436171,1504877.3752469397],[369260.71870805376,1504730.6248490689],[369509.4062770711,1504694.9998297831],[369521.34405102977,1504435.8746307732],[369371.71924899548,1504225.2500765179],[369312.56276990438,1503952.3746039446],[369243.15609163942,1503688.6249199877],[369328.37539271259,1503479.3746259301],[369354.75057033339,1503216.4995028907],[369323.90669328789,1502990.2497566459],[369151.59404448658,1502788.8750440557],[369043.09409219678,1502550.6251050311],[369099.40589452378,1502332.0000444881],[369091.31219588965,1502032.2496078368],[368915.90615398675,1501873.0002768543],[368661.40735782054,1501827.2499832145],[368406.81223093125,1501845.7495793677],[368198.78154485166,1501683.1250116387],[368243.06238087342,1501460.6251894236],[368289.06252415339,1501244.7496082243],[368193.09419639735,1501042.3754970739],[368036.00031982909,1500828.4997591211],[367858.5626150294,1500679.2497315467],[367604.71921648853,1500767.1253196171],[367659.96911425656,1500509.8749518562],[367807.18756611098,1500313.5004576216],[367891.62453966489,1500110.62455494],[368131.24978501286,1499898.1250822586],[367945.84330639907,1499725.0004657158],[367727.24997832975,1499601.0002462564],[367719.8127234464,1499348.750096851],[367836.62553766248,1499099.1245019692],[368064.71846985992,1498976.6254726015],[368284.56200507807,1498939.1244887637],[368441.81253893988,1498595.0001109212],[368686.40627016983,1498470.2502553645],[368804.31263424119,1498188.7496524034],[368876.71864148992,1497888.3745916516],[369106.40595612553,1497750.6250575774],[369385.90575689205,1497750.0004334771],[369527.71852958284,1497536.4994699843],[369554.06293367856,1497272.5000235646],[369650.40498976922,1496965.4996756713],[369823.56229773414,1496830.8754415263],[370049.49977551732,1496852.9999497118],[370118.21836473513,1496554.8746690238],[369999.37493374769,1496314.1251002953],[370059.03111211897,1496102.2502517141],[370076.34387889318,1495843.6247519844],[370040.56228949083,1495617.9986708914],[370266.21914410882,1495582.3746977309],[370533.718577741,1495739.7501564128],[370858.56216521375,1495719.624532525],[371074.06297195278,1495632.8752729092],[371313.59397882869,1495647.5001073899],[371453.00031416252,1495872.3745473116],[371644.46882851364,1495761.3750524954],[371599.96882919973,1495443.749643791],[371634.25036181323,1495190.7500326424],[371751.56383425783,1494941.2503215289],[371757.46825375321,1494716.1249858418],[371661.81228163588,1494488.1252459909],[371806.90596542403,1494265.7503485957],[371860.40586958587,1493973.7495224662],[371965.84407407045,1493742.2497954031],[372254.40619850642,1493649.1251854626],[372405.84358732257,1493454.3747138889],[372335.65649943508,1493113.6253984384],[372237.15593773074,1492722.3755078099],[372168.40666216501,1492419.0000719489],[372066.68760818482,1492135.1247641044],[372197.84358759096,1491934.4996004347],[372390.40678510006,1491785.2495728605],[372199.46865637711,1491580.6247226982],[371993.81258800387,1491491.3748744302],[372098.87497190281,1491271.3745947415],[372235.87486987968,1491080.2501685026],[372142.40730512986,1490792.2501621682],[372008.09324719541,1490515.3749159253],[372070.65660832933,1490302.3746978382],[372335.65649943508,1490102.8749036745],[372543.53157434665,1489964.1249249142],[372651.21851276921,1489681.6248362157],[372689.5939703472,1489416.1252458296],[373211.53082744963,1489837.6241168031],[373449.71834765305,1489732.9999723113],[373734.15586077643,1489714.750225798],[373971.81299535168,1489753.1246372506],[374190.5628935374,1489901.9998903647],[374335.46914650692,1490072.7498892013],[374611.468872884,1490187.7502038125],[374992.84333879873,1490235.6242193931],[375317.93773485994,1490343.1247731226],[375535.71796188492,1490378.1250811312],[376011.37518584484,1490449.7498069862],[376439.93767054402,1490522.9996016272],[376671.99960288598,1490604.1249777358],[376984.24993159767,1490711.6255314653],[377350.1251764684,1490886.8749160746],[377728.59350574593,1491025.2501203746],[377987.81294322794,1491090.1245470908],[378269.18766242068,1491037.1253883347],[378538.74953247485,1490750.3747173781],[378683.75002391642,1490577.3750256549],[378735.43742847355,1490319.5000337937],[378811.50016740523,1489974.6250609055],[378880.87511319673,1489703.2497322981],[378979.24874500715,1489451.5003282984],[379157.03149686736,1489225.6253565138],[379335.24952411244,1489093.0000066666],[379711.34524075745,1489064.9997602599],[379890.46842809086,1488859.8751236403],[380054.71911073144,1488650.4999047627],[380278.28083750565,1488589.0004532617],[380410.71884371125,1488380.2498584841],[380568.68719401985,1488055.3746257152],[380693.87528898363,1487792.1247282154],[380971.81243978551,1487611.1245302048],[381213.06275391957,1487624.250179668],[381362.99991159257,1487813.3737165353],[381491.46787152818,1488005.3747959426],[381713.24987729656,1488102.0004392208],[382077.21838409052,1488129.1251657619],[382354.06294398545,1488260.8750829203],[382539.90670305799,1488444.6246730974],[382770.56168378046,1488589.750089359],[383046.78153239802,1488575.7499661555],[383318.2183208784,1488510.2497820365],[383606.62483414629,1488451.624734699],[383868.24966285983,1488403.0001240727],[384053.28136701346,1488595.6247814549],[384138.56212795974,1488838.125389915],[384237.93725058151,1489082.1250962154],[384418.87494259351,1489289.750321487],[384761.31287895411,1489504.8753076403],[384973.81235163548,1489654.3751848545],[385139.34497389843,1489926.7499991993],[385189.59369436256,1490186.2500598466],[385242.68813771632,1490430.6245406072],[385385.2811456754,1490652.1249642621],[385591.71849544236,1490834.2494856531],[385802.43720099248,1490964.3752929738],[386116.68746012758,1491255.7504488775],[386433.93696106924,1491377.749778965],[386621.50002739992,1491596.2499146878],[386812.78119810956,1491815.1247376935],[387054.15643706365,1492056.9997631051],[387340.03158815455,1492290.6253043599],[387610.03169761581,1492374.3752349922],[387829.90600635903,1492325.2497917828],[388051.34401119244,1492359.4995919229],[388265.46855265996,1492312.3750380855],[388546.9999291462,1492296.4999964559],[388777.75010728912,1492481.1251936757],[389055.687258091,1492588.7496260998],[389275.28103084618,1492870.5001658781],[389556.99975097395,1493002.750741265],[389826.96917408722,1493087.8748449178],[390123.84424762655,1492985.3745095439],[390358.21837885346,1492751.250227957],[390616.46910412307,1492699.8750918615],[390832.6252213103,1492848.374611567],[391103.90535249712,1492947.7496470117],[391347.18732952804,1492867.7496404089],[391565.68737807369,1492791.7504536014],[391797.18719231401,1492854.9998115315],[391969.6871847568,1493042.6252966835],[392137.4377674326,1493269.2498173886],[392482.0926180805,1493551.125281987],[392898.21858848928,1493641.0007133035],[392947.53137534001,1493274.6237640786],[392965.625423508,1493046.9998448135],[393023.21829368605,1492794.1261174332],[393057.28162195574,1492534.9988261722],[393201.3440875329,1492320.8753308302],[393217.09429151966,1492030.1247990269],[393419.65583348868,1491882.1250657786],[393668.99975907977,1491768.6248951333],[393890.25137922005,1491752.0003045835],[394109.90652467118,1491745.6248670819],[394380.43710693775,1491659.1255442833],[394638.96845537255,1491570.124586707],[394905.62523491506,1491544.8747785923],[395196.46887188795,1491485.2503326945],[395432.65646166791,1491481.6254206621],[395709.31263179588,1491483.1245185025],[395933.28086550365,1491427.0001469944],[396222.09397288237,1491475.8746072608],[396457.78081725666,1491345.8737247603],[396660.97012170241,1491139.1250654801],[396884.81238446466,1491049.8762633377],[397106.00053965801,1491010.2495524853],[397342.09397814306,1490989.9998755488],[397562.28055534785,1491118.7504637234],[397806.65608223411,1491209.3744850119],[398035.31226583582,1491186.5004279059],[398311.50038197992,1491060.6252028435],[398669.0310324509,1490937.6253408929],[398750.37452572613,1490726.2502787691],[398784.56277881592,1490489.2495879447],[398862.40628487885,1490214.1253814334],[398947.40642265987,1489983.7498905733],[399196.56204566109,1489912.3751015356],[399448.99953870801,1489949.6251024306],[399654.15590780106,1490046.3747115803],[399853.78158573329,1490200.7488362046],[400104.18750306044,1490357.7495204264],[400354.68757168262,1490537.8752446966],[400543.68731703243,1490728.9997581127],[400693.5312823588,1490933.8755040404],[400826.96868712478,1491173.2498536229],[401037.84404996847,1491363.2499564814],[401233.37484398775,1491533.9998681408],[401485.12520693586,1491729.3750509922],[401698.15515242255,1491942.3762280275],[401924.00039680756,1492165.4997153948],[402121.43784172658,1492300.6257410708],[402577.40654790326,1492447.3751799932],[402826.65640937653,1492413.1253798532],[403052.78114362416,1492376.1252285982],[403294.37449974485,1492271.6249628011],[403535.99958833907,1492181.2498322043],[403786.68708777986,1492086.9998527581],[404061.84407289012,1492135.75043433],[404237.15596349799,1492429.9999072202],[404215.21879895392,1492650.8746606493],[404379.34351064899,1492823.6245027324],[404581.28138746612,1492949.374802975],[404815.00020824483,1493070.7504679107],[404892.49953901849,1493408.4994954288],[405277.96906320035,1492994.8751597975],[405322.87452332239,1492732.3748112181],[405392.68770852097,1492514.6253577184],[405446.21838620794,1492240.6264335359],[405532.12481737992,1491900.6246619318],[405472.87514594232,1491611.8751066774],[405553.15673465858,1491306.2500651071],[405793.68714009487,1491024.3746005087],[405992.21926817182,1490880.124704113],[406222.15643244749,1490634.000142569],[406488.62473504583,1490436.5002788284],[406701.25017867278,1490319.0003345136],[406969.34363723436,1490107.6252723897],[407256.00015689613,1490141.1254364324],[407463.3437128769,1490276.2504159831],[407709.96901982656,1490425.6253683772],[407871.28078723105,1490625.6248618213],[407985.9063273822,1490815.0003405795],[408140.62454011856,1491022.6245197256],[408316.90505576174,1491254.3752297314],[408488.81215657777,1491409.8747238615],[408685.40581410442,1491667.3748540855],[408930.1254291028,1491870.2497978187],[409295.12611305609,1491997.3752300302],[409592.65649704362,1491950.6245788815],[409857.34411968786,1491836.1239635502],[410072.68722300784,1491658.7497236975],[410314.93798182777,1491499.3753807179],[410568.59403672715,1491294.2497851499],[410839.50043957937,1491183.5000527967],[411089.06256951421,1491109.62458793],[411331.59386432223,1491039.6250180383],[411560.31246674538,1491033.2495805367],[411782.96894625417,1490933.7495330949],[412051.96861102956,1490746.4998685285],[412243.06243809767,1490594.501407736],[412450.81354713754,1490489.8742120448],[412657.21916443104,1490346.8746971521],[412841.81262917758,1490229.3747528372],[413057.03080767754,1490129.7497805753],[413370.96871117386,1490042.2500130907],[413563.75002584956,1489897.875279052],[413772.68796426844,1489776.7503355276],[414072.56227961439,1489678.875444049],[414316.59380556562,1489677.7500745433],[414518.31260626781,1489874.1256149032],[414564.99979246943,1490135.8743223113],[414555.00048906112,1490367.9998067773],[414556.15654491499,1490600.2501288864],[414604.03160662111,1490850.3754230484],[414692.8441744303,1491113.750332545],[414777.43780527776,1491360.4995181893],[414766.56298200355,1491698.3754756015],[414784.31294205942,1491956.2503802855],[414802.93746303272,1492226.7502762042],[414905.3128735866,1492486.3751744942],[415137.18746228708,1492565.374736411],[415081.06204465323,1492829.1253793163],[415025.34409290139,1493219.6247620762],[415345.28170049074,1493208.5000019849],[415606.78160438419,1493135.0003577038],[415706.93800839974,1493336.7498447539],[415921.84383126098,1493278.3747342336],[416078.65612571564,1493125.7495570902],[416304.8433659618,1493232.8762953077],[416569.81265789672,1493210.2499955911],[416565.28145247343,1492945.2501044853],[416615.18704377383,1492671.2491752289],[416838.81232267211,1492618.999565393],[417098.31229614216,1492553.374543631],[417310.68789012905,1492608.4995165789],[417524.46834348439,1492446.7504687158],[417706.96868546103,1492312.6249749027],[417920.2812591868,1492404.7500991055],[418013.06282714044,1492634.6248445597],[418077.34235715604,1492997.7495639613],[418308.59328070463,1492879.0003714459],[418512.2187323065,1492773.7495106028],[418575.68734070583,1493003.1245567768],[418750.78006802162,1493150.8753993334],[419025.87454713328,1493057.9996800846],[419265.12501802109,1493121.3750089603],[419579.93739525782,1493330.2494824324],[419640.46909349487,1493009.6248319212],[419476.53085367009,1492861.6250986732],[419306.37479258567,1492702.2497967449],[419206.65662797727,1492498.1245586858],[419056.6877378308,1492334.4996334482],[419441.65642942989,1491977.750351548],[419702.49997674965,1491942.6250315423],[419997.6874755043,1491943.6254762281],[420255.74981100694,1491944.1252626854],[420384.31296836294,1492132.5002967578],[420705.93597130885,1491860.3753320533],[420954.46897528373,1491708.1249293699],[421201.68717386021,1491674.3749156871],[421469.00135610189,1491737.1246615141],[421709.28086577257,1491730.375495678],[421936.62529517524,1491676.7496205706],[422155.90671229176,1491701.124867768],[422380.87539068545,1491680.624382243],[422827.68753472064,1491703.6255435972],[423081.12451350503,1491829.124860897],[423325.31269674975,1491884.7496203023],[423547.40592485428,1491874.5003800767],[423777.4998336006,1491913.8752362151],[424020.78172345436,1491947.8750995379],[424235.78073866223,1492052.5002901552],[424396.53134691343,1492255.2502218911],[424500.99979306012,1492543.3751530456],[424456.68722456484,1492790.3752344553],[424504.43736145092,1493033.8752414756],[424511.68727269274,1493255.4995438252],[424559.00021629722,1493487.6250282913],[424784.93760690332,1493533.3752347541],[424960.81266173837,1493381.6246185279],[425001.43781220273,1493147.5003369411],[425032.18753795326,1492926.2497629263],[425264.75021570089,1492968.1252077166],[425434.40657750511,1493107.0001112968],[425678.59371462435,1493176.6249067285],[425864.31246169971,1493001.7502965792],[426015.56241969723,1492763.7502071946],[426283.00048063346,1492724.5002758761],[426421.78114574158,1492898.5004122851],[426682.71884435631,1493203.3748588094],[426526.81284329254,1493399.3746657609],[426462.24963891238,1493642.9995976014],[426667.34350200684,1493763.1250553881],[426867.84374085651,1493857.9996589345],[427016.49983067845,1494026.7497273479],[426860.0941303345,1494194.6253220208],[426765.78164488968,1494420.9999930856],[426692.87489223527,1494635.5003551389],[426639.09340595984,1494888.9997527446],[426506.31235776754,1495099.7501907684],[426594.50126042485,1495341.1254297225],[426549.40636441036,1495599.5000336866],[426491.7807156333,1495813.6246623313],[426527.5623922128,1496058.7497381377],[426310.65663892822,1496136.375127034],[426093.65673434862,1496048.2496021464],[425984.84338029468,1496249.500436042],[426062.71861883107,1496489.8752303103],[426136.56235122442,1496923.2505025463],[426423.46872052626,1496782.1248599542],[426604.06232442614,1496555.5003392494],[426879.78151481511,1496545.0002032584],[427100.37468613067,1496598.7499570602],[427256.49985048652,1496779.6252302506],[427118.28139065718,1496950.0004546272],[427034.71889084362,1497186.2495042803],[426945.90527690895,1497465.8752759923],[426956.03159738833,1497696.3745583696],[427010.06302048097,1497981.3752357203],[427148.12482301681,1498194.7492693192],[427181.46832976583,1498467.8745915326],[427242.40653493651,1498858.2500084208],[427525.90610937268,1498531.4998572255],[427632.56287570973,1498295.8753444955],[427713.99947415438,1498036.8750703055],[427946.81208871928,1498035.3749263394],[428157.90661485505,1497946.6247773517],[428354.56269120314,1497548.4997499415],[428594.00050573249,1497560.8748043589],[428826.24986889312,1497501.9999073814],[428852.74997133395,1497230.8754745398],[428890.9390442188,1497003.8751332492],[428839.0314302441,1496737.8747102804],[429093.87536064797,1496789.249846376],[429330.62515570672,1496869.2498529789],[429276.84366943128,1497131.1255774579],[429398.43753871071,1497375.7499078587],[429463.9059031792,1497626.0002140179],[429509.28142235894,1497926.6250372324],[429595.87498362974,1498197.8755281968],[429595.84421010461,1498505.1246796045],[429548.15657921712,1498887.2497405652],[430003.90620927879,1498755.3748985867],[430175.99960761087,1498583.7504260098],[430537.25045471173,1498458.1260967127],[430765.00034492253,1498422.5001184784],[430948.28100934456,1498585.8752812531],[431174.03001018363,1498565.4997205483],[431478.71911814029,1498600.5000285567],[431755.93740636989,1498693.7495633173],[432086.81234323198,1498312.9997215027],[432310.62487859465,1498340.9999679097],[432561.18745321536,1498195.0000779077],[432691.59388370125,1498015.8748855004],[433109.93676839734,1497935.5001044376],[433313.74965081783,1498058.749728851],[433555.7495138722,1498264.7498853365],[433783.78098619659,1498344.9997415792],[433883.81246539205,1498566.000465954],[433970.78080112301,1498842.499891611],[434022.50002533075,1499066.3749329725],[434241.34416198853,1499254.0004181245],[434504.34420984803,1499288.6249055476],[434760.00019517081,1499356.3748697301],[435199.03090903343,1499640.999726495],[435136.56283249706,1499244.3737969254],[434983.87523653207,1499086.3746730918],[434893.53079228336,1498779.3753713239],[434953.59347758821,1498525.0004538523],[434849.43729990307,1498300.2498926253],[434898.68766793236,1498014.2498167143],[435126.93725742336,1498183.8754049933],[435358.71865377726,1498275.3748589705],[435359.46924882301,1497905.6238934789],[435346.8432986401,1497638.3751812582],[435416.34421537718,1497355.3764394047],[435423.62490014406,1497121.8746896673],[435588.62504452781,1496917.3747643251],[435869.18770880171,1496856.9986772561],[436081.18748220289,1496960.7503530814],[436275.68705801124,1497153.1251608233],[436487.93668105255,1497367.7504476965],[436628.28095507366,1497536.4994699843],[436765.78168563335,1497727.0004054257],[436943.71908971324,1497917.3752827444],[437163.84429422207,1497962.1251316983],[437174.74884489586,1498216.8748236303],[437198.12469353294,1498490.2499954838],[437292.37467297917,1498729.374495426],[437384.96889729134,1498954.4999182904],[437496.56232985976,1499203.1250684862],[437675.65587697068,1499357.7500888761],[437880.9995897052,1499442.625301837],[438085.31217140588,1499625.7493089656],[438294.03103370976,1499743.7509576345],[438297.06104904151,1499982.124862531],[438186.49970645527,1500186.0001637731],[438078.03148663894,1500396.125018748],[437908.78171894548,1500549.7495944519],[437779.21907585196,1500749.250347564],[438002.31283581944,1500839.875414978],[438213.37458335626,1500911.874828116],[438440.99954874697,1500994.7502850078],[438681.90586194606,1501121.7498334509],[438946.96921799873,1501169.0002710568],[439141.65622462571,1501287.3746019348],[439433.75015592459,1501418.9995942733],[439689.3129489008,1501458.8751958173],[439846.06273735687,1501615.5000594533],[439804.62457302527,1501905.1251345738],[439911.31202571036,1502173.1254007888],[440139.18788686668,1502207.6250505687],[440405.53126464499,1502269.998888633],[440637.84409275255,1502255.8748867351],[440556.56205935043,1501896.5000041858],[440442.1567286168,1501668.2493685693],[440226.99992281286,1501434.4998614427],[439976.46916784276,1501246.6245266504],[439827.43717025808,1501043.7496700943],[439689.09378560865,1500824.1252109914],[439620.8114307241,1500566.2503063073],[439467.00047032704,1500260.2504030999],[439427.93796982738,1499972.24935064],[439380.65579974797,1499694.4996306568],[439301.28146337101,1499454.8754314345],[439156.71929851361,1499236.6252325289],[439115.1254358369,1498739.499856957],[439355.62515492522,1498676.5002614898],[439763.87545668927,1498876.8745293941],[439938.06302391674,1498697.7502959352],[440054.56243636867,1498920.7499046077],[440247.71852550446,1499099.2504729147],[440470.71909312537,1499145.2495700691],[440551.93766158057,1498915.499836612],[440635.25031175406,1498707.500883006],[440891.68757847056,1498575.1252956218],[441169.49980445241,1498592.4995222692],[441392.21878995973,1498701.0005206845],[441513.18803513894,1498898.5014305504],[441699.37474902102,1499110.250308186],[441818.74961176212,1499328.1246865059],[441932.03166524076,1499601.0002462564],[442001.06252292008,1499834.4999037429],[442191.21832412377,1499979.8750824674],[442402.28007166059,1500053.1248771087],[442649.56278130948,1500066.5003762119],[442800.1245630827,1499844.6251780968],[442799.59417745454,1499592.2501910485],[442888.15584949811,1499317.624637692],[442913.65646620147,1499092.3753361329],[443013.49955562991,1498879.8749045033],[443241.06201502209,1498752.3746106545],[443539.34404018096,1498886.3751796477],[443785.31290337979,1498858.999557341],[443981.81240961154,1498690.3754598734],[444230.43755980744,1498748.374836985],[444484.12534718029,1498878.8754187657],[444697.03132679535,1499046.250268033],[444884.71827182057,1499182.7495077814],[445116.62450581742,1499155.8746308803],[445413.65623665031,1499087.2492340091],[446061.90559927409,1499000.7499112105],[446314.46906326653,1498983.3746384375],[446585.59349610819,1498952.6259588124],[446816.68776236329,1498930.8751789615],[447068.65632965509,1498830.7505074195],[447333.93780287448,1498770.7502409362],[447590.96900734323,1498701.0005206845],[447824.18708271621,1498711.1247489129],[448075.06393087236,1498678.3751799162],[448297.46855566715,1498637.8749542718],[448530.62517116708,1498611.0000773708],[448759.18711629673,1498566.3752404139],[449028.18887332315,1498510.124810783],[449322.43730008788,1498482.5003849617],[449557.18725190038,1498429.9998793602],[449845.34391552827,1498451.0001513425],[450088.37490961642,1498414.7505079564],[450333.03105966788,1498359.4995640628],[450577.81213453936,1498367.8748448105],[450848.15633211273,1498360.1252342886],[451099.56269412581,1498381.1254190938],[451338.9062701831,1498353.9996464271],[451540.93742652395,1498228.6251667703],[451753.78090014035,1498160.2496195391],[451509.7186878412,1497232.2496475603],[451436.21904356004,1496952.7498467937],[451336.34422165807,1496730.3749493987],[451151.90645525663,1496541.375291226],[451006.18614229438,1496325.6246348468],[450876.74947014637,1496114.2494855458],[450597.15647703328,1495684.8750331048],[450418.43883768516,1495471.5000405577],[450236.43714886322,1495281.125163239],[450032.56289374677,1495073.6259089131],[449849.40610801929,1494925.3752798992],[449613.93729363446,1494836.2504436285],[449376.875142937,1494789.3758266084],[449108.46836978837,1494746.0001506747],[448866.90578719275,1494713.2495355525],[448624.15628804103,1494708.75014978],[448350.46876054886,1494711.4995419465],[448099.53141146799,1494728.7508488474],[447891.53141173639,1494557.1254173222],[447694.68790456967,1494376.2501441317],[447437.4058915124,1494328.6249320656],[447206.40577655227,1494219.1245350901],[446970.15672689915,1494155.5003155225],[446822.03102270543,1493984.4995080975],[446575.40676188126,1493907.2499397867],[446367.56237331766,1494008.6249056547],[446172.219010117,1494182.1253427835],[446020.56263236294,1493704.0003087707],[445921.78144749341,1493447.1248026469],[445818.84383166075,1493176.49902296],[445713.46909212315,1492912.2496397228],[445631.65658591571,1492679.1247566964],[445607.12468142476,1492396.8745176378],[445658.65638763673,1492151.6245170112],[445688.49990717345,1491814.000414313],[445755.21856596792,1491524.8750384729],[445847.59362698795,1491280.7504073523],[445948.24973028369,1491023.6249644114],[446033.65646217548,1490793.7503061343],[446162.78086586192,1490545.8747048588],[446283.99987350404,1490248.6249440364],[446364.90617349773,1490036.7500954552],[446488.15579791123,1489726.4996099896],[446502.15592111467,1489503.0003892141],[446735.99966671341,1489376.4994939258],[446993.28167977062,1489390.7505128947],[447229.65670036926,1489492.375328403],[447503.40673386003,1489505.0002324602],[447736.37495959294,1489546.7497063051],[448002.87508184189,1489635.9995545729],[448267.40500106709,1489792.8753139745],[448559.68732213293,1489974.2502864453],[448867.28160777839,1490189.6251222386],[449097.93754744926,1490324.6251769694],[449384.00012935878,1490506.2499990801],[449588.99984115828,1490627.0000809673],[449852.9379148822,1490684.3748339787],[450137.09375871491,1490738.5004083663],[450463.03098322015,1490828.2498687373],[450683.43776984257,1490792.7498614485],[451210.46899659547,1490457.6253884537],[451496.87470766879,1490383.0003746666],[451722.3441314681,1490398.2497460705],[452053.90611125191,1490420.2503755616],[452390.53282046365,1490488.000252567],[452683.40602808236,1490572.3748072996],[452948.56257648167,1490628.6251497534],[453257.03133586748,1490646.1253473463],[453710.15649858274,1490762.3749101581],[453777.49978147738,1491028.9999572269],[453761.53154750116,1491350.9998268841],[453808.3129721749,1491886.1248394484],[453862.90651336918,1492186.4999001999],[454006.56247201277,1492415.0003854565],[454225.3441898491,1492643.4998245875],[454464.59361461143,1492759.2496881192],[454723.71881362138,1492934.0004195739],[454961.49982689111,1493160.7498650989],[455204.03112169914,1493527.2486879441],[455469.53079926223,1493552.7503507731],[455784.06264051085,1493528.0003291154],[456092.40647507657,1493506.2495492646],[456304.03138684051,1493405.9999529023],[456917.37467992777,1492824.7498722381],[457074.37536414945,1492642.1246054415],[457242.09421435173,1492455.3746401551],[457439.9689397295,1492274.1245925045],[457616.71846830484,1492052.6252149751],[457810.84326965304,1491839.5000720681],[458052.27996848023,1491799.6255166496],[458279.90597999649,1491876.1254488628],[458515.15667721472,1491833.8752296125],[458754.81260891067,1491959.7504546749],[458920.18752775458,1492115.0000991649],[459117.74989749363,1492252.4997835991],[459302.90652646736,1492386.6252774124],[459501.81238287891,1492599.3745997339],[459625.53102022462,1492796.7506719569],[459844.59336122614,1492957.8750085426],[460076.87541580858,1493142.7499682256],[460317.37513489689,1493302.9998310711],[460510.43707273778,1493478.8748859062],[460623.43745692569,1493671.6244681084],[460793.78094882873,1493858.6253291604],[460964.09358002956,1494005.8755134882],[461131.50024894741,1494153.3745013308],[461323.25034541212,1494294.8749183828],[461503.49994837691,1494470.0004242978],[461646.56301539368,1494646.375178413],[461838.81281113857,1494840.125205301],[462024.81218137912,1495008.7493899458],[462204.18731060362,1495162.125074958],[462359.62543203775,1495321.6253888833],[462525.46831768838,1495533.9999367446],[462727.21885086404,1495749.3747725382],[462956.96858432109,1495926.6250465191],[463186.28112449654,1496097.4999701758],[463376.37546582712,1496235.2504631984],[463587.56213818397,1496419.499839833],[463890.78082957421,1496535.2497033644],[464011.59446358541,1496535.2497033644],[464074.43731458188,1496351.6250380075],[464258.06197993894,1496172.7496080631],[464407.87525891734,1495989.1249427062],[464591.53174392501,1495684.6251834647],[464746.18745066278,1495409.250081188],[464838.00030640408,1494950.125388734],[465021.65679141169,1494553.7503549298],[465142.46824599477,1494249.3744743832],[465205.28041064326,1494002.8751383789],[465355.09368962172,1493727.3761574076],[465446.937231711,1493423.0003640379],[465388.93794177641,1493181.2503506236],[465326.09404465446,1492842.9996187515],[465297.12508603511,1492688.3745983616],[465234.28110173601,1492417.749777623],[465234.28110173601,1492200.2501737634],[465263.28083388042,1491958.625085169],[465446.937231711,1491745.9996415421],[465567.74981959665,1491620.375312245],[465509.75044248498,1491441.499969478],[465417.93758674368,1491257.8752169437],[465205.53130640887,1490865.9996560896],[464976.24953975854,1490879.7499296528],[464741.68797771301,1490831.3751686665],[464523.56270362751,1490723.874614937],[464284.49966355832,1490725.4996837233],[464074.46904705535,1490802.6252861621],[463837.50008870446,1490827.1244992313],[463603.40649346565,1490831.1253190264],[463346.56271981553,1490784.8742799808],[463123.53146584658,1490739.999506207],[462880.65608292643,1490662.6251002531],[462684.37469386135,1490528.8753398487],[462465.00008439826,1490436.7490823432],[462242.84330416971,1490412.249869274],[461981.0311318147,1490374.999868379],[461761.71894117305,1490318.6245139281],[461532.78126263485,1490174.4996295294],[461373.99981128192,1490016.4994595703],[461173.0622919735,1489834.4998629992],[461008.50038699689,1489665.2500953057],[460774.09452329652,1489456.2486047628],[460638.37455986807,1489275.7501982835],[460452.65581279271,1489047.3746378468],[460241.5315592573,1488963.7496320347],[460093.46836106217,1488797.8750139107],[459804.56206133694,1488052.1254470912],[459591.28130726179,1487904.1246677176],[459461.74943769333,1487709.0004678089],[459257.15623282746,1487587.6247156961],[459331.12489004084,1487352.9996887036],[459275.43771181413,1487113.3745305329],[459158.56247877656,1486838.6250984818],[459097.46857526072,1486582.5011463522],[459121.03080859093,1486326.500113969],[459180.93788272777,1486079.500032559],[459222.31258211238,1485855.9997656581],[459249.74966429215,1485438.8754428143],[459306.37486838328,1485213.6250951299],[459351.0314378136,1484963.3748761481],[459436.87545016408,1484666.999589066],[459618.25042263482,1484442.9996228847],[459781.93785387115,1484265.625383032],[459971.65637461614,1484111.6249867424],[460148.03112873138,1483850.7497069491],[460189.25021694793,1483536.7503435796],[460154.90626551304,1483212.2498852706],[460050.46850571432,1482959.9997358653],[459948.49960209406,1482710.375187109],[459826.7808079946,1482517.4997211383],[459978.28166175773,1482200.3750578396],[460176.37546325044,1482087.1247368346],[460402.87505913526,1481931.5003178844],[460742.50005120522,1481747.4998319417],[461053.71924888308,1481605.8754490179],[461337.21873614204,1481436.1249359187],[461563.40597638825,1481336.999750114],[461818.09429562412,1481252.1254961013],[462172.37472134572,1481181.2503191668],[462398.53127524391,1481053.8749501382],[462710.21843972849,1480968.999737177],[463035.5933717778,1480898.3754560079],[463261.99977531604,1480954.8746891536],[463516.81301937194,1480940.6246291329],[463785.84337049531,1480756.7501141357],[464083.03175862174,1480615.2496970836],[464366.31208258861,1480572.749628193],[464705.81214983854,1480572.749628193],[465045.7187240221,1480544.3745201488],[465272.03088908829,1480530.2494721254],[465767.53119587403,1480431.2501700893],[466149.96852529608,1480402.8751492223],[466376.3442424864,1480445.3752181127],[466687.74982485734,1480431.1252452692],[467084.21909713343,1480388.7501011987],[467437.74997393478,1480374.6250531753],[467692.56208468811,1480374.6250531753],[467989.96858998109,1480388.6251763788],[468443.12539799267,1480445.2502932928],[468697.65601380955,1480530.3754430709],[468938.18746537133,1480657.6248411541],[469037.59327434108,1480912.3745330859],[469178.96876657318,1481365.374770981],[470063.68738826772,1482529.1251394583],[469997.0310611176,1482594.8751732174],[469982.71866945259,1482635.5003236819],[469945.37538903393,1482696.3750639055],[469890.28110243398,1482751.9997361337],[469849.12452021596,1482807.7504664846],[469818.24995682249,1482855.8753778308],[469796.25028627983,1482904.125213997],[469835.28105430608,1483107.000070553],[469850.21920337388,1483146.6247763315],[469843.43725893879,1483197.5002131469],[469844.18785398459,1483262.4996518604],[469858.7183628162,1483354.3749264232],[469850.53147183545,1483423.0003232942],[469871.6873549858,1483479.2497067999],[469915.49917807535,1483563.6252204806],[469915.2186420873,1483598.1248702607],[469885.40589607565,1483669.1248848382],[469838.87527999043,1483764.3753089705],[469818.1874508239,1483808.7503834644],[469753.75021738932,1483915.2504925078],[469712.6560539928,1483967.2501655265],[469634.18696488126,1484083.8745899755],[469591.68785493908,1484149.7495485547],[469476.40595821419,1484257.1251774642],[469345.5623344467,1484403.8746163864],[469246.37455546646,1484566.2502934237],[469184.34375938878,1484693.1249170466],[469073.68721938215,1484859.1245471679],[469014.50005394308,1484943.999760129],[468965.37461073382,1485045.624575637],[468944.37547205418,1485129.5004772148],[468920.65553530498,1485231.250217543],[468924.87647734059,1485340.8744932131],[468940.49966425623,1485453.000490838],[468959.28084252309,1485645.5002234001],[468948.18781490513,1485758.8754692252],[468947.46895233286,1485846.7500111701],[468906.28168376687,1485912.6249697492],[468856.37495916389,1485953.0001833963],[468810.28162353736,1485992.1251898946],[468745.18698740355,1486027.3763936688],[468671.28083618876,1486045.8749436964],[468630.56249337783,1486050.6253124119],[468586.78135663626,1486120.3750326636],[468526.65616533282,1486169.6254006929],[468447.46925977449,1486216.1241971275],[468379.62514429702,1486274.2495451847],[468307.81202867499,1486350.1248532976],[468238.53123417846,1486431.1253045863],[468190.84360329097,1486511.0003863689],[468176.18703633663,1486592.374565992],[468180.65582293848,1486671.3751740344],[468156.59284420259,1486816.4994569935],[468143.0626928797,1486918.2512895726],[468120.2500084698,1487067.1245376128],[468098.96824155108,1487182.87544727],[468063.90647366934,1487274.3749884241],[468006.99977464176,1487395.0000583141],[467960.46915855655,1487492.6251873297],[467909.96858337842,1487604.3753643688],[467863.46874081827,1487698.2495232294],[467785.03138418018,1487805.999926599],[467716.93741906265,1487895.8753579154],[467664.34372111456,1487954.1245846672],[467640.03089273861,1487975.625514878],[467576.03093976271,1488028.6246736341],[467512.12513808178,1488071.3745921648],[467467.34355665429,1488109.2503504625],[467414.53078259126,1488193.0001939177],[467362.8750233305,1488294.5001717829],[467322.71888579836,1488388.500301589],[467232.68775613676,1488517.7495429183],[467205.43714582722,1488584.9997206435],[467168.12463893369,1488639.5000694913],[467124.56257830712,1488682.4998376621],[467071.53168707743,1488796.7496444047],[466999.12463370321,1488946.5004173846],[466949.75047415646,1489081.1246515296],[466932.56263220229,1489161.2485368268],[466900.12533166708,1489243.7501782069],[466830.1872216484,1489403.7512375379],[466786.37531138171,1489478.6250548395],[466750.15644152061,1489553.4999182667],[466707.43720933795,1489648.7503423989],[466654.65616774838,1489731.1250538849],[466569.7184487888,1489860.37534134],[466474.6246819502,1489988.3753344687],[466408.15587279585,1490032.3745883771],[466314.96875685698,1490080.1247252631],[466214.25014756265,1490116.2504027777],[466154.28161355271,1490146.3755044281],[465977.21877039032,1490347.6252921978],[465911.62539392465,1490441.3745262385],[465875.59386770509,1490494.6245807603],[465810.25042805669,1490557.7500599958],[465751.28033365874,1490622.249799429],[465673.25044290267,1490680.250135489],[465599.37602416135,1490698.8746564623],[465533.00040735363,1490732.749594965],[465478.00027204852,1490776.8748198189],[465430.62490962259,1490815.999826317],[465406.1871564266,1490854.0004222577],[465381.46886724251,1490922.6247730036],[465398.96897765825,1490961.0002305815],[465447.96844992193,1491030.1253267329],[465516.87542890676,1491155.5008525155],[465558.15597699641,1491238.6240667964],[465571.90625055978,1491267.9995323492],[465611.99988209328,1491341.0005234757],[465629.50007968617,1491376.7503804045],[465636.90664822154,1491402.2510842851],[465653.12481901492,1491443.249963084],[465684.37520299404,1491508.375372743],[465691.53096294095,1491565.7500385772],[465681.06255942327,1491603.8746003897],[465635.87656331318,1491687.6254899702],[465617.90639383974,1491711.7499285792],[465596.09415411565,1491735.7504013164],[465524.25026496861,1491815.4995993308],[465484.49967542174,1491858.5004136269],[465430.71914809465,1491906.5004001532],[465366.56245064811,1491983.6249564667],[465325.25025726209,1492059.7502013969],[465315.62459501124,1492150.1253319937],[465303.65613470465,1492217.625359359],[465295.78159936261,1492245.4997219974],[465289.06311987445,1492290.1245589543],[465295.06273679034,1492335.9997774141],[465311.28082040662,1492371.749634343],[465353.87512776919,1492452.3753111714],[465380.06287457136,1492513.7498378525],[465398.5942031981,1492578.8751603344],[465404.43716282042,1492642.6253508471],[465410.18797622167,1492720.3745312609],[465405.96903925994,1492771.2499680764],[465407.43745075254,1492822.7500289921],[465386.24992230587,1492850.1246051732],[465384.65658599325,1492889.50042026],[465396.99982075999,1492934.2502692139],[465411.81199888227,1492991.6250222253],[465426.71841547667,1493032.5000223299],[465455.3125996358,1493114.2500225387],[465472.65605275804,1493169.2500706664],[465483.62511450425,1493229.1254123298],[465495.81282528013,1493294.2497758633],[465504.24956590094,1493351.6245288746],[465507.46901712514,1493424.2496122385],[465507.0941554879,1493471.3751250242],[465505.25001058681,1493542.7500012391],[465502.03151831095,1493622.8749326619],[465484.87540883024,1493704.3750832307],[465470.37454022112,1493765.3747482745],[465459.68706058845,1493831.4995564937],[465440.2495257479,1493877.2498501337],[465408.03243463032,1493933.0004933074],[465379.71887363633,1493974.8748919722],[465339.96924303786,1494015.3751176165],[465309.18778481381,1494049.4999057592],[465270.43755277566,1494128.1246932158],[465282.71836872096,1494180.5002739974],[465283.68708093336,1494216.1252061061],[465264.43793585984,1494240.2496447151],[465234.93859161239,1494271.8748903316],[465206.59425709333,1494318.7504663002],[465192.37497059774,1494348.0000480847],[465167.87471140316,1494392.3751225786],[465149.56254606857,1494455.8753762743],[465139.12386995048,1494488.999719731],[465114.21919607325,1494581.7485090857],[465108.7827433846,1494625.0002191477],[465097.12454646564,1494653.0004655547],[465082.81206762348,1494692.3753216928],[465067.15618928598,1494744.5000067088],[465039.87471827428,1494815.6250332836],[465024.1870202861,1494869.0000126255],[465012.37521727302,1494915.9995544658],[465001.905854807,1494952.8747809005],[464993.78146982484,1495015.2496650903],[464988.31223853718,1495060.9999587301],[464972.56107560208,1495120.7503755735],[464942.62549702142,1495209.7502870241],[464923.12545618229,1495264.3746017436],[464889.31293650105,1495357.1253961721],[464864.53109519288,1495434.6248141229],[464842.37485453382,1495500.7496223422],[464816.43791632011,1495566.7504646899],[464791.84350583056,1495622.6250737351],[464755.65636844293,1495693.6250883127],[464714.49978622497,1495754.4999157137],[464658.12547789939,1495810.1245879417],[464624.40719669021,1495891.3748888704],[464588.09417553421,1495980.249875501],[464560.93762934249,1496036.1254434949],[464503.12463692401,1496112.1247174796],[464437.87534857052,1496166.3752166871],[464362.37481491757,1496227.0001072709],[464309.93786144018,1496264.7498946232],[464248.53160228569,1496315.2504698012],[464199.90594553377,1496351.8748876476],[464167.84350663575,1496388.5002644423],[464145.56330010504,1496471.1247383915],[464110.59367844439,1496549.8754967938],[464110.3120963308,1496586.8746891001],[464110.03051421721,1496622.499621209],[464114.65595811256,1496678.6250388429],[464112.78095250926,1496755.0001334131],[464103.28134838113,1496826.2499976309],[464106.8121091185,1496864.4984381378],[464101.34392395633,1496911.6249970493],[464085.78115078824,1496949.6246340417],[464063.8747597693,1496986.4998604765],[464026.53147935064,1497043.4998390276],[464002.09372615459,1497078.9998463164],[463962.37582802959,1497119.5000719607],[463944.37497220817,1497143.4995857498],[463922.59341883211,1497163.7502216345],[463860.96912968811,1497239.7504545676],[463839.09342501708,1497272.6249483845],[463782.43858070346,1497362.6253045211],[463780.8114196664,1497404.6236690576],[463781.40640354413,1497489.9996274242],[463757.99873525643,1497553.4999682971],[463696.56283587945,1497607.8753923248],[463665.59403401392,1497663.6249893729],[463648.46765193285,1497740.0000839434],[463626.09425305552,1497831.4995379203],[463599.81226778129,1497940.875010076],[463578.87458897469,1498014.6245911743],[463543.7810014424,1498109.8750153065],[463515.06293858867,1498200.1252210832],[463485.18777375564,1498282.6248573894],[463469.37515094742,1498350.1248847547],[463445.78118514374,1498436.5002416817],[463404.18732246704,1498553.3745157709],[463359.87475397176,1498685.5001663379],[463340.24978831259,1498755.4998234068],[463318.09346047638,1498824.125220278],[463290.84380911529,1498891.3753980033],[463226.59400649928,1498976.2496520157],[463162.3748030542,1499058.5003976303],[463108.46839195868,1499124.3753562095],[463041.68722716568,1499208.0002748447],[462989.12526169111,1499262.374739924],[462921.25045986567,1499324.2499248334],[462844.40643954021,1499393.749795445],[462720.34371408238,1499488.2496245315],[462633.28122705646,1499565.3753141474],[462508.09409104101,1499642.125096001],[462446.6561865902,1499693.8760526821],[462371.24980423221,1499745.4999922924],[462298.28167888185,1499806.1248828759],[462202.37481099891,1499878.0004173194],[462146.06196254643,1499926.0004038454],[462100.03113291849,1499958.7499728424],[462033.49981776555,1500010.374958578],[461956.7172573132,1500074.8746980112],[461911.87526213814,1500116.5002931615],[461860.62505086261,1500165.7495278881],[461823.4999747877,1500197.3747735044],[461779.84376286616,1500251.7501975321],[461768.03091372759,1500298.8757103181],[461719.21887228254,1500363.5003745712],[461676.62456491991,1500440.8747805248],[461654.53178920783,1500503.1248270718],[461615.81224351766,1500572.8745473234],[461576.12511891773,1500608.2496297921],[461505.81214726181,1500658.6253673274],[461412.59329884942,1500710.1253410657],[461367.87526954606,1500736.4994725611],[461315.53142123809,1500764.1249445078],[461256.74971660716,1500804.500245332],[461165.99981155037,1500866.2495464734],[461119.87474345032,1500910.49960897],[461076.28103752737,1500954.7497586438],[461059.59394097887,1500976.2496427291],[461035.09368178429,1501020.624717223],[461019.2503726281,1501091.8745814406],[460998.31260664441,1501164.2499023415],[460982.43756501476,1501244.374833764],[460969.093798385,1501319.4995468315],[460950.84405187186,1501376.6254963283],[460930.09371670679,1501430.00047567],[460887.18714088266,1501597.1253881201],[460865.78140809224,1501680.4994981666],[460813.09355884924,1501908.125509683],[460769.09325881553,1502162.5004271546],[460764.74948421086,1502385.4999486501],[460766.71864110912,1502611.0001459746],[460758.46828518144,1502847.8748658535],[460733.31271553866,1503127.8754120255],[460714.93699807994,1503357.0005213823],[460626.53102438152,1503599.625008537],[460528.03142162558,1503835.8751043156],[460392.99963442149,1503910.1253436424],[460334.21888873895,1503942.375213359],[460176.03137513826,1504107.1245491544],[460051.34402558015,1504301.9999455484],[459895.71856050449,1504467.9985295441],[459686.46826644696,1504618.0001982895],[459604.15606095933,1504684.6247057891],[459544.56238858664,1504732.7496171354],[459466.12494477147,1504796.124946011],[459280.6253609882,1504913.999664786],[459096.56236904697,1505045.8754657127],[458994.93755353882,1505252.1254718383],[459017.43892843556,1505414.9998892073],[459032.87468453264,1505526.8749038894],[458962.87502746377,1505689.3745467984],[458935.31310764106,1505753.3744997743],[458887.24956899078,1505970.3754504793],[458836.53087664605,1506145.8747719058],[458821.49953523162,1506197.8765371756],[458722.28115708049,1506395.1245462021],[458700.53133617796,1506432.8752925026],[458606.5630260224,1506596.2504552775],[458559.28085594298,1506668.7496548728],[458479.34326816176,1506791.249730366],[458390.21843189106,1506940.0000586601],[458341.09403480729,1507021.999908509],[458196.00148432178,1507212.1250233646],[458011.18894346023,1507383.4995591245],[457896.78047435015,1507466.9996401165],[457827.15663786692,1507517.8749897548],[457698.03127523209,1507614.1248124472],[457633.09225026629,1507662.6245854308],[457423.84404845972,1507812.6252080507],[457245.53082379419,1507994.1251053414],[457167.65663138329,1508141.7500641295],[457131.31283670216,1508210.6253106408],[456992.53112546855,1508399.3751191734],[456872.8439070888,1508589.125459569],[456779.06294057472,1508813.1243796248],[456611.90620847407,1508971.5003701695],[456372.81248205691,1509077.2498841675],[456327.37454405572,1509084.0010550774],[456073.0005855324,1509121.7497963042],[455598.06327027024,1509091.2500073707],[455368.2510308146,1509084.2499457691],[455086.06225162919,1509100.2499122187],[454785.34414889087,1509130.250001872],[454517.59373231593,1509148.7495980251],[454261.06231430446,1509193.8752675648],[454036.3434855509,1509275.7501925938],[453819.96916401992,1509416.1252401399],[453716.40596513869,1509646.2497480572],[453643.37524661259,1509873.8747134479],[453452.28150672163,1510068.875034662],[453261.18776683061,1510253.5002318819],[453086.65619866812,1510478.8754172092],[452888.90639811044,1510635.6252928425],[452602.46904174075,1510796.4997797881],[452340.03015303455,1511001.6253753561],[452141.50107615697,1511174.9998415392],[451966.4063437673,1511307.5003537433],[451756.24975631881,1511442.7502581142],[451554.31283845002,1511548.749621752],[451323.93743476726,1511682.6253531021],[451131.09370127012,1511797.624621588],[450902.84411177912,1511969.7498395706],[450736.06215413858,1512127.6249975327],[450488.96888038219,1512350.6246062052],[450304.15633952065,1512563.3738413495],[450070.90653167415,1512701.1254676748],[449838.84355320671,1512804.5002767891],[449597.68747754471,1512894.124899517],[449224.12512815057,1513189.8745163735],[449256.78150480078,1513441.2501048613],[449142.87482722191,1513632.2496934575],[449017.84338955162,1513823.1253161817],[448975.46920442954,1514097.6248985929],[448815.00026546902,1514306.5004181901],[448881.09325403773,1514778.8747259791],[448894.75033525453,1515011.2499729081],[448938.68717034126,1515321.1246377879],[448704.34372546233,1515515.0006356214],[448546.43779397523,1515760.4995269398],[448560.93761645886,1515992.9997858659],[448506.062493151,1516207.874835202],[448341.59378052095,1516458.4999158215],[448097.84383668331,1516470.6251205986],[447851.65581019234,1516500.3753606116],[447592.87469929451,1516635.8751146225],[447504.62634183804,1516845.6251079603],[447578.87457609107,1517056.3745870355],[447623.90591998154,1517293.87497714],[447514.18740583927,1517500.0000584454],[447369.06207675475,1517732.7501670117],[447274.81209730852,1518042.9996063516],[447352.81217348785,1518268.9995029564],[447295.2183443614,1518537.2496188115],[447161.15622831811,1518738.2495569412],[447127.96841991419,1519043.2499744112],[447207.24956394458,1519302.2503357781],[447151.25011725631,1519548.8745966023],[446976.4061934551,1519763.9985366303],[446824.68730970251,1519995.6252807644],[446592.87513982353,1520175.3751844491],[446624.34372814634,1520428.1250331346],[446383.21833883232,1520496.1247597802],[446166.50001636631,1520600.8747880405],[446188.96861266409,1520903.1247672183],[446263.31204433757,1521154.5004428835],[446101.24968188733,1521349.3747931519],[446005.78114058863,1521774.8754428688],[445876.46834713517,1522132.5003318118],[445640.8746951074,1522272.8752921808],[445392.65605184512,1522491.9990058783],[445252.12530595373,1522735.0003597441],[445181.68749665486,1522954.9995933075],[445428.34348995256,1522986.1251396437],[445444.12533923564,1523237.6246068261],[445517.56256469531,1523453.3752632053],[445627.25030531245,1523644.9994759015],[445574.56245606951,1523884.0000971493],[445549.8748532334,1524112.7504320459],[445315.53140835447,1524246.7500420907],[445419.06296193937,1524466.2495763737],[445638.37506540387,1524428.8745634817],[445764.96915303875,1524636.8735170877],[445885.03105870151,1524870.2492958796],[445997.18774267426,1525060.5002945038],[446098.25044008071,1525278.8755054066],[446312.09331225755,1525396.3753625443],[446564.74996859656,1525555.624780704],[446809.87513158016,1525847.3746238907],[446920.03092618118,1526083.5008409747],[447126.18669383455,1526286.1248889423],[447263.18763793691,1526541.2504014599],[447073.03079060774,1526699.2504842419],[447172.78277994064,1526899.624752146],[447438.5936798398,1527036.2499628398],[447614.18715256127,1527210.9996481689],[447530.09426711948,1527424.7503741246],[447666.5627333427,1527630.1248603843],[447848.84495815274,1527859.7496690212],[447990.21844531095,1528043.500392501],[448003.90621287574,1528296.3750788295],[448225.28171171056,1528483.7496682161],[448250.12396676629,1528740.3754118767],[448058.6246788901,1528848.8753641665],[448172.37469917542,1529044.1244888951],[448414.12471258972,1529115.8751856957],[448625.00007543335,1529219.6258153955],[448879.59415619716,1529331.9995704095],[448998.34334871254,1529133.3752961115],[449184.12460178643,1529263.874918944],[449119.8112470464,1529478.7500554572],[449184.15633425995,1529703.3735996131],[449503.90651103063,1530044.3748569547],[449685.99929994816,1530184.9997541411],[449912.18758631987,1530234.3749598132],[449916.7187917431,1530235.375404499],[449912.96886771359,1530246.1253901303],[449926.87475244497,1530457.3745684857],[450154.62464265578,1530561.0002733655],[450169.09273266594,1530789.7495621368],[450396.75047665567,1530843.6252868844],[450594.12550275319,1531017.2496027076],[450820.12531218072,1531063.6255665731],[451030.1559286837,1531174.8749982065],[451100.68701750622,1531403.3753962859],[451247.43750255398,1531624.1252248951],[451473.96883091226,1531737.8752451804],[451245.68742177071,1532120.125230961],[451688.99957859359,1532315.3754018152],[451682.12548793742,1532608.875325785],[451860.53190494952,1532788.7501542896],[452104.7814608902,1532899.999585923],[451996.31219494838,1533102.2498183791],[452097.31238635624,1533330.6253788155],[452343.93664718047,1533393.4999622854],[452537.6252141954,1533588.7501331395],[452464.62535637157,1533800.9997561809],[452671.78156871081,1533923.7496813142],[452539.03120686655,1534131.1250569457],[452684.46889158973,1534317.5002477719],[452868.99985033768,1534481.0002481895],[453038.71863096335,1534643.1250294612],[453091.49967255292,1534879.3761713654],[452985.59350126167,1535123.4998435376],[452748.34400692268,1535215.5001300974],[452520.62375693436,1535106.8752529877],[452499.62461825472,1535349.6246649623],[452568.87463922612,1535573.1249318633],[452519.62435837399,1535987.7497121806],[452519.0621530952,1535992.5000808961],[452484.81244013237,1535999.2502928576],[452433.99950931559,1536006.1254296394],[452388.21852932771,1536003.9995282704],[452333.6567206069,1536018.5003968794],[452294.2183995216,1536015.1253344873],[452262.21837944508,1535989.8744802468],[452197.49956389691,1536005.8745338737],[452160.93765204912,1536041.8752865682],[452185.53005746478,1536092.6247524379],[452215.21883760474,1536143.3751772563],[452230.74987829936,1536172.500793169],[452291.96870663523,1536194.8752381718],[452327.59363874409,1536197.1249310581],[452386.09376126144,1536199.1247743045],[452433.15572192322,1536203.7502181998],[452448.68780874333,1536235.5003886363],[452449.03085073002,1536275.0001695945],[452427.93747357826,1536333.8750665721],[452397.87487792654,1536386.3754849965],[452369.06257660076,1536435.1251076201],[452322.21864592849,1536459.7502044577],[452296.87468651868,1536469.0000461228],[452261.59375534486,1536507.6252661636],[452250.46899525344,1536543.3752102698],[452251.99991274462,1536571.3754566766],[452238.37456400134,1536613.6246298016],[452207.87468789087,1536616.5000800907],[452169.68770725699,1536613.0000057013],[452117.49955729418,1536603.3754767531],[452067.68707116327,1536578.3755182785],[452023.09396667994,1536566.000463861],[451984.87516639545,1536559.9998008197],[451934.31208521873,1536593.6248896823],[451946.00000953727,1536620.2499169433],[451975.50048708735,1536651.8751625596],[452016.65602317982,1536705.0002922614],[452032.09387152788,1536726.6251011665],[452072.09230564098,1536793.7503540718],[452085.15649523103,1536834.3755045361],[452086.96899483574,1536895.6250192199],[452078.53120808944,1536950.500142528],[452049.81209911022,1537011.999594029],[452040.09333169,1537063.1247933074],[452069.49957076798,1537083.2505043722],[452104.03191196988,1537104.499579869],[452122.06249519094,1537133.7501206018],[452147.96865987952,1537188.2504694497],[452164.93742571876,1537237.8744786365],[452199.43803444714,1537259.1246002589],[452230.03101572709,1537267.8746554668],[452272.12457768398,1537281.3750793899],[452300.12482409086,1537284.9999914223],[452354.87502257869,1537295.8749018735],[452396.93789818761,1537305.7503265874],[452432.62533629505,1537315.6247923528],[452495.18660517799,1537346.875176332],[452532.40591972496,1537387.2495182077],[452537.93756983412,1537439.500086992],[452549.96853613929,1537505.6248952113],[452538.78135722643,1537537.6249152878],[452521.34366563219,1537579.8751345384],[452473.28117310739,1537609.7503865485],[452425.31291905465,1537648.3746476411],[452382.28141841048,1537669.2499076263],[452343.03148709214,1537690.0002427914],[452301.28096712189,1537713.3750453028],[452272.40615979757,1537756.999524751],[452279.12463928573,1537797.7496000354],[452293.34392578126,1537824.3746272961],[451972.87488643825,1537996.6246829219],[451787.21855818434,1538118.2502846748],[451642.12600769883,1538323.4998461143],[451440.96836614993,1538520.2501609344],[451222.84405101277,1538666.4999005764],[451141.6562560827,1538888.7498731518],[450926.71861357085,1538987.7502213132],[450660.68750425411,1539082.3749752196],[450471.592648661,1539328.6255077093],[450257.15575155482,1539467.1245907038],[450119.46872347913,1539669.6246727996],[449919.0934094495,1539832.1242285315],[449937.31238243752,1540088.9987757069],[449717.68801051151,1540100.3753905122],[449473.81113677996,1540134.750028295],[449412.06288176426,1540387.3749521605],[449191.81275243539,1540495.3752051701],[449080.9371363137,1540689.9997057985],[448909.03108162316,1540867.3749045997],[448947.53146402119,1541155.8756563396],[448826.34410167538,1541343.0003960861],[448586.59393150738,1541384.999806748],[448488.96888966887,1541607.4996289634],[448256.40621192125,1541737.2496156984],[448077.90660256258,1541905.8747592915],[447909.28145896934,1542058.9996357153],[447765.56203537883,1542303.7499370617],[447603.9686858608,1542486.1254413954],[447604.84420572664,1542708.8751132507],[447373.18773419276,1542875.5004135978],[447227.75004946959,1543078.1254205138],[447006.68786522181,1543174.6250928463],[446905.43782417383,1543428.3753862178],[446733.53081053495,1543790.8754815191],[446493.25025473878,1543759.1253110827],[446141.53074423951,1544039.1248111294],[446262.28082612657,1544241.3750435852],[446052.34348914737,1544328.99973589],[445817.03133205604,1544312.3751453399],[445599.49990854569,1544319.8749062219],[445679.78149726195,1544708.6252543239],[445818.65640084213,1545398.1254376378],[445975.15642683522,1546173.8750069332],[445956.12531175121,1546173.9999317534],[445911.87524925452,1546202.4989184919],[445899.24929907161,1546214.1253829375],[445849.71839505422,1546219.7502253931],[445813.0315583864,1546241.7498087587],[445776.3754952437,1546268.874622477],[445735.90595594741,1546293.4997193145],[445717.21901615267,1546338.2495682684],[445711.53166769835,1546416.1247196277],[445730.93747006543,1546452.8751084197],[445760.62529125699,1546504.8748686153],[445768.49991377618,1546532.8751150223],[445741.06283159641,1546595.6237275468],[445727.59414014663,1546654.3747458297],[445710.2496408989,1546705.6249571051],[445704.18751798448,1546742.6240622345],[445698.15616859513,1546780.8745949925],[445646.37452556595,1546821.0000461766],[445578.2816065739,1546884.1244792866],[445585.15578440722,1546943.99982095],[445576.96889342647,1547025.6248963389],[445558.21840150765,1547065.3745269373],[445542.03100423934,1547102.4986440639],[445537.18753035448,1547130.6248614164],[445528.59404526302,1547166.3757644708],[445519.81225758168,1547179.2494720428],[445498.28159997117,1547192.1263179912],[445486.90498516586,1547199.8748823877],[445437.68643678719,1547242.4999632754],[445411.46896258538,1547296.2497170775],[445460.18781168386,1547343.0003682261],[445451.78079846269,1547399.1237807861],[445425.24992249673,1547419.8751620767],[445397.31218208844,1547423.8749357462],[445349.12476474361,1547438.3747582298],[445336.43744186469,1547443.6248262255],[445314.90573812876,1547452.7496558935],[445305.25043565541,1547510.2502926732],[445281.84390067041,1547598.4996962552],[445237.87533311016,1547661.3753258507],[445234.31283989927,1547689.5004970776],[445223.37446450104,1547745.6239096376],[445239.12466848776,1547805.3752854294],[445258.59393580176,1547851.1245329438],[445274.18739531783,1547890.5004352075],[445291.0629688105,1547928.62499702],[445310.71862081764,1547998.4996420916],[445314.81254578219,1548027.8751948217],[445314.03126438841,1548085.249860656],[445309.37513414508,1548134.9999279655],[445298.25037405372,1548173.3752983664],[445283.34404463647,1548213.0000041449],[445253.09401816607,1548242.6254065149],[445220.43764151586,1548288.8753994349],[445211.87501712661,1548329.7493534139],[445227.53089546418,1548375.4996470539],[445221.43712725339,1548407.3746551331],[445198.78110013698,1548430.6246200018],[445183.68733990111,1548449.8748112007],[445152.37549604895,1548506.2500784746],[445143.96839565056,1548565.0000506321],[445155.78124478913,1548604.3749067704],[445173.87538013427,1548639.9998388793],[445186.62520901178,1548642.3734976375],[445241.43887244654,1548661.0000236845],[445284.84418860252,1548682.2500581299],[445306.81203949457,1548721.4999894481],[445317.21898313914,1548746.874722383],[445317.28140196064,1548755.8746272309],[445297.28166184132,1548795.6253039551],[445273.40611392411,1548828.999497052],[445247.4067568889,1548909.5002490603],[445217.46908605727,1548976.12475656],[445177.37536734657,1549044.1244832054],[445153.84390754148,1549116.9995033864],[445128.93714141328,1549175.8754464893],[445113.15625107859,1549265.3750572202],[445102.18718933233,1549318.9998862022],[445074.84329949919,1549391.874906383],[445053.90657964093,1549469.8750697395],[445037.90661319124,1549530.000261043],[445015.40628442005,1549574.8749476399],[444977.71891588921,1549630.0000077649],[444933.78112185409,1549692.8745912348],[444916.37516273331,1549740.2499536609],[444902.62488916994,1549767.2497553818],[444888.68727196509,1549773.7501177033],[444867.22016647871,1549788.0000905469],[444839.43795006128,1549812.3754249215],[444823.219866445,1549845.7496180185],[444761.31294906192,1549892.2504195271],[444724.71825861518,1549924.5002892436],[444792.71903138619,1549995.2494952327],[444795.40600473125,1550011.7492481398],[444839.28129276779,1550087.8754520183],[444846.12469707598,1550142.6246043807],[444835.31229262328,1550216.6249940677],[444848.40620961291,1550259.8746118783],[444890.65642886335,1550293.8745623783],[444926.53121061227,1550325.3747959975],[444950.99973733339,1550362.1251847893],[444946.28110109147,1550403.0001848938],[444925.18772393977,1550464.3746243976],[444910.34381334396,1550513.0002811498],[444892.87543540169,1550550.1254444018],[444871.65608730441,1550595.0001309987],[444831.46917624719,1550653.9999527961],[444806.40575282543,1550696.3750968666],[444800.40718203509,1550738.5004784742],[444800.93765484035,1550798.374774012],[444806.0627108388,1550803.4998300103],[444870.99973073072,1550812.9995213156],[444893.90656643553,1550817.8737687257],[444898.28111456532,1550880.3746238609],[444881.90532753,1550898.3754796823],[444849.37492182531,1550959.8749311834],[444834.43781888293,1550997.0000072583],[444828.46888831508,1551044.2504448642],[444833.74964265863,1551064.6240004953],[444849.24999700527,1551094.9999107341],[444862.21890199772,1551121.749862815],[444884.0935605432,1551153.3751084313],[444900.31277746212,1551172.5013337587],[444927.87373833644,1551204.8750821699],[444926.40628579224,1551219.2499798334],[444935.65612745745,1551235.750778866],[444943.31254563289,1551235.6248079205],[445015.71855288162,1551229.8760867701],[445093.18719730724,1551217.6249110473],[445158.09344367409,1551227.1246023527],[445219.21907966339,1551238.0004717524],[445289.2811555537,1551251.37492473],[445363.09420159907,1551260.8746160353],[445477.62550327816,1551273.7503286812],[445520.87520826614,1551273.3745952728],[445622.50106989971,1551264.7514699588],[445684.78171561746,1551260.249991935],[445733.03155178373,1551253.4997799734],[445782.40579850756,1551229.9999654647],[445845.71870856173,1551200.1248006315],[445886.21893420606,1551176.7509570685],[445912.74972299486,1551159.8753835759],[445956.99987266865,1551128.8748492368],[446016.28127657977,1551073.5000266486],[446055.28135825798,1551024.625479205],[446085.75046084332,1551021.7501160931],[446121.34366047871,1551021.3753416329],[446150.59420121158,1551021.1254919928],[446239.68730500882,1551030.500171301],[446282.93700999673,1551033.8753208702],[446365.844112185,1551062.3752665573],[446403.188351552,1551119.3762040571],[446468.87492036424,1551214.3747734751],[446511.43749525334,1551285.3747880529],[446510.34385822091,1551305.7503487577],[446529.06253048911,1551411.4998627554],[446555.28105081641,1551505.4999925615],[446583.71857768204,1551557.4997527574],[446595.4371883485,1551589.2499231938],[446668.6245641681,1551674.0002113348],[446712.25000256457,1551719.4985630836],[446749.28092734452,1551736.999806802],[446841.15628908441,1551775.625026843],[446916.43765944522,1551805.5002788531],[446987.87495448155,1551831.4996358883],[447052.84466579533,1551846.2503541375],[447101.25020030676,1551858.5004837348],[447171.50066596409,1551894.750039944],[447188.68754896987,1551971.1260934626],[447210.49978869397,1551992.6250185997],[447260.62454328639,1552054.6251283293],[447278.56298028643,1552073.5005450682],[447302.71915136883,1552073.2496493026],[447338.31235100422,1552071.6245805165],[447400.49989155249,1552059.6253466848],[447439.90648016433,1552055.3746772495],[447516.53133719764,1552094.1249092878],[447543.37448162516,1552111.7499445234],[447627.68757648452,1552158.1248622637],[447649.62474102859,1552196.124499256],[447687.21883003571,1552278.6250945106],[447734.65669846028,1552325.3747867108],[447780.74994690967,1552363.1245740631],[447860.12532941211,1552424.8758802782],[447954.46954733046,1552453.2498550196],[448010.18741190515,1552427.2495390361],[448135.81278732768,1552400.4995869552],[448194.15616537438,1552382.1249156219],[448258.93748692115,1552376.3751483462],[448321.24995228945,1552375.7505242459],[448340.37521866843,1552383.2502851279],[448363.68760235852,1552420.1245526143],[448369.65644574928,1552429.6252028679],[448373.6572655444,1552440.7499629594],[448377.84333673003,1552453.0000053796],[448355.31232161081,1552493.999930304],[448336.4993236934,1552523.5004078541],[448311.53118486918,1552575.9998673301],[448296.46915710683,1552599.1248202017],[448289.37485703302,1552660.3753810108],[448307.3123350846,1552678.1254282438],[448331.59334380995,1552691.8746556817],[448351.99967803998,1552699.2494917435],[448382.65612426685,1552714.2500596328],[448433.6247534288,1552727.8754083763],[448455.34380080627,1552737.8747989617],[448468.31270579877,1552769.6249693981],[448443.56268414122,1552848.8753399034],[448428.62453507335,1552884.7502088295],[448417.43735616049,1552912.8753800564],[448383.7815809499,1552993.5000107593],[448342.1877182732,1553034.7497853239],[448270.18717183254,1553089.0002845316],[448212.12537589943,1553137.9996696182],[448170.49978074926,1553176.6249768361],[448123.81250737049,1553219.2510166722],[448067.12488445785,1553279.6250986676],[447983.78154793638,1553344.2496757435],[447932.03163738066,1553389.3753452832],[447889.21921285149,1553438.2498055496],[447828.65473601542,1553491.1250856114],[447748.78070035827,1553516.1250440862],[447697.15571462258,1553574.0004553262],[447694.78109691618,1553594.3749699055],[447682.8750554311,1553688.8748861691],[447681.99953556526,1553733.4997231259],[447671.09393876599,1553797.3748384588],[447658.84380916867,1553848.5000377372],[447630.03150784294,1553901.1254681586],[447618.71835798456,1553915.2494700567],[447597.25020637264,1553932.0001187292],[447559.40522159997,1553968.1247501182],[447517.74989905016,1554001.6249141609],[447443.0624664416,1554039.3747015132],[447397.40641127381,1554051.2500566503],[447379.84370768233,1554079.5001526973],[447363.68708393915,1554122.9996201482],[447364.15505074582,1554176.49952431],[447363.31230947899,1554227.4998859456],[447362.71837172675,1554303.9998181588],[447361.74965951435,1554339.7497622648],[447350.87474906305,1554404.8750847466],[447340.99932434928,1554440.7499536728],[447323.37524806184,1554461.2504391978],[447285.46880341606,1554488.3751657386],[447253.84364497679,1554507.8752065778],[447176.62476301414,1554548.1245364565],[447146.21921255288,1554557.3753370701],[447111.96845346451,1554567.8753858842],[447067.43776780262,1554563.250029166],[447031.90594086325,1554572.499783654],[447012.03112556395,1554626.2495374558],[447008.56287082518,1554667.1245375604],[446991.31252287235,1554729.750404693],[446978.75012481352,1554746.3749952428],[446944.71852901729,1554781.1254536114],[446905.49928404693,1554805.748545375],[446834.65592676285,1554845.9999675048],[446802.93748879991,1554855.2497219928],[446778.15669361723,1554929.3750364997],[446782.49950927356,1554989.2494192147],[446787.90623456263,1555026.2495704694],[446821.68798071879,1555111.3747202477],[446830.96850873192,1555154.6253841841],[446823.87525478366,1555215.8748988679],[446803.96870701091,1555269.6246526698],[446787.7813097426,1555308.0001102479],[446733.40483958938,1555341.7501239304],[446687.90648784064,1555372.7496993211],[446657.59404254879,1555397.2498713385],[446644.93740601791,1555414.9999185714],[446605.00034460076,1555489.6238862332],[446586.28167233255,1555530.6248572832],[446572.81298088277,1555589.3737833151],[446562.09376877663,1555676.1250480048],[446548.78173462034,1555751.4996107123],[446488.56230484485,1555846.5001852042],[446362.65639343427,1555843.8746717323],[446305.49984476657,1555848.2501788104],[446247.31207788788,1555885.7501165227],[446222.15642106795,1555916.6247670932],[446161.78138012439,1555989.8745617343],[446129.06153852725,1556029.7491171528],[446091.40598964703,1556087.4996035728],[446053.8128595883,1556149.0000140222],[446012.1565780901,1556186.4999517344],[445990.99973599141,1556240.2497055363],[445915.75001092697,1556357.0000137538],[445815.90596255014,1556426.7498211826],[445696.78094944917,1556472.6249524653],[445628.90614762367,1556562.5004709589],[445638.28082693182,1556618.4999176473],[445685.78111417778,1556671.6250473489],[445706.37479204935,1556701.9999986393],[445713.06258518953,1556738.8752250741],[445708.31221647415,1556778.4988847272],[445718.99864998128,1556835.749759044],[445737.28117509343,1556891.6253270379],[445779.59390034247,1556934.626141334],[445893.03156498913,1556965.3748209591],[445987.49966160196,1557011.6248138791],[446055.43801555154,1557073.4989526633],[446110.71859966754,1557144.3751757233],[446165.09402369522,1557257.2496761428],[446191.15588672896,1557329.7498346865],[446212.03114671406,1557393.2511345078],[446217.34363353113,1557417.3745269913],[446219.15613313584,1557479.8754693037],[446215.50044757838,1557497.7503541796],[446175.4375023928,1557569.5000048545],[446126.28137283563,1557622.2503600961],[446083.49972183153,1557673.7503338347],[446034.2810862757,1557713.7499012505],[445969.74970154616,1557750.1254284051],[445869.74995482416,1557804.6247311272],[445773.50004495453,1557845.0000319516],[445688.43740117492,1557859.8746288952],[445624.93714747921,1557868.1250720001],[445558.9064905548,1557880.2512357256],[445519.0309761879,1557895.124873721],[445517.37513387669,1557895.2507574896],[445477.96854526486,1557930.8747306501],[445509.87537299481,1557944.5000793934],[445574.68738088955,1557938.7503121176],[445639.65613325493,1557954.7502785672],[445688.40671482694,1558003.999600471],[445779.18739340885,1558064.2497165946],[445837.00038582738,1558133.8735530777],[445896.12513244495,1558204.7496889608],[445952.81266818044,1558290.8751962478],[446013.31263394398,1558376.9997445864],[446042.84379784204,1558411.1246199063],[446092.6245514995,1558434.8752430035],[446127.31250386947,1558475.2494977023],[446170.81205849751,1558505.4995241726],[446214.21842077893,1558525.5002232403],[446289.59402961179,1558568.125304128],[446348.43614799029,1558608.2497091866],[446412.3439547451,1558648.5000851909],[446463.49888142309,1558683.6253180194],[446494.49950293923,1558738.2495455618],[446514.18793354533,1558810.7497912825],[446539.00046120147,1558885.6246547098],[446548.21857039322,1558921.2496739957],[446558.75035168068,1558965.8745109525],[446577.28168030741,1559048.5000310272],[446589.00037815107,1559081.4995368412],[446594.50029578671,1559130.0012277216],[446596.15605092084,1559173.249886584],[446569.93753059354,1559228.3748595319],[446547.31227700226,1559260.4998044283],[446518.43755685503,1559301.499729353],[446489.50033070927,1559336.2501877213],[446486.15595466498,1559392.3746464069],[446488.03087309119,1559462.4991411187],[446469.21900847636,1559491.9996186688],[446451.49964759138,1559502.3747426628],[446383.15583283373,1559536.2496811654],[446363.21859871299,1559583.6250435915],[446352.06210614817,1559616.8753579939],[446329.59350985038,1559665.4999686203],[446310.84406405705,1559704.0003510183],[446302.28135249071,1559742.2498376507],[446298.90629009844,1559793.2501121091],[446260.96915910469,1559815.3747074718],[446215.62537239841,1559866.7497563902],[446225.00013888365,1559920.249660552],[446203.87494208134,1559977.8753093292],[446223.28083162551,1560017.1252406475],[446242.75009893952,1560061.6241938358],[446249.4378920797,1560099.7497145967],[446234.31231219321,1560115.2499817661],[446226.96920860477,1560147.2500018426],[446228.53081244393,1560181.6246396254],[446196.09359908581,1560255.8748789525],[446160.40616097843,1560392.6250144665],[446155.12436050933,1560515.1250899597],[446185.09376381448,1560600.2502397378],[446235.28102440556,1560669.8760812948],[446303.18764588161,1560727.8754584065],[446376.06266606256,1560774.3753009667],[446429.7816463394,1560813.3752954679],[446471.84347582282,1560824.3751307391],[446510.06227610732,1560833.000261127],[446591.53165315097,1560844.8745701388],[446651.31284351938,1560846.874500562],[446725.06233744067,1560846.1248644646],[446773.34390608041,1560844.3748708584],[446855.96742108121,1560842.3750276123],[446958.93772833573,1560840.0003227287],[447046.65665911243,1560837.8745085369],[447125.43705773714,1560830.7495221151],[447188.00041887106,1560860.7496989453],[447190.8748230348,1560901.4997742297],[447210.49978869397,1560965.1249527456],[447233.96882967756,1561033.7503496169],[447262.28134454601,1561073.0002809351],[447293.31265241012,1561130.0002594865],[447324.59380991431,1561219.000170937],[447381.12477553339,1561287.2497472228],[447409.31245275895,1561313.7498496636],[447478.43754891038,1561366.7500545452],[447518.00079481571,1561384.125327318],[447560.12513029773,1561402.8746859343],[447609.81260443153,1561416.3751098574],[447662.12472026597,1561436.2499251568],[447737.40609062678,1561466.1251771669],[447807.59413746267,1561497.3746021977],[447847.09391842107,1561507.1251020913],[447881.4389159815,1561506.8752524513],[447919.5624316684,1561506.5004779913],[447943.75033522432,1561508.7501708774],[447984.50041050871,1561514.7497877933],[448042.96871337545,1561515.5003828392],[448088.71900701529,1561512.5010538555],[448111.53169142519,1561503.3742191135],[448154.65638441592,1561490.124690956],[448185.12452805293,1561485.9999924663],[448220.65626781521,1561476.7501508009],[448263.93770527665,1561485.2504435459],[448311.21882923052,1561510.2503148436],[448387.96869826101,1561564.3749302828],[448423.93771848205,1561608.6249927795],[448453.56198754953,1561651.7497729473],[448479.37504706869,1561697.3750545902],[448516.6558214887,1561741.625204264],[448543.53165733808,1561763.0001635291],[448588.28150629206,1561793.2501899996],[448630.56249906763,1561830.9998901747],[448660.06288944057,1561860.124547139],[448680.74975965871,1561898.1240969542],[448701.53078117175,1561948.8746089498],[448729.71845839726,1561975.3757575161],[448784.75023899868,1562015.7500122148],[448838.34333550709,1562038.1254161659],[448888.12513529009,1562061.8750803147],[448935.43799171742,1562093.250389114],[448956.12486193556,1562131.3749509263],[448976.9683894472,1562188.4998542976],[449003.12544990139,1562273.6249168988],[449022.78110190853,1562339.749725118],[449047.40628592315,1562395.6252931119],[449070.62547726667,1562433.6249301042],[449096.59406077676,1562453.6246702236],[449113.18796497869,1562503.374737533],[449127.31100792828,1562518.5002302423],[449145.21971752867,1562532.3754286256],[449174.5635377852,1562544.8754078632],[449202.68766288669,1562559.8749296269],[449249.78144319903,1562565.7496217226],[449305.71847106586,1562566.5002167686],[449367.87523808907,1562549.3747936357],[449410.87500625977,1562524.7496967982],[449470.43703333609,1562501.1249574695],[449505.99954662344,1562494.4996703279],[449551.81225908478,1562500.3754085491],[449577.3436493132,1562512.8753877867],[449656.31252488209,1562529.9997647938],[449709.71923669736,1562529.4999783365],[449742.81280662923,1562534.250347052],[449815.40729082207,1562547.4998752095],[449857.37488183344,1562549.6246432757],[449898.12495711783,1562554.3750119912],[449988.43766889302,1562559.8749296269],[450055.84345778625,1562561.7498480531],[450141.09353238455,1562569.8752791607],[450158.90599843895,1562572.2499840443],[450222.87430611852,1562616.2501969009],[450257.43628754292,1562645.2488829198],[450322.50023732876,1562670.1248755229],[450381.09355219267,1562680.9997859742],[450442.15668218338,1562685.5003050494],[450496.93765419628,1562696.5000531436],[450552.93710088462,1562704.8763800168],[450654.84358568338,1562726.7500796139],[450696.90637411521,1562739.1240879057],[450724.99981286866,1562752.8754075947],[450754.28112712665,1562756.375394807],[450788.65576490952,1562762.4999365429],[450849.78140089882,1562774.6251413201],[450920.03090760781,1562808.3751550028],[450959.5941535132,1562827.124600796],[451010.68762031803,1562855.8754422488],[451068.09515192849,1562876.9995057485],[451097.53103122895,1562898.3744650139],[451124.37522178196,1562915.9995874267],[451153.96880450146,1562956.499813071],[451191.281311395,1563008.3756945722],[451218.25042676809,1563037.5002643596],[451247.65657866898,1563056.374634973],[451264.34271626908,1563075.2500517119],[451278.562961713,1563100.6237385212],[451294.1246887556,1563138.7492592821],[451309.56253710366,1563158.9998951671],[451327.49992797815,1563172.8750935504],[451366.00031037617,1563214.6246545722],[451381.43711259874,1563234.87520328],[451404.84364758374,1563297.1252498268],[451437.06283095235,1563347.7497036995],[451462.87475716887,1563392.1247781934],[451482.24987318798,1563423.8749486299],[451501.65672168048,1563464.3751742742],[451515.84322957706,1563485.9999831796],[451531.75009085733,1563562.2500657528],[451542.3761106169,1563613.2504273881],[451514.81209854322,1563661.8750380145],[451501.37513956695,1563727.1243263681],[451496.8122016702,1563786.9996680315],[451503.5930999798,1563835.5003999632],[451507.81203694153,1563881.2496474776],[451504.15635138407,1563900.4998386768],[451510.90656334569,1563947.6253514625],[451508.78170810227,1563994.7487719974],[451489.968797362,1564022.9999141698],[451494.12522832514,1564065.0002837803],[451503.46922128525,1564114.6254262696],[451520.62533076596,1564185.8752904874],[451530.03078359918,1564246.9998803511],[451525.24972853577,1564280.2501947538],[451519.46918773494,1564347.875146939],[451512.46912613319,1564421.8745776776],[451505.09333112295,1564451.2500432304],[451466.37483155832,1564531.9995987534],[451443.84372926201,1564570.4999811514],[451402.1874477638,1564607.8749068663],[451338.68710689095,1564613.4997493222],[451300.52985365671,1564612.6252755818],[451240.62478459376,1564595.374927629],[451170.56270870345,1564579.4998859994],[451120.96833973908,1564579.9995852795],[451103.25011215673,1564589.1254610731],[451081.81264689285,1564609.7498252925],[451069.40690612752,1564646.7500637246],[451060.84419456113,1564686.374769503],[451056.06209337228,1564720.8753782315],[451040.03144057462,1564778.3740099375],[451040.46863385622,1564829.3753305213],[451047.28135181643,1564880.3746460313],[451046.49998324557,1564936.500063665],[451078.78158543562,1564994.7503365423],[451083.96923460974,1565007.5001654199],[451075.46894186485,1565052.2499271967],[451046.43756442406,1565076.7501863912],[451040.56287232827,1565134.1249394026],[451040.93764678843,1565177.4994820335],[451039.7815037574,1565189.0000627106],[451001.87514628872,1565218.6253779035],[450987.96917438024,1565225.1246940996],[450976.62533817382,1565239.3746669432],[450976.75026299391,1565252.1244958206],[450977.03079898196,1565286.500179729],[450977.09330498055,1565294.1248654309],[450977.4066195676,1565329.8748095371],[450950.87478465331,1565349.2499255561],[450916.74999651051,1565371.2495089215],[450863.59418046079,1565398.5002064083],[450833.18749669689,1565411.6248097459],[450830.84356533852,1565434.4999129772],[450838.78156562755,1565470.1249322633],[450822.37509224418,1565486.8754937586],[450788.37522892148,1565525.4997548512],[450773.24973621208,1565539.6248028746],[450760.84390826966,1565575.4996718008],[450753.40665338631,1565596.0000701486],[450751.25006566942,1565643.1246239862],[450727.18708693353,1565652.3754245997],[450679.18710040738,1565688.5000559888],[450662.87477831898,1565712.8753903634],[450648.99957993557,1565728.248727639],[450616.0308476467,1565738.8747473985],[450600.81216259074,1565742.749509071],[450548.50118005893,1565721.6254455713],[450518.06276382157,1565728.248727639],[450499.15666073468,1565750.1253912582],[450481.53153832175,1565768.2502129513],[450448.96835401811,1565824.6245212769],[450435.12488810817,1565843.8746252989],[450401.56230524415,1565932.1250750064],[450397.87488721323,1565947.5004173557],[450355.21911997756,1566012.9995553493],[450303.53171542042,1566063.2502808874],[450269.4376136256,1566091.6253017543],[450241.74963568023,1566123.750246651],[450231.65609379986,1566132.7511976245],[450216.84391567751,1566182.6261897539],[450191.59419473982,1566203.2495078479],[450158.65719492437,1566220.1240352152],[450162.87508576061,1566266.0002126235],[450185.87511381204,1566277.249897535],[450240.46970113181,1566267.7502934067],[450306.40603240696,1566249.3745759481],[450372.53084062628,1566248.6250270277],[450417.03083994018,1566248.2502525677],[450465.18748375989,1566229.8745351089],[450472.78148311388,1566225.9987273109],[450498.06197757676,1566211.7497134157],[450576.50038034027,1566166.3752403616],[450630.93726424105,1566138.9996180548],[450733.25025597349,1566060.2499929552],[450811.65588013805,1566010.9996249259],[450854.8123056023,1566000.3746512919],[450912.21879108722,1566025.3746097668],[450953.21871601167,1566059.3754320377],[451001.87514628872,1566098.5004385361],[451078.34334602853,1566120.6250338987],[451135.49998187332,1566115.0001914431],[451214.21892062499,1566102.7500618459],[451263.68627251824,1566088.2502393622],[451319.531154164,1566076.249959405],[451372.84371468436,1566066.7503552767],[451408.43796044524,1566066.3745346912],[451437.62503623113,1566024.0003495691],[451465.46757921902,1566042.8747201825],[451525.71865429089,1566101.0000682396],[451563.1561731816,1566164.3743509897],[451601.43739228754,1566180.6253003823],[451693.28093437676,1566215.3747126253],[451746.93749583216,1566246.7500214244],[451808.12459169456,1566265.2496175775],[451912.40674032527,1566265.4994672178],[451959.59362580709,1566282.8747399906],[451972.56261797668,1566313.3746161009],[452020.99988496164,1566325.6246585213],[452068.78175432119,1566265.2496175775],[452096.43791261595,1566229.2488648831],[452153.40615869372,1566199.3746589983],[452200.49985182902,1566204.1250277138],[452198.46827610931,1566264.0003693772],[452211.96870003256,1566355.6248353515],[452244.46841938922,1566437.0000611001],[452251.53089981241,1566518.5002116689],[452229.43707797478,1566610.5004982289],[452203.40598846617,1566687.2502800822],[452202.71885836736,1566754.8752322677],[452200.43743300752,1566786.750327524],[452198.31257776415,1566836.5003076564],[452190.12472783501,1566918.2503078652],[452208.3426546976,1566965.2499368826],[452306.59345393896,1567004.9995674812],[452379.37528177327,1567039.9998754899],[452474.90624189348,1567062.0005049808],[452540.09415755101,1567100.9995405336],[452604.40646616556,1567188.2505045035],[452631.8127748202,1567267.1240954748],[452682.93701515021,1567299.7496986],[452693.71873325494,1567369.7504017944],[452711.87520024437,1567411.6248004592],[452801.37489815237,1567468.1250797303],[452856.43745227886,1567513.4994656073],[452889.87511032284,1567559.1248344271],[452933.49958977092,1567604.625278427],[452940.59380266757,1567688.624971522],[452935.84352112928,1567728.2496773007],[452926.68791793619,1567845.6246967954],[452910.09401373425,1567984.750408964],[452954.12500011595,1568078.6246550018],[453007.99967873795,1568131.7497847036],[453035.03121293243,1568170.9996288447],[453042.3753626463,1568284.3748746698],[453047.40626734978,1568425.8752917221],[453097.68767923582,1568504.3751543588],[453181.81238432816,1568530.374511394],[453206.28091104928,1568567.1248130086],[453221.09404811997,1568661.374792455],[453250.65589836601,1568696.7499621008],[453348.96911642881,1568745.4994975473],[453423.06269846222,1568784.3746544055],[453533.15598706465,1568873.7503864418],[453551.43746605125,1568929.74983313],[453549.31269798498,1568975.6250515899],[453578.46900024579,1569114.25010553],[453608.06267014239,1569302.7500644226],[453627.09369804931,1569442.7503375087],[453677.78266299446,1569569.7509320772],[453678.56298543984,1569660.3739072401],[453611.56265735469,1569704.3741200967],[453583.49990494922,1569694.3747295111],[453543.78104787582,1569661.6251605144],[453492.50015025231,1569612.3748796622],[453435.06297841942,1569584.8753786611],[453398.34336315264,1569604.3754195001],[453371.96923165733,1569640.3751260692],[453350.84307590663,1569697.9997287206],[453329.68719275633,1569750.5002343222],[453394.99994605675,1569803.3755143839],[453476.312752984,1569797.4997761624],[453508.25026706193,1569816.2501809043],[453527.8128138996,1569870.8755417492],[453531.99993121077,1569916.7497140835],[453545.06202854979,1569954.8752348442],[453575.96841159381,1570001.7498518645],[453651.40652642527,1570050.7502830767],[453711.3432407846,1570070.6250983758],[453749.4995350705,1570071.4996592933],[453811.43827210419,1570028.7496535855],[453850.68715729698,1570010.6249190697],[453924.21958017716,1569986.8752549207],[454002.99997880188,1569979.7502684989],[454072.93712987215,1569982.8754812512],[454131.8120268496,1570026.9996599795],[454177.93709494965,1570065.9997416576],[454241.96878039901,1570121.4994890657],[454318.56295108434,1570155.1245779283],[454358.28084920935,1570190.4996603972],[454400.68781293044,1570242.3744957729],[454431.71912079456,1570303.2502821221],[454435.81199963362,1570333.8750830526],[454417.40559582692,1570412.9995697895],[454410.31234187866,1570471.7494547698],[454403.0000118154,1570510.1249123479],[454346.12495808414,1570550.1254387118],[454271.31251347845,1570573.8750156837],[454195.34401301882,1570607.7500413635],[454109.18773220672,1570644.2504933381],[454066.21865038399,1570675.3749935487],[454028.68698019831,1570747.1245570467],[454015.28079474712,1570813.5002610316],[453970.31291580363,1570906.999645432],[453917.25020492339,1570943.2502477667],[453833.6559726363,1570981.0000351188],[453790.6562044656,1570961.4999942798],[453714.68761682889,1570993.1252398961],[453634.53095293266,1570990.2498767842],[453523.87545905146,1570986.4999527545],[453458.18793129089,1571030.7501024283],[453400.15577558026,1571072.2497266331],[453352.3125335247,1571117.6251586357],[453295.74983543216,1571182.1248980688],[453249.06256205338,1571214.6246174255],[453163.96923192573,1571227.1245966628],[453083.90671932447,1571231.9998901982],[453026.78085700475,1571241.6265113975],[453022.40630887501,1571186.7503419642],[452987.71835650504,1571155.2510672933],[452939.21858352155,1571139.3749795381],[452905.78092547756,1571102.7495155663],[452889.62526068272,1571020.0001167972],[452862.15644602949,1570946.2495767504],[452813.09350881889,1570876.6247813187],[452813.78168504318,1570822.9999523368],[452795.34354876302,1570762.0002001158],[452755.46899334446,1570719.1253567652],[452729.93760311604,1570711.7494745778],[452662.15590646002,1570674.3745488629],[452620.12485050166,1570668.499856767],[452578.25045183685,1570677.8745360752],[452517.24974066758,1570682.4999799705],[452494.65613237268,1570708.3753711341],[452492.59387030499,1570755.62580874],[452500.9691510527,1570825.6254658089],[452501.65619397443,1570889.4995350162],[452437.81185216655,1570865.9997205075],[452400.81274703721,1570854.9998852361],[452391.21881725983,1570907.5003908377],[452392.93716556963,1570949.4998014998],[452376.81218712276,1570989.3753158667],[452341.40641830605,1571007.6250623798],[452320.28122150368,1571053.8761014254],[452291.96870663523,1571142.2503426503],[452243.74955681694,1571151.7500339556],[452197.37463907682,1571214.8755131911],[452211.875507686,1571265.749903881],[452173.9997493882,1571291.7502198645],[452140.9379119298,1571289.6254517983],[452103.71859738283,1571259.5004373251],[452103.24958445062,1571214.8755131911],[452088.96883808199,1571185.6249724582],[452075.84327579598,1571148.7486998979],[452057.75018657639,1571120.875383385],[452018.3435979645,1571122.7503018111],[451970.12549427175,1571132.2499931164],[451931.50018705364,1571089.2501377687],[451890.56276812777,1571065.625485617],[451856.0313858742,1571048.1252880241],[451792.21877653984,1571025.999733713],[451760.03141282179,1570986.7498023945],[451740.49963950925,1570946.1246519303],[451678.53126225306,1570976.2497535807],[451646.49950970308,1570953.7503837578],[451625.87514548353,1570928.4995295175],[451587.62461272557,1570920.000370075],[451531.59334638668,1570913.0003084734],[451465.65596898599,1570931.7497542668],[451385.56277003675,1570934.0004932785],[451332.25029669353,1570942.3747279008],[451276.34395517467,1570945.6249526502],[451252.43763373233,1570971.3755061708],[451259.1561132205,1571004.4998496277],[451297.59398961993,1571030.8750272484],[451325.81235319341,1571054.7495290402],[451371.96915376693,1571089.8747618687],[451392.75130858261,1571130.4999123332],[451399.59366676531,1571175.124836467],[451335.87520872586,1571164.3758969614],[451282.50022938405,1571166.3747812591],[451215.00020201871,1571157.000014774],[451100.40648151818,1571142.9998915705],[451031.65607264976,1571136.249679609],[450975.78155078151,1571145.8753418596],[450950.90651712677,1571198.4997261558],[450955.18787290994,1571241.8753149121],[451002.71884650394,1571284.6252334428],[451033.3753799079,1571298.3735019322],[451065.34366751096,1571314.5004854531],[451098.49974344135,1571322.9996448953],[451130.49976351787,1571344.3746041607],[451110.40578492649,1571367.6245690291],[451069.90660540771,1571387.2495346884],[451038.40628461138,1571411.8746315259],[450987.81251708668,1571437.9999595066],[450955.1254540885,1571474.1246780728],[450893.34337434836,1571526.0004723968],[450880.09384619066,1571593.7503494022],[450880.65605146944,1571648.7514436557],[450867.18736001966,1571697.3750953337],[450840.87468839745,1571733.3748019028],[450793.4685524464,1571818.2501020408],[450762.24990094075,1571874.750294135],[450763.00049598655,1571943.7495065178],[450862.68788706989,1571990.9999441237],[450878.43704493111,1572038.0005320895],[450851.28154486488,1572113.6249444371],[450841.65596979123,1572164.8751557125],[450792.71900352609,1572226.7503406222],[450789.31220866035,1572267.6253407267],[450769.28169501596,1572297.249609794],[450745.59349074023,1572339.6248410416],[450721.81209411792,1572375.6245476108],[450684.93791380862,1572377.3745412168],[450651.90676269826,1572380.374916326],[450606.06223058631,1572375.8754433764],[450578.03129783145,1572368.499561189],[450532.15607937158,1572361.3745747672],[450505.31293494406,1572348.9995203498],[450444.84365552844,1572400.7504770311],[450392.87466885772,1572416.7504434807],[450360.00017504091,1572434.9991438685],[450275.12487490277,1572466.7503604302],[450284.56206020946,1572517.624663943],[450303.90648988052,1572541.7501486775],[450338.34363366204,1572552.7498967717],[450368.90688754234,1572556.2499711611],[450412.46886099182,1572586.2491018658],[450434.40602553589,1572615.3747177788],[450448.751282977,1572650.8747250675],[450468.09362039709,1572676.2505041279],[450487.53115523758,1572709.1249979448],[450495.59416752378,1572749.8761193547],[450481.9688187805,1572784.4995606521],[450450.1562295226,1572782.3747925858],[450404.40593588277,1572785.5000053379],[450347.15610769135,1572782.3747925858],[450286.43802476116,1572812.4998070591],[450281.68774322292,1572845.7501214615],[450275.78131865361,1572886.625121566],[450260.84421571123,1572917.4997721366],[450235.56267512287,1572933.1249641262],[450125.37514804845,1572975.3751833765],[450073.24941690709,1572977.2501889798],[450034.0937240608,1573000.7499163114],[450020.56261378957,1573044.2505170649],[450009.5003596968,1573081.4994718344],[449993.406154775,1573121.2501485583],[450017.81217549753,1573143.8754021497],[450049.49983993539,1573135.8748958621],[450081.1875043732,1573125.249922228],[450121.75014883897,1573112.0003940703],[450147.0624629524,1573100.1250389332],[450195.71880605235,1573132.7496831098],[450245.68699052843,1573166.6246216127],[450282.31236732315,1573143.1248942809],[450322.90578531398,1573135.0004221217],[450346.00005183747,1573152.6244984092],[450365.31370798347,1573175.2497520004],[450415.3432651555,1573215.5001280047],[450471.3745314944,1573222.5001896063],[450506.62468914309,1573188.8751007437],[450552.28074431088,1573179.3754966157],[450599.40625709679,1573183.8749695653],[450638.5629960685,1573159.1248607307],[450658.46849771577,1573119.3752301321],[450697.53108539258,1573083.1246277976],[450712.12505917117,1573021.6251762966],[450746.3123533125,1573007.1253538129],[450778.06252374896,1573004.2499907007],[450808.21831174725,1572969.3746075123],[450832.09490578994,1572942.2498809712],[450858.906317744,1572952.125305685],[450888.40670811693,1572975.9998946539],[450937.09382474195,1573008.6245388305],[450977.78139402776,1573008.1247523732],[450994.59341539629,1573036.0000739601],[450994.87508468702,1573062.7500260409],[450999.12462081958,1573103.6251133226],[451013.43709966168,1573133.9999774359],[451030.18766115716,1573155.4998615212],[451052.06240687979,1573179.5014675611],[451070.09394904919,1573201.0003055211],[451139.5621743644,1573154.1246423752],[451169.71892131108,1573121.8747726586],[451207.62536595686,1573098.4999701472],[451248.24947029573,1573091.5009546708],[451275.03124202724,1573097.6254964068],[451300.96913918928,1573144.5001134269],[451320.37494155637,1573176.1252718663],[451355.18790592346,1573221.7495945606],[451380.99983213999,1573257.1247642064],[451427.87549528579,1573241.2496353998],[451512.93709293992,1573227.3754831417],[451567.87472224637,1573251.0002224706],[451589.9061252625,1573288.9997722858],[451611.84320262948,1573319.3747235762],[451651.37480323849,1573331.6248531735],[451684.62503046385,1573349.1249635892],[451728.03139274532,1573362.6253875126],[451758.68792614929,1573377.4999844562],[451789.50007072126,1573402.624867751],[451817.8750915883,1573440.6234586181],[451856.28228163981,1573466.8747575441],[451889.34420627524,1573466.4999830842],[451936.37548058905,1573462.1243888289],[451982.06222210487,1573455.1253733526],[452020.12532404414,1573446.999942245],[452058.8745099568,1573502.6246144732],[452076.93787177681,1573526.7500992075],[452098.78079784883,1573546.8757230954],[452138.37481727928,1573565.5002440687],[452199.46872079512,1573568.6244978723],[452251.87498792459,1573593.4984854015],[452286.28135818092,1573600.7504888945],[452328.12507049774,1573588.6252841172],[452336.71846841212,1573559.2498185642],[452342.62593910692,1573518.2498064626],[452375.50043292373,1573500.0001471266],[452412.49962523021,1573510.9998952209],[452454.46826236707,1573511.7495313182],[452483.74957662506,1573515.2495185304],[452530.87508941093,1573521.0003319317],[452566.50002151978,1573521.8748056721],[452593.12504878064,1573516.4998128565],[452671.03097366507,1573547.3755095527],[452717.15604176506,1573580.0001537292],[452771.93797272636,1573589.4997578575],[452833.96876880398,1573560.6250377102],[452854.09352092043,1573541.2499216911],[452893.62503435236,1573552.2497569625],[452925.59323477827,1573568.4995730524],[452986.8437955876,1573586.8752905109],[453031.40525477461,1573592.7499826069],[453091.21913656488,1573595.750270539],[453143.46874640079,1573606.6251809902],[453174.09346015414,1573617.7498539046],[453206.03106140916,1573630.1249083218],[453231.68737645767,1573650.2495732612],[453289.12454829057,1573672.5000523922],[453336.37498589646,1573689.7504003451],[453389.84411653323,1573695.5001676208],[453423.21935575578,1573724.3748877682],[453437.74995176448,1573774.0000302575],[453477.75047812861,1573830.8749968116],[453506.43776745722,1573895.6245858849],[453524.6875139703,1573938.8752498212],[453514.81313538202,1573967.0004210481],[453507.71883530827,1574016.8754131778],[453497.90582941595,1574050.2496062748],[453502.28142367117,1574103.7495104366],[453533.21849306324,1574144.2497360809],[453539.96870502486,1574179.8746681898],[453549.12526716635,1574205.2504472502],[453557.34389062057,1574258.750351412],[453574.31265645975,1574300.7496748967],[453577.15628709836,1574328.7499213037],[453548.18732847908,1574354.6253996443],[453508.78169881558,1574356.3753932505],[453443.90622597386,1574355.9995726647],[453380.12534911296,1574337.6249885086],[453336.93710399815,1574340.7502012609],[453287.50043845281,1574356.6252428906],[453244.37469933659,1574366.1249341958],[453187.28161561582,1574378.2501389731],[453123.93793203653,1574400.7504677444],[453091.28155538632,1574439.499653657],[453049.78088505619,1574484.6252360195],[453011.96867888246,1574515.7497362301],[452969.15625435323,1574557.1254817403],[452930.28109749506,1574607.3752483299],[452909.09356904839,1574649.7503924004],[452893.18670776812,1574707.3749950519],[452863.18766424048,1574757.6246744643],[452810.40653547377,1574817.0003168476],[452765.09256334428,1574860.8746459358],[452707.1566511796,1574913.9997756374],[452679.24959711928,1574920.7499004221],[452639.84396745579,1574921.2496868793],[452605.4375971994,1574913.9997756374],[452575.00022708753,1574923.2495301256],[452528.12351781625,1574940.4997909013],[452492.49963183294,1574937.1257746345],[452454.53172731405,1574954.1251396446],[452425.50034987327,1574973.6262266091],[452384.81269341038,1574975.3752612669],[452352.84344685898,1574960.4995310204],[452333.46833083988,1574930.1246669074],[452279.81281551003,1574909.1255282275],[452240.09387125948,1574879.0004265772],[452198.93728904147,1574835.9996122811],[452160.50037159037,1574808.5001112798],[452122.31234483107,1574806.3752560364],[452086.65663919708,1574800.4996049923],[452069.84365888016,1574775.1238259319],[452036.46841965761,1574744.8748455869],[452010.84383708262,1574728.6250294971],[451981.50010400318,1574718.7495176063],[451919.00020781625,1574701.7501525963],[451889.84390555543,1574709.7496127584],[451835.28105070913,1574721.8748175355],[451792.09385171975,1574726.2503246136],[451729.74965387798,1574724.5003310074],[451669.93786433869,1574720.1248239295],[451596.0941319454,1574710.8749822641],[451529.90585877909,1574705.2501398085],[451463.78105055983,1574704.7504405284],[451433.78087372956,1574753.624987972],[451432.9689059878,1574798.3747497487],[451414.53172865603,1574858.6248658723],[451351.53117424052,1574914.2496252777],[451308.40648124972,1574923.7513216569],[451246.81287845375,1574990.8755284364],[451180.06240000867,1575054.2498111867],[451140.84420116385,1575072.6244825197],[451035.34349068068,1575077.7496256954],[450983.24957918993,1575080.9997632676],[450917.15650344413,1575085.6252071629],[450862.3438861348,1575072.2497080597],[450831.62484673224,1575053.5002622663],[450735.87472331995,1575018.8747287178],[450687.43745633506,1575009.3751245898],[450642.81261937821,1574995.8747006664],[450594.28111392126,1574978.6253988391],[450518.46822462964,1575024.1247967135],[450502.18772219191,1575048.625055908],[450430.09398340469,1575085.2504327027],[450362.74956720741,1575088.6245361466],[450325.84365442465,1575086.6246057232],[450279.93766243965,1575075.624857629],[450235.40601782937,1575073.6249272057],[450178.12550328998,1575068.0000847499],[450136.21823884908,1575074.8752215316],[450070.31364004745,1575094.8749616509],[449997.37515491951,1575172.3754257271],[449957.09409256733,1575211.1246116399],[449930.65640894795,1575235.7497084774],[449846.15597044711,1575301.8745166967],[449822.24964900478,1575327.7499950372],[449801.18800432648,1575380.2505006387],[449797.71870346216,1575412.2505207153],[449788.12486086198,1575464.7499801912],[449848.25005216541,1575498.3750690538],[449882.81203358981,1575522.2485247201],[449918.75036746281,1575551.1253371183],[449886.06225833914,1575587.2500556845],[449849.40610801929,1575608.1253156697],[449813.96851955197,1575625.2486465513],[449739.40601176349,1575668.2515530984],[449705.21871762211,1575682.7503294568],[449668.31271766219,1575680.624515265],[449625.06100760034,1575678.6246720187],[449585.31242312735,1575648.4995703683],[449540.81242381345,1575647.7500214481],[449533.59328609676,1575688.6250215524],[449535.3125933549,1575730.7503159828],[449524.31380420906,1575770.4999465814],[449523.49965703918,1575815.1248707154],[449547.93741023523,1575840.3756377785],[449577.43788778532,1575864.2502267475],[449548.59385398607,1575901.6252396395],[449485.50010722398,1575949.6252261659],[449467.96922328311,1575974.1253981832],[449491.24978732259,1576010.8747408497],[449555.34406594769,1576058.6248777357],[449589.96855337068,1576086.2503496825],[449640.09330796316,1576136.6250410923],[449658.15666978317,1576159.3752195034],[449648.31297754287,1576191.3752395799],[449584.96737606684,1576213.8745222257],[449502.53120470751,1576234.1251581106],[449438.96844501322,1576238.7495558804],[449370.46797296207,1576253.6251989498],[449302.25012914994,1576295.2497479746],[449236.78176468145,1576357.3738235757],[449233.31246381719,1576390.6251841038],[449279.18864122545,1576399.0004648515],[449327.3750124448,1576385.6249657483],[449379.40650511405,1576376.0003496229],[449444.21851300879,1576372.6252872306],[449483.62510162068,1576372.1245418249],[449520.46868275909,1576369.1252128412],[449549.71922349196,1576368.7514845065],[449589.34392927046,1576387.4998841744],[449602.34360778803,1576414.1249114354],[449617.9370673041,1576444.4998627258],[449644.81299033057,1576459.5004306152],[449671.75028605299,1576483.3749324067],[449680.93762171961,1576510.1248844878],[449634.18792951939,1576538.749842172],[449586.03128569963,1576553.3745894756],[449553.09332693584,1576565.3748694328],[449534.53122478403,1576612.7502318588],[449523.56216303777,1576660.1245481593],[449524.21851961152,1576720.1248146426],[449544.00014256418,1576787.499917188],[449199.96895706811,1576878.3747470649],[449247.34327336861,1577107.2500067817],[449515.59338922368,1577278.0000056182],[449465.81263556622,1577500.1250533734],[449562.53147119092,1577706.3750594987],[449435.40595180233,1577921.1252711921],[449633.12506601203,1578021.125017914],[449512.53164141846,1578218.3750320144],[449289.78092343768,1578153.1237385869],[449063.09389673418,1578169.2496759822],[448970.96877253137,1578393.9991910837],[448727.93769126601,1578457.8763114905],[448608.59360205004,1578661.4997580186],[448428.49961025326,1578525.1255302676],[448210.68765075487,1578448.7514818227],[448016.71846057469,1578563.6248665401],[447790.24963821494,1578694.0005235008],[447597.90656294639,1578798.8745176326],[447348.56263735524,1578807.8754686061],[447242.0942607852,1579050.0002564806],[446978.87504963356,1579094.2503189773],[446666.28167893522,1579347.8746414033],[446678.68741970055,1579570.6253593841],[446470.2501395102,1579852.3758991624],[446679.56293956639,1580176.8753985229],[446580.84321456996,1580376.0004182267],[446591.59311302408,1580602.6248517544],[446563.28155710397,1580831.7500482884],[446529.49981094786,1581190.5002195602],[446283.87494868401,1581380.1245018332],[446088.56235900847,1581241.24968543],[445741.25017523795,1581409.5000545632],[445455.68729260861,1581397.1260462713],[445237.15655771497,1581359.9998368938],[445089.81213491503,1581144.6250011004],[444880.09387405071,1581016.2502335112],[444663.87525086495,1581106.3755144679],[444663.15638829261,1581337.7504038881],[444463.49993683526,1581477.7496308486],[444475.56263561395,1581711.9998833812],[444350.09400466207,1581911.6246023651],[444152.06157586531,1582030.2498290087],[444057.90583489113,1582238.3747535602],[443819.56261634262,1582181.6247118262],[443602.53097928956,1582090.0002458519],[443389.687418496,1582026.3750673363],[443247.00025924202,1582241.9997527697],[443310.9059737458,1582480.3746166145],[443233.6247601388,1582688.875361752],[443239.09390424937,1582922.9986843904],[443461.15653318295,1583065.6254298969],[443591.68780131178,1583290.6248818156],[443563.00051198318,1583523.7487187164],[443542.00032717804,1583873.999730546],[443111.46868558059,1583960.00040019],[442894.12469288887,1583910.2503328805],[442780.62452224357,1584102.6251406227],[442607.90649981133,1584312.1252843204],[442367.93716635118,1584260.5003857617],[442121.03132341342,1584225.125216116],[441853.50007013063,1584166.2504063156],[441728.46863246034,1584349.3753723924],[441608.84392007918,1584561.8748450738],[441390.40629035502,1584565.374832286],[441210.43731055543,1584616.2502691015],[441276.09415196802,1584671.7500165096],[441300.81244115211,1584730.125214207],[441311.62484560482,1584811.5004399556],[441316.12536468008,1584905.6254945819],[441325.78162610176,1585003.6243519322],[441306.21916644118,1585129.7503855831],[441264.68780976307,1585224.3751394895],[441210.21919338882,1585297.3750844905],[441154.37535786856,1585360.2487090121],[441104.87514019915,1585411.4998792361],[441071.96891390887,1585464.0003848376],[441051.93744131608,1585522.750356995],[441036.93791955226,1585571.2500428013],[441029.65618865984,1585626.1251661093],[441018.6564405656,1585696.2497479981],[441010.1561478207,1585761.2501456598],[441010.56274193147,1585818.4999738513],[441004.62458488869,1585882.2500771871],[440966.68736671779,1585942.3752684905],[440907.03118834656,1586006.5002334635],[440857.37535950914,1586038.7501031801],[440798.62547452882,1586050.7502959603],[440721.99948419287,1586069.1249672933],[440628.87487425253,1586102.9999057963],[440561.49977170728,1586159.6251098872],[440536.21823111892,1586201.8763752633],[440541.68746240664,1586251.50038445],[440554.81206574425,1586299.7503077935],[440564.0628663578,1586340.3754582577],[440565.62551632244,1586378.624857713],[440538.2192076678,1586481.8748291845],[440509.06177210441,1586520.3752115825],[440390.12523594755,1586700.8746641874],[440372.93739399337,1586799.0004514316],[440364.59384571912,1586886.9999181964],[440387.93796188268,1586931.3749926903],[440462.53124319628,1586989.2504039302],[440580.62503808626,1587046.8750065817],[440646.00029738527,1587066.6248970609],[440690.90575750731,1587085.3753889797],[440720.5003863523,1587110.6251099175],[440805.7504609506,1587223.2497606969],[440799.53168074263,1587249.9997127778],[440755.37472341541,1587334.3753136359],[440711.21881221369,1587420.1250875143],[440655.56240751204,1587505.8747742155],[440620.12481904466,1587558.375279817],[440582.34329921892,1587642.6249097295],[440574.18718176329,1587752.2502315252],[440575.0933879771,1587880.7499239342],[440575.4067897413,1587924.1245537424],[440570.6871073739,1587981.375340882],[440532.62505156005,1588024.9998203302],[440495.99967476533,1588090.2501548091],[440497.62474355148,1588134.8739456404],[440502.87376542151,1588156.3759219768],[440515.09416761925,1588254.3747793271],[440500.0629133819,1588300.2499977869],[440457.15625038068,1588380.8746284898],[440414.65618149011,1588518.7500463326],[440426.59290932323,1588575.8749497039],[440438.62492175394,1588648.3751954248],[440445.43763971416,1588709.4997852885],[440448.53111999284,1588780.7497366834],[440456.5940451019,1588839.2497720236],[440470.21843489679,1588955.0006816806],[440461.81238062395,1589031.3747301255],[440448.68777728634,1589161.3745665005],[440461.84411309747,1589212.250003316],[440492.46891402797,1589381.2499213694],[440440.56234617869,1589458.12471522],[440402.90575117304,1589555.1251329582],[440386.75008637819,1589621.4997908175],[440374.46822430741,1589691.6253316549],[440375.12466805824,1589784.6250167752],[440347.50015505985,1589854.8745234841],[440257.21926293522,1589930.7498315971],[440120.93709422805,1590013.2504268519],[440015.5623546904,1590123.625384745],[439971.93796241947,1590283.2495773647],[439997.59323134244,1590472.6250561229],[440020.06287376571,1590571.7502419276],[439973.0315994519,1590614.2503979951],[439869.46831339353,1590618.8747957652],[439781.59377144877,1590671.8739545213],[439771.96915532346,1590759.7495425914],[439758.37353397976,1590823.4996459272],[439706.31231391086,1590876.1250763489],[439637.87539398373,1590965.8745367196],[439574.46824545751,1591045.2499192222],[439558.15592336911,1591086.1249193267],[439560.84394283965,1591283.4999454243],[439556.59431952995,1591403.2495826255],[439507.12487538572,1591464.7499930749],[439457.6871637149,1591525.0001091983],[439396.68749867112,1591581.5003012924],[439386.62464313873,1591604.5003293438],[439384.15683308576,1591618.5004525471],[439435.03122377564,1591753.1247738693],[439488.21877229883,1591858.2495765898],[439501.43761410855,1591916.7486529816],[439446.96899773425,1591992.37515758],[439351.31206666853,1592030.0000201121],[439261.34335582837,1592150.5002523593],[439228.49963553663,1592207.9998430135],[439162.90625907097,1592334.6256631219],[439096.0308558059,1592462.4996853054],[439042.81253375765,1592533.0000877799],[438955.49915096612,1592664.8748425811],[438906.28060258745,1592760.7499779908],[438853.31213017926,1592863.0015098499],[438767.03092454711,1592963.0002104465],[438716.03160903719,1592985.1247186321],[438615.90597854677,1592989.2504632473],[438567.84348602197,1593009.2502033666],[438543.84397223307,1593051.500422617],[438536.37489769916,1593082.1252235475],[438559.65659504128,1593117.5003060163],[438573.84414906334,1593132.7496774201],[438603.31280696281,1593142.6251893111],[438650.7496292619,1593156.2505380544],[438703.34324003279,1593178.7498207001],[438745.2494583482,1593312.1248066446],[438788.03110935231,1593393.2501827532],[438844.78123826347,1593458.8763378179],[438901.71966976457,1593551.3752775325],[438964.2810258246,1593712.6245389383],[438975.00023793074,1593781.2499358095],[438993.46906055888,1593861.2499424121],[439016.90636906901,1593915.8762622054],[439041.84390872234,1594005.9995380882],[439044.99980782252,1594090.000277309],[439003.6251084379,1594204.9995457947],[438927.56236950622,1594299.7502706468],[438881.06252694607,1594415.9999206355],[438870.25012249337,1594514.1246617544],[438900.50014896371,1594629.7496004659],[438909.93733427039,1594698.5000093342],[438900.25029932364,1594776.1253110534],[438889.21873157879,1594843.7502632388],[438876.81299081352,1594897.3740460952],[438866.8750601011,1594938.1242085567],[438851.28160058503,1595080.8749199349],[438846.56296434312,1595138.2495857691],[438838.53177170758,1595266.8752491237],[438836.90661574434,1595394.249572027],[438835.8754847105,1595428.6252559354],[438820.96915529325,1595489.7499329762],[438802.81260112661,1595568.3746332559],[438797.37510231242,1595591.8754938901],[438784.43792979344,1595747.2500632],[438760.81223151629,1595843.0012327379],[438736.06212268159,1595961.6255004331],[438717.53079405485,1596050.875261524],[438705.40663540311,1596143.8739005188],[438699.43770483526,1596205.1244613281],[438697.21869829693,1596253.50026844],[438695.21885505068,1596328.6250686843],[438692.90665616572,1596365.5002951191],[438685.74993727048,1596434.3744955049],[438661.2496780759,1596587.3754932343],[438640.2494932707,1596690.6253775284],[438616.84391723404,1596815.6250827252],[438593.28168390389,1596917.6246726934],[438579.96869079926,1597024.7504519627],[438557.7499441416,1597136.875403462],[438391.53115072823,1597681.9997194344],[438246.40582164371,1597955.6248281051],[438175.43745236244,1598051.7498131548],[438087.96837122581,1598161.8748342306],[438012.49957004638,1598338.2495883459],[437971.37472030189,1598487.49961592],[437948.49961707054,1598687.6250803096],[437961.15625360142,1598847.8749431551],[437979.40600011457,1599075.6237872404],[437948.53134954401,1599227.3755367692],[437902.15643180389,1599362.7503659599],[437829.75042455515,1599433.3746471289],[437692.0613042285,1599496.8749008246],[437605.21893944312,1599514.2500864204],[437467.21859678032,1599533.1244570338],[437383.87526025891,1599507.1250999987],[437276.2497817094,1599478.7500791315],[437187.78226096078,1599450.2501334446],[436993.84384430572,1599339.7502507314],[436916.62504952017,1599272.9998594634],[436889.5300503787,1599241.3746138471],[436861.40583810012,1599245.375346465],[436789.84361824376,1599253.6247434444],[436690.37530327542,1599297.7498811209],[436615.15635173605,1599330.2496004777],[436548.9066186967,1599366.3743190437],[436515.74949664081,1599380.750262833],[436401.90637118602,1599381.6247365733],[436330.06248203892,1599350.3753115425],[436194.6251468496,1599370.6238551764],[436070.87477703037,1599416.2492239962],[436020.09357868705,1599471.3752430696],[435960.21823702368,1599505.0003319322],[435859.3440165614,1599526.2503663776],[435755.53088086291,1599499.124593711],[435647.8440296175,1599464.375181468],[435507.24981877912,1599478.2503798513],[435486.84357172623,1599487.3752095194],[435445.21893552435,1599569.1262558538],[435457.62476346683,1599871.9999001834],[435456.62527772936,1599912.7499754678],[435480.15577858605,1599985.1252963685],[435491.21907880431,1600097.1252358707],[435469.03110567178,1600214.3753305455],[435458.15619522048,1600306.2496461598],[435457.74968828686,1600428.3759061412],[435453.34340768366,1600527.7500698147],[435442.25038006576,1600582.6251931225],[435415.28126469272,1600745.75041908],[435385.40609985963,1600863.1253513978],[435359.03092223883,1600932.1245637808],[435330.12542856648,1600999.8754869117],[435279.46924222034,1601074.1257262386],[435200.96833345818,1601184.2497011891],[435154.21864125796,1601267.3750077209],[435102.21888106217,1601329.0003429905],[435037.40582704189,1601384.2502407585],[435001.62528376502,1601389.6252335741],[434902.8440988955,1601349.74963203],[434824.68727824552,1601331.2500358769],[434645.34388149454,1601293.2504860617],[434598.87481245946,1601236.3754323304],[434566.71909403784,1601211.2495900872],[434490.78136710334,1601146.874775474],[434420.09362098726,1601099.1246385879],[434363.53092289472,1601060.1235107842],[434240.46864212269,1601019.1246319851],[434135.56291551725,1601020.0011979765],[433995.0004371524,1601036.4998175809],[433945.25045702007,1601057.250152746],[433843.40647821984,1601125.6256999772],[433803.99988960801,1601158.9999802513],[433775.99964320112,1601178.3750962703],[433745.74961673073,1601240.9998301002],[433715.24982779741,1601266.6254588007],[433648.96836228459,1601299.0001661603],[433586.43777974963,1601321.2496863429],[433563.40601922479,1601321.374611163],[433510.96897857025,1601319.2508020452],[433387.9374713233,1601287.2498230203],[433275.15607607324,1601257.6265129012],[433158.37508150778,1601203.8746668482],[433000.74872706039,1601161.8753433633],[432955.90673188533,1601150.7496243236],[432866.21864421037,1601129.8753232867],[432747.09363110934,1601105.3751512694],[432699.81250715547,1601114.7498305775],[432661.46878205094,1601118.8745290672],[432621.12530087732,1601196.8746052464],[432599.68783561344,1601242.8747485264],[432578.34356269607,1601297.7498718342],[432562.18789790123,1601362.8752814932],[432543.46922563302,1601430.5002336786],[432527.18758989265,1601476.5003769584],[432500.68748745177,1601528.8749116145],[432477.96904151392,1601572.3754251909],[432426.09420613816,1601647.8749998955],[432396.90617140394,1601679.9998576147],[432363.99985793646,1601729.8748497444],[432273.40661017317,1601762.5004528696],[432227.24980959971,1601747.6248098002],[432166.84408230818,1601704.8738451442],[432084.93733762868,1601700.3754183198],[432037.5619752027,1601695.7490154761],[431945.34365865332,1601674.8757605648],[431876.34348732192,1601684.37545187],[431793.43734408205,1601719.3747137531],[431601.03080386657,1601821.625199487],[431500.62455021089,1601911.4996718552],[431468.06232485565,1602009.8753087395],[431422.03149522771,1602188.499842918],[431400.84396678105,1602267.6253757805],[431375.84400830627,1602350.4996993698],[431359.71902985941,1602419.3750330582],[431339.56263244653,1602462.8745005091],[431318.28086552781,1602525.5002804645],[431279.37502232165,1602630.1254710818],[431251.68704437627,1602692.7502049117],[431232.78094128944,1602735.0004241623],[431217.71891352703,1602774.5002051205],[431178.12498127366,1602782.4997524598],[430887.62534523581,1603034.375040228],[430832.21879017429,1603075.3749651525],[430801.46906442376,1603230.1249103623],[430844.56211211812,1603329.9997322641],[430914.62514695682,1603460.6253260423],[430943.25010464108,1603656.9998202766],[430929.81209953933,1603906.5004903385],[430857.62525558268,1604127.0004693074],[430759.68785810552,1604342.375305101],[430564.81246171152,1604530.7503391735],[430428.90611359,1604620.3749619015],[430244.50007966207,1604629.4997915693],[430150.53176950652,1604531.999674551],[430050.21862102032,1604434.875290941],[429975.31202511967,1604336.4995668796],[429893.46883256425,1604225.7499217035],[429795.90620954719,1604185.875366285],[429667.49970948469,1604166.750099906],[429597.2502027757,1604163.7498119739],[429501.84408029844,1604168.5000935122],[429379.28158598376,1604270.2498338402],[429252.18779906869,1604410.4999565664],[429156.71925776993,1604676.8751539954],[429093.87536064797,1604920.0003865557],[429095.31203966704,1605120.2497296399],[429200.24949874595,1605312.8754331474],[429227.03013717488,1605471.0004407496],[429280.18699935009,1605647.1254324017],[429305.71838957851,1605779.8747481206],[429301.62551073945,1605958.7500908878],[429256.62476601987,1606082.1247272983],[429122.87500561523,1606216.3751459315],[428960.40613623138,1606415.8749400955],[428893.53073296632,1606483.0001930005],[428752.18706038478,1606591.9999317476],[428648.40670328529,1606686.499760834],[428511.56241647643,1606757.1250009516],[428404.68753297278,1606787.874726702],[428283.87494508713,1606793.8753897434],[428162.75008873991,1606793.4995691578],[428042.84379424516,1606818.5004865809],[427876.06288273016,1606928.8754444739],[427798.62492465245,1607041.1252336162],[427732.46943008516,1607254.9999254437],[427652.37518501037,1607443.9996707933],[427576.7814590109,1607594.4999926935],[427438.75138894859,1607639.6246161077],[427307.46839247138,1607824.7504715563],[427202.84328903112,1608034.1247314855],[427138.43778807,1608152.250258849],[427062.25012431829,1608289.9997929232],[426972.68696146336,1608415.6250811687],[426884.59325622651,1608439.1248956774],[426785.00010361522,1608488.7499509896],[426540.46887838386,1608704.9993477005],[426515.15665144753,1608840.2502981967],[426485.31313191075,1609013.99953884],[426433.00005712791,1609118.7495671003],[426404.31268062221,1609183.8749767593],[426411.09366610891,1609324.0001746654],[426430.87424293614,1609469.7501278501],[426488.21822242247,1609600.8754209082],[426544.34372723341,1609706.6249349061],[426520.74967425258,1609746.1247158644],[426428.43711923115,1609814.5002630956],[426287.71902969823,1609936.2497435431],[426197.5620162682,1610049.2502149083],[426144.65604985855,1610141.1245305226],[426147.43717449857,1610198.3753176623],[426150.6248932493,1610396.1240720944],[426152.68724249414,1610702.2498590702],[426209.09328329319,1610814.3748105695],[426264.2817211881,1610901.0001043137],[426346.78031136887,1611024.4995783675],[426482.9057356054,1611202.8762679799],[426506.71886470116,1611431.3747481625],[426504.65651545639,1611520.7504801988],[426476.87543234159,1611605.1260810569],[426273.78141249338,1611755.5004320114],[426154.59389339382,1611927.3747542284],[426006.00030957052,1612017.6249600051],[425882.81205785298,1612106.624958633],[425809.56226321188,1612174.1249859983],[425816.34420764697,1612314.1251719072],[425821.59427564254,1612422.3753617341],[425825.40661849355,1612632.7499791719],[425774.31210556318,1612762.8747403673],[425677.81234605348,1612876.1250613723],[425535.56238008104,1612966.125504686],[425363.34405692894,1613095.875491421],[425287.65609245736,1613112.3751571509],[425204.96911250963,1613116.4998556406],[425109.59376355744,1613121.2502243561],[424965.78114762041,1613179.3745262877],[424854.40574504138,1613248.6245472592],[424713.68669656012,1613370.4999986521],[424647.12460788211,1613443.9996429333],[424588.12478608458,1613542.6252166347],[424504.34416910436,1613655.2497802372],[424324.53080047277,1613759.7500460343],[424242.78080026392,1613782.9999237258],[424166.46821169218,1613786.7498477555],[423944.0001219504,1613931.750339197],[423946.46897812886,1613982.6246427097],[424059.21855372837,1614072.8749356635],[424154.00101105374,1614451.0002229544],[424131.03166935034,1614503.1249079702],[424081.1874507459,1614658.7503730459],[424007.15637471108,1614841.124744077],[424002.03123153554,1614866.8752975976],[423896.06264142279,1614916.7502025501],[423839.15585521806,1614926.0000442152],[423751.65608773346,1614962.2496004242],[423649.90634740534,1614967.2498187798],[423474.31287468382,1615027.000235623],[423392.56278729788,1615050.1251884946],[423371.43767767266,1615140.5004062683],[423451.25034063385,1615340.7497493525],[423455.87473840371,1615436.2500231247],[423439.87468477688,1615500.8746873778],[423333.62547149893,1615544.3752009543],[423233.71891712351,1615587.6248187651],[423150.71862258867,1615585.3751258787],[423062.3125617131,1615602.5005490114],[422869.78109667753,1615707.7493176037],[422774.4057477254,1615712.3746743219],[422703.53170409333,1615696.7505284578],[422609.24894604809,1615592.9998115806],[422555.90665812814,1615544.5001257744],[422430.46871352423,1615455.0005150435],[422331.68752865476,1615389.7501805646],[422279.28126152529,1615360.3747150116],[422234.74961691507,1615362.6254540235],[422031.96891165391,1615519.3752424794],[421906.03126776987,1615551.1254129158],[421827.06239220098,1615631.6251187988],[421681.99948193796,1615664.3746877955],[421587.84374096378,1615694.4997022687],[421462.53176730545,1615738.9997015826],[421225.18698836892,1615839.9998929906],[421061.37463231251,1615880.0004193545],[420938.49969518202,1615975.4996470013],[420949.46884410537,1616070.6251463133],[420984.96885139419,1616145.5000969176],[421062.00030253828,1616288.3746869904],[421165.71919976466,1616455.4996866176],[421194.84376955201,1616530.7503706303],[421198.24960546935,1616600.749940522],[421182.87530924537,1616677.9995088328],[421154.75005084131,1616755.9996721894],[421078.25011862803,1616887.3747277104],[420976.62530311994,1617026.3745561107],[420981.24970088981,1617121.8748298828],[421011.59387865505,1617222.5002468305],[421133.15601546102,1617363.2500688368],[421182.59363995469,1617462.8750410988],[421226.31235787482,1617575.6246166984],[421287.24951692001,1617649.125307105],[421333.28139267344,1617678.875547118],[421507.87546683458,1617861.6246926093],[421546.46904157917,1618000.1248217293],[421583.81223482068,1618113.1252930944],[421590.27981854323,1618246.750128679],[421591.31199570262,1618399.8750051027],[421574.09346740041,1618438.9999244239],[421471.21835756634,1618552.6250198891],[421413.96852937498,1618555.3744992327],[421301.34387859551,1618599.2497872694],[421188.43764570251,1618636.7497249816],[421101.25014667946,1618679.3747186922],[421069.43755742157,1618680.8749498352],[421022.71863874648,1618702.2499091006],[420876.3122418109,1618773.3748484983],[420871.90596120764,1618945.874840941],[420934.3750838695,1619051.2495804788],[421025.68719420512,1619225.4995665275],[421027.84369474486,1619269.9994786645],[421049.68766694237,1619326.3748331154],[421063.12462591869,1619472.4996479375],[421045.59374197782,1619505.2512220081],[420966.93722204765,1619592.1253192669],[420964.06281788397,1619796.3754821462],[421105.31242634763,1619948.9996131642],[421119.9995924728,1620120.5001198696],[421042.56268052058,1620232.8749210089],[420924.62449679861,1620430.1249351092],[420877.74987977836,1620515.3750097076],[420827.00050108565,1620651.8752084041],[420824.74967489665,1620869.0001249809],[420731.31279649481,1621045.8745783763],[420672.34470717073,1621144.5001520778],[420743.34376279998,1621294.1249541121],[420795.8442684015,1621457.3751048897],[420875.65579806006,1621657.6254940995],[420881.21918064269,1621772.2499881252],[420826.12498121982,1621819.6243916026],[420748.40639997693,1621925.624714189],[420661.53125659254,1621974.500220581],[420591.5623730488,1621978.0002949703],[420492.59384453774,1622040.3751791602],[420421.40631196438,1622018.374549669],[420243.34398306446,1622027.1246048769],[420226.71834638907,1622079.0004863781],[420179.84372936876,1622164.249514851],[420083.96868113644,1622290.2496647337],[420082.53095599182,1622392.3752256474],[419986.75005905441,1622652.3749855747],[419951.06270812411,1622705.2501784593],[419845.71865493443,1622767.8739533408],[419582.31210014131,1622857.3746101973],[419524.78173596185,1622853.8746229848],[419448.78141585167,1622863.9998973387],[419397.90606621339,1622866.4995270423],[419300.34344319633,1622826.6249716238],[419228.24970440916,1622785.6249595222],[419060.12530622166,1622736.4996034901],[418958.374519768,1622741.4998218454],[418915.81299100438,1622915.8747327146],[418968.84292328567,1622957.8751023249],[419041.5622451214,1623011.7497809469],[419134.62539518869,1623090.1247187634],[419146.21916821226,1623198.0000469531],[419062.40681875858,1623310.6246977325],[418986.90628510568,1623199.500190919],[418909.37513468141,1623177.8753820136],[418825.46854675567,1623156.5004227483],[418780.34392334154,1623145.8753619371],[418670.37451343366,1623112.9998219949],[418624.93762155797,1623096.1253818048],[418566.46923151414,1623073.5000410364],[418521.93854585226,1623075.7498210999],[418451.68703406944,1623072.8754169361],[418448.40612297208,1623136.7505322692],[418446.37454725237,1623226.2501429999],[418420.12534057716,1623342.3747809918],[418368.12453425582,1623453.3743629851],[418296.43738957937,1623552.6245607869],[418285.56247912813,1623591.4997176451],[418133.65616455686,1623745.7499635746],[417975.59357577626,1623772.7497652958],[417899.59334284317,1623782.8750396497],[417780.90665632638,1623833.3746558793],[417619.59384279646,1623924.3765028273],[417563.28204046946,1623946.2501152472],[417368.90634335566,1624013.2504433324],[417261.09352116473,1624024.9998275239],[417153.31243144721,1624036.7502578411],[417039.43748634181,1624055.1249291743],[416969.50033527153,1624058.4999915664],[416918.93725409481,1624067.3749715944],[416884.06282985467,1624005.3748618648],[416890.59396570129,1623877.3748687359],[416888.4373779844,1623832.8749565992],[416866.28113732534,1623770.125210772],[416699.09363169956,1623740.125121119],[416597.34389137139,1623745.1252522974],[416343.28132953838,1623763.9996229107],[416211.15759686823,1623668.5014413896],[416029.7191594505,1623607.2498344546],[415944.56227719883,1623560.3752174343],[415837.8748245138,1623463.6246493361],[415781.28144007322,1623479.1259626311],[415712.56285085541,1623508.124561473],[415609.68765384424,1623621.6247321181],[415562.4986761114,1623700.5004153405],[415583.84399515425,1623878.1254637816],[415549.37511889928,1623956.5004015982],[415454.71863251942,1624107.8751972388],[415380.87490012607,1624162.6254829038],[415309.37509909115,1624134.2503748594],[415159.7185645834,1624071.374745264],[415082.49968262069,1624056.1253738601],[415037.96899695881,1624058.2501419263],[414955.90672828839,1624075.1246692936],[414844.21905724786,1624138.0002988891],[414727.59358667332,1624099.1251420309],[414586.15663456812,1624074.2501083761],[414456.49879405415,1624029.6252714193],[414351.96888803435,1623977.3746154578],[414292.56255930319,1623935.6251416132],[414214.71914041741,1623907.4999703863],[414131.43717659189,1623898.8747528212],[414054.81231955858,1623896.2502854748],[413889.46904601104,1623904.499595277],[413803.53088236554,1623972.500368048],[413744.24947845447,1624064.7505042481],[413683.12488859065,1624118.8750325101],[413585.68719039363,1624213.0000871362],[413482.81199338246,1624326.6262287272],[413407.0933425629,1624343.1249355085],[413304.74966448254,1624335.3752378095],[413202.99992415437,1624340.3754561648],[412970.15671041864,1624403.0001899947],[412728.18753371225,1624408.5001076304],[412651.25032104028,1624399.6251276026],[412580.68749974424,1624390.2503611173],[412481.28169077449,1624312.2502849379],[412440.68722665816,1624263.249853726],[412446.90705299162,1624128.875469221],[412463.43740506948,1623942.999977675],[412511.21831548068,1623876.8751694558],[412511.09339066065,1623742.8745132855],[412463.09340413444,1623541.0001014152],[412354.56267831952,1623406.0000466846],[412326.34326862055,1623349.9995538709],[412313.21866528294,1623210.2501765504],[412307.34397318709,1623089.2502450231],[412303.96891079488,1623019.2495418289],[412260.15604157979,1622772.6252810047],[412238.31206938229,1622716.2500137307],[412109.28085804236,1622684.3749184741],[412040.25000036304,1622706.8753344226],[411988.25024016725,1622817.8748292387],[411942.90654063813,1622934.9999990936],[411926.71914336982,1623127.2497948385],[411720.5623295909,1623214.0000134027],[411446.28086434648,1623342.3747809918],[411325.46827646083,1623348.3754440332],[411260.62453609257,1623326.1249649019],[411157.96850237349,1623311.9999168785],[411006.75036402658,1623217.3741168466],[410915.5621323855,1623177.249711788],[410817.40661774174,1623124.6253274919],[410724.9998242482,1623059.0002185528],[410705.28166624246,1623047.2497882356],[410605.90654362069,1622969.2497120562],[410586.81205076684,1622970.1252319221],[410383.3124829334,1622980.2495473276],[410231.31306319271,1623000.5000960354],[410159.18759193207,1622959.375246291],[410126.15644082171,1622935.4996983737],[410074.06244215387,1622912.4995831451],[410014.65611342271,1622870.7501093005],[409948.62449754996,1622822.9999724142],[409909.21895506361,1622799.3752330856],[409847.78096343559,1622847.1253699716],[409810.25033937546,1622861.749158327],[409735.46866829484,1622897.3751365612],[409553.2192220838,1622950.9999655432],[409394.84323153901,1622971.6253758883],[409248.56280554895,1622978.87528713],[409117.18775002781,1623029.99952746],[409029.06231231749,1623053.5003009171],[408896.43792141875,1623079.2498083122],[408760.12506636354,1623028.5004296196],[408700.12479988014,1622973.9999935946],[408648.7189774366,1622918.2503965464],[408708.40488320746,1622750.2498770533],[408731.90670279006,1622576.8754108702],[408662.12516288779,1622452.6253417709],[408558.8435461201,1622425.87538969],[408418.31280022871,1622419.9996514686],[408308.37520997145,1622387.2500824719],[408303.7497660761,1622291.7498086996],[408367.21828729834,1622154.6248987257],[408374.62485583371,1622134.9999330665],[408262.65664880507,1622112.2497546552],[408144.40610944445,1622090.0003216495],[408107.59330183105,1622068.2495417986],[408044.15651308233,1622028.4999112],[407973.09399250615,1621986.1246799524],[407865.12547197001,1621943.624611062],[407791.43848404736,1621917.7491327212],[407713.90628749761,1621891.8747005062],[407661.81237600686,1621878.9999468087],[407580.37464425957,1621873.500029173],[407556.12528083054,1621888.624562934],[407524.21845310059,1621911.3747413454],[407505.09327389876,1621918.8745022272],[407473.1249862957,1621950.4997478437],[407429.4370419007,1622038.1254862738],[407369.2186582507,1622128.2497211047],[407372.75046511361,1622191.8760329233],[407314.99997869367,1622293.3748774859],[407252.21850039309,1622384.7505399454],[407179.4059862108,1622445.375430529],[407081.1254595698,1622509.8750827853],[407032.6872336365,1622523.6253563485],[406901.12474729674,1622629.8745696265],[406835.71775552421,1622735.1254304696],[406827.62510301557,1622833.1252467681],[406848.56278182217,1622987.248562804],[406822.40572136798,1623137.2502315494],[406801.31234421622,1623296.2498000688],[406733.37512356933,1623404.1251282585],[406641.31241818797,1623496.5001021014],[406525.28088536568,1623545.6255453106],[406393.99998113944,1623588.2494928958],[406213.218946421,1623605.1250663884],[406154.62467260868,1623613.7491506506],[405972.46833156707,1623656.1242947211],[405822.24959178054,1623661.7501833024],[405706.34402990376,1623685.3749226311],[405573.93775617168,1623697.3751154111],[405446.21838620794,1623795.9996429873],[405348.99976412597,1623905.0003406827],[405214.78107796621,1624036.7502578411],[405077.93775010575,1624177.2502302073],[404974.50043499289,1624259.498883571],[404810.03172236279,1624322.3746003434],[404674.65584704652,1624428.4998477497],[404580.12533161225,1624503.1248615368],[404472.0001537826,1624495.0004765547],[404409.59344994219,1624504.8749423202],[404309.18719628657,1624476.3749094559],[404257.3134070363,1624408.6250324505],[404179.78121048654,1624391.7495461351],[404130.03123035422,1624416.8753883783],[404075.00040870119,1624480.2497583055],[404024.84392163524,1624598.3753728461],[404020.15605891845,1624781.6252637431],[404008.09327296261,1624916.5003936535],[404014.1247095291,1624986.4999635452],[404026.65642123995,1625025.9997445038],[404015.90643560875,1625150.7496000605],[404028.21898402751,1625241.1247306571],[404030.43703161745,1625309.8751395256],[404008.28174990678,1625420.4998598816],[403994.06246341119,1625471.2503718769],[403950.56395490869,1625518.1249888972],[403844.65473241801,1625581.2504681328],[403807.687272585,1625591.2498587181],[403721.15621731279,1625590.8750842582],[403612.96853348456,1625598.0000706799],[403520.06204071082,1625601.2502082521],[403418.24988156121,1625596.9996259939],[403282.03126497811,1625612.8746676235],[403134.37352759106,1625619.7508505308],[403038.87525889277,1625633.2502283286],[402921.68767021655,1625656.8748804801],[402840.03086235427,1625701.000105334],[402750.50047809829,1625794.7503855],[402692.81241049984,1625886.1250018342],[402631.18707523035,1626005.3738936298],[402588.40638317459,1626171.8752281051],[402524.24968572805,1626283.6254051442],[402434.84222121828,1626354.3745239561],[402383.68729454029,1626410.1252543069],[402313.56375877687,1626440.3751936003],[402217.96828758426,1626470.5002952504],[402164.56253471732,1626465.1253024349],[402075.56262326665,1626445.5003367758],[402002.9691851993,1626456.6250968671],[401921.43834828254,1626474.0002824629],[401833.56276021228,1626487.6245850807],[401736.81219211413,1626494.7495715024],[401652.87483066326,1626485.4998170144],[401567.68726206361,1626469.7497002047],[401488.81262496678,1626461.7501528657],[401362.93748708133,1626440.7499680603],[401249.81209089619,1626412.1250975532],[401177.31289130088,1626402.8753430652],[401095.90593307873,1626390.999987928],[401020.81295248494,1626393.2496808143],[400950.81224929058,1626399.2503438557],[400850.0937271734,1626434.3745305589],[400776.21922125493,1626447.9998793022],[400694.78157668479,1626447.625104842],[400583.90587338601,1626486.5002617002],[400424.40660558629,1626576.1247972511],[400319.87469449261,1626616.2502484352],[400240.87513257581,1626637.5002828806],[400087.78094250005,1626718.250884529],[399976.78144768381,1626777.4995970184],[399823.84295595321,1626827.6253977362],[399720.53161178593,1626878.0000019688],[399659.4377082701,1626881.5000763582],[399599.59409908019,1626885.0000635707],[399524.5625783595,1626879.6251579321],[399457.18747581425,1626863.9998787653],[399384.71896256693,1626848.374686776],[399257.43783201033,1626847.7500626757],[399038.68784664752,1626819.8747410888],[398973.81237380579,1626813.2505000727],[398891.15608020598,1626800.1248506096],[398793.25041520229,1626786.8753224518],[398672.34367602167,1626786.2496522262],[398542.37452599453,1626823.8754737068],[398449.53149816778,1626808.1253568972],[398382.09397680109,1626807.7495363115],[398322.28105395916,1626806.1255136509],[398235.81250468554,1626791.7495698619],[398158.12469696777,1626809.1247554575],[398067.46894320589,1626873.6255410162],[397944.8746292406,1626965.8746310908],[397856.81265647721,1627016.3752062689],[397753.65596452955,1627036.250021568],[397669.53021331166,1627061.2499800429],[397563.6250881459,1627121.8748706265],[397495.96840348706,1627169.8748571528],[397399.12455586519,1627196.124063828],[397327.74976682744,1627219.9996117451],[397196.40635660267,1627275.2495966903],[397126.31254823884,1627299.1261907332],[397043.43717852409,1627334.3753022563],[396957.90656793775,1627389.8751368416],[396888.68723331427,1627495.2497892021],[396832.34369851381,1627575.1248709846],[396779.90665785928,1627630.8745552101],[396726.28078275186,1627665.0003894784],[396645.78107686894,1627738.3751089394],[396574.28031688568,1627790.124932318],[396521.90578222973,1627833.2497124858],[396473.12547325814,1627921.9997742965],[396446.2188638837,1627962.6249247608],[396406.65666410379,1627989.1250272016],[396373.31211122929,1628039.8754520197],[396334.75035613525,1628122.3750883262],[396312.99957628432,1628146.4995269352],[396305.34307093173,1628156.6248012891],[396251.62504960329,1628214.8750741661],[396213.21890567732,1628260.500355809],[396173.50004860392,1628320.1248017068],[396119.8127136234,1628373.3748562285],[396032.75022659753,1628481.125259598],[395970.09367311705,1628547.0002181772],[395916.34391931508,1628615.3747192828],[395852.43707150861,1628671.1244035081],[395822.93772726116,1628723.1251226524],[395804.65729440004,1628823.6246558316],[395691.21858362789,1628862.4997255127],[395628.46883780084,1628947.3750256507],[395541.62542688992,1629008.1248410544],[395481.50023558649,1629076.5003882856],[395417.62520743062,1629134.7496150373],[395297.68718046241,1629196.4998751269],[395210.96869437158,1629235.4999568053],[395120.62529624836,1629235.125182345],[394995.46893375803,1629331.1251553975],[394870.31257126771,1629428.500434773],[394787.46893402643,1629454.8745662682],[394701.99969613604,1629501.5002925969],[394612.62501022522,1629560.8748888546],[394506.59391411394,1629650.7504073482],[394439.96836048894,1629744.6245662086],[394425.40603200672,1629869.2504558936],[394408.49985934322,1629944.2502441409],[394410.781284703,1630005.3749211819],[394397.34336677834,1630156.7497168223],[394424.81218143157,1630271.3752569736],[394525.93729765952,1630414.4997838633],[394591.49990060006,1630550.9999825601],[394645.46881769411,1630706.4994766901],[394695.7502295801,1630845.5003512159],[394758.90648234077,1630948.8751603302],[394809.468517392,1631019.1246670391],[394886.49996853608,1631145.499591382],[394917.93778333382,1631225.7504065731],[394914.96922787518,1631317.3748725473],[394901.78107241343,1631419.1246128755],[394905.15622198285,1631515.8752681508],[394920.2192086936,1631560.4991461593],[394931.46889360505,1631606.3753235675],[394937.56274899293,1631658.6249334035],[394930.84322337928,1631745.2502271477],[394934.3750302422,1631802.3750433419],[394930.21859927906,1631869.8750707072],[394931.18731149146,1631937.2502604297],[394929.49973670678,1632027.6253910263],[394925.09345610352,1632151.12486508],[394898.9067554269,1632311.2498031054],[394832.25051545392,1632419.1251312948],[394796.28149523289,1632486.37530902],[394774.46925550885,1632529.625014008],[394747.56160000892,1632565.1239751715],[394686.24957932648,1632618.2511971241],[394617.34364646714,1632652.2500143214],[394554.71882546018,1632714.250124051],[394495.96885330271,1632758.5002737248],[394432.18701749342,1632793.8753561936],[394340.2809694056,1632850.6254851047],[394291.78119642212,1632883.4999789216],[394231.84343593731,1632909.9990352369],[394157.96901719598,1632924.8746783063],[394094.28133268165,1632936.000397346],[393959.28127795103,1632955.7502878252],[393900.7504690857,1632958.0000678885],[393820.56207271601,1632962.6254246067],[393730.2176284673,1632959.6251366746],[393625.87506608904,1632952.7499998931],[393529.28115528438,1632926.8745215524],[393432.68724447972,1632902.1254588433],[393310.53116992151,1632900.2494942916],[393254.49999075977,1632908.8746246793],[393133.53074558056,1632922.3760947282],[393070.87523822556,1632989.5003015078],[393029.96850564767,1633024.8754711538],[393018.28162745462,1633079.6246235161],[393022.59366958583,1633242.4999998335],[393034.96872400318,1633324.0001504023],[393054.96846412244,1633397.8745691436],[393053.28088933777,1633488.2497869174],[393030.09343046771,1633548.0002037606],[393017.15617077157,1633592.5001158975],[393024.18595977291,1633724.8746571562],[392997.06227935734,1633809.9987608087],[392921.53097217937,1633907.6248487728],[392830.84348594397,1633975.8754711838],[392768.37540940766,1634004.8752033282],[392684.28147784038,1634022.250388924],[392642.31284070353,1634019.499950632],[392548.2184724253,1634001.2502041189],[392473.25041665154,1633975.3747257781],[392404.6874386018,1633946.9997049111],[392347.62504122907,1633903.5002374602],[392309.6551316363,1633856.2497998544],[392275.53138961899,1633807.6251020508],[392233.84328847023,1633738.7498555395],[392176.87512956955,1633673.4995210606],[392128.6559797512,1633645.2504711391],[391988.65675279062,1633644.6248009133],[391912.09326845326,1633690.000320093],[391866.09417129878,1633729.2502514112],[391817.50024702033,1633784.9998484596],[391793.1567322964,1633816.7500188961],[391759.71898707532,1633891.6248823232],[391741.6566713808,1633948.8747105144],[391730.96919174813,1634054.3753338205],[391743.15585639846,1634168.9998278462],[391756.65628032171,1634281.1247793455],[391765.12475341605,1634375.2498339717],[391777.15667866956,1634524.2500119058],[391792.99902887736,1634677.0001138693],[391802.8437672432,1634744.5001412346],[391816.09329540085,1634906.2501480463],[391829.49948085204,1635037.3754411044],[391844.37512392132,1635120.2497646937],[391854.21890333877,1635192.748964289],[391846.25012952468,1635262.7495803062],[391841.00006152905,1635297.1252642146],[391852.2497464405,1635343.0015288],[391887.4999040892,1635428.3754820928],[391888.49930264958,1635483.1246344552],[391867.93735725153,1635525.0000792455],[391849.71943038894,1635616.5006665252],[391833.96826745389,1635718.2504068534],[391818.40749935963,1635776.7505293707],[391782.0627457301,1635930.6249547147],[391736.90638984251,1636063.9999406592],[391668.78269732534,1636212.5004193131],[391648.06208955985,1636286.2499132343],[391561.12548630242,1636374.8750502248],[391536.46761086589,1636476.624790553],[391514.37474797666,1636573.2505210082],[391501.21841216559,1636667.3745295089],[391499.65576220094,1636730.9997080248],[391508.1877874193,1636812.4998585936],[391535.74970724201,1636905.4995437136],[391572.12532157375,1637020.250008685],[391593.18792520039,1637146.2512046932],[391587.53135027119,1637265.8748709487],[391561.46852828906,1637394.3745633578],[391545.75014395296,1637496.0004249914],[391495.62530218333,1637597.6252404996],[391436.9378360245,1637630.3748094963],[391374.46871336264,1637656.8749119372],[391282.84328844002,1637657.6244608576],[391204.00038381672,1637640.751066793],[391151.90638514882,1637625.1247415007],[391032.46910358628,1637583.8749669362],[390913.18743319181,1637509.4998027892],[390819.24980938423,1637463.1248850492],[390722.87497469457,1637387.6253975218],[390640.68874015246,1637276.4998445828],[390577.46902244486,1637185.749939526],[390500.2502276593,1637095.1248721122],[390401.34411796974,1637020.7497079652],[390343.03142627102,1636973.3753916647],[390256.75022063887,1636918.2504187168],[390159.09335914976,1636847.7501034192],[390074.06244784361,1636796.3749673236],[389990.21836591646,1636761.6255550806],[389936.78088057606,1636763.875247967],[389887.06158679165,1636782.7496185803],[389844.90656496165,1636814.3748641969],[389809.09428921132,1636853.6247083379],[389775.68731751532,1636924.7497349128],[389772.6879885316,1637021.5003030109],[389767.31299571594,1637083.7503495577],[389789.71917319228,1637188.2494820524],[389813.24967404897,1637328.3746799587],[389876.31168833753,1637453.3754312808],[389898.7813307608,1637543.8754866975],[389904.78094767669,1637624.1242968149],[389913.12650102482,1637742.4997609956],[389927.84348172665,1637862.1255195022],[389924.93734508951,1637939.7497750961],[389917.03099009686,1638002.1247464628],[389926.81226351566,1638084.8751913577],[389941.65617411147,1638174.0000276284],[389959.09491183126,1638256.8753973432],[389986.68760517903,1638347.3744938115],[389994.15667971299,1638383.0004720457],[389992.40659892972,1638481.0003755216],[389980.65625578968,1638545.874889415],[389965.0934826216,1638613.2499919601],[389931.50012623251,1638719.9999506439],[389931.21854411892,1638781.1245405076],[389921.90628363227,1638866.2496902859],[389908.74994782114,1638957.8751152086],[389884.34392709861,1639006.1249513747],[389862.46926855313,1639063.249854746],[389817.40610501211,1639176.2503261112],[389781.31207279389,1639272.8738771384],[389769.46853730734,1639355.5004433384],[389694.96844834031,1639503.999963044],[389713.62470178708,1639598.3748673103],[389714.53090800089,1639677.2504633556],[389687.15633181971,1639818.3750598219],[389674.12492082868,1639885.7501623672],[389663.437441196,1639988.7502841984],[389651.65632453095,1640061.2504427421],[389632.21870251326,1640136.2503181666],[389625.75015984237,1640161.6250511014],[389608.93709234829,1640216.3752495893],[389564.18724339432,1640261.8746474634],[389505.74962687556,1640242.4995314444],[389453.62494185969,1640232.1253663988],[389393.84383866837,1640224.1248601112],[389278.0621554862,1640217.2497233297],[389243.68751770328,1640220.8746353618],[389219.46892779943,1640228.3754423694],[389185.00005154446,1640254.8745858618],[389179.40493648837,1640365.6252771635],[388263.21877259651,1640369.0003395556],[387536.50136698666,1640300.4998675045],[387313.84384135238,1640263.0000169694],[387109.75042294385,1640300.4998675045],[386961.34409558488,1640506.2501743496],[386794.34402077773,1640524.9996201431],[386608.81366346939,1640655.9999012041],[386534.59419766755,1640880.6245786627],[386534.59419766755,1641011.6248597237],[386571.687541269,1641161.2497489352],[386664.46910922264,1641292.2500299963],[386664.46910922264,1641479.3747697426],[386590.24859729531,1641591.7495708819],[386423.28130108718,1641722.749851943],[386330.49973313353,1641760.1248648351],[386126.40622754785,1641778.8753567541],[385848.12507581094,1641816.250282469],[385848.12507581094,1641984.7494551167],[385922.31385526474,1642115.7498233549],[386033.65639206761,1642284.125117308],[386107.87489892112,1642415.125398369],[386107.87489892112,1642564.8752124005],[386107.87489892112,1642845.500382673],[386052.18772069435,1643051.3744810356],[385977.99998736603,1643126.2503905883],[385792.43789758417,1643294.624725593],[385625.468509125,1643407.0004856808],[385514.15665867011,1643556.6253748923],[385439.93710569118,1643706.3751017465],[385347.15658386302,1643893.4998414931],[385310.06219413609,1643987.125196839],[385198.71861120773,1644080.6245812394],[385068.8436124755,1644043.2495683474],[384883.31220904161,1644043.2495683474],[384679.21879063308,1644099.3750731584],[384623.56238593144,1644230.3753542192],[384623.56238593144,1644398.749602047],[384679.21879063308,1644529.7499702852],[384660.68746200635,1644660.750251346],[384530.81255045126,1644660.750251346],[384252.49957906373,1644585.8753879189],[384122.6245803315,1644642.1246842474],[383844.31265506952,1644941.5003464385],[383770.09414821601,1645072.4996685511],[383677.3433537875,1645390.6236432332],[383584.56283195928,1645727.5002020851],[383584.56283195928,1646045.6253100696],[383658.78125163564,1646213.9995578972],[383677.3433537875,1646382.4997766705],[383454.6878332271,1646588.3750083358],[383287.71853194508,1646625.7499340507],[383053.18765624752,1646586.0003034524],[382909.49996513047,1646567.8754817592],[382676.00039482105,1646567.8754817592],[382550.25009457849,1646567.8754817592],[382388.59328011348,1646513.6249825517],[382298.78131374397,1646513.6249825517],[382137.12545822735,1646567.8754817592],[382011.40593150986,1646676.6253708662],[381885.65667739284,1646803.4999944891],[381777.87454154983,1646821.6247290052],[381580.31217181077,1646803.4999944891],[381400.68719294621,1646803.4999944891],[381221.06221408164,1646694.7501053822],[380843.87495265517,1646622.2499468385],[380664.2499737906,1646549.7507472432],[380574.43800742109,1646513.6249825517],[380358.87469468347,1646332.3749349008],[379963.71822273196,1646368.6245782871],[379855.93713301443,1646477.376472468],[380035.562111879,1646730.998702643],[379837.99974213995,1646803.4999944891],[379640.40659887582,1646803.4999944891],[379550.59367355792,1646749.1245704615],[379460.78170718841,1646658.4995030477],[379227.2810035763,1646495.5002480356],[379227.2810035763,1646314.250200385],[379263.18751779874,1645933.8751330306],[379263.18751779874,1645716.3754419936],[379191.34371582879,1645571.4999625492],[378957.84405834222,1645480.8748951354],[378670.46867610817,1645498.9997168286],[378490.84378442069,1645535.2503191631],[378257.34412693413,1645607.7495187584],[378095.68722529203,1645680.1248396591],[377916.06233360455,1645788.8746415889],[377664.59346559294,1645988.1235399873],[377610.68705449742,1646169.3746337635],[377556.81237587542,1646368.6245782871],[377467.00040950591,1646622.2499468385],[377323.3137645144,1646785.3751727962],[377179.59224867285,1646839.6246258782],[376928.12451396382,1646839.6246258782],[376712.59397982521,1646839.6246258782],[376568.9063758853,1646821.6247290052],[376407.2494742432,1646803.4999944891],[376227.62458255573,1646749.1245704615],[376012.06231594365,1646730.998702643],[375886.34374817461,1646730.998702643],[375670.8122550876,1646730.998702643],[375473.21919900057,1646730.998702643],[375311.56229735847,1646767.250351103],[375060.09351652395,1646821.6247290052],[374916.4058254069,1646930.2496932922],[374682.87548157235,1647129.4995506387],[374593.0624690773,1647238.2503986941],[374485.31206570781,1647437.5003432177],[374431.40670073783,1647582.4997885339],[374359.56281159073,1647691.2495904637],[374215.87616659922,1647854.2498916013],[374018.28101826122,1648053.4998361249],[373928.46905189165,1648089.7504384597],[373802.74952517421,1648144.1248163618],[373677.00027105713,1648180.3755058735],[373497.40606571769,1648234.7498837756],[373174.09444186155,1648289.0003829834],[372958.53112912399,1648361.4995825787],[372778.90623743652,1648470.250430634],[372707.06234828947,1648578.8753077439],[372653.18871579296,1648669.5013341061],[372617.2503819199,1648760.1264015201],[372581.34386769752,1648959.3752999182],[372545.40657994995,1649176.7499789579],[372419.68696605536,1649339.8752920926],[372347.81247773743,1649448.5001692025],[372114.31282025087,1649539.1251494393],[371970.62408300833,1649539.1251494393],[371791.00015026925,1649521.0004149233],[371647.31245915225,1649448.5001692025],[371485.65669081273,1649358.0000266086],[371341.93726722221,1649358.0000266086],[371000.68720636616,1649358.0000266086],[370856.96882890112,1649339.8752920926],[370695.31297338451,1649303.6246025809],[370605.49996088952,1649267.3750463719],[370479.78148029756,1649466.6249908956],[370336.09378918051,1649720.37519709],[370264.21921368543,1649829.0001613768],[370174.43802084099,1649955.8747849998],[370030.71859725052,1650100.7502644442],[369799.21878301015,1650200.125387066],[369576.56230350141,1650069.1250188278],[369465.25036586937,1649956.8752296858],[369316.81239321409,1649825.8748614476],[369186.93739448185,1649732.2495061015],[369019.96809319983,1649657.3746426743],[368797.31257263944,1649545.1247663551],[368537.56274952926,1649470.249902928],[368407.68775079708,1649414.1255314196],[368147.93784050975,1649376.749472402],[367962.40652425302,1649376.749472402],[367739.74995756714,1649376.749472402],[367517.12521053187,1649376.749472402],[367387.25029897672,1649301.8746089747],[367220.25022416963,1649245.7502374665],[367090.3752254374,1649208.2502997543],[366979.06232885702,1649170.8752868623],[366867.75047840213,1649077.2500186933],[366645.09399889334,1648890.1252789467],[366311.12453562708,1648871.3747870279],[366107.03111721855,1648927.5002046619],[365884.40637018322,1648965.0001423738],[365513.31287696754,1648983.7505471157],[365272.12498165492,1649039.8750058012],[365123.68700899964,1649058.4995267745],[364956.71866666601,1649245.7502374665],[364752.62524825742,1649320.5001760735],[364641.31235167704,1649432.8749772129],[364492.87533797009,1649601.250271166],[364325.90603668807,1649825.8748614476],[364270.21885846136,1649938.1247377668],[364066.12544005283,1650181.3748951473],[363862.06270799221,1650293.6247714665],[363769.28114003857,1650368.4996348936],[363602.31279770489,1650555.6254207657],[363398.21833317087,1650649.2497299861],[363045.68790105538,1650799.0005029659],[362767.37492966786,1650873.7504415731],[362563.28151125927,1650911.2503792853],[362322.09361594671,1651098.3751190319],[361913.90677912958,1651098.3751190319],[361765.50053894776,1651098.3751190319],[361617.06247911532,1651098.3751190319],[361301.65616412635,1651135.7500447468],[361134.65608931927,1651154.49949054],[360726.49993885012,1651210.6249953511],[360540.93784906832,1651285.4998587782],[360392.53152170934,1651397.7497350976],[360299.74995375564,1651472.6245985248],[360077.09347424691,1651678.4997430129],[359947.21847551467,1651846.8750369661]]]},"properties":{"FID":1,"ZONE_":"NW"}},{"type":"Feature","id":2,"geometry":{"type":"Polygon","coordinates":[[[318316.53121382085,1596925.1244601724],[318160.96929267078,1597251.1251483848],[318105.50020352204,1597429.1250413703],[318049.49969121953,1597532.125056681],[317993.06296315265,1597634.1246438068],[317835.53076261171,1597743.9998967869],[317606.84498391184,1597746.1247202884],[317448.21920206398,1597766.1254619691],[317188.71917653049,1597832.0003632181],[316903.06208619877,1597861.1249751807],[316680.21919682942,1597818.1252096551],[316317.74981197441,1597751.1248859561],[316145.81198284042,1597696.1258289721],[315967.56328647822,1597678.1249165277],[315801.65686520655,1597603.1251178631],[315680.21869455324,1597534.1239377938],[315558.78147202329,1597466.1251611668],[315315.49957094149,1597277.124508661],[315015.65594752744,1597114.1251916885],[314532.28084230644,1597055.1253700883],[314119.21872485906,1597046.1254669379],[313870.65601358964,1596978.1247150537],[313590.99959612073,1596930.1247048504],[313361.15663283732,1596837.2499361299],[313076.18772205786,1596903.2498316444],[312708.00028411712,1596900.1256070915],[312536.56219501386,1596914.1246487757],[312382.31302969169,1596750.1249036184],[312265.93744282844,1596541.2504789543],[312162.25027509913,1596319.1253979928],[311958.15581444802,1596258.2496352778],[311729.34298721538,1596247.2498238811],[311481.09363072255,1596166.2503794872],[311252.93722090899,1596239.2503489156],[310587.81342187396,1596410.1251737217],[310164.0310314059,1596561.2501935014],[310031.46908222407,1596657.2502139083],[309799.25043779513,1596952.1253547776],[309419.93732507911,1597107.9996035704],[309212.65614274243,1597327.1243481005],[309024.15515125718,1597526.1254109519],[308265.71831347002,1597272.1252911168],[307641.62510671356,1597106.125716723],[307373.87474857073,1597006.2498469551],[307137.65636665915,1596888.2502827649],[307021.9689593481,1596771.1251253604],[306906.28147302684,1596654.2498774768],[306757.5629484026,1596363.1246435798],[306537.84428358614,1595989.2499665632],[306281.43774760596,1595762.2496351893],[305980.81287052797,1595568.3746803943],[305682.93739322718,1595337.7493573031],[305604.03101020178,1595276.8746217217],[305489.59386158595,1595221.0000518081],[305410.78173782653,1595200.8754220058],[305300.21838430455,1595179.5004544982],[305104.43778052909,1595122.6253773894],[305024.31290094176,1595070.6246815799],[304964.49998453417,1595021.1255302944],[304865.18737906317,1594923.2495687727],[304768.50028524798,1594871.2498210866],[304652.78111580375,1594814.2508558561],[304493.84403344669,1594752.2497497012],[304347.65676121227,1594699.1245795647],[304229.40626036795,1594659.8747210116],[304139.15597616968,1594636.0001052266],[304013.3125082585,1594600.6250689011],[303890.03110674705,1594565.2499535652],[303785.78075373085,1594540.0001638301],[303619.28246644011,1594499.6248038164],[303371.43756357854,1594435.2500707831],[303288.81208759052,1594412.62476557],[303212.53121622093,1594385.9997228743],[303118.56286619371,1594402.7503766236],[303057.65534134558,1594437.3748942846],[303020.90600018279,1594479.5001740141],[302981.62540663016,1594521.6254537436],[302953.7500262289,1594550.8739538279],[302916.99973694276,1594586.624921073],[302870.12507017941,1594640.2497522298],[302740.59419242851,1594663.4996337185],[302628.84402546746,1594675.2500427901],[302552.71991049644,1594719.9998860518],[302514.84419875999,1594828.3748918059],[302511.18752391974,1594884.3754041083],[302437.68781446054,1594972.4998376714],[302359.12346694403,1595052.8735996454],[302249.87500252755,1595051.8762528615],[302152.00006813958,1595027.8746675542],[301987.93782584951,1594949.3748714377],[301800.96876471309,1594847.8749453323],[301677.62486606895,1594794.7498542063],[301546.68697322428,1594750.4997509753],[301395.43711719988,1594710.1254180952],[301336.93695662013,1594689.8748459041],[301148.75034704513,1594611.3749707774],[301015.18796967837,1594533.9994909673],[300932.49999655772,1594471.7495024253],[300784.90578823985,1594369.0003447586],[300635.96903721796,1594243.2500299693],[300481.96867527242,1594116.2504836186],[300368.71834009566,1594024.8748559803],[300226.15605957858,1593904.2497011242],[300069.59363123338,1593763.2500859555],[300013.59414606454,1593725.1254918322],[299866.0623558691,1593636.3754548598],[299773.280819281,1593621.2499635916],[299622.12506450189,1593633.1252879181],[299547.25018109242,1593653.6247424961],[299436.78108683636,1593686.9999495854],[299304.78137481801,1593728.1248011298],[299252.71912999917,1593742.2498642132],[299134.56280941045,1593734.8750445338],[299109.15634228691,1593727.3752305887],[299064.62464641244,1593698.1246762373],[299020.06221553852,1593661.3753350745],[298958.93867658061,1593591.3747539541],[298873.5933506607,1593493.6247348213],[298744.93798583961,1593342.3747997866],[298641.74953100743,1593206.2513831537],[298581.81272647833,1593114.7498131266],[298529.4689680264,1592998.9999086829],[298473.28104333609,1592867.9995977159],[298437.46868510218,1592764.87466715],[298377.50019745016,1592645.2499404787],[298308.56246263714,1592490.1251832165],[298260.09344740247,1592412.4998728961],[298187.46830274968,1592314.6249385083],[298113.56216440222,1592216.74992511],[298073.93842919683,1592102.2503583718],[297980.34379780135,1591729.2501671512],[297949.46918711258,1591558.7500881106],[297890.00043949141,1591104.2497643421],[297836.15643381345,1590896.750434618],[297796.43749121879,1590744.000410378],[297723.74992844363,1590627.0001682288],[297633.31231086783,1590517.7496495449],[297491.93779191322,1590355.0001630827],[297347.9685753127,1590173.2504421349],[297272.81202024949,1590085.6247214691],[297196.31205336918,1589964.7497361025],[297096.93797789916,1589827.4998698859],[297020.46874601836,1589716.8751253751],[296909.62482698663,1589580.8736216067],[296870.12505891302,1589522.3745671711],[296835.59480051772,1589430.7500571457],[296831.59403590136,1589337.7503731702],[296856.78235563758,1589254.9999029168],[296918.5940741477,1589061.2499423875],[296920.90623102686,1588952.9997728784],[296907.9997435158,1588872.7499780359],[296901.5311717657,1588819.2500621341],[296842.9061749411,1588732.8746001634],[296771.56202398305,1588651.5004100043],[296678.62475813,1588553.6254756162],[296573.03091428644,1588482.6254144344],[296411.52979027259,1588409.1247568517],[296349.18759673217,1588367.2503347662],[296274.09361781197,1588307.4999154913],[296226.87494028272,1588208.374643398],[296189.65659408871,1588054.3753085861],[296125.78152207599,1587887.6250575073],[295865.21857122483,1587270.6251567972],[295805.28081857238,1587166.249888526],[295715.96854443662,1586999.6245527025],[295673.90670996328,1586933.4997419331],[295622.90636332845,1586853.4987504671],[295556.56245704828,1586727.4996323013],[295518.24950241373,1586641.0002822091],[295472.25042759039,1586520.1252968428],[295450.2190426637,1586335.5001547188],[295421.53167359898,1586006.9998972395],[295370.34399358655,1585840.2497251711],[295278.5311230502,1585699.1251157371],[295253.06215879397,1585658.4989770898],[295208.24989740975,1585510.8749818958],[295196.50051547197,1585375.8759605796],[295263.21924652776,1585108.2515448257],[295360.68767301721,1584960.2497224654],[295402.46886297048,1584893.9999964407],[295487.34415672545,1584786.7503341269],[295715.34388915071,1584507.3755093014],[295796.43751380011,1584406.5002384819],[295883.59320230107,1584196.1245394582],[295915.12525754253,1584090.3750453601],[295936.24936740624,1583893.0000931132],[295914.49957512296,1583820.3739213268],[295855.87457829842,1583741.6252428235],[295770.5313856561,1583641.1247177694],[295725.96895478212,1583590.3753077888],[295685.18708686985,1583533.1254849145],[295647.9063225534,1583344.750435818],[295632.28109125438,1583171.6248451215],[295636.87474902347,1582965.2499107141],[295634.00043399108,1582818.7503108368],[295605.65604855859,1582637.9999909403],[295565.90644997469,1582483.9996289948],[295556.46827679267,1582239.5001794745],[295551.06255134987,1582104.5001310247],[295584.93749847001,1581921.0003323406],[295616.4377915783,1581797.374841053],[295631.40660545824,1581685.3748435818],[295664.18789226119,1581575.7495001224],[295675.34335391264,1581458.5004545965],[295698.99982231017,1581244.4998428659],[295691.06284447754,1581100.6247275106],[295665.28155257838,1580945.2501397382],[295651.09407137264,1580852.3754500281],[295607.65595680504,1580736.6245184508],[295551.49979424797,1580624.6245209794],[295500.50047474675,1580544.4995623818],[295426.65580639831,1580465.7498567447],[295321.03122755524,1580392.1253110408],[295256.12491334783,1580338.750310394],[295173.43796736078,1580285.5003040128],[295064.09421654476,1580239.874947821],[294986.53132434684,1580212.1245616851],[294864.43776340812,1580152.5000847992],[294817.3747361335,1580120.8748764356],[294790.53162506066,1580050.8762705724],[294755.87534526631,1579894.2503969711],[294763.21848182287,1579768.1253364165],[294803.56200069311,1579639.4996794611],[294800.78083878272,1579538.8752662858],[294790.49986292748,1579473.8747718227],[294768.53097513341,1579322.3750062778],[294751.84384565044,1579244.7496959574],[294692.99967430485,1579060.2504962222],[294653.34322884289,1578948.2504987509],[294612.50099707552,1578863.0004592305],[294567.87512094545,1578781.6252419376],[294505.43772001576,1578705.3751055677],[294398.46862321161,1578593.4989962177],[294313.21858369122,1578532.6252877701],[294250.90609801665,1578498.3744887407],[294178.4059476293,1578464.1247958553],[294105.96916348778,1578440.1253438254],[293984.99991885544,1578440.5000895909],[293910.21826757817,1578397.3753298],[293833.96915834176,1578384.7504349323],[293620.53173189791,1578371.2500271348],[293527.81261343218,1578371.499857645],[293418.56209474837,1578378.1251857937],[293347.43609117769,1578378.375016304],[293240.74961415061,1578387.4999137197],[293140.40576648491,1578394.1251628583],[293031.18795805768,1578407.1248825016],[292920.71886380162,1578422.625119535],[292812.75036594621,1578430.4996792453],[292699.72023242415,1578439.749491916],[292612.09348462458,1578454.0004973882],[292467.31212134007,1578474.7497824763],[292321.1566112389,1578439.3747461508],[292223.18749659532,1578373.3748506363],[292146.81244497013,1578308.6252928276],[292066.59330611688,1578231.1248187521],[291999.12500452006,1578166.3752609433],[291902.34373044921,1578060.8736220982],[291818.31321462453,1577971.8757298728],[291749.56289219932,1577916.1260752142],[291669.43793360167,1577862.7500474339],[291594.37571681465,1577818.3750289476],[291509.15633328352,1577776.4995797286],[291425.24978459056,1577741.1254915262],[291390.93759457237,1577733.4997351926],[291324.87528093561,1577728.6244847802],[291276.59367808874,1577731.2500754462],[291262.62529239373,1577735.1248186636],[291194.06238235632,1577744.2497160791],[291041.6563688821,1577766.2503660065],[290938.81295194943,1577785.6254252675],[290844.84357478854,1577807.5001328059],[290745.81248295069,1577828.1255297726],[290688.6876543418,1577843.4999034277],[290560.46850528516,1577884.4998397171],[290479.24893824698,1577920.375643207],[290429.78154909465,1577944.7499200124],[290347.31267148472,1577998.3747511695],[290271.21921250294,1578049.5000130595],[290013.7190952159,1578215.7494969736],[289949.0309283958,1578257.8747767031],[289893.24959061434,1578301.3753884032],[289744.71832035738,1578344.9998092146],[289673.59334392031,1578356.6253030309],[289544.03275830357,1578357.0000487964],[289423.34415819123,1578355.9996206115],[289298.84418110747,1578346.1251526547],[289146.37361623324,1578337.4999952698],[289062.53161894029,1578330.1251755904],[288958.31294904702,1578318.8745065497],[288857.9374182584,1578300.0001354427],[288748.56293244287,1578245.4997913558],[288648.03175139963,1578173.2504196023],[288507.96904014953,1578029.6252137674],[288436.65665132465,1577950.8744809967],[288323.24971776991,1577807.2513294294],[288251.87483181234,1577692.7497084239],[288166.40664490458,1577544.0003697898],[288118.0001268026,1577486.7495987921],[288002.12530710374,1577367.374702631],[287920.68759267824,1577303.8754825278],[287836.75038799603,1577260.749695603],[287682.90662442852,1577197.3743636212],[287593.90667793574,1577172.1245738859],[287442.65579477767,1577136.8754009388],[287315.56198916101,1577102.7495961748],[287216.40606107836,1577068.6257666678],[287096.84375252947,1577009.1252569135],[287007.81212291378,1576964.7502384274],[286897.18737840309,1576916.6252339585],[286811.99975700513,1576878.624606967],[286686.06210883841,1576807.6245457849],[286566.49987929984,1576734.000000081],[286501.59364410263,1576690.8752402901],[286389.59364663134,1576596.8751281295],[286253.43744073174,1576488.999783396],[286206.37544059078,1576462.3747407002],[286080.53094554599,1576432.1247852976],[285980.15644189104,1576424.6250503629],[285892.49998622562,1576419.7497209401],[285766.71901544719,1576416.2497234882],[285682.87488487666,1576408.873876675],[285599.03083331638,1576412.8746412913],[285489.84375988867,1576432.2497005526],[285407.31238514598,1576449.0002752917],[285276.56293182285,1576487.4996151803],[285182.59355466196,1576514.5005097855],[285097.59334565181,1576551.6245967136],[284989.719028052,1576605.3753702594],[284923.78265680408,1576657.749863711],[284798.25048940215,1576762.4999567578],[284743.75014531543,1576809.7503964202],[284700.65612052399,1576851.874649016],[284657.62459286524,1576916.8751434791],[284627.28140533017,1576988.3748656814],[284600.71885976708,1577041.8747815832],[284564.06275073654,1577122.2495706913],[284531.21896680089,1577193.6254837825],[284502.18750796007,1577279.0004385579],[284449.06241683388,1577377.2501977214],[284422.53163340397,1577435.8751945461],[284409.90673853637,1577471.5001403922],[284401.03167163092,1577489.3751104479],[284370.68753597245,1577544.2502003],[284351.65648747713,1577554.5004411559],[284189.84398394375,1577451.8751716104],[284149.15637529735,1577453.875079857],[283995.37510886253,1577455.7499938379],[283865.50014133548,1577474.3745344349],[283658.56202164129,1577555.7497517276],[283541.12461560429,1577596.2499479861],[283464.53149560204,1577624.5000741528],[283363.59372764995,1577665.250179932],[283339.2184237109,1577682.750325212],[283236.62491629878,1577755.249527476],[283141.24955117778,1577857.126253614],[283106.2502877512,1577911.3747129231],[283074.03108009114,1577945.3745752985],[283036.71863265184,1577981.8750340743],[283005.65660957526,1578023.4996256495],[282953.84427427698,1578099.1251067338],[282920.21915766707,1578144.6245205365],[282878.75021634647,1578207.7500220083],[282823.93754461675,1578317.750111233],[282797.53167644195,1578395.1245639096],[282781.18760960147,1578477.6252036525],[282744.03278767382,1578599.3737266918],[282699.46830253251,1578704.4995926379],[282685.03091180627,1578741.2498819239],[282654.62530614878,1578829.9999979066],[282593.90622082213,1579006.249813156],[282558.43787335407,1579093.6246761777],[282538.34397855139,1579174.8749782154],[282506.499595667,1579278.8744735878],[282466.8441773387,1579395.4998909612],[282405.96841462376,1579483.8751821683],[282345.18785929802,1579565.8750547469],[282133.53116657963,1579718.375327487],[282036.6248982434,1579742.6246100271],[281951.12502821279,1579769.4994832331],[281840.40602443623,1579782.1254052343],[281790.68777764001,1579795.3749553878],[281600.99997271562,1579917.7501089701],[281560.87452222244,1579975.7495023853],[281509.7502874661,1580096.1248267314],[281494.93712384085,1580160.8754116739],[281460.5317016904,1580266.1251657412],[281350.53263959923,1580515.4998656742],[281211.09347749111,1580685.6251989496],[281146.81189757987,1580742.1254512828],[281025.06242641725,1580820.7502416647],[280706.99982218159,1580947.7497880154],[280514.50012034731,1580994.876260546],[280369.09418078716,1581034.9986296382],[280283.78164413408,1581049.1247198554],[280048.09373725276,1581093.2499078312],[279888.15614770044,1581078.3752742067],[279757.40669437725,1581068.9995191472],[279645.62484429334,1581063.7495229694],[279561.87497298868,1581055.000477463],[279414.3442099269,1581063.2497829385],[279288.40656176012,1581073.1242508953],[279132.24961417977,1581060.8751289267],[279028.28085380705,1581044.2504965765],[278930.71927419567,1581021.375360853],[278850.99979636294,1580994.7503181573],[278781.40675027476,1580972.2500072096],[278637.00021176587,1580936.0004060776],[278555.68741259549,1580934.8749836273],[278432.46850821673,1580930.7503308894],[278333.31250112376,1580931.9996414613],[278204.68787130219,1580954.499952409],[278037.59360945778,1581000.7509910201],[277895.62422209344,1581071.4991674244],[277785.625080992,1581127.3746854616],[277729.09417266952,1581173.7496121943],[277654.62477002491,1581233.8747772344],[277598.21877695754,1581271.3747160719],[277554.50009688025,1581310.2498288597],[277515.71916434809,1581360.6244930751],[277474.09354563919,1581435.2495459742],[277422.0006448311,1581532.6247403314],[277286.99956924765,1581653.1249799326],[277187.31111186737,1581696.3756821123],[276989.406711724,1581768.8748843763],[276872.28163332999,1581785.2496862162],[276731.99974755885,1581821.625229737],[276675.93776525737,1581833.6254693186],[276581.78097570862,1581843.8746830409],[276439.06201780326,1581872.4995549729],[276335.78135797253,1581900.4998506291],[276166.06261160597,1581953.0002864695],[276038.56229809084,1581987.0001488447],[275949.49993347563,1581994.7497932999],[275855.34417106054,1582002.5004648885],[275725.6872719106,1582005.8745199516],[275531.1559787069,1582012.2500175901],[275427.81290075375,1582045.2503999039],[275327.99850098469,1582098.7503158057],[275211.31264074577,1582178.6253648829],[275115.12425982766,1582244.8751699177],[274872.12489951268,1582267.2495384766],[274736.09368787846,1582270.4997054182],[274530.56258327805,1582342.9999348158],[274424.09417462803,1582419.2500711859],[274242.21851129149,1582530.2495614621],[274129.84368904453,1582570.749836731],[274039.5309867239,1582577.2501706143],[273892.65664108121,1582535.8754885595],[273762.25025040051,1582597.8745404473],[273722.43712755025,1582629.1250030452],[273619.34388010728,1582738.6254312496],[273572.74985786394,1582804.1245595994],[273525.87519110058,1582891.3754554896],[273495.71941595332,1582963.6248272434],[273407.59395525669,1583093.6247100255],[273266.53081582166,1583192.3751573432],[273243.28093433293,1583319.3736765604],[273230.90586997557,1583393.1252707972],[273212.43697963346,1583443.8746807778],[273090.34341869474,1583550.4996878058],[272933.7492282163,1583571.3749942931],[272834.74997752195,1583561.1247534372],[272695.25045155874,1583538.8753001334],[272589.00019029609,1583501.8751013267],[272483.71867409546,1583485.2503899662],[272391.06205276243,1583478.8749713381],[272165.28124508413,1583444.124511288],[272038.34419586608,1583434.8747776274],[271968.46845099056,1583431.3747011654],[271850.43712466722,1583420.9995450545],[271670.06257766974,1583414.750068815],[271510.062569995,1583404.99956799],[271381.81379208277,1583397.0000930247],[271211.25018877565,1583418.9997158183],[271123.06230995659,1583455.9998356146],[270865.62461079197,1583610.4999375909],[270771.96850939741,1583679.3752542816],[270653.87468594138,1583772.1260558702],[270500.03100138408,1583874.5004677717],[270378.28145121119,1583953.1252581535],[270224.62517904176,1584044.1250338824],[270094.21878836106,1584103.4996802583],[269906.03107264213,1584209.2491743567],[269799.3129124922,1584207.8749485298],[269630.84339768719,1584166.2503569545],[269380.99969272304,1584127.2503289117],[269247.656410867,1584119.1248325473],[269129.50016928848,1584117.6246643316],[269060.78152998618,1584125.6252454408],[268976.78080103762,1584133.499805151],[268882.59327648941,1584146.2496152737],[268762.93781481858,1584161.2501912869],[268657.31228785211,1584172.6247484491],[268565.56286257185,1584191.7499771998],[268507.00028386968,1584201.2496993912],[268472.56215146271,1584210.8742578274],[268357.87517233659,1584233.6255054295],[268266.24868705438,1584243.8747191515],[268230.96885811811,1584220.4998433974],[268208.59338341525,1584182.0005035086],[268170.18727565871,1584105.1247637293],[268082.65573524847,1583995.7502779136],[268041.1254029391,1583964.6247305709],[267998.31297079107,1583933.5002893719],[267877.78096905682,1583821.1254671249],[267817.50015376188,1583765.6236677195],[267669.8752104445,1583585.3750631108],[267597.1558065259,1583412.5003300584],[267482.96856743057,1583300.2505020767],[267352.28161124012,1583283.2500178171],[267194.90608808747,1583072.3746577729],[267076.53169912164,1582988.1250464376],[266890.81289668044,1582904.1253446226],[266765.99964383035,1582925.5003121304],[266674.781720714,1583001.8753637555],[266618.93788579985,1583092.8751394844],[266567.09378836834,1583172.3754427962],[266495.00006686925,1583244.1250745193],[266396.59363031737,1583189.2499056568],[266327.09373735113,1583059.7497629053],[266296.43727404973,1582972.7497246591],[266264.12491326773,1582917.6247252864],[266114.99980173464,1582854.5002509484],[266012.06220454635,1582951.249762886],[265916.2188615278,1583091.3749712687],[265874.1559999208,1583197.7501477865],[265834.75049111305,1583297.8748209313],[265805.37494249607,1583407.0004243599],[265791.12496415764,1583623.2498267239],[265756.03152047552,1583782.000523827],[265684.18762948667,1583834.4999325336],[265523.87426703534,1583848.9998203926],[265413.93762306659,1583801.7504078636],[265194.96860780148,1583732.625260663],[265049.25026158808,1583700.1245393697],[264927.49976329179,1583681.9997388036],[264827.34332801396,1583664.1247687479],[264669.90641387255,1583653.2499516166],[264504.68706600921,1583653.6246973819],[264300.03147433855,1583658.6248630495],[264109.0626757195,1583684.1255894389],[263965.250057497,1583701.3748770752],[263885.00018364424,1583714.2496024531],[263762.74994531722,1583734.3752593889],[263687.56273426476,1583749.874548299],[263579.28088163276,1583771.3754581956],[263271.06201035425,1583823.3752058817],[263162.75044985639,1583847.4996521769],[262981.96836782672,1583870.6246184104],[262881.4064517839,1583884.4998509835],[262733.78150846658,1583900.4998280478],[262434.06287931791,1583885.1255334031],[262309.59355822334,1583880.8748592662],[262107.43753581968,1583888.5006155998],[262001.89078210393,1583893.4997541339],[261812.18764918495,1583920.2497120847],[261645.39030797858,1583944.8748465341],[261486.06204571755,1583982.2498701164],[261368.65640181376,1584020.1245547191],[261246.04674571598,1584067.0001696059],[261144.01531744673,1584094.8745228734],[260960.50019076813,1584135.7494648974],[260831.76597368607,1584164.6252734836],[260667.67204827303,1584177.8748236371],[260468.390419912,1584158.6246006207],[260370.68749090697,1584147.2500434588],[260306.09358335275,1584131.1251511392],[260079.57758500465,1584056.8748440053],[259974.40668319818,1584033.7498777716],[259834.75047984667,1584022.9998968851],[259731.82821065301,1584021.74963819],[259669.50142411745,1584026.0002333166],[259494.187485653,1584022.3753206094],[259369.65582544633,1584020.7502371387],[259311.06251174468,1584031.500139015],[259024.74908300414,1584060.8746604982],[258854.9995226278,1584117.2499185661],[258706.81242115723,1584177.7499083821],[258600.90624967072,1584210.750369706],[258478.43786395632,1584247.2498013482],[258380.15642166982,1584280.3751779273],[258260.34325547706,1584306.8752263577],[258070.84389007417,1584318.3747777853],[257865.01578582541,1584315.7502932632],[257791.18747260526,1584324.8751116686],[257640.24986521353,1584302.6246312312],[257480.20276741101,1584296.6249855021],[257379.90600987311,1584289.0003353122],[257297.39106926901,1584282.8747471943],[257268.12518692284,1584284.9995706959],[257241.38952983287,1584289.7499058533],[257223.54734904395,1584293.3748185604],[257203.09403647055,1584301.9999759453],[257175.04665068636,1584309.2498803695],[257121.62455991184,1584313.6254697617],[257096.20276479371,1584313.2486697289],[257035.18770695239,1584314.9996955886],[257007.31240556142,1584308.3753945734],[256988.24959493292,1584308.1245369297],[256961.49963698199,1584312.8748720868],[256690.93730291899,1584175.6250848805],[256495.46902678648,1584186.7498115322],[256347.04639566661,1584197.6247076739],[256053.70318514615,1584124.00016197],[255949.57877451874,1584085.1249701718],[255806.73482234799,1584027.1246286333],[255633.79656502904,1583897.6244068716],[255433.39054135134,1583656.8748643235],[255294.10916277545,1583504.624501104],[255140.84501863335,1583352.7499107835],[255002.40636372042,1583271.7495182662],[254593.57848627138,1583162.1252019405],[254376.10956021165,1583159.8754631837],[254124.17073961176,1583195.6253242849],[253969.39109925932,1583206.7500509368],[253890.40586397296,1583201.500054759],[253684.0309295656,1583187.4999069308],[253516.6878643446,1583160.7499489798],[253344.2503741901,1583091.0002255035],[253156.57780550685,1583021.6252477923],[252934.09330677459,1582978.8752337669],[252772.45280862413,1582801.8748208426],[252589.4845121041,1582848.1248323203],[252438.89099448849,1582743.375766407],[252235.53172450719,1582617.2496787186],[252050.09356658603,1582537.6254872854],[251843.20356415331,1582420.5003298812],[251599.70351568417,1582227.0001998621],[251314.64034563882,1582046.1259128337],[251162.96857471095,1581990.8749710722],[250997.79837124274,1581951.5001182538],[250780.17174066103,1581944.1252985743],[250631.78087167436,1581956.2504534111],[250394.10941167484,1581958.5001921679],[250201.26562006443,1582015.3751902664],[250066.64039639031,1582062.7495970607],[249867.99969943319,1582095.500148864],[249666.81242209155,1582170.3750322736],[249491.18718311781,1582207.6250615905],[249204.70269711773,1582278.7500380275],[248981.96836787526,1582313.625492343],[248784.79718314458,1582352.7504356408],[248585.9220626821,1582419.8746474616],[248368.79714738822,1582472.3751623121],[248089.26564517446,1582563.6248475616],[247868.87523494428,1582677.374843759],[247637.07850541882,1582749.3753331257],[247495.78086346819,1582828.7496940487],[247305.89031816137,1582899.4999247205],[247153.76589733054,1582914.3745583447],[246951.99994868686,1582926.874458947],[246730.42177689425,1582957.8750910347],[246532.49991547861,1582971.6253293424],[246302.53100980641,1583019.3755090355],[246061.06263171692,1583108.2504612631],[245868.64075500995,1583178.9996648009],[245747.90601289325,1583223.3746832872],[245463.73478991626,1583286.8750095344],[245333.90588538337,1583281.999759122],[245266.6577854412,1583286.5001847588],[245081.28101850883,1583294.7495692447],[244790.99953540851,1583280.7504485501],[244593.78126055005,1583318.6251331531],[244320.31277031123,1583314.2496227713],[244160.26567250869,1583319.2497884389],[243871.04711472601,1583298.750333861],[243785.31274217978,1583279.7500203652],[243652.65661274234,1583222.7501070115],[243589.92229117459,1583164.8746017178],[243533.46912896913,1583062.2503593061],[243519.71889066149,1582941.750119705],[243571.92137873007,1582687.0004293288],[243571.32848557734,1582581.3737962183],[243565.67190249066,1582433.8747952897],[243564.82815169403,1582362.6249035976],[243561.92199551821,1582264.7499692095],[243527.68763062733,1582048.1247939465],[243492.59418694518,1581942.3752998484],[243488.46842806344,1581889.0013263354],[243471.07787004387,1581816.9998098346],[243436.39085525001,1581762.1246409724],[243360.82787129853,1581700.8751596257],[243199.32769540808,1581570.8742497098],[243088.53094551447,1581478.8749939194],[242811.74987021158,1581405.8751035011],[242655.15670686681,1581484.4987877391],[242607.68717169366,1581555.8747008303],[242517.89056453202,1581571.374937864],[242314.79653206587,1581582.7495740363],[242197.34371902398,1581566.0000264309],[242080.09364636458,1581556.8751290154],[241993.39052875631,1581548.0001411201],[241903.1566786966,1581549.5003093358],[241813.17171102378,1581558.6251277414],[241651.70227013287,1581558.5002124861],[241494.21921398706,1581564.6247734705],[241402.35925332285,1581553.5000468185],[241295.93698667729,1581480.3751621351],[241226.56200896617,1581370.4999881652],[241233.45352275344,1581302.8750091803],[241231.03075148014,1581221.4997918874],[241183.87457108358,1581174.4991827351],[241099.25013497251,1581150.3757635737],[241034.90605792851,1581124.3754551741],[240929.79654711083,1581095.7494770982],[240801.42182680979,1581053.8750550128],[240716.46870792747,1581061.6246994678],[240620.06217962204,1581026.3744993871],[240594.78165488731,1581030.9999192893],[240522.07765797357,1581023.000444324],[240438.54688217962,1581035.7502544466],[240388.70269299462,1581027.1250970617],[240357.89050042833,1580931.3749861754],[240344.23546950991,1580856.7499332761],[240340.70268279116,1580823.7494719522],[240256.18791295087,1580760.1253365937],[240201.32807208307,1580710.8749886847],[239951.81210176676,1580529.0003524818],[239819.89013586545,1580496.124806413],[239742.93759809245,1580516.2504633488],[239639.23399622459,1580577.9997637365],[239549.12506142,1580668.6247937002],[239496.20271067627,1580727.4996210351],[239436.29664114671,1580808.2502620523],[239376.32815349475,1580886.3753124033],[239219.24962999043,1581077.0000212463],[239114.17188130593,1581135.0004417952],[239032.76592901361,1581133.6251888347],[238909.92177040019,1581106.8752308837],[238825.7653121867,1581055.9998785143],[238689.07776214369,1580991.5001512156],[238485.42157152432,1580940.4998045808],[238392.62462793128,1580940.7497141014],[238239.48334477696,1580964.5003627546],[238163.62541544449,1580892.9995344081],[237905.73411825352,1580771.1251479904],[237589.12459210574,1580684.1250307339],[237402.95321877184,1580665.6254844025],[237275.42217025714,1580566.500212309],[237129.79705617597,1580457.7503817794],[237033.42229000371,1580380.4998172245],[236938.14015701495,1580340.1245362209],[236865.70337287337,1580341.1249644058],[236761.9998500158,1580402.8752919273],[236683.23481638412,1580362.0002708931],[236631.90578697802,1580345.7503843082],[236533.0160445339,1580355.1251122341],[236330.67158260875,1580348.6247783508],[236208.4060162871,1580255.6250943753],[236179.60905996189,1580185.2496884791],[236141.15578306731,1580131.7497725773],[236091.20303375548,1580119.2497929649],[236078.40613350493,1579945.249637462],[236190.68772361966,1579873.1252599736],[236219.93725083754,1579873.500005739],[236293.45228829136,1579822.8744838799],[236326.00009971237,1579720.125326213],[236370.09352555507,1579620.7502236094],[236388.04734787182,1579454.7495430717],[236439.23400075056,1579337.3745551573],[236568.17198534872,1579269.7496551825],[236733.8746391043,1579198.4986573462],[236789.20340599306,1579177.7503993919],[236859.53172176128,1579105.6249157595],[236978.45294088568,1579000.1253311818],[237033.9844481569,1578900.5003190576],[237079.15620632214,1578794.7497978257],[237189.14096755232,1578688.2497060529],[237281.68697449117,1578593.7498538618],[237242.15655042828,1578204.3749398114],[237102.34366968845,1578162.7503482362],[236980.1405214892,1578029.1254737368],[236859.84404940423,1577916.9995338765],[236771.31208080903,1577847.124895145],[236702.37537312967,1577794.6254074282],[236660.14050613975,1577742.3748020981],[236647.14086550678,1577604.1245076964],[236627.09398182161,1577443.1250989705],[236547.68793777577,1577380.6252799183],[236416.23394977205,1577406.2498154189],[236326.38922534898,1577420.4997937572],[236276.53168342641,1577368.6250403365],[236158.40609783717,1577243.625323222],[236115.62542782235,1577130.4999823107],[236064.54733507044,1577079.8754085749],[235898.79648504313,1577021.2504117503],[235649.70337775367,1576981.8745317981],[235501.76610679334,1577009.2501721685],[235262.31296494495,1577080.2502333506],[235066.48416489776,1577121.8748249258],[234886.56226780327,1577142.7500524027],[234736.29640582524,1577219.8757017024],[234585.87489359255,1577291.8751639358],[234502.54693719136,1577269.0000282123],[234333.56235436097,1577229.6251753939],[234155.93720714073,1577156.2504602],[234022.54691416718,1576988.4998599468],[233912.6563331926,1576841.7494024257],[233835.39044064298,1576808.3751434595],[233704.39115680955,1576892.6247547951],[233582.82799189084,1576994.3745114105],[233318.3278006897,1577035.5003900887],[233224.89087381616,1576929.0002983159],[233111.51562338427,1576835.7497566964],[232953.89026972139,1576793.4994827015],[232651.2972465301,1576879.1253741314],[232568.71878165961,1576838.3752683522],[232486.35949131017,1576762.0002167269],[232418.7191843304,1576710.6251243269],[232340.51528171828,1576688.8754110537],[232221.24997281775,1576739.6248210345],[232051.65511457267,1576808.3751434595],[232032.71832534324,1576812.8746209731],[231969.14017396857,1576855.4996407332],[231828.20297692236,1576947.6248389126],[231774.21872799465,1576927.6250453552],[231740.5004582628,1576605.3753702594],[231749.9059211883,1576494.3747738393],[231636.81226339986,1576196.2504931621],[231461.51570719734,1576201.6254836053],[231303.34360238616,1576226.8752733404],[231233.12479486814,1576259.6247980103],[231110.71890628646,1576333.3753651134],[231030.29702705081,1576365.1254887318],[230976.75002102117,1576360.3751535744],[230857.56261625822,1576328.3751204354],[230611.28140587869,1576169.249677567],[230416.35885376082,1576027.6253281024],[230432.43768308617,1575926.5002267726],[230463.93797619446,1575831.374692162],[230492.71857739138,1575729.999760322],[230567.48387354036,1575636.1245634167],[230619.8440661309,1575601.3751305004],[230745.0782067508,1575494.500213952],[230809.92202382552,1575451.7502789367],[230876.1092527174,1575368.2502381422],[230899.23429796129,1575247.8749137963],[230851.29670588026,1575132.3759460067],[230825.50008598648,1575077.1250042452],[230800.28103125078,1575041.0003183684],[230645.0160307388,1574950.2503731498],[230514.84414257371,1574805.3748296094],[230369.75045164622,1574585.8753393141],[230255.78135993826,1574515.6248486731],[229952.93740009278,1574146.2495701597],[229019.51435848902,1573704.6249989027],[228370.73454728417,1573488.3746484153],[227938.20311130976,1572839.6245450764],[228370.73454728417,1572190.8754688711],[227505.68700332998,1571974.6251183837],[226856.89083699684,1572190.8754688711],[225343.04712670954,1572190.8754688711],[224694.26431311399,1570893.2504259483],[224172.03147736721,1570495.0004449924],[216468.76510939404,1555821.875037763],[215337.09357787075,1546248.9997550573],[213444.74977066449,1530241.8747885178],[213797.26583530178,1530023.1247897532],[214143.70348095923,1529810.3754638513],[214277.40618058603,1529409.2501407296],[214617.7653282533,1529172.2504261436],[215018.89073038532,1529117.5002515467],[215341.0154902261,1529147.8751222047],[215553.75051526702,1529062.7499979394],[215553.75051526702,1528801.4999736799],[215821.17219063861,1528667.751211059],[216033.89078154095,1528716.3748494147],[216331.70273457537,1528679.8754177724],[216443.42216653688,1528627.2499876667],[216493.01549807796,1528608.4995046812],[216541.42201617997,1528577.0002387066],[216598.79675430938,1528526.3747168474],[216667.78157925018,1528442.8746760529],[216738.31263540086,1528305.999713622],[216771.87525487808,1528198.1253960223],[216794.17187731992,1528062.1238132436],[216811.32793282392,1527937.7498575589],[216848.75004653403,1527822.2497836256],[216891.26445190003,1527701.6246287692],[216964.45278183965,1527541.8755577488],[217130.01519234548,1527437.250379957],[217221.53106323356,1527413.6246465589],[217372.56292989117,1527415.7504971942],[217551.43722966261,1527434.4998740358],[217845.60894199539,1527489.4999581533],[217963.42212093138,1527533.3753156189],[218168.70347403188,1527597.9999581727],[218328.46897919098,1527629.3753360258],[218399.5314584953,1527632.3745663133],[218668.82812685825,1527593.1247077603],[218774.2816484418,1527574.6250824186],[218853.12458621105,1527545.8752952314],[218920.53141780884,1527520.7504207513],[219004.49943650089,1527483.124539525],[219074.50001762126,1527446.6251078828],[219136.89032842315,1527407.6250008298],[219184.04650881968,1527370.9996267988],[219213.39029530348,1527344.374584103],[219295.34410488803,1527206.2503111004],[219343.20276569779,1527036.24989308],[219369.23388810724,1526915.6247382239],[219391.34404628465,1526813.9989487401],[219423.74956018862,1526685.7500918175],[219458.68743262638,1526557.5002077613],[219561.96911959077,1526228.876141171],[219610.87537772354,1526099.4998865409],[219669.87512031349,1525985.3760927017],[219716.12513179099,1525878.8749737951],[219781.71851940674,1525713.8747214426],[219845.59359141946,1525636.7501782866],[219924.57772056188,1525581.2503541382],[220000.92203718756,1525546.0002330679],[220098.8441407136,1525510.9998634974],[220229.48503390991,1525528.2501782672],[220421.79629622272,1525646.2498214678],[220478.5781411994,1525708.874555775],[220631.67225521564,1525802.4999221701],[220847.21917716647,1525846.8749406561],[220944.71825964516,1525891.8746144283],[221020.28029547323,1526002.8752108482],[221059.03152013951,1526118.7500305469],[221100.3437840718,1526227.1250363011],[221169.6091745224,1526329.1247024371],[221241.5779017561,1526400.7504460386],[221332.45284124024,1526499.1250414469],[221405.81214942911,1526547.8746221915],[221599.93804087819,1526562.8751982045],[221766.54686355279,1526497.7498674968],[221836.7339089376,1526428.124980265],[221915.09346180438,1526249.3745686151],[221960.14022570424,1526131.3749254146],[222010.45341992049,1525977.7503363681],[222041.45302487462,1525876.2504102627],[222085.09387982462,1525783.7504663181],[222113.28150885855,1525733.0000292037],[222169.64143893178,1525635.3749253261],[222365.07795293111,1525401.2506319166],[222430.1716005161,1525334.2503082172],[222509.12507366925,1525285.1249545738],[222585.42230016712,1525256.3750883765],[222749.23463293671,1525242.0001947829],[222905.26563812827,1525259.3754248077],[222976.312789438,1525267.3748997732],[223125.87514386914,1525306.2500915711],[223293.56229886628,1525279.2502240997],[223427.12467623304,1525225.3745352989],[223523.75037905952,1525194.1250998345],[223797.09387503291,1525109.1249698347],[223993.21848957424,1524984.3750832304],[224035.62544095737,1524886.6250640976],[224076.67144024087,1524804.2504457533],[224124.23420754622,1524691.3749353522],[224153.76532740754,1524625.375039838],[224220.24955594772,1524535.4985532816],[224364.57826932933,1524364.7496708643],[224540.57825406844,1524204.2499231589],[224576.56261768527,1524120.5000518542],[224583.31286108913,1524042.999656789],[224576.89035233314,1523817.8752665299],[224591.68716083013,1523659.1245694268],[224649.48476198636,1523529.7503690643],[224733.6718761891,1523450.1251504973],[224909.37494029017,1523346.8752256662],[224998.48447404348,1523299.0001307179],[225025.32861224998,1523262.250789555],[225054.79723497859,1523210.3750090008],[225046.17215660395,1523160.7499153265],[225031.21867071866,1523108.5002581198],[224993.62455162557,1523016.749884716],[224928.4059887855,1522866.3754626112],[224897.0777010601,1522789.8744685971],[224873.59331705578,1522670.2498209362],[224886.78139721023,1522577.624882726],[224908.87520025938,1522478.499689643],[224980.73441924283,1522330.1250967742],[225033.10891269433,1522266.8746800474],[225179.78162409854,1522134.2503127432],[225232.0629644281,1522086.2503025397],[225342.92118432076,1522004.1255147059],[225517.43743498274,1521885.6251833513],[225576.15661206288,1521822.3746876142],[225593.96908498593,1521814.8749526797],[225739.01560677536,1521748.2504018794],[225853.49984551899,1521701.8745270234],[225914.65625275398,1521656.3751132207],[225979.62490607359,1521612.2499252448],[225898.98393132718,1521500.0000972631],[225910.56225600542,1521471.9998016069],[225919.57859329431,1521446.6240694828],[225927.43774599963,1521400.9987132913],[225944.32761586507,1521324.7496040547],[226279.06296971248,1521151.1253004612],[226341.5003706422,1521107.0001124854],[226407.82792179409,1521043.7496957586],[226481.96856265719,1520946.3755285351],[226520.35942142934,1520885.4996868097],[226521.98450490017,1520819.3748760403],[226781.68727081612,1520672.1257846323],[226895.23452663093,1520560.8753577019],[227092.45280148939,1520469.124905288],[227196.82814877096,1520415.0004131105],[227402.75043327533,1520357.6246478476],[227479.17154789466,1520305.9996459268],[227561.76534075977,1520288.6254430355],[227672.34402227632,1520261.2498816752],[227702.01546439767,1520169.8752811707],[227796.00024856345,1520159.000385029],[227907.06223597223,1520038.7500549485],[227954.54717815027,1519939.8746133652],[227985.32863571704,1519880.2502154894],[228046.56278906911,1519819.6253104184],[228106.73401710353,1519722.0002065406],[228138.92146263042,1519635.7496598251],[228177.56207290254,1519530.4999057576],[228198.20287687407,1519465.7503479486],[228209.79652954693,1519432.7498866247],[228249.51547214159,1519364.3753370985],[228262.48445678531,1519311.0004154621],[228207.35945741268,1519174.6261411854],[228174.60985373257,1519124.8751051223],[228113.89076840592,1519087.7499910607],[227988.59413065334,1519017.1246756441],[227965.81214805192,1519005.5002089613],[227929.15501188772,1518976.1237122209],[227815.46853995684,1518873.751354587],[227763.68788778145,1518823.8764304025],[227660.14104231217,1518722.8752171942],[227632.32815904362,1518699.8751662157],[227581.81214543461,1518651.2505007265],[227557.92228066537,1518610.5003949474],[227520.15615618939,1518551.7504828677],[227512.64101424991,1518531.3749164112],[227501.29711307702,1518517.3747685831],[227456.00043965664,1518439.6245430075],[227439.73419794344,1518394.9996150008],[227162.29678423173,1518602.9996328792],[227601.45354835488,1516785.0002340521],[227402.90608352999,1516789.8735092075],[227287.70300924484,1516589.999935817],[227236.21832958411,1516443.8751607153],[227203.45339790941,1516310.8749415018],[227208.60921383166,1516132.9999637713],[227276.81278510857,1515941.874487764],[227350.60933619551,1515654.9998489937],[227431.15620969661,1515381.0000146115],[227526.21924717465,1515192.0003102291],[227669.14094546245,1514998.0014673127],[227826.17237883896,1514813.0004732795],[228072.82841399417,1514748.0010849603],[228218.24968154894,1514714.9995965026],[228298.73405791732,1514472.9997162493],[228316.35911845253,1514262.9998691347],[228281.64042053578,1513901.1264588335],[228439.01586467813,1513747.1250697542],[228672.64049706716,1513618.1245880234],[228860.98481116412,1513344.1247536412],[229168.29640737962,1512954.2500205499],[229154.09351916896,1512738.2495005727],[229184.7797693465,1512591.2502396749],[229310.96827515715,1512495.2491921342],[229454.90580863482,1512278.1253829843],[229594.34386459898,1512264.2501504114],[229873.62450916885,1512358.2502625717],[230172.04681662822,1512425.2495591373],[230360.84370161788,1512233.2495973338],[230390.53157787779,1511947.2504714932],[230394.10837332334,1511572.3753662917],[230416.921011914,1511260.3748259076],[230432.51550821349,1510809.3744995911],[230805.29660392329,1510635.3754502321],[230993.12482286119,1510347.3753890113],[230946.2184729749,1509960.500044228],[230862.34360740485,1509795.4998708856],[230848.45304683715,1509649.3750167738],[230847.37479352491,1509503.5000721824],[230845.98421256969,1509287.4995522052],[230850.71921973245,1509064.4999854476],[231044.46918026189,1508707.4998503018],[231139.12468270774,1508674.5004161114],[231258.95317689513,1508559.5000822088],[231320.85907566088,1508393.6254230703],[231440.10905656678,1508221.6251758137],[231471.00002238379,1508132.625229321],[231582.96825772186,1507813.4996997677],[231862.53152206884,1507080.6249793586],[232005.45329936693,1506717.6251194733],[232219.14055632104,1506448.750366014],[232432.39064938735,1506135.7504245786],[232531.20351482756,1505779.749690484],[232484.32789994078,1505474.7502511477],[232322.28089389176,1504973.8750006466],[232217.59329797752,1504548.8750617399],[232101.18705512502,1504231.8753828218],[232004.59414156541,1504035.0000915956],[231953.26511215931,1503901.8749571268],[231951.21914091869,1503661.0004993237],[232185.76534923169,1503652.8750819697],[232395.28086332019,1503702.0004356131],[232697.64041112951,1503457.9996989898],[233020.64076291039,1503455.8748754882],[233269.43789768519,1503631.9997754823],[233420.8598381028,1503574.0004610773],[233298.60959977578,1503288.9997091545],[233493.09388186192,1503078.0004609888],[233816.68704778521,1503093.8755227982],[234054.06150813642,1502628.9999639085],[234255.23456362737,1502424.1251977168],[234360.59390495531,1502099.0001014448],[234665.92202706286,1502268.0000122697],[235039.43728630879,1502196.0005500366],[235424.76434561494,1502022.125388799],[235834.85899490799,1501765.0000172772],[236160.75001684949,1501266.1245960125],[236289.85905870722,1500751.2502248168],[236374.23461243144,1500140.2498908255],[236231.76548503633,1499772.2498652728],[236614.40658982133,1499242.3749970743],[236830.96831982833,1498503.374609537],[236860.75029733358,1498299.3764624191],[236929.6409420188,1498165.3747878869],[236851.96846256033,1497956.3753689574],[236959.12497175232,1497847.3746017737],[237058.70281473844,1497599.5000700564],[237621.18704336722,1496533.499672266],[238120.34405727551,1496371.6257777438],[238435.20358469733,1496082.5003730832],[238655.96874069286,1495928.6259535262],[238749.20292718394,1495661.6251659247],[238880.81248643203,1495475.6247708399],[239025.85900822145,1495392.6254181997],[239260.20350328565,1495358.6245286907],[239486.1091472088,1495096.6249338903],[239585.7197794618,1494847.6249797228],[239870.46856759686,1494769.6248446268],[240160.85963795768,1494634.624796177],[240257.68697502263,1494481.7497776714],[240263.28113998691,1494282.7497419538],[240319.64107006014,1494206.8744303593],[240469.9529950323,1493998.2497571954],[240582.68723504999,1493846.6250763952],[240620.26594713813,1493732.7500859327],[240639.06249311782,1493543.124778141],[240601.48480816334,1493277.6251068783],[240469.9529950323,1493031.1237738545],[240376.0153009943,1492917.3747257804],[240150.54689996922,1492803.6247295833],[239906.28092583077,1492670.8754470239],[239812.34323179279,1492632.8748200324],[239436.56290579552,1492424.2501468682],[239154.7191676923,1492329.5004641667],[238760.15667558659,1492158.7504756055],[238140.10926930694,1492007.1247676718],[237651.59367615834,1491533.0005022553],[237520.07829716586,1491305.3744884618],[237388.54656304509,1491002.0001325964],[237275.81232302741,1490319.2502458924],[237369.76534506003,1489712.4994798941],[237482.49958507769,1489276.2498990803],[237463.70303909801,1488991.874829577],[237332.18758109526,1488536.6249352675],[237181.87462898943,1488309.1248638628],[237069.14046798201,1488062.6245579724],[237050.34494913596,1487834.9995713127],[237050.34494913596,1487436.7495903568],[237050.34494913596,1487228.124996203],[237181.87462898943,1486336.87527258],[237313.39206224922,1485748.9999838325],[237801.90662826417,1484857.6253449542],[238121.32813033214,1484193.8747446125],[238628.62486245556,1483795.7496789119],[238985.6250766117,1483321.6254134953],[239267.45340771001,1483094.0014539692],[239417.76533268217,1482335.4990376483],[239492.92180873509,1481861.3747722318],[239591.70299105239,1481498.4999066119],[239872.93748087459,1481325.3752640388],[240028.15641839243,1481242.999618561],[240195.42165848613,1481126.3752283212],[240390.17212621082,1481035.6252831025],[240550.09328162455,1480902.5001486337],[240690.0781677473,1480600.9996796157],[240730.8128665215,1480524.1249669699],[240847.24992338382,1480406.7489519217],[240928.56264354393,1480335.6250026184],[241068.54752966668,1480179.2499866609],[241200.35888117383,1480126.8754141992],[241352.73415964859,1480134.6250586542],[241449.59333785699,1480192.2496272938],[241618.01568352393,1480299.3754014864],[241752.10956305463,1480407.2497190861],[241854.67233546727,1480429.3752842685],[241914.70332025195,1480338.8751695601],[242004.89110731753,1480196.8750471962],[242127.96874131288,1480135.3746291953],[242291.07859366926,1480255.2502135104],[242374.79678185101,1480410.4998860278],[242582.18747243792,1480614.9998274439],[242708.68735776815,1480648.9996898191],[242922.53129211057,1480702.3746904659],[243108.67200945521,1480741.2498032534],[243373.60944355442,1480852.6251454388],[243585.14019388403,1480965.6246229718],[243743.21914557327,1481010.3754143568],[243890.71917363553,1481006.6245592611],[244088.15662301501,1480980.875029495],[244253.21826635639,1481062.5001563085],[244417.37468890208,1480977.6248625536],[244417.14018638647,1480845.4991291361],[244392.65632232057,1480646.6250358073],[244544.76541515678,1480523.5003116841],[244629.24952900782,1480489.3745069199],[244803.81286979761,1480463.1262642569],[244986.31216128639,1480419.3748739229],[245167.78131672437,1480362.7486792009],[245368.89084794896,1480417.1251351663],[245652.14049500198,1480644.5002913158],[245779.64080851717,1480693.8754754695],[245833.73464470537,1480652.7495967916],[245872.64151962631,1480462.7504913579],[245848.28154368186,1480256.3745298169],[245836.31203909969,1480141.7500478234],[245834.10939047075,1479976.4999649606],[245885.10973710561,1479894.7500019025],[246000.42239865125,1479768.2501165722],[246122.73402796703,1479605.1248572108],[246181.31398893113,1479526.1253210637],[246257.42182778416,1479461.2498208659],[246433.64090803399,1479413.4996411728],[246547.141073721,1479318.8748737264],[246654.50032329539,1479211.3753809023],[246828.10929889439,1479167.3751081815],[247092.96890786628,1479137.7498080647],[247249.64092347203,1479117.6250992522],[247408.64050296182,1479110.1253643176],[247505.10944938968,1479117.0004439661],[247697.04699307078,1479187.7496475042],[247899.45292499496,1479240.8748176408],[248095.12496864359,1479316.7501292352],[248236.21987021179,1479387.8751056721],[248435.46878831624,1479476.5002273894],[248631.10906983167,1479553.6248495555],[248764.95201270821,1479603.0001127196],[248988.10928398781,1479706.1251222957],[249224.62458653748,1479843.7496552675],[249378.40585297233,1479916.3747999202],[249544.53144876499,1480009.5004262845],[249835.60959253414,1480006.9998298839],[249993.54727383997,1479914.3749706841],[250085.54645062023,1479886.750526937],[250292.14055954857,1479845.8755059028],[250549.40617432,1479814.7499585599],[250763.18769053998,1479799.3746367814],[250964.40570288117,1479775.000359976],[251118.84338673507,1479736.9997329845],[251492.57774149172,1479804.4997177043],[251612.98482797085,1479823.1252854345],[251889.21907311518,1479652.6252063939],[251966.75020317995,1479578.8746392909],[252110.76556178491,1479483.5003013033],[252342.18746653473,1479331.2499380838],[252506.26606395311,1479177.7502642924],[252674.84413888498,1479130.9995646607],[252901.87520525849,1479084.1249769076],[253087.59298056603,1479002.2500195841],[253375.92164554764,1479011.1250074792],[253505.07777753318,1479038.7504783599],[253714.21846684604,1479142.8748889873],[253963.13956875255,1479226.0001840163],[254171.01569850929,1479330.1245946437],[254271.03078439349,1479352.2491326923],[254465.39109934788,1479356.8745525947],[254570.21901752215,1479321.8752101578],[254640.46848102938,1479229.0004414376],[254670.43787092244,1479186.2494792885],[254778.35927865005,1479046.9998628458],[254844.40626429219,1478977.0002298488],[254921.76538897402,1478913.4988764678],[255005.59411253966,1478843.750180125],[255140.01556869768,1478787.6247525674],[255278.56278373743,1478786.2494996069],[255461.60993251845,1478856.8748150235],[255682.76532029454,1478928.1247067156],[255841.78125491261,1478991.8748634732],[256015.76600341062,1479072.5005102251],[256154.64087408793,1479198.2497188703],[256296.12490129273,1479392.7503560847],[256361.90664941972,1479482.8746188839],[256425.54721891679,1479549.9999368484],[256510.28116327809,1479573.1249030821],[256701.04730052501,1479638.7499738208],[256767.21920142224,1479633.6248928981],[256856.73421594044,1479602.1245997897],[256991.46902687504,1479600.624431574],[257112.20274185811,1479674.0001739014],[257230.84339547274,1479720.5000158893],[257400.09416394166,1479780.7500961847],[257487.40660884121,1479802.4998884678],[257895.59347587608,1479861.8754829671],[257985.67167568114,1479943.4995826469],[258029.93710690679,1479883.2504504749],[258039.0302421893,1479871.9997814342],[258255.95336522409,1479894.8749171575],[258274.34340330525,1479933.2503689248],[258263.64059155679,1480109.8750089498],[258288.18790087878,1480232.2501625319],[258360.65636814325,1480303.5000542242],[258458.28147202096,1480316.6246891224],[258529.62356871169,1480378.8746776644],[258593.24975833754,1480447.3751695794],[258737.3122070703,1480566.8749019853],[258842.23438451046,1480671.7509374209],[258878.01600774485,1480805.875472941],[258818.01575795969,1480893.74904886],[258735.40655808971,1481039.7499358403],[258741.82811872233,1481108.6251735205],[258762.40642556114,1481167.3751646106],[258802.74994443142,1481258.3749403395],[258851.23428766074,1481320.2501041058],[258902.2817244234,1481380.8750091768],[258946.89021829152,1481446.5001589258],[259055.98413859727,1481531.1245160266],[259132.39087334537,1481594.749757529],[259192.42185813002,1481650.3754450558],[259257.3280933272,1481717.6245721315],[259367.42141468421,1481817.5004418998],[259450.42171544785,1481940.9999907985],[259525.9222812769,1482056.7498162321],[259601.640915483,1482159.749910553],[259655.25041864536,1482219.2504993177],[259744.17048574353,1482367.0003578903],[259780.10981349988,1482492.1249902598],[259814.95342667177,1482607.2502394177],[259844.12520777259,1482684.0000368082],[259863.71841442114,1482726.2503108031],[259880.76590979824,1482768.5005057876],[259926.46909111715,1482844.3747902482],[259981.2654077186,1482908.8755446805],[260042.37464581552,1482974.7505249397],[260095.01540391584,1483017.6253752103],[260182.85927196906,1483081.500447223],[260284.92341049487,1483131.6252809279],[260361.0464983322,1483139.2499311178],[260484.4999842369,1483128.7498597517],[260573.23469321456,1483141.7495003846],[260650.82824140173,1483283.0001312178],[260657.81298732123,1483319.875335759],[260659.14012302033,1483389.874968756],[260656.84329413582,1483448.3750503254],[260653.99963509271,1483538.5004192686],[260721.53138194562,1483600.7503288002],[260809.67217063688,1483647.9997413289],[260920.49973454032,1483706.0001618778],[260949.57923163232,1483714.1245520983],[261055.35946073005,1483770.6248044316],[261250.64040348504,1483868.1249930542],[261388.14104833544,1483926.3751651032],[261531.15597875547,1483960.7498522541],[261736.71884548909,1483979.6252504948],[261875.54662603862,1483961.6253651839],[262042.54773476109,1483932.7496356079],[262142.82805816043,1483939.6247152567],[262255.56221916783,1483960.6249369991],[262278.06260912586,1483982.6245597925],[262303.81205988151,1484036.5002485935],[262329.09361174994,1484115.7496942612],[262338.21748203196,1484177.0002027415],[262357.93765820295,1484284.1239226668],[262381.65654472291,1484381.1253983921],[262430.84336836543,1484474.8746529086],[262497.12485652318,1484536.9997261954],[262698.875398162,1484555.7502091811],[262817.59387690393,1484526.1248300539],[262914.156055464,1484527.7499135246],[262998.12502227939,1484594.1235276707],[263047.84232095222,1484658.5003939813],[263048.31227410689,1484704.2496382946],[263035.28087134071,1484868.1254953304],[263072.75007517863,1484978.1245574215],[263104.65584905184,1485115.8751117925],[263051.43752579339,1485617.2501023244],[263077.78097584576,1485781.6235661134],[263120.81250350451,1485864.9997187865],[263226.6880190018,1485842.7502654826],[263355.93730410922,1485791.6250035926],[263427.9377934761,1485815.7503980112],[263460.84399553423,1485897.75027059],[263411.93678927806,1486004.8750176488],[263361.18730028713,1486072.624911889],[263321.46843670274,1486163.4997723629],[263298.00040782668,1486271.1252865861],[263284.93724292732,1486363.750145786],[263305.12539699586,1486444.2499291592],[263361.71880245104,1486550.7500209322],[263423.00004593091,1486607.7499342859],[263525.81272786407,1486688.3745539039],[263542.81218499003,1486734.3746558609],[263555.90600587858,1486858.0001471485],[263582.15630280902,1487101.2503651073],[263612.93776037579,1487230.2497406944],[263655.62519825844,1487332.6251797294],[263713.96860243956,1487412.5002288066],[263763.15645321575,1487433.7502810592],[263860.90647234861,1487511.7504161552],[263880.56217612984,1487623.8753288814],[263865.99987014843,1487729.2500772143],[263884.65609386808,1487826.1245834173],[263919.03078101901,1487895.3746458734],[263965.74971851747,1487912.7498758982],[264002.84417659004,1487971.8746127537],[263994.59376497049,1488081.1251314376],[263994.24975420465,1488245.1248765949],[264041.65576511144,1488295.4995408102],[264125.09338778339,1488321.1251824547],[264226.84519866627,1488316.4997625526],[264368.87502889597,1488261.7495089453],[264445.06266813335,1488193.2501231742],[264544.78083337948,1488085.6246089509],[264598.09333689348,1488016.6254831492],[264690.25021819572,1487980.124945363],[264869.0620998448,1487929.875275413],[264925.12510927994,1487921.8746943038],[265186.31271541701,1487884.4997497317],[265302.46912775928,1487927.2496847471],[265378.84417938447,1487920.8752932525],[265484.18716558412,1487855.3751377689],[265530.68795569526,1487812.999948519],[265554.52978221333,1487757.5002033811],[265698.84419473395,1487716.7500976019],[265840.09371942311,1487780.2504238493],[265934.6877518699,1487821.2503601385],[266052.34330529423,1487852.6247108581],[266068.84404952306,1487852.8745413683],[266150.21926681587,1487850.4998873565],[266200.21910625551,1487825.9996681623],[266228.81229506462,1487789.6251517751],[266231.09371694422,1487731.1249911955],[266229.59465487249,1487672.6249096261],[266219.93730716943,1487643.250467153],[266178.46836584882,1487543.3745973848],[266151.7501700311,1487471.6249656619],[266136.28161612037,1487412.8750535822],[266134.15576548513,1487315.0001191942],[266209.46891892632,1487297.2500643935],[266274.34339199029,1487293.250326911],[266341.46863094467,1487307.1245323503],[266397.06263534859,1487325.8750153359],[266458.74943860364,1487358.7504823944],[266539.40582035494,1487398.3751657233],[266639.06251560204,1487440.7503549731],[266688.50019688846,1487374.2497713047],[266709.53115363029,1487335.2496642515],[266765.78149644303,1487243.3754027265],[266792.34404200612,1487177.7503319876],[266817.78124412912,1487104.3745896602],[266834.62505100045,1487011.8745667054],[266857.65583697846,1486931.0001165769],[266871.21866289829,1486882.8751911183],[266875.43757490197,1486858.7497176896],[266887.06204158464,1486776.3750993456],[266862.3436750031,1486662.7500184034],[266849.56210274721,1486593.8747017127],[266872.46900060371,1486520.4999865189],[266989.28080323141,1486452.6251770235],[267183.12502302678,1486415.3751477066],[267287.96826919564,1486451.4998335836],[267383.75014221517,1486497.7497660508],[267714.25022893067,1486422.1263392339],[267837.59412757482,1486345.5004299649],[267928.74955355847,1486219.8751094409],[267983.00006713503,1486096.2496181533],[268000.18788477214,1485986.0006465416],[268025.812499283,1485827.499779949],[268204.56291093305,1485562.3749334619],[268303.00008248445,1485529.7503240472],[268375.40605261619,1485530.9995556087],[268465.34400917153,1485547.8751246133],[268548.21836754639,1485533.9998920402],[268673.09411752917,1485514.6248327789],[268795.00034509035,1485448.1251972339],[268887.18898852577,1485335.2496868328],[268975.78139998636,1485212.2498779648],[269016.43724649958,1485211.625222679],[269150.68772440834,1485238.1253501195],[269305.74895740423,1485237.0000066794],[269436.1871102181,1485190.9998257123],[269492.62486541865,1485089.0002385864],[269568.28108150233,1484906.0001799334],[269605.84343846218,1484792.250183736],[269685.46865702904,1484671.6250288798],[269902.96831808833,1484588.8745586264],[270058.4995832491,1484488.6248912164],[270045.31253022829,1484370.2494751168],[269905.8754223875,1484205.000498398],[269875.56296985195,1484121.875203369],[269912.65640079085,1484034.7512770011],[269988.49995025212,1483985.2500714483],[270150.71896168403,1484010.9996012142],[270294.46908277384,1484077.000444852],[270487.3436093838,1484093.1254161817],[270650.21903823479,1484009.5004601323],[270736.84322457178,1483924.6251663773],[270783.03184506053,1483827.4998025303],[270788.59416888136,1483727.1252988754],[270783.84383372398,1483635.4998407268],[270779.25017595495,1483535.0003428063],[270805.37547861994,1483421.0005160989],[270875.12528110668,1483357.3752745965],[270967.40605053038,1483313.2500866207],[271080.09422755393,1483264.3745634872],[271222.90633858123,1483163.875065567],[271382.00009832665,1483151.3761920985],[271447.68766619801,1483172.8750477275],[271478.78145140776,1483211.6252452603],[271488.40600984392,1483243.5002841339],[271509.53114684136,1483343.1252962581],[271520.43772610591,1483373.7500764364],[271533.6565412599,1483418.499840688],[271541.96842287848,1483451.7502115325],[271546.3746682597,1483489.9996419006],[271560.78235112008,1483538.5004192686],[271569.28156611626,1483561.5004702471],[271577.84422636847,1483580.7495871196],[271601.34401737771,1483616.7503848749],[271660.03151133499,1483676.2498674956],[271668.71908684232,1483689.1246718836],[271737.99988429784,1483724.6247024748],[271796.34328847897,1483730.7502115823],[272062.3129919066,1483637.499669963],[272200.0624401336,1483536.9992239194],[272287.84381105413,1483458.375460671],[272373.46867535013,1483359.5000980981],[272519.43882733083,1483224.7498801586],[272660.84400227462,1483059.3748820405],[272728.6563936476,1482961.3750323975],[272792.81203117006,1482851.8746041933],[272846.75021710363,1482674.8751393924],[272859.99976725713,1482570.8746168865],[272868.34333199862,1482385.3739618328],[272879.96977393836,1482229.1248882641],[272949.62531715923,1482096.876293859],[273049.5626569264,1482050.3754247376],[273204.4057425349,1482063.2502291256],[273326.50033060729,1481911.4995269265],[273375.96874689328,1481698.7502010246],[273372.75034208479,1481519.5000493438],[273365.59359078237,1481420.1249467402],[273379.78115099843,1481262.7505297314],[273416.18845665234,1481143.8753736012],[273451.09353982331,1481036.3747746332],[273526.87459215184,1480918.2502951878],[273606.90639762749,1480848.5004927011],[273751.15625874809,1480739.1250587623],[273825.31222760578,1480712.3751008112],[274007.81365237216,1480668.5007704792],[274141.84400763654,1480707.7496809091],[274252.71858265752,1480763.1245107919],[274463.62467770121,1480839.2497319069],[274714.37463059468,1480744.4999701951],[274726.09327753296,1480655.749933223],[274724.84404597146,1480509.5001638557],[274689.34401538048,1480358.8748841072],[274622.46860693634,1480186.0001510545],[274619.97006480303,1480111.0003523899],[274643.40633154591,1480005.8755135776],[274697.84425751027,1479945.7502695271],[274874.24869588064,1479958.9998196806],[274989.03088239598,1480009.3744838957],[275080.37482691137,1480018.6253237003],[275215.46905561676,1480070.5001561313],[275337.8442091989,1480120.9997356017],[275516.31208008213,1480163.4998401068],[275629.46918312664,1480160.3745884201],[275782.81217952975,1480112.2496629616],[275836.96843384037,1479994.8746750471],[275845.50043810334,1479870.4996132185],[275868.96846697945,1479691.6252344367],[275893.93769120489,1479498.8746749586],[275939.40637000813,1479368.6249616661],[276015.56224711234,1479302.6250661518],[276075.96900479606,1479336.7498437823],[276186.87542096048,1479463.2497291125],[276276.43752560648,1479572.8750725719],[276396.90600307437,1479661.500194289],[276455.71841228678,1479713.3750267201],[276532.84406158666,1479809.9996234025],[276621.06267540524,1479852.2498973974],[276721.2815288055,1479862.8748840184],[276820.6873664087,1479919.2502210967],[276840.1874199353,1480040.3750369733],[276869.53112740879,1480250.7497088632],[276890.71876153891,1480347.7491303214],[276953.78073874424,1480449.2500835604],[277014.62473932601,1480458.0001562005],[277157.37545936456,1480433.7497675165],[277233.2190878361,1480385.4999268029],[277361.5621250142,1480167.7504352333],[277385.56260417763,1480030.8753937923],[277431.34361062385,1479884.2498515262],[277470.90484869655,1479800.9997202521],[277527.90578918398,1479667.2499304977],[277623.81257745862,1479488.3745245822],[277683.28140409011,1479357.124383105],[277740.1564021887,1479229.7500119784],[277765.43795405712,1479165.3752789453],[277888.31284767005,1479041.6248724025],[277958.15580327873,1479045.374779375],[278049.46996091801,1479129.6253388338],[278095.15670809837,1479205.4997023048],[278147.43710030452,1479267.3748660712],[278238.3129879121,1479304.624895388],[278310.40663040092,1479323.6252088838],[278450.59330878273,1479302.000410866],[278478.31295991904,1479242.6248163667],[278467.06229087838,1479087.3751438493],[278418.31271013391,1478966.9998195034],[278361.59336228989,1478868.125484064],[278306.62504030555,1478741.2498258348],[278287.53149467753,1478596.000563663],[278294.93815550045,1478463.8748302455],[278304.2811212932,1478364.8745524175],[278381.43742658233,1478241.624834029],[278441.56267063291,1478218.6247830505],[278520.46897464799,1478212.375306811],[278608.3753398339,1478272.3745294625],[278677.50040802447,1478316.749626959],[278784.75007033837,1478361.8752431197],[278907.84413847234,1478371.6247168111],[279009.68704820977,1478362.0001583749],[279070.59354592429,1478368.1247193592],[279128.06246430927,1478425.1246327129],[279192.40654135327,1478524.1249895513],[279243.34336372174,1478663.6254636378],[279285.28131007362,1478809.2495505854],[279317.18708394677,1479019.6252496091],[279358.59352813469,1479123.2499202057],[279488.09367088607,1479347.9994856892],[279573.06109062932,1479359.748867627],[279653.3755158821,1479344.6254306261],[279726.71846894274,1479293.7500782567],[279841.37471306929,1479204.2493645994],[279877.40624582418,1479105.6248596704],[279924.12518332264,1479050.4998602977],[280030.28118531941,1478940.499771073],[280049.59382645821,1478925.6251374485],[280097.03167850844,1478901.0000029993],[280241.28051249537,1478792.8747487452],[280318.43792392843,1478740.8750010591],[280383.9063172788,1478703.8748812627],[280491.40581010294,1478661.2497824924],[280571.87485847669,1478638.4996410343],[280692.6566117109,1478635.5003317366],[280868.03099304077,1478635.9999927571],[281021.87467759801,1478632.37508005],[281141.56292853568,1478619.2504451517],[281260.18714801176,1478594.6253107022],[281416.43724871404,1478526.1248187874],[281461.8127743954,1478474.7486992534],[281518.31294771837,1478367.7498945836],[281620.96895226318,1478239.8748353031],[281789.53162019013,1478120.7488215289],[281860.74982875941,1478118.1243370068],[281987.93781463167,1478111.5000359917],[282110.09387270309,1478103.4995338926],[282272.5934496448,1478112.6254584419],[282398.43786567933,1478112.2496065327],[282515.40634569532,1478109.2502972349],[282735.06251337909,1478120.7488215289],[282831.56227381673,1478126.2497543609],[282923.12523483264,1478122.749756909],[283062.21825289726,1478089.6254074634],[283197.84398376662,1478038.5001455734],[283291.56250328361,1477984.249631997],[283403.87482839782,1477884.4997046178],[283845.78099229821,1477708.000058858],[284824.187431556,1478024.9997377761],[285020.87531039445,1478434.0006477418],[285156.46927913057,1478385.0002093534],[285294.43790187855,1478219.1245230811],[285469.56237368786,1477892.9999467474],[285753.37425790442,1477720.0002984398],[286188.96844843263,1477507.000114894],[286581.31201579142,1477415.1247472249],[286854.59404176584,1477528.0002576259],[287100.46874424681,1477316.1254965304],[287429.78099038952,1477300.9999262521],[287941.15639126685,1477050.1250581034],[288204.2496463845,1476609.1251421324],[288384.43780812778,1476131.2499426098],[288824.53147616953,1475696.1246781026],[289074.0628534907,1475154.2494913121],[289414.71900080633,1474948.2504088141],[289699.84364085074,1474897.3749774343],[290155.25021254848,1474816.2495906518],[290574.28124072548,1474908.249873576],[290654.18702480214,1474925.2503578356],[290724.65668996406,1474685.3741949399],[290936.37477367121,1474162.3754335237],[291003.59427189146,1473824.37458474],[291147.84413301205,1473607.3745847011],[291361.90621474182,1473441.3750103076],[291704.65637154924,1473502.3746611441],[291994.49958461779,1473296.5004939011],[292145.5314512754,1473155.3748573335],[292315.43761002977,1472995.4997649139],[292695.71844067413,1472993.3750204225],[292950.62480843859,1473188.3753186574],[293102.18699210597,1473108.5002695804],[293256.90626860328,1473209.5004556549],[293347.40638331184,1473232.5005066332],[293686.68727766682,1473002.8746636035],[293754.53135216271,1472888.1251873448],[293935.49981944653,1473002.8746636035],[294048.59237109101,1473071.749901284],[294139.06277793366,1473163.6252689529],[294478.3436722887,1473163.6252689529],[294953.3435296453,1473048.8747655605],[295134.2812619296,1472934.125368312],[295496.18738248746,1472865.2500516213],[295948.56296176458,1472727.4995762608],[296333.09336040192,1472520.8748113432],[296898.56259746745,1472268.3747807136],[297328.31287153147,1472038.8748800724],[297622.37491759344,1472038.8748800724],[298165.21782231226,1471923.9995404352],[298368.81254293257,1471740.374826496],[298662.84393300529,1471671.4984826718],[298979.49849501357,1471625.6253502374],[299228.31206392695,1471510.8749258551],[299771.15599577938,1471464.8747448879],[299997.37499447918,1471327.2502119159],[300540.21789919795,1471212.3747932685],[300834.25023739407,1470913.9996549471],[301037.84400989104,1470776.2501277099],[301218.78174217534,1470569.6253627923],[301399.75020945916,1470385.9996217196],[301761.62361976044,1470225.3749587589],[302010.43710966356,1470202.3749077804],[302462.81268894067,1470087.6255105319],[302734.24950879981,1469949.874956161],[303050.90612507542,1469835.1245317787],[303254.49989757233,1469651.4998178398],[303706.87539783918,1469352.999685253],[304068.7815974073,1469008.7503873636],[304294.96883397392,1468618.4998813733],[304634.24972832896,1468136.3760619811],[304792.56223441043,1467837.9998965261],[304905.65581318858,1467631.3751316085],[304973.5316498176,1467378.875179989],[305064.00000239298,1467195.2504660501],[305244.96846967679,1466828.000011038],[305425.9062019611,1466552.5010355739],[305606.84393424541,1466391.8753454797],[305878.28178123821,1466345.8752435227],[306081.84371259168,1466483.6246917497],[306308.03102816857,1466644.3752970991],[306556.84356994828,1466896.8752487185],[306669.93714872643,1467332.9999142769],[306873.53092122334,1467631.3751316085],[307258.03161199484,1467883.8750832281],[307506.84423278482,1468159.3750858258],[307687.81262105837,1468274.1245620847],[307891.37463142211,1468457.7503031574],[308343.75021069922,1468549.6245646826],[308590.87517187541,1468622.3747036008],[308912.09376279713,1468716.8744767816],[309272.78138679301,1468857.7502828392],[309544.81204792828,1468978.7502624709],[309677.15584972274,1469220.7500637141],[309752.40658504155,1469456.7503772487],[309790.59359728731,1469538.6253345723],[309872.31187722262,1469755.7501708558],[309865.18791518704,1470034.750249916],[310061.31252972834,1470117.7495235461],[310269.78155263775,1470372.6251563109],[310516.75086355931,1470398.6245165872],[310737.40651130461,1470679.6255310273],[311216.34360901115,1470730.3749410082],[311419.9373024978,1470615.6254647493],[312053.24958692561,1470179.4997720572],[312302.06212870532,1470064.6254595534],[312618.71874498087,1469972.8739800057],[312912.78087005316,1469972.8739800057],[313478.25002810842,1469926.8749051825],[313998.50041688094,1469835.1245317787],[314925.87474737072,1469880.9997184807],[315536.56275371904,1470156.4997210787],[316350.84342642035,1470408.9996726981],[316758.00015740446,1470661.4997033277],[317233.000014761,1470913.9996549471],[317481.81255654071,1470913.9996549471],[318296.09425637568,1470936.9997059256],[318635.37515073072,1470799.2501786884],[319765.31201152271,1472124.7495748787],[319901.03097452421,1472216.500975416],[319940.09349969984,1472269.8749489291],[319984.43778318644,1472345.8752547889],[320038.84394701757,1472440.3750279699],[320085.18813875067,1472548.1254574482],[320130.40595991007,1472697.8752242671],[320167.62525422749,1472802.2494654048],[320211.96858959069,1472938.1251057948],[320250.46887760278,1473042.4993469324],[320273.81199122377,1473149.1253810939],[320304.43779853592,1473229.8749949776],[320302.31297503429,1473296.2496362573],[320306.21853226138,1473317.6256308986],[320325.53117340012,1473360.8753059446],[320381.47021570354,1473399.249651568],[320456.90630914283,1473464.2501460309],[320527.90637032478,1473519.5000606587],[320583.9376176268,1473579.500310444],[320642.34343993035,1473636.7501333181],[320671.12506826094,1473648.8752881549],[320804.62494849495,1473785.2495624318],[320895.59406823473,1473854.4985977539],[321070.40621240111,1473960.1252308644],[321230.59355345339,1474036.2503729691],[321346.59328840731,1474158.4995841624],[321416.2192027726,1474291.4998033762],[321473.56217876886,1474451.8745568162],[321602.43766623433,1474755.2499398154],[321694.18709151464,1474975.8748525612],[321722.15657316119,1475194.1251112951],[321730.68755029049,1475347.6247060762],[321726.12462752097,1475555.2499781889],[321736.0307786006,1475730.2495347431],[321750.00019142928,1475908.7501158828],[321781.18815689458,1476058.1250579262],[321796.46827128384,1476118.2503019767],[321860.53178281803,1476303.749929897],[322024.74959635251,1476602.2499834734],[322129.96972156438,1476774.8748860157],[322183.09481269051,1476908.8745062805],[322227.06229614449,1477058.6253002333],[322407.21877476486,1477427.4998115823],[322507.46836316469,1477502.3746949916],[322661.24955058924,1477597.9998906229],[322763.50007436919,1477663.8748708821],[322985.93748297362,1477777.9996128448],[323348.99976098136,1477801.5004309877],[323540.09347485553,1477724.1249511775],[323681.43725881062,1477645.0004997752],[323904.46850869112,1477608.8747867646],[324121.21859920933,1477613.8749524322],[324282.96860561002,1477614.8753806171],[324349.96892930928,1477527.7504271157],[324514.93741952872,1477459.7496752315],[324729.99992944341,1477458.5003646598],[324824.0625387365,1477516.0000180444],[324925.21837506565,1477545.124630007],[325073.31232341431,1477531.6252493432],[325204.81340154581,1477497.625386968],[325314.37522073888,1477419.2493999626],[325422.12462308357,1477332.125473595],[325548.37459889328,1477295.8748453292],[325667.4063534016,1477285.6235773398],[325952.1562476806,1477418.6248236871],[326338.31275692239,1477425.2500728255],[326466.65579410054,1477441.1251346348],[326497.09418902488,1477459.4997657109],[326554.40643002157,1477579.2504347712],[326591.15679831797,1477636.6251729005],[326674.46839959087,1477704.9997224268],[326725.40624909307,1477745.0002576648],[326989.40575214004,1477832.251153555],[327129.71829390037,1477936.3745370486],[327225.12542115455,1477974.6250735607],[327313.34403497312,1478000.7503762259],[327437.46926629153,1478010.4998499171],[327547.21952500608,1478233.7502743187],[327518.9058745731,1478388.2503762951],[327547.0310854846,1478629.4996588738],[327604.96900890087,1478739.0000870782],[327739.43763419695,1478851.1249998044],[327841.71881396614,1478897.8747513127],[327935.46909561631,1478950.375187153],[328077.71912750072,1479004.7495888511],[328163.40640991915,1479030.9998067711],[328314.49966756551,1479124.2504274009],[328382.37550419458,1479270.0003777267],[328357.81278786768,1479323.7502031492],[328331.68748520268,1479353.5004185212],[328298.87649053382,1479397.6245793635],[328282.96863945771,1479427.8756409104],[328457.46845598111,1479405.6250814626],[328481.68708253186,1479406.624561524],[328527.71791948838,1479409.9996437209],[328579.3121864096,1479420.7496246074],[328606.90589515714,1479434.2500324049],[328628.31262479798,1479450.6248342448],[328691.03059123748,1479416.0003165836],[328801.28161711647,1479408.8753274144],[328847.46913146123,1479373.9998730992],[328889.75006144529,1479338.1250967428],[328934.93714760517,1479267.6246965814],[328960.56271023938,1479230.2497520093],[328971.62501876889,1479203.9995340891],[328993.09416653216,1479160.5000285329],[329016.7813699292,1479092.6252190375],[329130.65628138155,1478799.7499074042],[329167.90638970875,1478683.7501724502],[329180.78111508663,1478545.2500475384],[329199.09332804044,1478431.8748761169],[329235.06236366264,1478316.1249716731],[329309.34324777551,1478182.5000971735],[329365.12466456724,1478078.1248289023],[329594.2498194428,1477776.3745293738],[329704.1567555457,1477702.9998141802],[329830.90639237588,1477674.3749422482],[329935.00014701404,1477670.1253742552],[330179.31218414661,1477729.4999416207],[330303.4066804655,1477658.9995414594],[330383.62479218509,1477518.6245025664],[330456.65644473641,1477485.751089775],[330620.7811051489,1477444.5002168315],[330665.06297051313,1477419.9999976375],[330711.21872272471,1477385.1246223324],[330839.18701413751,1477295.2501900434],[331036.87532116089,1477100.0000612983],[331113.96920832759,1477010.8751995503],[331311.6564882173,1476936.874801937],[331508.40583705477,1476867.9994852464],[331655.34370696382,1476836.7511559259],[331741.56241253595,1476851.4997681512],[331862.4691600356,1476871.7504193524],[332017.90624494076,1476874.3749038745],[332186.2815004799,1476900.5002855498],[332298.06240244047,1476897.0002090877],[332532.00031059585,1476852.5002753465],[332570.31223809673,1476834.7502205458],[332602.24977410305,1476836.5002192718],[332623.81215399853,1476835.000051056],[332773.28135530773,1476924.7495680898],[332841.21858292556,1476972.6246630382],[332899.65624637261,1477031.3736269944],[332921.62513416662,1477056.6254709971],[332935.09377983084,1477088.8752556359],[333100.49951294839,1477269.3747178887],[333151.62477483833,1477313.2500753542],[333196.18720571231,1477333.3747841667],[333249.34508610534,1477348.9999364554],[333442.75000873528,1477388.7496140497],[333526.28078452923,1477421.5001658532],[333693.93720452685,1477415.7504296445],[333725.37500050245,1477389.5002117243],[333818.49865160964,1477352.8747586829],[333876.1866655054,1477379.6247166339],[333974.12512415973,1477479.1247344927],[333990.15583622362,1477511.249682887],[334035.87537267082,1477550.3747051952],[334129.15664928971,1477555.7496956384],[334227.43714345287,1477641.1246504139],[334278.49990821013,1477704.1252366304],[334314.18735118897,1477745.2500881751],[334377.65583629283,1477863.4995618856],[334456.68713457329,1478026.6248212468],[334482.06294570758,1478065.7497645449],[334522.03163980221,1478093.7500602014],[334646.99959478353,1478158.3747027551],[334696.84386297886,1478161.4999544416],[334761.0312626345,1478190.5005992725],[334787.21898342192,1478221.8749499922],[334844.49954129575,1478262.7499710263],[334909.96896177973,1478291.7496677339],[334971.31270239229,1478295.374580441],[335025.9686967337,1478294.3751793897],[335089.34402871563,1478310.6250659747],[335250.06287193188,1478255.6249818571],[335429.56293313322,1478215.8753832732],[335536.687680192,1478118.3751946506],[335656.96874527202,1478027.7501646869],[335722.06239285704,1477990.3752201148],[335860.34437038167,1477922.7502411299],[336021.84351913841,1477859.8745701683],[336146.71824198758,1477802.1250862735],[336198.81224893959,1477740.1249282421],[336230.56237255811,1477698.500415677],[336368.50026030658,1477605.3747103023],[336501.28130499914,1477612.000038451],[336772.59423673683,1477776.7503812832],[336842.9378804997,1477862.7499913448],[336869.81283271598,1477905.6248416151],[336942.5003954912,1477968.3745701876],[337041.03174729826,1478037.2498078682],[337119.37494503672,1478108.6246938256],[337212.75040191121,1478176.5005304548],[337255.78090243629,1478213.2497926073],[337324.6879022498,1478255.9998066328],[337339.96912278299,1478276.6252035995],[337366.96788411052,1478341.1248518878],[337382.37496802217,1478403.8745804604],[337407.21824985882,1478454.6250175748],[337455.03084767447,1478506.2500194954],[337504.18693631748,1478579.6247346892],[337535.40666391596,1478590.3747155757],[337607.93762831314,1478630.2502565484],[337695.90633261122,1478673.0001915637],[337755.03106946655,1478681.8752584693],[337914.71874949831,1478651.1245359019],[338034.65580381255,1478656.1247015696],[338049.15663979488,1478643.6247219571],[338104.93702945299,1478640.0007573734],[338184.43733276473,1478589.0004897488],[338249.03021318524,1478523.6262766542],[338319.34422809252,1478447.625022671],[338392.09326086676,1478390.6250303069],[338532.71915740368,1478380.249874196],[338739.78116521938,1478434.3754725175],[338806.43645101908,1478381.501239035],[338929.06246224517,1478368.5004922582],[339002.15661192918,1478396.8745065462],[339046.18761964946,1478489.6253871452],[339118.65608691389,1478569.1246633232],[339195.78165720351,1478621.5001839085],[339252.90656482265,1478618.9995875077],[339335.68777007557,1478599.6254763701],[339411.31222402607,1478567.8753527515],[339500.71867841744,1478512.3745804797],[339655.34369564889,1478461.5001762337],[339712.75011690118,1478443.7502004434],[340034.84422075271,1478505.7502794648],[340127.43739682966,1478581.3747334152],[340232.78141016298,1478737.6248341175],[340329.31285372353,1478673.9996716252],[340426.46895257005,1478741.6245716002],[340513.74955632613,1478793.3744887761],[340525.28086988686,1478875.5003037436],[340522.87548087549,1478917.7485234709],[340573.96898063226,1479021.5001635901],[340581.28138218931,1479056.7503636708],[340623.84390481678,1479206.9998705206],[340722.84426165512,1479242.6248163667],[340880.40609105164,1479339.5003497032],[340975.31245114136,1479552.6254485042],[341067.6250617085,1479583.500059193],[341124.34338241885,1479675.5003421172],[341236.43756014574,1479757.5002146959],[341280.65590124356,1479792.8753300318],[341452.59373037756,1479814.7499585599],[341500.46882532589,1479847.374646985],[341544.62466929102,1479861.1248852925],[341710.34375718515,1479925.499697336],[341775.93706579064,1479936.6254511215],[341858.75003317674,1479958.0004186293],[341931.6250083397,1480043.7501981803],[341985.93801904895,1480097.6248598476],[342062.65605430631,1480143.6249618046],[342176.25040024891,1480249.7503078121],[342312.2816908934,1480368.3745272881],[342410.09412814869,1480405.3747260948],[342600.74965100142,1480461.874978428],[342679.18702899548,1480474.6247885507],[342863.81217111956,1480516.1254920044],[342941.31359331845,1480554.4998376279],[342999.03139409033,1480581.2497955789],[343089.43724953296,1480622.6245566439],[343141.06217244343,1480653.6251097212],[343263.74973267881,1480722.2494897577],[343321.7500742175,1480754.1246076417],[343394.53086912492,1480797.8749708419],[343476.31267332652,1480843.5003270335],[343525.84350773494,1480761.2495968109],[343545.03123361856,1480762.6247707612],[343612.53129734856,1480783.7499077586],[343647.90633367415,1480819.6247631251],[343672.18745735759,1480861.3752970891],[343709.43748667452,1480907.5003143013],[343765.28132158867,1480985.3745070086],[343895.59353201377,1481073.8747134705],[343960.59402647684,1481035.2504583267],[343975.9386132558,1480895.2502442093],[343946.53138151596,1480772.2504353414],[343946.09413861786,1480684.2498898997],[344065.12494500278,1480654.8754474267],[344243.87638378644,1480562.8761916361],[344337.00003489363,1480485.4996846924],[344513.71885517426,1480442.1250943912],[344605.37607545604,1480442.4998401566],[344725.43701789167,1480489.5004493087],[344801.56215999636,1480566.2502466994],[344912.7501688042,1480613.8755111373],[345028.87481901329,1480578.2495381576],[345115.06286859617,1480572.6246381938],[345184.06199439795,1480577.1251428409],[345263.78147223068,1480690.5003932728],[345298.15608037135,1480791.4995522136],[345338.62459350703,1480888.2501702954],[345509.6254397122,1480915.4997892666],[345571.56104634376,1480908.8745401283],[345698.68756221695,1480966.8748816669],[345802.59382545698,1481040.5005335149],[345887.2817068242,1481111.4985404294],[346043.99978542404,1481235.1250588507],[346118.34324567986,1481283.874560585],[346243.78115381586,1481335.6255048944],[346353.65640679584,1481402.499886205],[346447.34419131326,1481455.0003220453],[346594.84421937552,1481553.8747364949],[346672.40608443983,1481451.8750703586],[346759.62529720715,1481442.3754271776],[346911.00014749693,1481622.5001436649],[346980.43754333048,1481653.7495001189],[347080.65647574107,1481648.5005310748],[347253.03146876284,1481616.8753227114],[347400.62472895731,1481616.2496402918],[347529.59344855504,1481623.1247989507],[347657.62518522388,1481635.2499537875],[347763.84368435334,1481704.8747620089],[347938.40497087582,1481828.6251685517],[347971.40638032317,1481908.1254718634],[347978.93795640121,1482128.1247021896],[348081.40654855827,1482259.2499284118],[348177.31230969925,1482306.5003680743],[348305.968701654,1482328.7498213782],[348451.781228123,1482380.499738554],[348559.09330855939,1482426.9995805416],[348681.56272140739,1482512.1247048068],[348770.50017076748,1482570.1251253558],[348849.12496114941,1482626.2495257799],[349158.09340296895,1482802.5003681628],[349233.28164115502,1482844.7496150241],[349341.03199162311,1482918.1253573515],[349454.53113017645,1482982.1253446192],[349581.62493579305,1483040.1247380346],[349629.06270883302,1483085.5001847057],[349676.40638062765,1483170.5003937157],[349719.2504958986,1483244.1249394198],[349765.09399947751,1483304.874759746],[349799.90585051622,1483352.3751089289],[349840.87505180604,1483396.8750426702],[349872.93758207781,1483440.7504001358],[350010.90620482579,1483308.1249266877],[350052.96906643279,1483268.3753281038],[350103.46967303689,1483201.3750044045],[350229.34379693726,1483078.3741684027],[350349.62494102761,1482987.7491384391],[350472.5940148962,1482919.8753560774],[350551.65604817617,1482881.4999043101],[350641.68707884313,1482856.6249393506],[350760.37482258555,1482861.6251050183],[350798.59359696449,1482882.1245595959],[350824.74963462906,1482893.1253981264],[351080.09324529162,1482805.1249316952],[351284.43856358662,1482816.1246640817],[351374.93765116145,1482858.6247685868],[351458.84419985441,1482877.5001668273],[351627.12535414821,1482982.5000903846],[351717.06220455957,1483016.2501222496],[351817.0640167165,1483027.6247584221],[352028.46882465732,1483069.8749534066],[352105.50021469127,1483100.6246488402],[352275.31219319004,1483270.6250668603],[352425.68764242856,1483454.624526565],[352611.5937782473,1483415.7504409109],[352677.09393373085,1483606.6250592743],[352705.96871518338,1483681.2501121736],[352770.59335773712,1483757.3752542781],[352850.65581920207,1483815.8753358477],[352949.78109129547,1483833.7503059034],[353160.74968347186,1483929.6254110551],[353345.56215897348,1483994.1250593434],[353437.03101874399,1484173.000465259],[353344.46857766662,1484218.6247943167],[353262.78103273083,1484315.7501581637],[353222.90643988154,1484389.6246133884],[353208.93702705286,1484491.2504818824],[353248.12446748355,1484547.3748823064],[353526.31255788024,1484478.3746503606],[353693.00125994947,1484477.7490469513],[353768.12502574583,1484498.3754710515],[353819.46835601289,1484605.8749638759],[353765.09395431494,1484772.6252149544],[353857.24988749379,1484922.2499875079],[353973.03147506039,1484961.874749847],[354113.62466134079,1485011.3748492559],[354170.68707182718,1485068.8745026405],[354279.40616735729,1485198.2497301367],[354364.53129162255,1485336.7498550485],[354422.78154268174,1485473.2490445804],[354482.28102530248,1485609.6253731244],[354549.21893087932,1485702.125317069],[354815.18752816296,1485822.4996142813],[354868.87485645263,1485886.6245168042],[354839.50033496931,1486005.8744977103],[354799.469143742,1486077.2513589249],[354706.34351737774,1486255.500055287],[354682.3123032148,1486338.6253503161],[354603.78169308847,1486525.9998922173],[354678.87472388532,1486627.0000782919],[354891.0311566345,1486620.8745691841],[354991.71901506605,1486602.8746838733],[355105.43622199644,1486629.8754994681],[355223.0948568217,1486638.7504873634],[355364.71920628654,1486604.1249425686],[355458.03121790499,1486590.3747042608],[355600.53100128932,1486650.0001292704],[355606.34323463065,1486701.8749617015],[355595.93734352029,1486859.3754001092],[355598.93665281805,1486947.1250088965],[355659.34341050172,1487097.500458135],[355779.15657669451,1487140.750133181],[355907.59379412828,1487058.3754358268],[356165.24964068021,1486986.8746864907],[356227.81290498842,1487030.0003944049],[356220.96856033924,1487103.1252790885],[356196.74993378849,1487163.2504441289],[356182.9064633486,1487266.124596061],[356351.18753863213,1487290.9995610206],[356459.93736916175,1487239.2497228549],[356600.00008041185,1487240.375066295],[356715.37413294625,1487273.6253581292],[356815.56233035732,1487328.3745846029],[356903.65602892078,1487433.5004505489],[357021.90652976511,1487492.1254473734],[357109.28139278712,1487565.5001625672],[357217.03071612155,1487679.62498354],[357227.03112646705,1487737.625404089],[357150.56292171986,1487796.1254856584],[357080.49976445653,1487896.3750740583],[357060.53078490897,1488003.4998211171],[357088.28219817847,1488120.2501537458],[357292.8753717267,1488256.1246879916],[357400.53154193918,1488247.8743553823],[357525.8435076864,1488237.1254016296],[357591.78090606799,1488273.6258604054],[357698.53090736142,1488391.6244764721],[357777.00004748872,1488545.9996631935],[357796.96902703622,1488660.6251723205],[357780.99978497135,1488710.1253507396],[357695.25000542024,1488803.7496900009],[357666.15612845699,1488967.4995256378],[357858.78074554639,1489014.8759076891],[357980.46882572025,1489027.374860168],[358080.5627638654,1489080.8747760698],[358165.96845364041,1489183.6249608702],[358202.03166951821,1489391.6249787484],[358342.12511576782,1489554.6253228546],[358461.21841928543,1489586.5003617282],[358722.53086166736,1489612.87454678],[358774.50098049792,1489689.7502865593],[358806.00024647254,1489886.624550652],[358826.40646891814,1490068.8750387642],[358804.81240589975,1490210.5004153627],[358777.31287740782,1490319.3751611474],[358724.12528914894,1490464.374592809],[358657.12496544968,1490633.2495883789],[358607.93711467349,1490761.3744781697],[358553.87504061847,1490912.7503555932],[358517.68785760889,1491045.1248923873],[358509.21835047862,1491072.4995056239],[358498.90671863407,1491150.875413619],[358493.74987557816,1491250.7502562536],[358491.40587755555,1491294.2497618098],[358503.68778879096,1491428.5002397187],[358538.93790986144,1491523.1250071649],[358559.2500310617,1491562.6247752386],[358654.3754866622,1491638.0004258126],[358737.12492978189,1491678.6245892029],[358893.40576548374,1491755.1245560832],[359097.90570689971,1491789.0004513266],[359193.62516179681,1491813.374728132],[359229.46825503028,1491836.4997733759],[359249.37481645541,1491849.2495834986],[359266.31280358229,1491855.8748326371],[359304.31240344024,1491892.8750314438],[359305.65589426766,1491914.4999084719],[359303.46865264361,1491960.500010429],[359313.49971897836,1491998.1258916552],[359316.53079040931,1492026.0001659126],[359310.28131416987,1492048.0008158397],[359301.56292465271,1492071.6244949703],[359265.6563861632,1492127.5000920177],[359244.9060739415,1492161.9996944238],[359218.71827414376,1492190.3746568353],[359170.18786792026,1492227.9995109278],[359166.31201855908,1492247.3746491992],[359172.34334741114,1492282.6247702697],[359186.34349523933,1492322.6253055078],[359210.93797369942,1492369.3749780059],[359230.2812708274,1492413.9999060126],[359234.25035232084,1492436.7501264806],[359223.71851882164,1492552.1252061487],[359225.34360229247,1492598.0003928505],[359227.43761178426,1492630.9998270408],[359222.46920824982,1492653.0004769682],[359227.87493369263,1492698.499890771],[359247.37490820891,1492725.2498487218],[359268.78163784975,1492741.749565817],[359281.4065327174,1492760.1252240269],[359301.46874439716,1492795.750169873],[359531.37515293667,1492639.3751539155],[359544.31237544719,1492671.1252775341],[359586.84424208547,1492743.3746492879],[359603.56202755764,1492769.9996919837],[359616.40609694627,1492789.0000054794],[359626.74949092395,1492810.4998882422],[359647.65655954432,1493053.7500271909],[359630.53116002958,1493142.9998832042],[359620.93733659294,1493219.4998500845],[359608.65542535752,1493277.0004515925],[359614.53015583154,1493377.6238376342],[359597.71913822711,1493508.8750852556],[359618.87493121374,1493783.8753478227],[359706.93797378801,1494165.3747540393],[359740.68792664271,1494255.6250382375],[359813.93772658135,1494358.124365394],[359952.53100461524,1494358.375223038],[360061.81233730883,1494347.2504963861],[360177.81104512914,1494383.2501879975],[360257.65535920672,1494516.3753224663],[360268.59377961472,1494616.8748203865],[360301.99869456992,1495168.249650358],[360366.46871400269,1495284.9999829868],[360453.40625511634,1495346.6253162427],[360513.87550993275,1495439.2502544529],[360550.25010533014,1495542.1253545084],[360550.34325845208,1495722.9995625264],[360539.71921995434,1495832.6249059858],[360514.75007473916,1496227.7497142653],[360581.31204939639,1496454.000396088],[360671.09332856338,1496556.4997232445],[360745.15614429914,1496596.6251737378],[360856.03079833038,1496630.1253750925],[361121.93800462526,1496650.8746601806],[361218.5309181849,1496642.499333306],[361299.90613547771,1496641.749841775],[361426.21860842011,1496700.6246691099],[361471.40664270334,1496789.4997003477],[361449.21865939861,1496882.6253267119],[361365.18719545053,1497036.2499157584],[361302.43746687786,1497147.5003426888],[361111.87517615734,1497507.125041367],[361091.6245249561,1497686.8749330784],[361122.68757516635,1497759.2512743548],[361238.99963776325,1497838.4996138786],[361316.6249480836,1497843.0001185257],[361366.21835863497,1497845.1249420273],[361396.81240381394,1497856.3745839342],[361453.06274662667,1497896.6249496825],[361491.56208651536,1497939.6247152081],[361578.71880214999,1498033.2500816032],[361716.59427177603,1498103.4985179768],[361797.40630378202,1498199.6244807725],[361957.18713693571,1498307.8735441377],[362091.65576223179,1498395.8740895791],[362126.53113753686,1498506.4998612236],[362104.65642999846,1498640.4994814885],[362088.0932676472,1498802.3755092882],[362102.9689284052,1498919.4995605485],[362142.84344224422,1498981.6246338352],[362231.03140007355,1499039.5000601187],[362299.21853721188,1499144.6239508078],[362344.46906862786,1499242.3749970743],[362373.93777036679,1499439.6240069321],[362377.06302205328,1499516.000085691],[362380.75043189304,1499670.1253628917],[362390.12618695264,1499733.7495772606],[362411.40594707103,1499855.8758484558],[362444.15649887448,1499981.7500513666],[362504.00007127132,1500160.8752877922],[362548.1252592472,1500277.7495875526],[362673.68713451497,1500404.125505751],[362786.75005730387,1500387.873564899],[362877.96900755388,1500346.3749947227],[363016.84387823119,1500215.3746047453],[363047.15633076674,1500185.7513588958],[363067.53087008942,1500191.9998080016],[363132.81287818565,1500246.250321578],[363172.93730154517,1500342.7500030054],[363182.81279663555,1500467.4998105993],[363173.59371896426,1500593.7497864091],[363189.37452150765,1500666.2500158066],[363294.43796933122,1500769.7497711482],[363293.53172140184,1500819.4998590879],[363299.21903948812,1500898.3755071138],[363310.81277117121,1500917.499708731],[363368.40660481137,1500968.0003153351],[363441.21916185191,1501176.2501637235],[363497.50023966422,1501221.6246622712],[363587.81294198486,1501224.7498349475],[363803.62502244057,1501178.374987225],[363878.56240298279,1501166.3746686331],[363925.43801786954,1501146.8746941169],[364097.65641251334,1501048.6249349532],[364201.43776049826,1500984.1252076547],[364257.12491802411,1500951.7504287502],[364407.96834516025,1500888.1252662579],[364478.96840634214,1500862.124878848],[364560.15621124714,1500837.2498348781],[364619.96912765474,1500840.6259442086],[364735.59403783304,1500828.1249374626],[364771.53139033238,1500873.7502936542],[364771.68696157675,1500895.3751706823],[364767.2182980731,1500978.2495290572],[364752.90582260198,1501101.8750203447],[364733.15593856515,1501179.7501611754],[364720.87513347366,1501238.5001522654],[364694.87474606378,1501329.1251822291],[364669.9372049612,1501394.3755072022],[364644.84306548064,1501441.6249197312],[364637.34333054605,1501458.2495520813],[364596.81239928794,1501477.7495265976],[364703.6248187038,1501648.8752880578],[364674.18787909811,1501790.5006646565],[364670.12461734907,1501926.8749389332],[364670.40620999248,1501961.2495470739],[364668.06229098013,1501987.9995050246],[364686.09393842419,1502019.7497076534],[364697.68767010735,1502040.0002798445],[364733.62494359637,1502083.0001243802],[364807.4686638214,1502093.8750205219],[364845.37503154716,1502061.7500721277],[364903.62528260634,1502029.3752932234],[364979.81292184372,1502017.3740265081],[365092.25016221305,1502087.7504595376],[365090.18783584418,1502152.7498478568],[365057.87452693877,1502252.374859981],[365003.43762810808,1502450.2495522585],[365003.00038521003,1502561.1251544131],[365025.2191825246,1502638.6246013551],[365100.68798622047,1502697.8752805991],[365155.68696419406,1502742.1253838302],[365214.50040054007,1502783.62498114],[365253.2189149498,1502859.7502022549],[365295.21825229045,1503031.3746766124],[365314.31282505213,1503204.5002673089],[365555.28146311082,1503119.7499678193],[365607.21879267454,1503095.1247543597],[365655.09388762288,1503036.1250117696],[365678.15738385741,1503057.6248945324],[365729.90627389966,1503007.5000608275],[365936.21871117433,1502881.0002545074],[365976.71890743286,1502855.1247823527],[365992.0307839553,1502862.6245962975],[366025.53098531003,1502920.9997626119],[366031.28174865234,1503007.6249760825],[366055.71852259047,1503045.6246549508],[366160.68771114812,1503136.4995154247],[366193.90624084917,1503160.3750793329],[366232.59402025939,1503230.1248818196],[366249.59237124136,1503292.4997856168],[366206.78104523732,1503347.6247849893],[366142.09390555089,1503367.2497537711],[366054.21835437475,1503352.6249506569],[365972.90658233804,1503359.6250245711],[365964.90608023899,1503480.7498404477],[365943.8434403743,1503552.2496416604],[365914.84374366666,1503586.8751864552],[365844.21842825005,1503662.6245556609],[365802.74956593977,1503729.2501335947],[365786.93794938654,1503823.6249915205],[365810.21856587485,1503875.6247392066],[365902.96841934009,1503866.0001807704],[366022.12516811374,1503815.3746589113],[366061.28084641125,1503779.3748882895],[366143.37489924557,1503706.1250883508],[366233.18794054573,1503645.5001832799],[366318.18712242221,1503617.9996276542],[366366.62540265737,1503635.4998519446],[366431.74970623164,1503671.8753954654],[366453.71859402565,1503715.0011033798],[366427.74996874895,1503813.3747506649],[366395.1560943338,1503877.2498226776],[366422.78156521451,1503999.3751457494],[366504.15575537365,1503998.7494633298],[366639.03088856826,1504007.7504726241],[366695.3754116366,1504060.8745366167],[366771.71878013888,1504233.5004662927],[366671.43742960592,1504426.6248234129],[366607.18753281754,1504507.5003006749],[366555.96911780559,1504626.3754568051],[366499.56209760462,1504732.4997756791],[366478.31204535207,1504783.6250375689],[366442.22014874202,1504887.1247929104],[366454.56242383254,1505005.5012361435],[366530.31282017182,1505101.7500599271],[366567.71952687704,1505341.000461393],[366589.06273225154,1505471.9998242366],[366605.00029119349,1505560.9997707296],[366645.50048745208,1505702.125328287],[366684.4360431052,1505806.2498179246],[366737.71883875335,1505958.7500116543],[366787.96858771355,1506047.5000486267],[366811.56255897839,1506138.9996433968],[366841.78083125834,1506268.7496166583],[366857.09373491438,1506443.1245179267],[366849.12491593824,1506566.7500092143],[366837.68786164344,1506737.6249130308],[366922.84372090816,1506899.9995747174],[367001.15618364717,1506996.1254585027],[367073.03073062527,1507083.5003215247],[367117.09350047872,1507195.2504884857],[367144.28172846138,1507260.0000462944],[367220.00036266749,1507351.1248162889],[367306.96863878059,1507419.1245410393],[367470.09389814187,1507463.7504171694],[367640.96880195825,1507528.5000539885],[367708.71869619854,1507575.1248112314],[367776.46859043877,1507621.7495684745],[367926.18762225827,1507749.1248877242],[367949.37508562458,1507789.7500782481],[367977.84328016825,1507852.00006679],[367978.43720045465,1507930.8746876821],[367957.43705772259,1508012.6247297507],[367927.75020859635,1508123.7501624154],[367896.84383577446,1508238.6245539293],[367887.74975236855,1508382.6245845398],[367919.31246359926,1508520.0003141351],[367960.96881730773,1508646.9998604858],[368088.31237442431,1508842.2500682413],[368156.21894605289,1508906.6248012744],[368216.40660822584,1508962.1246254228],[368267.59334011486,1509008.8753250544],[368394.12388143438,1509090.6253671229],[368483.78119346965,1509179.1245464513],[368708.65772847563,1509488.1247504039],[368747.3752157517,1509562.9996338133],[368773.31207889528,1509630.2497880228],[368816.09377604374,1509740.7496172783],[368775.49932051927,1509920.7513937675],[368661.12466903613,1510095.0003526472],[368531.06236813159,1510218.2500710357],[368401.96873327874,1510296.9996976624],[368267.68752037047,1510364.3748461374],[368174.43800588476,1510476.000018833],[367978.74952809757,1510663.6244702546],[367908.25023408007,1510754.6253521277],[367873.49977403012,1510869.4997436416],[367922.59336554044,1510970.9995907366],[367951.21823747247,1511057.4999679625],[367920.25047366181,1511165.9999679818],[367904.68773949548,1511290.9996060859],[367873.84378479596,1511417.374497151],[367890.25034876924,1511570.1246004014],[367917.43754961819,1511634.8751853439],[367988.56252605526,1511789.6251178305],[367970.0936357131,1511868.8745634982],[367865.53095505398,1512000.8753026503],[367791.46916645189,1512125.0005339687],[367731.40641953406,1512255.5000777713],[367785.87500148767,1512396.4997719503],[367829.68786182057,1512471.2497401047],[367864.71896639059,1512565.249852265],[367894.9064246607,1512689.8747446039],[367847.43791662122,1512801.125171534],[367778.46841967502,1512931.624794347],[367755.7817234731,1513124.125523315],[367837.78159605182,1513206.2503111488],[367893.93775860895,1513235.125013591],[367970.37522835657,1513251.1250696657],[368119.43792176724,1513291.8750964345],[368246.99962627114,1513344.3745841514],[368437.06225597113,1513591.2497148174],[368468.50005194673,1513710.7495262336],[368515.12480918958,1513826.2495211568],[368553.25043044658,1513991.6245192748],[368580.90655731654,1514117.4996703088],[368611.15659172967,1514247.2497225807],[368629.65613806108,1514342.6250877017],[368701.81227768253,1514466.8752342751],[368771.03160513903,1514538.8746965085],[368854.03095777927,1514585.3745384961],[369055.43740964192,1514650.0002081837],[369071.99954485951,1514656.249684423],[369127.71846451855,1514792.1252458026],[369128.65647458105,1514916.8750533964],[369135.15578133066,1515104.1247590529],[369076.1559597305,1515205.2498603826],[369011.59381430945,1515242.7497202097],[368880.84333385259,1515270.5001853558],[368770.50018198532,1515308.3748699587],[368680.81213495054,1515389.3752624758],[368617.99998825544,1515490.5004428157],[368597.21894103417,1515600.2496743966],[368649.90576212865,1515839.3751606075],[368783.71899713931,1515881.6254346024],[368892.53132480162,1515808.1246980093],[369009.74955631758,1515839.0014419758],[369036.56201140123,1515855.2502224168],[369127.50039614143,1515941.2498324781],[369185.87453532213,1516090.9985721635],[369199.25105499808,1516180.1254881786],[369303.15629110445,1516298.9996171752],[369338.46898831788,1516431.2502658479],[369343.87463475036,1516473.2496031884],[369345.81204586418,1516559.8748956693],[369346.93746831449,1516708.8750919474],[369333.87430341513,1516829.999907824],[369330.53090434126,1516892.4998058865],[369333.62542102829,1516967.6245198061],[369349.50048283755,1517046.500167832],[369363.6245187872,1517065.5004813278],[369495.1563319182,1517140.8751047682],[369506.71830146818,1517154.750258331],[369587.09411770973,1517190.999859463],[369615.21830148762,1517208.624919998],[369653.84358376509,1517270.7499932849],[369665.74956408091,1517333.1248970819],[369672.56325274083,1517394.1246269285],[369666.8442515317,1517478.3752653976],[369623.06212619832,1517575.4996021108],[369575.34370863828,1517652.3753418904],[369550.62534205674,1517749.3747633484],[369533.18769390939,1517797.8745135826],[369519.74970423436,1517870.6245734906],[369637.78110956796,1518006.0004738497],[369720.90632558672,1518067.749695227],[369724.90606306941,1518093.1254273511],[369815.59359016578,1518145.9996608333],[369833.592448343,1518172.4997882741],[369827.78124213533,1518247.7504445824],[369786.3440629479,1518316.8745646498],[369765.31207907241,1518391.0009046518],[369762.93742506055,1518582.0004382704],[369767.4379297077,1518673.7498635508],[369780.56248559576,1518728.3761500262],[369826.68758181814,1518775.1247953905],[369886.71959373646,1518810.3749954712],[369948.03157221584,1518845.5002012867],[370082.06295461388,1518913.2500955269],[370108.8436475643,1518922.0011953006],[370181.50047533994,1518946.8752121369],[370267.34348702332,1519034.0001656383],[370331.21855903603,1519238.6251013195],[370298.81201799843,1519326.7495348826],[370285.250140202,1519382.9998776955],[370283.09458170086,1519432.6249713695],[370277.24963810295,1519502.7495196217],[370271.3124895065,1519556.3753779123],[370322.50016951887,1519601.7497974497],[370339.09414587996,1519608.0003008228],[370398.90595614363,1519616.4995158189],[370415.49985349434,1519621.3747662315],[370571.00038365566,1519669.8745164657],[370610.53088672884,1519686.125351174],[370699.96910325333,1519745.2500880293],[370730.59388343181,1519757.7500676417],[370744.68718438194,1519772.8745317764],[370806.12518426043,1519825.8747866577],[370852.15602121688,1519856.1247420607],[370867.56105086126,1519876.3753932619],[370880.46856550593,1519903.0003569473],[370915.53135319881,1520000.8752913354],[370915.87544297497,1520046.6246146585],[370920.18750810059,1520109.1254608445],[370923.18784453196,1520172.7486480796],[370929.93698179192,1520222.3746898773],[370927.62482491275,1520251.6242961055],[371017.09369742649,1520505.7503583294],[371030.18759732536,1520600.874786796],[371021.43752468535,1520682.3749983544],[370976.84333167819,1520819.1260726638],[370974.46970479999,1520973.0004922205],[371061.81383282243,1521031.2497161462],[371142.344272185,1521062.8749245096],[371223.90587473195,1521081.8752380053],[371301.65617931774,1521099.625292806],[371393.81203348632,1521143.7504807818],[371438.93772865739,1521183.7499888863],[371465.31286183267,1521311.6250481668],[371440.09380709694,1521394.7502641855],[371240.03084606177,1521787.1245665438],[371217.31333585008,1521941.2498437446],[371237.40628252935,1522145.6248699054],[371259.31275220099,1522237.9999776052],[371237.34386440692,1522361.6253898826],[371186.90670305892,1522452.7501598769],[371092.0003429692,1522543.3751898406],[370998.18764319661,1522622.4996412431],[370761.31284386589,1522796.8745425113],[370635.25028044404,1522847.3751491155],[370505.37531291699,1522899.1260934249],[370409.71835515258,1522945.2500835033],[370243.6245214931,1523103.1253466867],[370274.96916434669,1523224.6249873391],[370298.4074853569,1523404.749624816],[370273.06248823245,1523480.12527539],[370255.78143846308,1523580.8746038205],[370295.28120653675,1523807.7499409292],[370292.00038360583,1523909.4996975446],[370268.56198358536,1524021.7496045365],[370219.62506946333,1524126.7495280937],[370206.65608481958,1524256.625443744],[370257.93699696421,1524358.7500251352],[370320.46857814951,1524450.500398539],[370383.21830672218,1524554.8747186868],[370427.37517782097,1524685.1254591129],[370463.00012366707,1524834.5004011563],[370491.87490511959,1525033.6254311393],[370499.21906880982,1525164.3748844624],[370511.81220154423,1525376.4995550783],[370525.59522911871,1525512.2502012029],[370551.87515490473,1525707.500329948],[370540.936813507,1525809.375080829],[370500.93730540259,1525916.8745736531],[370459.40594595956,1526010.3749457828],[370417.24985222035,1526140.7496533406],[370595.2815073391,1526812.6247229131],[370634.56217990204,1526881.874785369],[370639.15583767107,1527000.000291948],[370625.65637799707,1527098.1251358564],[370285.71914523322,1527332.7501174202],[370114.53088664025,1527415.7504971942],[370039.24949533219,1527466.6248224298],[369946.84373164311,1527554.6253678715],[369928.6247508215,1527600.6254698285],[369889.34407825861,1527677.6251767396],[369829.09399796318,1527716.7501200375],[369729.18739319558,1527738.8746580861],[369349.7810483473,1527747.8746402469],[369202.09368690755,1527796.1244809604],[369117.34330840764,1527886.4996804139],[369078.375042498,1527981.2503902491],[369042.2810126103,1528095.0003864462],[369014.46923548571,1528174.2508592478],[368984.37485132727,1528195.1250595909],[368960.31187503116,1528198.1253960223],[368846.96838673245,1528178.3755119855],[368783.781494272,1528194.7503138254],[368701.62494430499,1528287.6250035355],[368699.12537503801,1528361.3735163715],[368693.2813795635,1528463.2502425094],[368662.28082648601,1528579.3748927184],[368605.93725154107,1528623.6249959494],[368428.37460145354,1528705.375038018],[368347.5011784588,1528727.1248303012],[368257.87349527911,1528755.3749564679],[368179.03166365379,1528820.2504566654],[368147.28146102501,1528892.0000883883],[368127.12506908964,1529046.125365589],[368102.68734702817,1529173.6246519706],[368025.87505250488,1529281.7498272143],[367995.7500123572,1529301.3747959961],[367944.84384597791,1529293.2504057756],[367830.78152213775,1529233.0002464699],[367671.15633923863,1529104.7504414241],[367604.15601553943,1529048.7499291215],[367505.49974847725,1528995.7496742401],[367400.68715829757,1528955.5003356256],[367386.87442285725,1528963.3748953356],[367303.93764635996,1529084.3748749676],[367238.49990899884,1529118.4996525981],[367173.43699641339,1529099.2505357256],[367094.21836475533,1529070.1248966292],[367049.81253225938,1529072.1247258654],[366987.81245323806,1529083.3754739163],[366932.31262908975,1529103.3751884634],[366828.09403820673,1529168.7504286917],[366766.62538233906,1529211.6252789623],[366731.68648276763,1529245.3742836935],[366686.68886326294,1529285.4997341868],[366586.90622562706,1529387.6252637014],[366526.09390816814,1529467.5003917888],[366509.50001081743,1529533.8750330685],[366501.15644607588,1529568.2496412091],[366510.56293613504,1529596.1239944766],[366518.6248292228,1529621.3748113455],[366530.75006306992,1529660.6247489089],[366537.65587771812,1529693.5002159674],[366593.24988212204,1529750.999869352],[366636.96856219938,1529783.3746482565],[366657.40654677816,1529790.6245526809],[366732.09401779983,1529851.6253096613],[366811.43764372327,1529959.6245425162],[366923.28096380626,1530112.7504186656],[366974.24954830797,1530197.1249452562],[367001.78083893307,1530246.2502988996],[367023.06265331875,1530303.0003817431],[367039.43737614853,1530367.6250242968],[367047.53111037979,1530467.8746126967],[367054.34377190605,1530566.874969535],[367035.37522054341,1530644.7491622423],[367018.31231816142,1530685.7501256652],[366929.78137669986,1530777.5004990688],[366868.68746659753,1530840.749888662],[366842.49966679985,1530867.9995866437],[366779.71928223793,1530907.1245299417],[366701.49997262092,1531007.6250549958],[366626.75000446651,1531087.7489074494],[366523.71822702268,1531149.2503525838],[366397.24907669192,1531249.2501104735],[366360.28166715207,1531313.3750920068],[366360.49981453945,1531326.1249021294],[366351.37491712376,1531384.7498989541],[366334.75028477347,1531449.876335806],[366336.53101849894,1531551.5000710224],[366351.43741425645,1531606.0004941195],[366361.25041221414,1531659.1245581119],[366383.65654290625,1531707.1245683155],[366417.74955840345,1531768.7499015713],[366457.93750602932,1531817.6254247045],[366554.62459984457,1531901.2503807542],[366612.62502039352,1531952.3746155105],[366715.31270806125,1532016.6254604221],[366765.40577963315,1532050.1246346433],[366849.4690057144,1532211.3749010132],[366858.0941630993,1532269.7500673276],[366860.15648946824,1532315.5003387742],[366856.87353325973,1532346.0002036977],[366808.62369254604,1532416.7504343693],[366744.59399741236,1532457.2496034943],[366697.21864249476,1532507.6252948432],[366645.93773035018,1532550.5001451136],[366416.75015735219,1532729.7503758047],[366229.56294882845,1532842.2500342964],[366086.40674802498,1532932.3764303732],[365975.9058916358,1533074.1245889491],[365895.34369014006,1533186.1245864206],[365829.12469911505,1533318.1254045828],[365764.12531079591,1533448.874857906],[365675.56260720117,1533611.8751230019],[365606.46922213351,1533726.1238320961],[365536.21873149264,1533846.8749293413],[365439.78146818763,1533994.624866924],[365360.65598965157,1534116.7501899959],[365295.15686130169,1534218.3749523461],[365188.93733503856,1534315.5003952032],[365145.09373970609,1534348.0000893627],[365063.21878238255,1534385.0002881694],[364836.52975151781,1534391.8754468283],[364721.9062966581,1534401.1251804889],[364612.37513345428,1534410.6248236701],[364513.06244897301,1534413.7500753566],[364411.21851210191,1534418.1246376149],[364250.71884340665,1534433.4999593934],[364125.71912629216,1534465.6249077877],[363994.15665717184,1534520.7499071602],[363811.53134428401,1534599.4996127973],[363586.25035564671,1534754.3754876726],[363514.43719965743,1534823.875380639],[363443.75049325213,1534906.0001684728],[363357.50002554682,1535028.7501468305],[363338.03276128706,1535233.3761096455],[363349.46878844826,1535393.749835952],[363369.97029729345,1535536.3746136017],[363386.4996432442,1535699.2499634426],[363359.46911978349,1535892.5003419619],[363342.31203714584,1535969.8747946383],[363311.90635247814,1536110.8764640742],[363271.90589625033,1536177.9997277716],[363110.31256723794,1536330.7497520116],[363048.74965210439,1536387.6247501103],[362930.8125060366,1536492.3748431571],[362764.4370797337,1536605.6251783338],[362673.65639951546,1536658.3755236948],[362525.49995403411,1536719.6250050415],[362402.93746707437,1536768.3735586521],[362289.40553925425,1536799.3752178736],[362171.96908134065,1536840.6249846732],[361980.49951555714,1536906.6248801877],[361872.12450980319,1536928.7504453699],[361663.49983663909,1536914.6253822867],[361582.18711647898,1536896.1247298112],[361528.87461296498,1536877.9999292453],[361499.68750386953,1536868.87511084],[361414.43746434915,1536865.7498591533],[361211.25027876103,1536807.1247833185],[361170.75000349217,1536778.7497418968],[361032.81314287736,1536677.374810057],[360954.46891800524,1536608.1247476009],[360868.84310558584,1536490.4999291762],[360800.96829609043,1536381.8750139016],[360715.53084418224,1536243.8746290205],[360569.2821019488,1536068.625241956],[360502.43742850423,1535991.8754445654],[360439.18701177742,1535944.3750953826],[360331.53084156493,1535876.1245129881],[360113.37484209688,1535781.749576052],[359868.31212827936,1535708.8746008889],[359658.49969355279,1535680.625501856],[359296.31292847486,1535770.8746799103],[359172.52973266528,1535808.2497034927],[359039.78147723956,1535855.6250584102],[358817.71889341081,1535931.6252852597],[358664.53154726233,1535986.5004541222],[358208.31290789082,1536212.2514749244],[358093.21839373256,1536280.125257286],[357943.43789191404,1536388.375347785],[357821.53174336313,1536509.6251579269],[357722.46896840242,1536641.25012418],[357651.49956320971,1536761.6254485259],[357576.59402381099,1536897.1242098729],[357519.12510542601,1537077.3758168723],[357494.15588120057,1537176.3751465769],[357440.65699243237,1537340.1249822138],[357420.90608126187,1537421.3752842515],[357397.43702525215,1537491.1250867383],[357362.50017994805,1537563.3754066152],[357278.75030864339,1537688.7498694952],[357199.25000533165,1537764.5003448448],[357119.7189670204,1537841.4999727455],[357009.65638066293,1537914.4999421739],[356879.37490523735,1537970.8752002418],[356737.6563755169,1538024.5000313988],[356606.21882165171,1538065.6248829432],[356449.18738827523,1538125.5002174734],[356276.78166025388,1538199.3736455643],[356013.7191401358,1538303.1253646936],[355857.81202306564,1538383.375159536],[355734.87573846395,1538476.6247530321],[355616.93756526255,1538578.8751978017],[355528.28170854587,1538682.4999474087],[355429.18717145198,1538817.8747416236],[355355.37521336012,1538975.1253495212],[355271.15633702424,1539161.5004903711],[355234.71829637076,1539259.1245671152],[355138.12538281112,1539558.6251278869],[355108.00034266344,1539666.5004726204],[355065.56273529108,1539878.6251432365],[355022.9673443865,1540112.3746118702],[355005.46822624002,1540230.6251127147],[354994.50017697643,1540329.7503848081],[354976.71843905293,1540481.0002408323],[354976.03128663433,1540570.0001873253],[354989.53169443173,1540788.8751013451],[354982.25002787419,1540903.2507799619],[354966.4692253308,1540965.4997413701],[354943.03082531033,1541032.7498955796],[354915.71768207254,1541103.7499567615],[354898.65580682422,1541168.4995145705],[354890.65633185883,1541215.5001237225],[354872.03076412843,1541314.6243686823],[354865.28162686847,1541521.8747370092],[354852.8113551219,1541649.000304759],[354806.90646055416,1541817.8753003289],[354778.24982648902,1541900.249918673],[354736.1562298825,1542067.8746555478],[354539.56261030992,1542460.8745613154],[354437.81277468411,1542606.3747601414],[354403.0316586449,1542659.4998512676],[354301.34329301817,1542802.5004018163],[354212.68743630149,1542906.2500666783],[353984.84335413086,1543064.8748213924],[353849.43774590595,1543126.2503241382],[353778.09264682449,1543132.1250546123],[353589.62539272947,1543146.000208175],[353482.84370831313,1543126.2503241382],[353404.12473767565,1543101.5002744338],[353313.93797774374,1543081.7503903969],[353188.2808950867,1543035.1246060205],[353090.62410808611,1542992.3756191286],[353027.21898922801,1542961.499981306],[352956.12474779051,1542940.6247538293],[352879.99952667556,1542909.5002336199],[352776.09326343553,1542851.6248073364],[352674.71825258533,1542793.6254139212],[352616.31243028177,1542775.3746709663],[352467.31223400385,1542787.1250800379],[352392.06252581871,1542804.3753948077],[352273.24986682116,1542861.9989363137],[352173.46928345255,1542923.6252967033],[352078.905906995,1542968.7498857304],[352007.25053453795,1543016.6249806788],[351971.34391703818,1543048.125273787],[351897.68760920095,1543186.2495467898],[351872.15725395596,1543354.0002260532],[351880.43729443109,1543434.1251056406],[351897.75010633364,1543495.3746659975],[351932.43704211724,1543615.1253350575],[351969.87448382197,1543709.4992448599],[352008.62468135462,1543797.6246265464],[352054.96887308767,1543889.4999942153],[352116.62494134321,1543978.9996017287],[352159.40663849167,1544040.2501892194],[352229.78109626431,1544152.7499267214],[352259.71872402419,1544231.7504900023],[352276.84412353893,1544317.1254447778],[352286.34376672003,1544401.1252256031],[352318.09389033855,1544568.0003129265],[352319.96888332989,1544653.2504314571],[352324.84413374239,1544678.7500517026],[352326.68728559028,1544766.4996604898],[352336.25045303768,1544846.7495343427],[352334.59360743372,1544893.7501434949],[352332.40636580967,1545006.8754844062],[352340.56251816335,1545102.3747376485],[352346.28151937248,1545182.4996962463],[352317.09346215357,1545328.6254984816],[352310.25109276146,1545388.3748906229],[352280.000110225,1545510.2503041741],[352252.68791511061,1545582.4996759279],[352235.78169011686,1545628.2499473747],[352173.74984896235,1545746.1245963096],[352146.43773285823,1545817.1247365018],[352133.53124534717,1545838.6246192646],[352091.12532109773,1545891.7497103908],[352044.90604461974,1545939.7497205944],[352015.31242762576,1545978.9996581578],[351970.21857359807,1546048.6265206463],[351910.74974696664,1546162.6253992305],[351816.62471955107,1546312.1252565288],[351752.24990750762,1546401.9986616841],[351722.65636952384,1546442.4999640868],[351691.65573743609,1546500.7511632694],[351674.87545483111,1546529.8747480984],[351651.46992308774,1546589.5002521181],[351633.24983612221,1546639.0004305374],[351598.2813076952,1546717.6251419089],[351581.43750082393,1546754.3734559382],[351553.00004127977,1546807.6245684633],[351520.56276524265,1546885.0000482735],[351488.43781684845,1546922.8747328762],[351411.09409917152,1547041.8737771281],[351363.37465447781,1547120.3746003781],[351310.40624073992,1547217.999704256],[351296.12450026831,1547253.4997348469],[351279.00012788724,1547324.6247112839],[351269.81281234912,1547358.8755103133],[351248.87508773955,1547430.0004867504],[351232.06201586779,1547465.5005173413],[351207.03140065359,1547570.8752656742],[351198.37653540279,1547696.7504167084],[351198.46866139106,1547843.0001860755],[351194.12491314253,1547910.37525554],[351192.21918515168,1547989.2498764321],[350902.2807646938,1548099.0001351468],[350795.37519215606,1548223.6250274857],[350741.65610173321,1548254.7495476948],[350687.90635532112,1548288.4995795598],[350671.24996083765,1548300.999480162],[350599.59253411327,1548347.1245763844],[350488.1249869293,1548427.249534982],[350285.8440492705,1548562.1246681768],[350124.56202076742,1548668.2499351739],[350040.12499704416,1548719.3751970639],[349976.87458031735,1548803.8746389097],[349933.96796791378,1548887.374679704],[349879.28123857285,1548996.1245102338],[349832.90733897383,1549155.9996026533],[349841.71785447933,1549265.6249461127],[349898.43822945695,1549403.8751615041],[349950.59260026406,1549497.6254431542],[350016.71843816712,1549698.3745294744],[350081.18743046623,1549823.9988228646],[350183.68778475642,1549956.6252444361],[350249.8750136483,1550046.6256191139],[350437.59261819202,1550376.3751081547],[350496.03130877274,1550477.7501190049],[350567.62529024103,1550644.250460563],[350680.43632825237,1550868.6252802811],[350793.75010868523,1551049.6254306878],[350902.15584943868,1551217.8747438381],[350948.12529540644,1551301.2498693774],[351000.21922334813,1551401.249627267],[351101.12522916705,1551560.5000644007],[351176.09326569852,1551659.6253364943],[351257.31283273664,1551767.6245693492],[351309.74982332083,1551839.6250587159],[351329.59396662354,1551878.1254257383],[351340.71869327547,1551902.4997025437],[351404.56200315501,1552081.625966103],[351409.03177280258,1552131.3749478988],[351424.31291432551,1552230.8749657576],[351383.84337405616,1552321.9997357521],[351313.65640768158,1552349.1254666019],[351239.93760271167,1552355.7497676171],[351162.34397551423,1552367.5011248118],[351050.24979778734,1552396.6247096411],[350916.50000803272,1552430.4996567611],[350785.12495130027,1552478.4996669646],[350718.9049331416,1552494.1248982635],[350613.21888429945,1552519.499603254],[350491.06282622804,1552539.5003449346],[350367.74974159361,1552553.249635119],[350231.65603282669,1552571.8762299831],[350105.74904064916,1552588.0000951688],[349963.40593465313,1552598.8749913105],[349804.59376755118,1552605.7501499695],[349713.24990204605,1552599.374652331],[349500.37463375536,1552563.4998759746],[349349.34379423142,1552557.7501397661],[349155.75051109027,1552604.8745580295],[349086.37553337915,1552671.3752207081],[348892.87532434968,1553021.6251914604],[348884.28090196429,1553309.3753431607],[348915.62451768422,1553446.0004750811],[348951.93764308258,1553694.8755139937],[348965.90602877759,1553798.25035408],[348941.15590006288,1554159.6250514842],[348918.24900220631,1554164.3753866416],[348887.34365651809,1554198.3752490168],[348857.90679592267,1554218.375042574],[348825.96925991628,1554233.2495971881],[348687.18754236092,1554265.7503974917],[348582.21827479295,1554230.0004573802],[348478.84446184029,1554170.1251228501],[348398.31204722071,1554110.3747825855],[348339.15657536581,1554067.6247685598],[348220.90607452148,1553976.8748233411],[348041.59342570801,1553895.6245213035],[347869.99968635011,1553911.1248373473],[347833.87500047323,1553957.8745098454],[347718.09341290663,1554181.7495895328],[347699.68804683088,1554233.7503643527],[347695.96887485799,1554331.7502139958],[347728.15521424089,1554502.7500330673],[347759.43838709552,1554641.9997285202],[347772.81285250414,1554793.7503517091],[347794.96812555235,1554852.6252580541],[347853.00022922416,1554985.8753077779],[347869.06270342128,1555021.7500841343],[347966.78103943123,1555233.1251842093],[347988.93726060278,1555290.7498318593],[348019.75048030273,1555366.2503186779],[348036.96903293941,1555515.5004244763],[348007.56282833323,1555740.4998204703],[347965.65664411453,1555843.1250900156],[347885.78159503744,1555938.8752009019],[347784.56223444192,1556011.500424565],[347582.59362442611,1556120.8748313703],[347455.49981880945,1556236.3749053036],[347353.81255932664,1556348.374902775],[347282.65582075639,1556454.3752545172],[347236.09348163597,1556525.1254851888],[347159.90584239858,1556629.8745511021],[346863.78146996768,1556962.1246365434],[346830.0948833588,1557016.5000653751],[346779.65574675374,1557092.2504617143],[346713.71834837215,1557291.3754916973],[346682.87549981661,1557424.6255414211],[346653.00029017916,1557582.124873685],[346646.81220492849,1557675.1245576604],[346558.81276563089,1557704.5001062774],[346499.81294403068,1557754.6248609722],[346467.59381538088,1557895.6245551512],[346446.40618125076,1557966.6246163331],[346405.18714945071,1558117.6246418473],[346391.93759929721,1558266.4999228702],[346361.43773437385,1558374.3752676037],[346277.40627042577,1558701.7501026324],[346227.93785413977,1558801.7498605221],[346147.18729213288,1558863.1253632677],[346015.65650613548,1558923.7502683389],[345887.74865758809,1558896.6254856123],[345740.71968882444,1558875.6253428804],[345631.62474138499,1558867.8746712916],[345563.18777373643,1558855.4996069341],[345438.15637349896,1558800.3746075614],[345329.6246113464,1558746.6248611494],[345206.03088219196,1558677.6247082138],[344744.03082348895,1558350.6256460841],[344584.844858745,1558284.7496386913],[344497.03172569128,1558301.5002924406],[344408.84384687222,1558348.7497049693],[344268.78113562212,1558484.3754358387],[344259.90614772693,1558689.3751172854],[344271.12505463447,1558811.7502708675],[344322.7500565552,1558950.0004862589],[344349.09342759731,1559078.9999408561],[344350.28126817005,1559189.7496006221],[344346.56209619716,1559286.5002187036],[344340.21843970212,1559389.6252282797],[344312.71891121019,1559561.1247083717],[344302.5618234764,1559664.1248026928],[344251.87491062842,1559760.2497383547],[344190.71850339341,1559777.3760859929],[343969.62466462667,1559791.000460922],[343667.25073694607,1559699.1250932529],[343644.3438390895,1559704.0003436655],[343591.78090611653,1559746.5004481704],[343566.09387348325,1559770.3749849452],[343518.37545592326,1559829.6247160658],[343438.68781923398,1559907.6247721515],[343351.96834649739,1560042.7498148668],[343338.68600707705,1560090.8747403254],[343285.71862047282,1560267.2495498401],[343224.65647250373,1560381.1254884261],[343149.71909196151,1560487.1248130347],[343088.06199657236,1560543.6250653679],[343050.93790964421,1560567.2497716323],[343034.46892754862,1560564.5002928446],[343021.81227054779,1560563.1251188945],[342997.5004908751,1560576.750441947],[342978.4376802466,1560577.7498429981],[342978.5309123788,1560570.1262199422],[342954.40646608366,1560590.7495626414],[342922.03168717923,1560619.6252922174],[342824.2499059132,1560678.0004585318],[342783.87462490977,1560690.3744957554],[342665.2504054337,1560725.1249558053],[342587.90660874645,1560733.3753674249],[342468.59420971811,1560738.7502788578],[342429.12517664401,1560735.999851947],[342404.96904722595,1560735.2502814059],[342232.74962544849,1560761.124726427],[342218.81300188671,1560762.749809898],[342107.9373207218,1560748.8745773248],[341949.53174052865,1560711.8754056518],[341835.09356477915,1560654.8765194318],[341735.34371641011,1560626.7502813865],[341594.03169458825,1560616.1252947655],[341508.87480818981,1560614.3752960395],[341330.37525418372,1560698.8747378851],[341254.74977309955,1560780.9995257191],[341166.0621542497,1560902.8750182807],[341027.12478643964,1561104.8753904297],[340966.12513560324,1561269.2498813525],[340923.93735874112,1561368.3751534459],[340901.46873091633,1561496.2502127264],[340854.84397367347,1561678.2498431946],[340840.28166769206,1561763.8746284805],[340838.78149947635,1561808.4985293534],[340836.96900361771,1561840.3745953608],[340831.81216056179,1561892.6252797011],[340822.53066476807,1561985.8747941868],[340816.46852190618,1562053.499773172],[340813.49994760798,1562090.4999719786],[340812.68795894453,1562165.6246858984],[340812.49951942306,1562211.4998726002],[340813.8747723836,1562271.2502918751],[340815.3442055998,1562334.8755333775],[340812.24968891282,1562366.8754875064],[340811.43762123905,1562385.8747738686],[340802.03113117995,1562419.2500599681],[340780.46883029473,1562475.8751485462],[340751.15680594416,1562582.2503250639],[340556.28142296436,1562783.0004385179],[340469.81280787173,1562890.8747561176],[340399.81214774103,1562995.6248491646],[340361.6241083616,1563048.7499402908],[340321.62467926746,1563132.4998115955],[340291.62447536463,1563209.6254608952],[340254.93763133459,1563381.1249409872],[340249.84328541136,1563436.0001098497],[340250.43720569776,1563516.2499837026],[340254.93763133459,1563877.7495963618],[340262.53162553505,1564096.6245103816],[340278.37500422139,1564232.5000717612],[340283.37619702268,1564339.2499940444],[340286.65504469653,1564425.7503712701],[340274.40592272795,1564556.0000845625],[340245.12463337689,1564663.6245716522],[340175.87464993121,1564801.5010684119],[340133.62540307001,1564898.1246379607],[340114.81250196206,1564964.7502158945],[340089.59344722639,1565027.7497749776],[340052.93623205187,1565201.7498514701],[340035.46887603862,1565270.999913926],[340024.03079461015,1565325.99897091],[340000.37535334623,1565401.750394383],[339959.75024183252,1565513.4995342104],[339918.12462312361,1565636.7502007224],[339889.5314343145,1565720.2502415166],[339798.56239358505,1565962.999692311],[339849.25033356668,1566122.2501294448],[339855.09330190753,1566155.2494846249],[339876.31261916051,1566248.9997662751],[339917.28079331672,1566372.7501728178],[339955.24973718543,1566420.2514701241],[340021.90597110853,1566445.3753174706],[340109.34230412956,1566490.3749912425],[340294.53165867412,1566530.3744993471],[340437.53118208924,1566559.9998784743],[340491.53083802183,1566586.7498364251],[340655.65652556805,1566706.2495688309],[340683.09355692728,1566738.7502901242],[340726.53167149483,1566803.8746727088],[340760.81209937984,1566857.7503615096],[340815.74968636472,1566926.4987086777],[340860.24969911622,1566982.7500786241],[340946.81249446451,1567153.7498976956],[341048.09324604878,1567468.3749226017],[341075.6562197968,1567560.6250360364],[341095.81269074243,1567663.2503055816],[341108.09246870026,1567810.750333644],[341101.50000882865,1568021.0000112685],[341080.96879211761,1568122.0002763532],[341054.71849518723,1568251.2494824505],[341019.74893962656,1568388.3753815356],[340988.53126629535,1568466.8752566623],[340875.09359774104,1568507.7492505629],[340840.28166769206,1568485.7496277695],[340763.18778052536,1568393.3745990798],[340744.65647206083,1568362.0002483602],[340702.03145230067,1568276.3753840642],[340599.75019352115,1568138.8747392138],[340441.59341670462,1568058.624865361],[340348.21890795347,1568087.6245620688],[340276.37509597494,1568166.9999501253],[340221.50000612281,1568267.7502266793],[340175.28175677848,1568358.0005108775],[340103.34368553403,1568489.6254771305],[339945.09367658524,1568569.750356718],[339716.40584361803,1568571.5004344541],[339473.90622333379,1568470.5001693694],[339380.5307664593,1568333.8750374487],[339324.71964180167,1568283.1246003343],[339200.71837761503,1568195.6248220573],[339072.12550992664,1568129.9997513187],[338993.59395167697,1568086.1254209867],[338884.81235901418,1568053.1249596628],[338777.90678647638,1568045.5003094729],[338653.34328512626,1568043.3754859713],[338497.62460757763,1568068.8751062169],[338402.03117407957,1568111.8749507526],[338317.78156274412,1568150.8749787956],[338201.75006565696,1568188.1250081125],[338125.53169142012,1568244.6252604458],[338107.87486875168,1568250.2500813992],[338049.40654931543,1568249.1247379591],[337985.65536542417,1568240.3746653192],[337872.59346976894,1568241.8748335349],[337798.49991903361,1568279.374693362],[337740.7186730057,1568308.7501629686],[337649.62463801081,1568380.9995347224],[337584.46857230342,1568476.8746398741],[337556.78163142363,1568543.749969308],[337550.2188004076,1568644.5003248723],[337561.84326709027,1568762.6248833279],[337577.78082603228,1568902.2503516797],[337598.06213322276,1569011.2500127198],[337631.28169005748,1569128.8748311445],[337669.37452204764,1569237.499746419],[337732.06278062123,1569365.8745457304],[337771.99979159294,1569499.8751931288],[337760.71838755277,1569617.2501810433],[337721.25038161228,1569723.8751880713],[337667.75046571047,1569773.6251970008],[337513.21860160097,1569904.6244808342],[337400.49976858817,1570032.1247943493],[337285.56295895181,1570116.5003480737],[337153.43722553441,1570227.8746631253],[337075.93785760284,1570284.4998307137],[336944.7183721147,1570324.6252812068],[336861.1559131979,1570338.1246618708],[336751.9995747697,1570343.3747370588],[336658.0936428649,1570349.3753309113],[336510.06211263873,1570377.249684179],[336339.1565528331,1570405.4997313353],[336192.56277270016,1570495.6251002785],[336136.65644065331,1570550.5001901307],[336047.18748912925,1570637.9999684077],[335979.59324514359,1570737.6249805319],[335936.7183948732,1570862.2498728707],[335884.09399190114,1571115.62533742],[335829.78106020222,1571295.2503138764],[335797.3437841651,1571376.24967926],[335726.31196084997,1571547.2494983315],[335652.28090724739,1571642.0002081664],[335545.9067578633,1571713.3750941241],[335405.18762919412,1571782.9999023455],[335208.0942695908,1571832.3751655095],[335128.59396627906,1571857.250130469],[335006.87523011595,1571867.7502808452],[334917.81278649048,1571863.6246009739],[334794.40646972385,1571857.6249552446],[334667.62601888384,1571869.6251948264],[334586.93795400963,1571897.1247233183],[334495.40667611669,1571951.5001521499],[334456.00006116496,1572005.8745538481],[334416.46853095817,1572109.999991609],[334406.25005223555,1572271.99982852],[334403.06230341631,1572354.8752140284],[334398.78097329021,1572444.1260971755],[334409.59337229916,1572582.6251159434],[334433.31233782944,1572729.7503982403],[334467.28146520519,1572825.6254243818],[334528.34361317428,1572938.7498171697],[334559.43739838403,1573019.5003791766],[334600.12500703044,1573130.6238365844],[334632.34413568024,1573205.0000861071],[334688.7501287476,1573337.2496286358],[334754.28101923066,1573478.2503499484],[334804.5307681908,1573618.3745311974],[334831.90632955101,1573759.1253429896],[334867.71868778492,1573879.1248154261],[334880.09375214227,1573919.625090695],[334897.87446293217,1574028.74966699],[334913.81202187412,1574114.8752194401],[334896.56273423793,1574522.7498378423],[334913.28162585408,1574642.1256821267],[334926.15635123197,1574704.1248130249],[334936.78133785306,1574780.2499551293],[334946.78174819861,1574827.1246218928],[334947.96753450402,1574879.3752272229],[334941.65666727588,1574991.5001399494],[334956.59371902258,1575197.5002495809],[334972.93778586312,1575300.249486258],[334974.12459930225,1575352.3751763329],[334985.50018359802,1575459.1250986161],[334996.78166664852,1575563.2495092435],[334998.74973375152,1575648.499548764],[334993.62465282879,1575702.1254070546],[334957.71906246268,1575742.3747456691],[334983.96833225945,1575772.4998648271],[334978.96911471518,1575808.1248106733],[334957.53172908514,1575878.2503860591],[334914.50012241612,1575948.374934311],[334871.50035689055,1576018.500509697],[334844.90604919428,1576061.8750999982],[334714.31224612577,1576171.7502739679],[334650.90617914428,1576217.7503759246],[334581.09395853512,1576243.3749904355],[334395.65572160366,1576257.8747992844],[334321.96867876698,1576250.3750643497],[334217.71832575079,1576213.6236689196],[334098.28101146733,1576198.7500624289],[333938.18785067066,1576185.1247393764],[333870.81270219578,1576172.4998445087],[333785.68757793051,1576158.7495271908],[333672.56223701918,1576129.624915228],[333593.75011325971,1576106.9996890253],[333504.75016676693,1576075.3755077955],[333436.09402459732,1576044.8746157384],[333368.68719299952,1576015.748976642],[333251.68797798402,1575966.3747406118],[333165.24907075724,1575937.3751229143],[333010.25033489405,1575930.0002242245],[332885.75035781029,1575927.7484312006],[332823.50036926841,1575921.6249763602],[332752.31289569865,1575901.3753522926],[332657.00002771034,1575886.3747762796],[332574.43791796814,1575886.4996915346],[332491.90662223578,1575903.2502662737],[332357.37455168361,1575960.8748349133],[332326.96886701585,1575990.2503835303],[332305.49971925264,1576052.7502025825],[332304.37429680227,1576112.6245099788],[332314.59388166881,1576141.8750643304],[332363.03113477031,1576206.7495373944],[332388.4682578831,1576225.7498508901],[332481.34405373712,1576286.6256926153],[332496.62519525999,1576301.875072005],[332511.99956891511,1576360.5000688296],[332481.65638138005,1576424.2502255873],[332453.84349811147,1576480.2507378897],[332429.78154894902,1576515.9995718573],[332390.56234638515,1576578.5004970534],[332376.68719282234,1576620.6247496491],[332369.31229413266,1576730.1251778533],[332439.56278477353,1576898.1246604933],[332393.06294278579,1577119.7500014242],[332348.6561621665,1577149.1244438973],[332273.81201375648,1577192.6249765872],[332156.96852800593,1577205.6246962305],[332056.65644247341,1577217.3751053018],[331871.37488293025,1577308.2499657758],[331818.15663868212,1577357.9999747053],[331748.40580906172,1577414.2503965283],[331690.12482300302,1577478.1254685409],[331583.74972549552,1577623.499645968],[331498.90722100739,1577739.6253233107],[331467.43766289862,1577865.7503838653],[331409.21909496229,1577970.3745345233],[331298.99983121653,1578089.1246963881],[331188.62491721602,1578156.8745906285],[331021.18767173943,1578262.9999366361],[330885.40629061544,1578325.6246709432],[330725.4062829407,1578357.8745345925],[330612.40577827423,1578387.4999137197],[330494.37547908456,1578432.3746722366],[330397.87477052351,1578449.1252469758],[330189.81225551263,1578560.3746467724],[330079.5622567673,1578687.9998755427],[330011.21852125094,1578792.6250533345],[329816.18740900618,1579059.2500680373],[329717.31204643333,1579144.874853323],[329632.40609668905,1579240.6250432197],[329557.62539353519,1579306.9996844993],[329510.74977864843,1579369.4995035515],[329406.90593353077,1579503.5001509499],[329351.18701387173,1579580.0001178302],[329313.24983213621,1579657.750422416],[329260.06224387733,1579736.8748738184],[329161.25032656052,1579854.2498617331],[329043.3439154923,1579958.9999547799],[328948.2194080152,1580016.4996081644],[328785.78130107257,1580098.5005078767],[328676.59422764485,1580122.8747846822],[328613.06221827463,1580111.6250637649],[328524.06227178185,1580073.6254639069],[328433.74956946116,1580029.2504454209],[328282.53139655961,1579999.1254052732],[328184.74961529358,1580019.6248598509],[327781.31205628242,1580252.4998426887],[327653.43802413554,1580436.1245566278],[327568.53096824739,1580527.9998452866],[327475.96852716996,1580600.87489946],[327427.78118358896,1580635.3754499892],[327325.03099878854,1580700.624747829],[327276.84357619722,1580741.374853608],[327181.71906872018,1580801.5000186483],[327057.43723902374,1580898.6253824953],[326929.43726448808,1581025.0003525703],[326861.0309528287,1581118.124951801],[326777.53091203433,1581258.3749964286],[326706.62511011824,1581361.7499155253],[326658.50018465967,1581423.0004240056],[326637.03095788613,1581484.2499843626],[326625.84373410157,1581588.6252526338],[326678.25006869651,1581728.6245186278],[326748.40630007151,1581852.0001003949],[326994.37423468474,1582200.3751571663],[327024.90578273102,1582224.4996034612],[327091.06235563365,1582265.124714975],[327168.687665954,1582328.5001259672],[327242.49962404586,1582387.0002075366],[327351.93755511747,1582465.6249189083],[327514.78122183529,1582574.7495742135],[327680.28113520844,1582733.6251865716],[327760.46851192845,1582807.2498112859],[327794.99987646769,1582908.9995679015],[327795.31220411061,1583035.1256555896],[327748.62494973507,1583183.0004294175],[327652.31260168523,1583276.1250286479],[327497.50025107618,1583356.7497272764],[327429.03144228418,1583401.4994915279],[327353.15613068972,1583562.1251816221],[327341.96898591542,1583667.8746757205],[327357.62487320369,1583844.8751676548],[327373.18760736997,1583983.6251230768],[327361.96870046249,1584085.6247102027],[327418.24977827474,1584252.2499670158],[327457.93798586988,1584385.8748415154],[327495.12456993072,1584534.8750377933],[327537.28161179327,1584643.000213037],[327612.68791835645,1584844.000157001],[327733.96846349805,1585098.4999378568],[327757.09342973167,1585220.6252609286],[327761.12492934754,1585312.374686209],[327736.06255200016,1585465.2496257043],[327480.96877184784,1585567.7499799943],[327395.78115044994,1585528.5001214412],[327266.12535744387,1585503.2503317061],[327196.31210970104,1585525.1249602342],[327025.21913750761,1585696.2496945609],[326987.40584389353,1585832.5000807161],[326919.1245264996,1585962.625905887],[326821.50044975558,1586053.2488815833],[326648.81210195716,1586077.8750431663],[326538.28153770202,1586081.9997749142],[326412.53019577917,1586077.2504668906],[326291.81291493465,1586065.9997188398],[326186.34398634621,1586048.4995735595],[326091.0311183579,1586039.7495009196],[326023.6877320162,1586025.8752954802],[325937.24985192309,1586004.5003279725],[325902.9376619049,1585999.5001623048],[325822.87520043994,1585986.8752674372],[325735.21874477458,1585976.9997723468],[325651.34395821474,1585960.625049517],[325528.06247769302,1585943.1248252268],[325486.12563748506,1585938.1246595592],[325383.28119341872,1585953.6249756031],[325343.96883773291,1585989.3748367042],[325307.31272870238,1586058.2500743845],[325264.46956155484,1586212.3754305956],[325264.71836493141,1586323.2500846267],[325320.90628962172,1586454.2503955939],[325347.75042782823,1586525.500287286],[325362.0629032994,1586675.7497941358],[325343.12500792602,1586729.2496310272],[325295.12507673283,1586850.3745259144],[325283.87535581551,1586925.6251822228],[325271.40611120255,1587028.7501917989],[325216.06201631919,1587272.125325013],[325297.74956125492,1587433.7504161585],[325416.06248022174,1587516.1250345027],[325534.28129794315,1587552.8754027991],[325821.6566248677,1587678.2498656788],[326179.03158478916,1587855.6251033787],[326261.7810279089,1587930.6249020433],[326336.90676896228,1588013.2504570414],[326429.93718793732,1588138.9996656869],[326483.56201909424,1588256.1258502249],[326525.68737783394,1588351.5001882121],[326557.68733196275,1588454.6251187779],[326582.03190090228,1588542.3748065755],[326583.4686238619,1588622.6246804283],[326553.25035158196,1588727.1248639547],[326290.25032859656,1588718.8745313454],[326107.00036042277,1588570.2501079666],[326035.78120373015,1588534.7500773754],[325831.18700304825,1588503.4996147775],[325686.43740189692,1588534.3753316102],[325649.68711261079,1588575.2492465004],[325544.62469192088,1588735.9998518499],[325480.03078436665,1588829.1254782141],[325453.56241905916,1588919.4996505338],[325439.78144575201,1589001.1247773473],[325419.68747193902,1589101.750138646],[325414.84398365975,1589199.8749825545],[325415.09381416999,1589313.125238721],[325395.06233748974,1589438.0000405805],[325350.78149925917,1589518.374750678],[324993.84378223575,1589524.3754235408],[324902.21832408721,1589463.3747455708],[324858.96762190748,1589438.0000405805],[324772.56245207088,1589423.0004126907],[324630.31249919679,1589441.1252132566],[324554.15662209259,1589468.1250807282],[324438.71904529183,1589532.0001527409],[324412.15649972874,1589578.0002546979],[324364.09399239259,1589673.6254503292],[324349.03099825705,1589756.3748934488],[324386.12537731935,1589871.0004815862],[324453.78101229371,1590005.7496723919],[324485.71854830009,1590083.3749827123],[324516.50000586687,1590218.2501159071],[324524.37456557708,1590330.3750286333],[324520.74965287006,1590406.7500802586],[324409.37525880802,1590585.3746285301],[324255.84390189376,1590667.2495068433],[324159.43840072193,1590725.9984707998],[324040.2191548156,1590817.9997808575],[323919.71899422479,1590893.5002676763],[323777.65637472819,1590988.0001198675],[323704.12498214614,1591044.2504626801],[323641.99990885938,1591099.1246044091],[323592.5622275729,1591151.5001249942],[323534.2812415142,1591217.8738181505],[323454.43795457028,1591302.1254837532],[323415.21875200642,1591369.7514108617],[323365.90598597506,1591464.1253206641],[323330.53087063925,1591550.7495860115],[323284.99969470326,1591640.0003901483],[323238.21826007206,1591736.9998116062],[323154.71821927768,1591880.9998422167],[323114.21905015275,1591949.875079897],[323077.56294112222,1592034.1246912323],[323044.71915718651,1592109.2504322857],[322980.09451463277,1592178.2496370978],[322895.09327848902,1592234.4999799107],[322834.18780790817,1592270.2498410118],[322714.93790601258,1592327.8754367852],[322605.81230258389,1592389.2499123972],[322509.37503927894,1592434.1246709141],[322354.50011252693,1592484.1245103537],[322277.15639485,1592546.750350805],[322113.49971233506,1592637.5002960237],[322001.84372562962,1592702.7495938633],[321872.53099526605,1592811.2495148724],[321835.87488623551,1592887.7494817527],[321810.62509650033,1592954.1252291764],[321789.21836685948,1593045.8745754464],[321769.00050492509,1593094.2503585489],[321767.78090221912,1593113.3736120427],[321962.46887281112,1593810.3745042188],[321480.68716793804,1593916.4998502263],[321132.21895804489,1593971.3750190886],[320923.62501988036,1594081.3751083135],[320740.90655387059,1594241.3751159883],[320591.78144233749,1594555.2495432198],[320461.02993474697,1594849.375113548],[320210.43768637546,1595182.2498542755],[320104.18742511282,1595336.3752104864],[319876.59420058614,1595433.2496376792],[319610.84367167955,1595544.2502340991],[319351.9375664324,1595693.2504303772],[319111.43785439467,1595771.2495383394],[318991.06260905898,1595788.3749378542],[318870.25004181493,1595806.2498288997],[318617.93742357305,1595954.1246817375],[318435.56202020572,1596160.2497066243],[318375.68771280936,1596523.2495665096],[318316.53121382085,1596925.1244601724]]]},"properties":{"FID":2,"ZONE_":"W"}}]}