{"type":"FeatureCollection","features":[{"type":"Feature","id":0,"geometry":{"type":"Polygon","coordinates":[[[509263.93829229625,1618255.7500126802],[509163.5627223063,1618396.874635543],[509063.15643584734,1618457.374621775],[508741.9061318651,1618437.2499713763],[508701.74995560054,1618356.5003560963],[508521.06317072845,1618054.1254848458],[508400.5936668087,1618033.874880672],[508159.65669048164,1618033.874880672],[507657.6877475113,1618054.1254848458],[507376.5926446677,1618094.3747856433],[507115.593426006,1618255.7500126802],[506854.56251574913,1618396.874635543],[506633.71744183946,1618417.0003423283],[506252.21905917535,1618356.5003560963],[506131.74955525564,1618336.374649311],[505790.4063737301,1618417.0003423283],[505569.56235620694,1618417.0003423283],[505489.2489472912,1618316.2499989122],[505428.99989348336,1618255.7500126802],[505228.21909342095,1618175.0004786607],[505268.3752696855,1618033.874880672],[504947.12496570335,1617953.250244041],[504786.5003419055,1617872.6245510236],[504605.81241938635,1617791.8749357439],[504485.34397185314,1617751.6245785595],[504143.99973394116,1617832.250271577],[504063.68738141196,1617832.250271577],[503963.3128678085,1617731.4999281608],[503862.90658134955,1617832.250271577],[503963.3128678085,1617973.37489444],[503882.99954015337,1618215.3747581074],[503561.7502112972,1618195.2501077086],[503387.06402679026,1618125.7501960548],[503254.8748085122,1618142.3747941956],[503139.21917661506,1618159.0015051097],[502973.9998403632,1618109.1245415274],[502874.8438279579,1618059.249528197],[502792.25008689,1617992.8748953748],[502726.155965314,1617893.1250312352],[502676.56268213736,1617793.3751670956],[502643.5315077771,1617693.7502003445],[502527.87473823293,1617577.374600417],[502461.7817543039,1617510.8750702061],[502379.15615912,1617477.7506900525],[502263.5005272228,1617444.4993809976],[502048.68782653386,1617427.8757579827],[501982.5937862183,1617361.3761465114],[501949.56358698406,1617278.2508805126],[501916.4996646423,1617145.3746047067],[501899.99996388995,1617045.624740567],[501866.93701667414,1616962.6254283434],[501718.25021041674,1616846.2499096764],[501619.09419801144,1616763.1246436778],[501553.0001576959,1616680.1253314542],[501371.2504042227,1616513.8738243307],[501272.12510828645,1616430.874512107],[501189.49959436303,1616347.750302495],[501156.43770353374,1616248.0004383554],[501106.8750555656,1616015.375273536],[501057.31248885795,1615899.1246522574],[501057.31248885795,1615766.1254293148],[501206.0321243574,1615533.5003457558],[501354.7189306148,1615466.9996778981],[501453.8749430201,1615300.8751809364],[501553.0001576959,1615134.749627588],[501668.6558708536,1614935.2498180482],[501635.6246964933,1614702.6246532288],[501536.46868408803,1614536.5001562668],[501503.4375097278,1614287.250312046],[501470.3746437725,1614154.2501139774],[501437.34346941224,1613938.2496285595],[501453.8749430201,1613855.2503163358],[501536.46868408803,1613722.2501182673],[501553.0001576959,1613522.8752873766],[501536.46868408803,1613356.6247553793],[501404.28157858294,1613290.250122557],[501239.06224233116,1613223.7495359597],[501155.7813624749,1613141.1249971623],[501041.99959770875,1613072.2497349724],[500768.96838058694,1613072.2497349724],[500495.9372447257,1612934.7490866298],[500382.15653634607,1612842.9997250221],[500200.1251339797,1612705.3751544172],[500200.1251339797,1612590.7495806185],[500200.1251339797,1612476.1250632065],[500245.65628601966,1612017.3751672683],[500040.8747064981,1611627.6243745224],[499790.59374779207,1611306.5000243152],[499745.0616206261,1611146.0002979059],[499699.5621601811,1610710.3753525494],[499608.5624266862,1610526.8745165607],[499454.3121202933,1610374.999942147],[499153.49988845864,1610136.9998015522],[499085.21847800293,1609999.375230947],[498880.43795486784,1609816.000429994],[498789.4371649864,1609793.0003768012],[498675.6870918153,1609793.0003768012],[498539.1562062804,1609540.7502323976],[498402.625239485,1609357.375350184],[498311.6254247296,1609265.6250134502],[498288.87524757435,1609150.874542263],[498266.12498915865,1609036.250024851],[498129.5941036237,1609036.250024851],[497993.09385329735,1609013.37381266],[497970.3436761421,1608921.6255074388],[498015.8440304526,1608669.3753630351],[497811.062450931,1608554.749870497],[497811.062450931,1608371.250090895],[497765.56209662056,1608118.9999464913],[497629.03112982516,1608004.3754290792],[497355.9999939639,1607706.2491005524],[496991.9382456177,1607476.8751683396],[496696.15587621473,1607568.6245299475],[496491.37535307964,1607568.6245299475],[496172.84370038693,1607568.6245299475],[496081.8121940365,1607522.7503773367],[495899.78079167014,1607499.8752215325],[495763.2815977303,1607430.9999593426],[495535.74984105345,1607316.3764983169],[495194.4372947365,1607270.5002329333],[494966.9065944462,1607155.8747403952],[494898.65598172,1606834.750390188],[494830.4063441198,1606720.1248163893],[494739.37483776937,1606628.3754547816],[494375.3438058922,1606857.7493869944],[494307.062476697,1606926.4997517958],[494216.0626619416,1606972.374960793],[494011.28108242,1607109.999531398],[493806.4995028984,1607201.7498681317],[493692.7495109878,1607201.7498681317],[493601.7189797634,1607224.6250239362],[493419.68765865755,1607270.5002329333],[493683.3757872658,1607009.5000391454],[493860.3128063634,1606831.6251113564],[493940.7182834256,1606718.3747902606],[493727.3126082949,1606666.2501612469],[493660.24978029786,1606714.1251911502],[493570.37534220755,1606772.3754804386],[493485.3751526913,1606805.000108517],[493373.125310872,1606780.4988488464],[493283.74859334447,1606746.8747978779],[493186.46856084315,1606686.4997090343],[493076.43769949855,1606473.123693986],[493056.4062548932,1606366.12498694],[493084.8436919255,1606266.37504154],[493180.84370903013,1606179.8747019325],[493212.90617696935,1606060.999610284],[493180.49965207296,1605991.1248439436],[493147.93751331896,1605907.125133704],[493071.0627237231,1605849.1247204533],[492986.96875130344,1605838.3747689025],[492915.6246326011,1605832.74999835],[492833.6247432675,1605772.250012118],[492745.0620934294,1605687.4996986394],[492707.2816491441,1605587.000206387],[492681.15631711954,1605509.4997922012],[492624.6560539602,1605453.7501322806],[492572.18736798945,1605419.8752301484],[492480.28125487705,1605392.6245214588],[492385.78146912425,1605357.7501964367],[492327.7810558736,1605272.7500069204],[492252.0941322674,1605204.5003693202],[492210.4061143165,1605095.1248739085],[492185.0621019999,1604961.3751289875],[492104.7180578757,1604794.9996996017],[492000.0314558374,1604760.2502719678],[491868.4689185357,1604709.124984584],[491832.6566035615,1604689.000334185],[491780.21855279926,1604660.1245780156],[491730.25041493593,1604620.9995974966],[491648.9683808597,1604496.7505051987],[491599.8122791733,1604403.9996079279],[491541.593844001,1604297.3746179217],[491516.9686620678,1604245.2499076475],[491444.1253684001,1604212.750258218],[491320.46923397115,1604193.5000520602],[491247.9065328101,1604190.24987584],[491173.7187029088,1604150.125472431],[491123.1874297801,1604048.4996283874],[491099.99998987414,1604016.8753983248],[490998.25022356794,1604026.7498492482],[490927.78160549304,1603972.5003394189],[490938.5622735129,1603894.5002544185],[490870.7191821944,1603850.499968939],[490832.31197567226,1603826.6253902446],[490791.3745609602,1603802.7498364241],[490725.87437237904,1603735.6246003632],[490628.34348871413,1603644.6247856077],[490456.90642404096,1603545.499570932],[490306.03232890385,1603466.3750843925],[490184.87471106974,1603440.7504795692],[490061.1252895867,1603410.0007750082],[489911.7185965594,1603356.4998369054],[489862.0310512027,1603351.8754643688],[489811.0942069183,1603348.5003907601],[489723.40600132116,1603368.3751651212],[489612.81297983724,1603383.4996944314],[489555.68709208805,1603403.124592755],[489430.74988587585,1603381.3748948763],[489358.9685044228,1603323.249584237],[489282.187977007,1603276.749725776],[489211.96923496976,1603255.7494934893],[489114.9063305246,1603215.7500687293],[489033.2504981482,1603196.1250891453],[488975.9689965414,1603196.62475996],[488898.2504791736,1603189.6247367046],[488826.9687685353,1603188.9990308543],[488685.9998407905,1603228.6248198352],[488512.7809771329,1603216.249739544],[488411.99991724774,1603191.6245576108],[488298.6246987633,1603183.750008854],[488173.81238993973,1603175.8754600973],[488050.2811528993,1603169.3751076567],[487943.15641081776,1603147.3755337405],[487835.9057149611,1603110.125476739],[487724.78124980687,1603066.4999646854],[487610.8438711831,1602991.0004277923],[487528.84398184955,1602931.7497404881],[487450.8438155886,1602888.9998103227],[487371.5934565345,1602852.7502325976],[487268.1878450189,1602817.9997485774],[487186.59344558057,1602803.3760277291],[487129.5311035424,1602831.9998763485],[487051.09367453074,1602887.62455762],[486970.2816511868,1602963.6248217141],[486853.75043740164,1603033.6254605693],[486736.71857767575,1603042.3745348274],[486588.7812370102,1603009.2501546738],[486472.68728597584,1602981.0001043545],[486388.343518779,1602942.2488408752],[486309.1247700594,1602909.7501665717],[486284.49966938666,1602858.8747552254],[486255.4999909546,1602740.5003907783],[486245.8436432134,1602653.8750725216],[486242.7184456422,1602588.749738627],[486237.3116970113,1602550.5002587356],[486159.5624631745,1602538.4999518706],[486046.2496527541,1602539.5004311472],[485981.5000674118,1602556.749678752],[485850.6247501589,1602587.2495885359],[485734.9690370013,1602607.5001927097],[485652.50019332196,1602638.8745467346],[485574.9690626673,1602654.8744954118],[485493.4995606175,1602655.6250986506],[485407.99970028654,1602629.6247452751],[485309.96906454634,1602630.5002459027],[485232.5311396852,1602654.2498459478],[485157.6880251115,1602685.5002777101],[485068.49966942304,1602677.3748777898],[485008.1870699041,1602619.2495671506],[484975.00028168625,1602608.123785787],[484897.53155909566,1602629.249971849],[484859.56267171074,1602656.373670377],[484820.2185316231,1602670.7495467002],[484734.90605800523,1602667.750302904],[484672.3447366686,1602647.876503669],[484633.1245188435,1602673.7499281433],[484517.781171048,1602733.5002862625],[484448.06218108605,1602768.6244873223],[484368.09388551407,1602794.874797996],[484221.7816735889,1602802.62542449],[484130.3129044877,1602823.875451554],[484028.499673731,1602828.6248027396],[483928.0308979475,1602840.9998017703],[483864.4691785948,1602847.9999062861],[483822.3746143622,1602839.3747542903],[483707.40603999293,1602793.2496692557],[483598.5312717824,1602715.124605606],[483439.4057416894,1602565.9994802114],[483312.50040616613,1602466.3745134603],[483242.03081296524,1602413.3753589455],[483115.2176268491,1602321.3751461739],[483037.8441415645,1602203.5004525415],[483003.40496652,1602197.3748735273],[482933.8753947836,1602104.8749086806],[482905.46859295986,1602059.249575721],[482866.68766939803,1601990.6251646946],[482820.2810167306,1601920.875377003],[482773.9378285137,1601861.3748949217],[482721.31247229886,1601811.9996336666],[482672.4062466501,1601748.6253010272],[482623.6566099849,1601705.7503922125],[482581.40643189463,1601679.3752654109],[482554.5622694867,1601665.5000350284],[482485.4996205836,1601626.624930547],[482443.4685208015,1601624.3751523427],[482421.6880251933,1601609.3735701693],[482375.7810433406,1601598.2499015788],[482356.9066669955,1601589.499770934],[482348.68700489507,1601588.7502240816],[482276.3434633027,1601582.6246450674],[482206.18721059,1601566.6246151298],[482124.65635686263,1601559.7494892632],[482026.2191748407,1601512.1253105234],[481889.46912973723,1601449.6244469988],[481772.12490464916,1601422.6246707335],[481646.87533307483,1601362.500514314],[481558.8123540515,1601337.7504349921],[481498.9063008143,1601326.8745296665],[481399.6561074894,1601334.1254853457],[481353.50038724614,1601295.0004235662],[481289.6877354693,1601275.1245928186],[481238.5307564903,1601248.875419792],[481191.34481562744,1601238.9999124822],[481117.65576267533,1601256.3751951226],[481033.87513074384,1601283.8747234633],[480943.78153308487,1601315.3749500026],[480866.5309949369,1601363.2511175529],[480818.375372527,1601389.250414542],[480790.5307308425,1601408.6245429623],[480756.37523620366,1601431.875447319],[480704.5311184363,1601473.250206042],[480619.343542207,1601485.500307684],[480566.99975362484,1601469.375380358],[480515.8437497719,1601440.4996241885],[480446.65620348015,1601388.8746659898],[480394.0307660049,1601338.250105807],[480351.74979018513,1601305.4995239533],[480275.0317520939,1601267.8746935257],[480246.7499289192,1601235.0001894096],[480208.15639207046,1601188.1245823964],[480213.71875455894,1601096.125344751],[480243.7188310071,1601029.4997795045],[480265.96836222155,1600954.0002426114],[480302.4063017856,1600896.2497053985],[480379.40598877,1600820.2504976906],[480437.4064020207,1600755.8747106486],[480485.1872510044,1600686.6246750322],[480555.59337975475,1600583.875485836],[480562.9682576967,1600555.750251645],[480540.96868378035,1600513.7498683317],[480433.4998034811,1600448.3746583997],[480366.96850041486,1600412.0001020257],[480304.1246363196,1600355.1251467005],[480247.75032693526,1600313.6265469752],[480158.3120952092,1600277.3748564771],[480110.8753031827,1600235.750302977],[480057.06208097824,1600196.6253224579],[479979.281074286,1600180.7501899088],[479901.71922716225,1600193.0003728115],[479876.28103392606,1600194.5005229027],[479848.250061915,1600190.8745168697],[479799.78109901695,1600181.1250445955],[479710.8753673477,1600204.8746446408],[479666.2186595487,1600191.2503466825],[479624.1875597666,1600190.3747647945],[479579.7183199412,1600199.749544903],[479494.5000272429,1600206.8745468073],[479434.4690766171,1600184.5001182044],[479368.96888803586,1600118.7500535855],[479265.09334704856,1600029.1245164068],[479191.9684857482,1599962.1252341208],[479102.4063317596,1599911.8754473643],[479025.7497266064,1599879.3747415482],[478948.0004115091,1599866.125217016],[478806.65671033814,1599861.000036018],[478761.4379236603,1599784.874874535],[478679.24959122716,1599700.1245610565],[478598.0003051325,1599580.8736395955],[478551.562935996,1599507.2500826062],[478495.0002647726,1599442.7503733016],[478382.218979283,1599354.5000075651],[478286.2496786474,1599299.125121071],[478180.18782390637,1599250.3745092796],[478095.7497945295,1599202.6254331516],[477997.4683888862,1599173.000048869],[477903.12519211695,1599155.9996209154],[477839.50000831374,1599159.124899747],[477736.7815355865,1599204.7502327068],[477601.749662496,1599191.8754816009],[477500.18736416334,1599224.749985717],[477374.18718935014,1599228.5008891386],[477298.31393541733,1599287.8754987053],[477191.8127864131,1599338.624875016],[477104.43792130414,1599390.5007656391],[476992.46867199143,1599397.8745871945],[476977.25101814826,1599403.124584321],[476830.1565113892,1599470.7495724573],[476767.7816016397,1599470.1249229934],[476639.4692405582,1599500.6247515166],[476537.59352047695,1599496.5001310555],[476448.68778880767,1599521.5000051544],[476345.78095424135,1599545.499562498],[476257.9370535261,1599544.9998104225],[476152.3749508604,1599556.1245353995],[476095.2808359667,1599577.1247676862],[476040.6565527113,1599589.1249932908],[475994.9370388322,1599602.2496204344],[475941.71872474864,1599632.124799494],[475898.59402115695,1599651.6248816894],[475850.4690339556,1599680.1248080463],[475806.12477277924,1599704.874887368],[475751.6253869125,1599730.8752407434],[475683.2498767977,1599776.1258002769],[475588.03117940103,1599805.124503583],[475535.84406106296,1599802.9997040278],[475445.24973620276,1599779.6248774086],[475414.3751342532,1599744.1248465362],[475387.15619841905,1599684.375463543],[475381.53134660603,1599625.7504008284],[475368.3125385429,1599568.4985593043],[475320.5624060283,1599491.0001766311],[475289.53105257405,1599435.2495415846],[475259.96921400266,1599400.9997847658],[475245.8441888431,1599389.6252650116],[475218.7808668665,1599350.3753058435],[475175.43700370623,1599344.3747054783],[475130.9063309428,1599344.7504540305],[475083.6876420984,1599333.749651316],[474997.06232384185,1599325.6262829083],[474970.3123423535,1599324.4998498566],[474928.37550475146,1599329.9997230205],[474850.9374986298,1599354.9996783799],[474829.3126981397,1599357.7501837853],[474755.6246203136,1599376.2497054439],[474697.1870255727,1599388.2500123088],[474625.65649528324,1599362.1246802842],[474601.2187813236,1599333.0001044637],[474569.2812107729,1599319.2497714697],[474546.3753384996,1599319.4996475074],[474485.3746250663,1599332.8751258145],[474444.6245970674,1599329.3751548172],[474386.0313072084,1599326.124978597],[474346.65645065176,1599336.62505411],[474275.4997186625,1599350.1254298058],[474200.6575792148,1599380.124531128],[474143.37502122147,1599381.874557257],[474088.8450001462,1599407.9998892813],[474013.96905633045,1599434.125221306],[473916.4074561965,1599486.124952931],[473856.7799639534,1599509.6246769386],[473793.37491484487,1599539.4999372587],[473705.0938326394,1599633.5000521967],[473635.6871267791,1599704.3752165532],[473606.7509127975,1599746.7503732925],[473568.62535516854,1599754.7498194377],[473495.90598376346,1599734.9999424652],[473422.8753033827,1599678.2498845288],[473389.4058911457,1599636.3754549907],[473357.1253200244,1599583.1253680517],[473338.78141222347,1599524.625283986],[473339.56265067094,1599465.875323883],[473338.0308089846,1599435.2495415846],[473328.593620812,1599372.7497344464],[473335.84352010494,1599330.6254288708],[473349.5937718383,1599301.1250232374],[473373.4058612081,1599254.9999382028],[473376.96840279055,1599228.1250593257],[473374.37456762913,1599219.2500312924],[473364.1253432796,1599212.9995548897],[473311.7815546975,1599196.87568395],[473234.0619809432,1599187.3749500664],[473162.71891862736,1599181.6252008649],[473118.28137039696,1599196.125080711],[473058.5935016024,1599210.6248792969],[473023.0627542608,1599224.999780494],[472981.2497576608,1599245.8751153923],[472935.5629105028,1599264.1248422735],[472884.6558075614,1599267.1251424563],[472841.25051146303,1599252.2504891837],[472779.87502460356,1599220.8751600329],[472726.18767491373,1599194.6249306197],[472674.90579854615,1599151.6251244165],[472617.12560125056,1599094.7500878312],[472600.4067409296,1599074.5004587832],[472555.625135742,1599046.8750579278],[472497.0932788211,1599052.4998284804],[472409.3129238169,1599055.8749833496],[472292.18785829743,1599055.625107312],[472134.3750915826,1599060.8751856987],[472041.2811937411,1599042.6254588175],[471965.6557030729,1598982.1254725854],[471910.5000574078,1598932.7502113306],[471869.4683805157,1598896.1248037927],[471800.4691960631,1598868.7502541011],[471743.03094295174,1598850.124697407],[471694.5937529092,1598844.125072168],[471623.3120422709,1598842.2501486503],[471555.71882699005,1598827.6253714154],[471484.31221896317,1598816.7504412157],[471428.0311966329,1598784.124838011],[471403.7500716569,1598774.1254896992],[471314.3436127863,1598736.6235251476],[471292.5621420521,1598720.2497781704],[471284.9066716035,1598719.0014543687],[471186.03125170484,1598683.6253457586],[471145.12455346185,1598696.375199476],[471079.374488843,1598744.1253319907],[471010.9375457902,1598778.0012905092],[470963.9062436589,1598786.124658917],[470920.8122565363,1598806.8750151664],[470830.7811482019,1598843.500422704],[470791.3745187897,1598850.2495947958],[470740.65577768744,1598869.8745743798],[470688.56284026895,1598881.7499025955],[470601.18700003397,1598929.8748085364],[470554.1567542892,1598939.1246099959],[470410.9698211957,1599009.3751248887],[470277.1565305638,1598988.9995420657],[470188.3429483016,1599019.124597163],[470084.9691096415,1598984.3751695293],[469947.0629714039,1598928.2497610566],[469839.9689457913,1598906.3750845287],[469749.5620076442,1598898.2496033479],[469681.00008594233,1598916.7501813928],[469572.0311368123,1598972.623763576],[469482.21918804647,1599036.000127728],[469397.4371017124,1599094.1254383672],[469265.53156384,1599147.7502987327],[469150.3438299021,1599220.250510569],[469051.62516150804,1599285.0000959113],[468930.9999624702,1599314.124671732],[468834.5002745508,1599339.24952448],[468701.03112213657,1599359.625107303],[468592.8126949849,1599352.999857474],[468517.6880127785,1599347.3750056608],[468415.0627458449,1599400.6250113396],[468365.71925744537,1599435.5003927483],[468310.218417176,1599493.4997496123],[468257.1557982105,1599541.1249847384],[468164.84419520287,1599608.3751994486],[468090.0000242426,1599638.3752758969],[468014.5936931431,1599599.5001714153],[467938.75009929284,1599508.3754592715],[467873.062605259,1599415.8754944247],[467818.9370176924,1599336.0004046462],[467749.4688788941,1599244.8746361157],[467676.5314043069,1599199.6251329689],[467548.9378736088,1599160.0004003746],[467395.71884422196,1599096.3752165714],[467275.90673774754,1599075.7497577108],[467126.968999066,1599068.2499823803],[466957.4683721089,1599039.2503039483],[466808.3442218402,1599013.8746000365],[466687.25006845663,1598988.2510515999],[466541.68748464435,1598930.876262939],[466408.56238918734,1598837.7496171158],[466255.0626860333,1598744.7499814543],[466101.65626993333,1598659.4999159006],[466008.2500067296,1598600.3751823714],[465912.3749682741,1598550.2503742639],[465782.21840014413,1598506.874738248],[465669.90606900025,1598468.3754635793],[465569.24998776417,1598455.2497800493],[465478.68743575946,1598429.2504830603],[465348.3434809164,1598365.500320608],[465373.7499012971,1598207.0004963654],[465361.78144854814,1598148.5003310395],[465249.37493648473,1598098.500501581],[465137.0001160163,1598051.1251424926],[465041.43736166245,1598036.6252626462],[464929.46908747574,1598040.2502122927],[464839.4062875463,1598072.9998190203],[464725.03156491136,1598092.0001491406],[464644.8749075003,1598092.749695993],[464522.65643383807,1598088.7499729204],[464392.6248443572,1598059.375521062],[464248.2489888876,1597991.7494765392],[464158.62548322143,1597926.251400731],[464116.062939769,1597859.1251082835],[464085.8753953473,1597750.9999681858],[464061.6874761648,1597598.1249144955],[464052.9988597186,1597474.3745178867],[464026.9687650001,1597405.7501881206],[463986.81364512205,1597323.2495715858],[463910.09349425783,1597279.3752398812],[463810.3753217132,1597222.8750579823],[463726.12476030993,1597194.2501529765],[463608.96889706096,1597185.2501462942],[463493.34390037233,1597206.7500493957],[463415.84348618664,1597220.1245525768],[463285.12475791737,1597263.5001885928],[463178.5315407666,1597300.250493519],[463071.8439801752,1597324.1250722134],[462920.65654455,1597353.6254778467],[462846.312125665,1597290.6259186333],[462826.7496354055,1597233.3751334955],[462791.406274777,1597116.3748841041],[462760.7190595405,1597100.0001620008],[462697.87511418475,1597041.8748513616],[462640.0313711781,1596970.999687005],[462485.8129189012,1596945.7509119944],[462359.7185631684,1596932.8751857625],[462248.59409801423,1596881.62500099],[462179.31228954246,1596817.1252916853],[462121.7184225735,1596778.1252085548],[462032.1563498454,1596720.3746713419],[461936.12455988524,1596648.5000840952],[461884.8754314992,1596606.8744742083],[461786.68715038896,1596583.6245449777],[461669.656265789,1596588.498793552],[461603.5939170685,1596604.374901227],[461518.5947026783,1596633.2496822705],[461441.0001075731,1596636.6247558792],[461373.50009808585,1596630.8740315516],[461295.656602069,1596604.7496746532],[461201.4363524363,1596601.8753282456],[461099.7807670497,1596616.7499815181],[460975.4999831569,1596668.9995891806],[460802.84327963856,1596717.8750983605],[460652.9061993275,1596746.000251291],[460495.4374895698,1596784.4996072203],[460381.00035887084,1596794.5009870445],[460252.2497599126,1596770.124706023],[460181.9685285509,1596735.1254023516],[460123.90676362265,1596638.7495554343],[460061.8748544438,1596525.7501667626],[459995.03021088935,1596448.6245260031],[459928.21725893,1596373.8745359625],[459864.2807661511,1596333.7501325535],[459725.3127156989,1596303.1254066415],[459619.43727254495,1596274.7503776732],[459509.7504681575,1596243.874719337],[459374.56298120937,1596209.5000651297],[459304.25005825254,1596174.3748076833],[459233.7814401777,1596116.375450819],[459206.3126283059,1596028.6247558973],[459163.75008485356,1595958.8750494665],[459116.2815199715,1595914.624887949],[459062.5942515422,1595887.1253596083],[458973.2809172046,1595857.2501805488],[458895.6873784859,1595863.1249083995],[458773.65621027636,1595878.3753102242],[458730.56222315365,1595897.875311159],[458672.31299025187,1595931.6253159028],[458610.1561836845,1595956.3753952247],[458528.3130458555,1596060.4998371236],[458485.7187295476,1596138.7497981617],[458407.5639245551,1596227.4999159733],[458307.96869914705,1596339.3749843666],[458218.34413709433,1596425.6254479364],[458117.4064069651,1596529.999765873],[457979.2493363033,1596596.3754550817],[457861.3439262019,1596647.124912653],[457712.531084909,1596655.0004365356],[457549.2502178857,1596609.2502061876],[457482.4700951683,1596539.7502945338],[457386.8121035084,1596511.2502869163],[457294.3121386616,1596560.624491785],[457184.6253342742,1596680.2502679327],[457084.2815371398,1596705.5000180693],[456947.5621272448,1596637.8751111934],[456826.03079237096,1596563.7497706166],[456734.0632463205,1596522.4999905424],[456674.1255014883,1596507.750315919],[456604.28153287724,1596524.9995635238],[456529.46913477255,1596557.6252479888],[456407.46868303197,1596576.6245217226],[456296.31252628274,1596524.1250380222],[456167.12466457376,1596444.8745977078],[456035.469002739,1596377.2496908319],[455943.53119803156,1596339.8747364418],[455818.3748322508,1596287.5001501301],[455686.96896519314,1596246.6251434821],[455560.6565875388,1596208.2497098155],[455404.90613105457,1596149.748650624],[455282.5320435348,1596122.874746873],[455125.7811890345,1596097.5000180874],[454976.3754711332,1596036.3754636522],[454837.0623073373,1595964.9995720943],[454774.25013483706,1595910.750062265],[454698.74962281797,1595860.3754593804],[454616.12508402055,1595872.624504636],[454510.7185952124,1595899.124610087],[454355.6870503721,1595924.875168685],[454204.3747173582,1595940.2504678983],[454039.90598434536,1595903.6261167473],[453903.4999149385,1595874.2496333765],[453710.7175858954,1595800.74999865],[453635.3123111823,1595760.6245388545],[453593.43788164435,1595624.5001183406],[453613.8440996758,1595480.2502166461],[453608.7814892626,1595331.000193863],[453588.9373501099,1595240.623972185],[453480.280766342,1595183.0004451333],[453371.8749524772,1595154.6254161652],[453212.68701432017,1595143.3747374131],[453077.87535718473,1595151.0004665188],[452923.9999054785,1595162.624943571],[452786.343562018,1595138.374535064],[452680.74976775725,1595141.9994847104],[452557.5308148185,1595167.3752698824],[452473.8126722115,1595201.3751506638],[452398.90601192677,1595219.8746723223],[452313.5628218399,1595209.2496994205],[452222.9684969797,1595182.0000471175],[452129.3441305938,1595096.1253320996],[452071.59367464134,1595038.0000214605],[452043.0618941685,1594974.4997350457],[452001.7813976253,1594907.2495203356],[451884.9378997385,1594784.6245003918],[451806.56296005135,1594696.0004176155],[451700.750006222,1594672.750488385],[451637.15651401377,1594678.5002375867],[451564.93786981,1594717.375342068],[451504.28129459434,1594766.4997521595],[451430.8747844009,1594813.125483135],[451306.31235161494,1594832.1248381294],[451205.49960013473,1594798.6236530368],[451130.2498580188,1594780.250003893],[451019.34349604667,1594757.0000746625],[450909.7191809838,1594732.4998713783],[450775.5936062502,1594675.125163978],[450605.7816703174,1594606.499696565],[450487.03147605754,1594560.3746927907],[450412.8437274167,1594516.500361086],[450277.4688537554,1594456.5001269295],[450115.0317145041,1594361.1247592885],[449963.00046984636,1594288.499568803],[449867.1561478599,1594243.4999416939],[449780.21748911514,1594193.2501549374],[449705.84332888713,1594127.6250689677],[449602.281128388,1594068.6253140874],[449507.6870804551,1594021.1249763498],[449442.281154054,1593960.5000927292],[449351.5936234002,1593921.750942023],[449250.9375421641,1593906.123653999],[449165.59321443026,1593894.125459907],[449059.56215741875,1593846.6251221695],[448958.71860820905,1593811.87471941],[448820.65579972736,1593735.3747032403],[448684.65627660224,1593605.2489328398],[448598.18770985026,1593460.6253141055],[448507.00050838175,1593363.2500442981],[448440.93710327474,1593224.8748704544],[448406.59422192274,1593074.625424781],[448398.2813540288,1592994.37450519],[448395.0936671331,1592920.3761747747],[448379.2503074396,1592852.875108901],[448354.3435578737,1592763.875196312],[448310.65669414273,1592714.499935057],[448238.96851848316,1592664.1253321725],[448162.65588902665,1592668.7486483224],[448090.1874500457,1592678.3753359811],[447980.56102220976,1592718.49973939],[447940.15610755456,1592738.3745137514],[447877.2496728742,1592781.7501497671],[447809.8121527115,1592855.6245579198],[447778.5626960752,1592886.874989682],[447741.0628442965,1592927.1253468662],[447703.843503764,1592980.1245826418],[447685.49959596316,1593021.2504404534],[447580.4064476432,1593125.2499037033],[447557.6561892274,1593200.8753943713],[447514.59397496027,1593282.124680466],[447465.2812030298,1593370.9996956664],[447418.46906046715,1593454.7496111288],[447353.84339738736,1593542.7501008278],[447286.81234224583,1593637.124989192],[447206.43750039215,1593699.8746723677],[447149.74993178016,1593736.6250585543],[447087.6565896633,1593755.6253886747],[447004.6870187827,1593750.8749811025],[446919.2813393713,1593751.1248571402],[446862.0315293595,1593757.3753335432],[446786.99997168616,1593766.500237614],[446668.46893699496,1593768.7499345576],[446582.7826650769,1593754.9996828244],[446510.7514075862,1593722.0002813195],[446440.90638258867,1593669.7496172704],[446380.2497261126,1593631.3752399904],[446329.93753129203,1593600.3746842656],[446286.09399731696,1593574.5002034048],[446222.8128704709,1593532.2500253145],[446175.02990871423,1593500.0001706623],[446110.8128234287,1593475.749762155],[446073.5627664272,1593461.1249849203],[445992.25001588196,1593475.374988729],[445943.87523390347,1593478.8750409868],[445835.8442747254,1593496.2502423667],[445731.12492470565,1593554.3744966194],[445662.34384343517,1593623.2497588096],[445610.1567250971,1593694.3747992038],[445546.74956321553,1593778.5004632184],[445488.3130248611,1593854.749546964],[445437.06284008856,1593907.9996339031],[445398.2183708157,1593943.249788738],[445304.93708626105,1593999.874949286],[445111.81273177324,1594100.376473051],[445045.78118078224,1594113.1252703818],[444943.99964162055,1594125.2504746353],[444837.1565484321,1594137.4995198909],[444733.9690400986,1594140.749696111],[444688.24952621956,1594150.500224772],[444664.6872316269,1594185.3746310547],[444635.218598849,1594244.625318359],[444612.0628505381,1594299.8741698177],[444575.15587536775,1594369.5000352466],[444544.4379436623,1594430.0000214786],[444513.3748986131,1594471.3746989414],[444478.34382208623,1594506.4999563878],[444397.28094757866,1594534.7500879674],[444347.53091289743,1594531.8746851734],[444307.1873499197,1594489.2496523964],[444288.1563033305,1594427.1246186846],[444268.8129726396,1594349.7491018875],[444261.9378467729,1594323.1251554347],[444233.0620093429,1594280.25024662],[444186.06248006714,1594223.7499834609],[444147.1576342427,1594188.874602052],[444121.43787337386,1594176.4996030214],[444073.78086539224,1594152.0003748632],[443997.09354377,1594141.8750727763],[443912.9688548813,1594142.2498462026],[443834.90522416984,1594127.1253981527],[443757.46835569525,1594077.6252395092],[443705.3436454212,1594019.8757586826],[443636.4683832312,1593951.1253938812],[443600.84345497005,1593823.0004195129],[443579.53093858156,1593774.874538446],[443551.06270381977,1593752.500109843],[443513.6252601052,1593729.0003045748],[443463.2812924291,1593695.5001758689],[443414.3750667803,1593672.1253492497],[443364.437645386,1593660.3749184224],[443304.84395751095,1593678.124974489],[443241.654980072,1593706.000251382],[443184.968386586,1593742.874478571],[443106.4378330413,1593768.5001397806],[443051.7500853354,1593775.999915111],[442939.0629807653,1593749.9994804752],[442872.40669905,1593730.8753093528],[442796.59382166876,1593699.1240691287],[442741.1872435795,1593669.624719882],[442671.74982125015,1593637.7496386557],[442566.1559457289,1593583.6251074758],[442472.2817845659,1593542.1254513639],[442433.5315774731,1593514.7498452857],[442374.46827688185,1593494.2503402],[442304.0621481315,1593477.7496643218],[442219.6558103496,1593464.0003877145],[442112.2187841664,1593446.8749811116],[442027.90670856455,1593438.249829116],[441934.4370621708,1593417.1247807012],[441843.2815522973,1593383.1248999198],[441773.813413499,1593351.2498186938],[441713.469122385,1593329.5000395547],[441677.5932616998,1593320.0003620575],[441594.6564388007,1593316.375412411],[441450.40653710614,1593306.3750077127],[441384.03084789746,1593301.2499079749],[441275.6558317622,1593301.9994548273],[441176.25002457976,1593302.6251606776],[441084.4064007919,1593300.6252585112],[440996.4376839486,1593301.0000319374],[440915.1873414674,1593317.7486336012],[440831.6565855735,1593349.9994633796],[440760.81221894646,1593379.3749716245],[440688.84345078026,1593415.1248785346],[440587.59335528885,1593454.1249616651],[440514.4060859245,1593493.749612999],[440433.78136803315,1593543.7495237177],[440361.0620778886,1593607.6245835586],[440313.84338904417,1593670.9999725847],[440257.93705887964,1593747.2500314561],[440216.0298813601,1593822.0009966227],[440196.8441960393,1593886.1249573752],[440167.15640369285,1594000.2497227122],[440158.5312516972,1594081.999736008],[440151.6254093615,1594186.749802497],[440160.50035613426,1594251.5004442257],[440153.09484298376,1594329.4995541002],[440157.31266923854,1594417.3751464104],[440183.71859376976,1594530.3745350821],[440190.2189462102,1594602.9997255676],[440194.0629741648,1594670.500710181],[440193.0308032932,1594750.874495648],[440181.62548580964,1594819.8746552267],[440156.5313495306,1594908.3748970008],[440112.09388256073,1594983.24978443],[440079.3433007072,1595070.4997521504],[440031.9689167447,1595127.4996861245],[439958.9689528329,1595176.1253192667],[439902.24961136543,1595209.1247207713],[439847.9684099413,1595238.12545559],[439748.0628506836,1595279.625111702],[439680.8127172339,1595296.1248124542],[439612.3440013256,1595316.6252926658],[439540.40594962845,1595353.6254736297],[439477.0612770714,1595375.2502741197],[439376.5628412054,1595387.3754783731],[439226.5622151833,1595409.37513355],[439091.87545543635,1595433.6254607965],[439017.9375828331,1595432.375186743],[438947.71884079586,1595494.9999725302],[438855.3744898067,1595532.3749269203],[438802.8125980425,1595568.3746286076],[438820.9691191302,1595489.7498941433],[438835.87546399777,1595428.6252584474],[438836.9066597433,1595394.249629114],[438838.53170722316,1595266.8752579845],[438846.5630074845,1595138.2496376752],[438851.28156094055,1595080.8748490144],[438866.8750445964,1594938.1242035457],[438876.81295997027,1594897.3740942865],[438889.21875673044,1594843.7502903074],[438900.25027591386,1594776.125302171],[438909.93734012404,1594698.499990597],[438900.5001519515,1594629.7496257955],[438870.2501182052,1594514.1247103673],[438881.06255908054,1594415.9998937077],[438927.5624175415,1594299.750247555],[439003.6250896999,1594204.9995293783],[439044.9998484232,1594090.00023854],[439041.84385312244,1594005.9994719138],[439016.90638708754,1593915.8762141722],[438993.46907114395,1593861.2498994044],[438975.000184694,1593781.2499122375],[438964.28094961226,1593712.624526085],[438901.7197095361,1593551.3752528233],[438844.78120850003,1593458.8762631025],[438788.0311505635,1593393.250202007],[438745.24944754253,1593312.1248381748],[438703.343245149,1593178.74986668],[438650.7495805292,1593156.2505406884],[438603.3127885027,1593142.6251863437],[438573.8441557249,1593132.7496790339],[438559.65664124076,1593117.5003335956],[438536.3749391548,1593082.1252001117],[438543.84399801627,1593051.5003929392],[438567.8434740992,1593009.250214849],[438615.905971976,1592989.2504618387],[438716.0316659283,1592985.1247037305],[438767.03091827675,1592963.0002324255],[438853.31217957614,1592863.0014673744],[438906.2806176221,1592760.7499174804],[438955.4991273725,1592664.874879025],[439042.81255954347,1592533.0000576214],[439096.0308736271,1592462.4997479515],[439162.9062336505,1592334.6257060072],[439228.4996280253,1592207.9999066042],[439261.3434156724,1592150.5002205549],[439351.3120346823,1592030.000000166],[439446.96896995575,1591992.3751697384],[439501.437558093,1591916.7487039443],[439488.2187500299,1591858.2495950048],[439435.0312336758,1591753.1247550896],[439384.15679745545,1591618.5004846675],[439386.6246788418,1591604.5003568963],[439396.6874916042,1591581.5003037036],[439457.6872299115,1591525.0000405442],[439507.12489923055,1591464.7499303496],[439556.59434140514,1591403.2495461018],[439560.8439405154,1591283.4999289517],[439558.1559244345,1591086.1249189673],[439574.46823847375,1591045.2499123192],[439637.87531909486,1590965.874574616],[439706.3123434081,1590876.1250339143],[439758.3735079711,1590823.4996776995],[439771.9692022334,1590759.7495152473],[439781.59377711907,1590671.873922937],[439869.46831304283,1590618.874768422],[439973.0315699285,1590614.2503958857],[440020.06287205976,1590571.7502604972],[439997.5932061507,1590472.6250458215],[439971.9379661189,1590283.2495632425],[440015.56242178584,1590123.6253374608],[440120.9371377385,1590013.250419159],[440257.21920362226,1589930.749802624],[440347.5001879943,1589854.8745171789],[440375.12461372366,1589784.6250586726],[440374.46827266476,1589691.6253417507],[440386.75014716235,1589621.499805507],[440402.90579095756,1589555.1250914242],[440440.5623129803,1589458.1246763037],[440492.4689200722,1589381.2498867079],[440461.84411289974,1589212.249986952],[440448.68779416115,1589161.3745756056],[440461.81242130476,1589031.3747589802],[440470.2184137318,1588955.0006965857],[440456.59411577345,1588839.2498273824],[440448.5311239171,1588780.7496620566],[440445.43761794094,1588709.4998055343],[440438.62490013824,1588648.3751698383],[440426.5929016783,1588575.8749580018],[440414.65614052437,1588518.7500453787],[440457.1562759127,1588380.8746236102],[440500.0628763223,1588300.2499869792],[440515.0941998389,1588254.374777982],[440502.8737582793,1588156.3759150973],[440497.62473627896,1588134.8739804833],[440495.99960753863,1588090.2501019263],[440532.6250150763,1588024.9997893828],[440570.68710825476,1587981.375333716],[440575.4067180973,1587924.124548578],[440575.09337760916,1587880.7499689488],[440574.18716051267,1587752.2502211542],[440582.3433581625,1587642.6249309652],[440620.1248588343,1587558.3752634274],[440655.56240038236,1587505.8748046013],[440711.2188545093,1587420.1250682326],[440755.37475384655,1587334.375331864],[440799.53170957026,1587249.9997105512],[440805.7504131176,1587223.2498103234],[440720.50034756376,1587110.6251138172],[440690.9057610109,1587085.3753636808],[440646.00031482126,1587066.6249095981],[440580.6250236286,1587046.8750326254],[440462.53125168814,1586989.2504491876],[440387.93793189153,1586931.375014586],[440364.59382174147,1586886.99995568],[440372.93740610447,1586799.0004411072],[440390.1252207712,1586700.8746493214],[440509.06182661816,1586520.375169902],[440538.2191504203,1586481.8748388467],[440565.6254729675,1586378.6249224492],[440564.0629148122,1586340.3754425577],[440554.81205696624,1586299.7503119474],[440541.6874298227,1586251.5004273574],[440536.21827312774,1586201.8763464512],[440561.4997961198,1586159.6251119745],[440628.8749082185,1586102.9999514266],[440721.9995225291,1586069.124968034],[440798.62541121326,1586050.750343764],[440857.37537131633,1586038.7501181597],[440907.03122507804,1586006.5002635072],[440966.6874022776,1585942.3753276288],[441004.62451680703,1585882.250114823],[441010.5627091082,1585818.4999523708],[441010.15616282646,1585761.250142359],[441018.6564174335,1585696.249705853],[441029.65624502196,1585626.1251447352],[441036.93791717035,1585571.2500103163],[441051.9374678314,1585522.7503309492],[441071.9689124367,1585464.0003708461],[441104.8751894084,1585411.49991202],[441154.375348052,1585360.248670861],[441210.21918889205,1585297.3750654226],[441264.6877770293,1585224.3751827714],[441306.2192059966,1585129.7504183694],[441325.78169625613,1585003.624289781],[441316.12534851494,1584905.625508157],[441311.624898241,1584811.5004145699],[441300.81245736574,1584730.1251747003],[441276.09415089944,1584671.7499880232],[441210.43729207414,1584616.2502041406],[441390.40630294936,1584565.3748740547],[441608.8439532848,1584561.8748217968],[441728.4686730461,1584349.3753637625],[441853.5000601778,1584166.2503575867],[442121.0313228751,1584225.1252150782],[442367.93720797234,1584260.5003485621],[442607.90645300434,1584312.125306761],[442780.62450820016,1584102.6251737834],[442894.12470533367,1583910.250366148],[443111.468670599,1583960.0004008291],[443542.00028907345,1583873.9997320366],[443563.0005213602,1583523.7486932357],[443591.68783443014,1583290.624913988],[443461.15649287397,1583065.625478274],[443239.0938928921,1582922.9986738074],[443233.6247361972,1582688.875390409],[443310.9059908142,1582480.3746803214],[443247.00021450437,1582241.9997663002],[443389.68747678306,1582026.3750294344],[443602.53099177446,1582090.0002132375],[443819.5626729381,1582181.624677457],[444057.9058141037,1582238.3748166538],[444152.06162415986,1582030.2498551183],[444350.0939503293,1581911.6245582472],[444475.5626814722,1581711.9998513188],[444463.4999665432,1581477.7496390194],[444663.1563650666,1581337.7503928216],[444663.87519545,1581106.3755833164],[444880.09386531066,1581016.2502128019],[445089.8121014704,1581144.6249819475],[445237.1564842671,1581359.9998427758],[445455.6873403961,1581397.1259775145],[445741.2502267926,1581409.5000014193],[446088.56231708825,1581241.2496485158],[446283.87501684227,1581380.124574435],[446529.4998301563,1581190.5001909446],[446563.28160775546,1580831.7500351837],[446591.5930910127,1580602.624922622],[446580.8431394619,1580376.0003581678],[446679.5629455029,1580176.8754033146],[446470.2501179779,1579852.3758982383],[446678.68736361497,1579570.6254294617],[446666.2816481153,1579347.8747155655],[446978.8750272463,1579094.2503748457],[447242.0942827693,1579050.0002133285],[447348.5626025316,1578807.8754522724],[447597.9066276721,1578798.874470464],[447790.24966245197,1578694.0004817126],[448016.7185317882,1578563.6248352744],[448210.6876704345,1578448.7514982112],[448428.49961491954,1578525.1254793454],[448608.5936044438,1578661.4997758965],[448727.9377316985,1578457.8763210217],[448970.96870985115,1578393.9992296684],[449063.09390127164,1578169.2496699921],[449289.78087379003,1578153.1236862794],[449512.5315876862,1578218.3750552095],[449633.12501386856,1578021.125023874],[449435.40602818725,1577921.1252024362],[449562.5314984051,1577706.3750723323],[449465.8126509171,1577500.1250343143],[449515.5934020674,1577278.0000262684],[449247.3433089867,1577107.250019123],[449199.9689250242,1576878.374782599],[449544.00020389113,1576787.4998652323],[449524.218554063,1576720.1247531336],[449523.56213174365,1576660.1245189768],[449534.53124286304,1576612.750216275],[449553.09325384605,1576565.3748571863],[449586.0313036732,1576553.3745503214],[449634.1879824696,1576538.7498543472],[449680.9376357078,1576510.1249493412],[449671.75032357284,1576483.3749678528],[449644.81295537134,1576459.5003891585],[449617.9371013684,1576444.4998633715],[449602.3436177125,1576414.1249322365],[449589.3438879575,1576387.4999293974],[449549.7192366237,1576368.7515068273],[449520.4686257675,1576369.125223867],[449483.6251150477,1576372.1245489235],[449444.21856689604,1576372.6252761248],[449379.4064922292,1576376.0003497335],[449327.3749877487,1576385.6249246192],[449279.1886488698,1576399.0004029265],[449233.31238348613,1576390.6251269684],[449236.781719275,1576357.3738179137],[449302.2501350007,1576295.2497593276],[449370.4679997454,1576253.6252058274],[449438.9684885092,1576238.749577429],[449502.53126424836,1576234.1252048924],[449584.96735994617,1576213.874519458],[449648.31300762924,1576191.3751934664],[449658.1567420835,1576159.3752148517],[449640.0933455288,1576136.6250376964],[449589.9685374214,1576086.2503535515],[449555.34400717623,1576058.6248714356],[449491.2498690273,1576010.874738921],[449467.9692233278,1575974.1254091207],[449485.5000385652,1575949.6252058365],[449548.59385995864,1575901.6251972842],[449577.43784327264,1575864.250242894],[449547.9374376393,1575840.3756641997],[449523.4997236796,1575815.1248576767],[449524.3137913691,1575770.499922733],[449535.31256257097,1575730.7502927503],[449533.59325291106,1575688.6250120485],[449540.81243573496,1575647.7500054007],[449585.31239202933,1575648.4995522532],[449625.06104688626,1575678.6246073502],[449668.31276063947,1575680.6245095169],[449705.2187606838,1575682.7503654584],[449739.4060281782,1575668.2515419987],[449813.9685502453,1575625.2486478966],[449849.4060917933,1575608.1252728063],[449886.06221580005,1575587.2500191687],[449918.7503895896,1575551.1253388321],[449882.8120395798,1575522.248526276],[449848.2499986592,1575498.3750039684],[449788.1248671139,1575464.7499778739],[449797.71872553055,1575412.2504941735],[449801.1879800589,1575380.2505155588],[449822.24964528374,1575327.7499754722],[449846.15591557306,1575301.8745194853],[449930.6564342745,1575235.7497627006],[449957.0940504007,1575211.1245807675],[449997.37512405385,1575172.3754300612],[450070.31365502754,1575094.8750158756],[450136.21827711747,1575074.8752628653],[450178.125454637,1575068.0001369985],[450235.4059811178,1575073.6249888116],[450279.9377102677,1575075.6248097175],[450325.84363573394,1575086.624637306],[450362.74963577825,1575088.6245394726],[450430.09403140796,1575085.2504409899],[450502.18769696273,1575048.6250334522],[450518.46823814645,1575024.1247489075],[450594.28111552773,1574978.625369723],[450642.8125677503,1574995.8746985882],[450687.4375026938,1575009.375074284],[450735.8746927363,1575018.874751781],[450831.6248338033,1575053.5002571521],[450862.3438218953,1575072.2497361088],[450917.15654825023,1575085.625214416],[450983.2496134398,1575080.9997854931],[451035.3435259843,1575077.7496092727],[451140.844195712,1575072.624509535],[451180.0623820246,1575054.2498852652],[451246.81284465943,1574990.8754713652],[451308.40643470106,1574923.7512916904],[451351.53113829275,1574914.2495826809],[451414.5317538926,1574858.6249014095],[451432.96886748704,1574798.3747912152],[451433.78090366395,1574753.624958883],[451463.7810613726,1574704.7504248293],[451529.90581815713,1574705.2501769045],[451596.0941206527,1574710.8750287176],[451669.93781233643,1574720.1247489166],[451729.74968465406,1574724.5003018018],[451792.09387793456,1574726.2503279308],[451835.2810708508,1574721.8747750456],[451889.8439211681,1574709.7496520525],[451919.0002698443,1574701.7501246466],[451981.50007698237,1574718.7495774743],[452010.84381237166,1574728.6250035237],[452036.4684171949,1574744.8749094987],[452069.8436485124,1574775.1238055981],[452086.6566897529,1574800.4995907703],[452122.3123344831,1574806.3752937468],[452160.5003814366,1574808.500093302],[452198.9372480413,1574835.9996216428],[452240.09390358237,1574879.0004029719],[452279.81281709624,1574909.1254580691],[452333.46831267007,1574930.1246339695],[452352.8434162165,1574960.4995651043],[452384.8126783622,1574975.3751935028],[452425.50029829703,1574973.6262237602],[452454.53174958465,1574954.1251664388],[452492.4996618435,1574937.1257136113],[452528.1235337182,1574940.499812094],[452575.0001971179,1574923.2495081027],[452605.43761757726,1574913.9997066432],[452639.84404464025,1574921.2496871967],[452679.24961766595,1574920.7499351213],[452707.1566674144,1574913.9997066432],[452765.0925598281,1574860.8745983532],[452810.4065838119,1574817.000347909],[452863.1876351448,1574757.6246819557],[452893.18673646695,1574707.3749764597],[452909.093560611,1574649.7503930216],[452930.28109835036,1574607.3752362824],[452969.1562840923,1574557.1255307863],[453011.9687035823,1574515.7497156768],[453049.7809207231,1574484.6252376894],[453091.2815519609,1574439.4996568053],[453123.93795289495,1574400.7504248384],[453187.2815690655,1574378.2501237208],[453244.37470883323,1574366.1249194671],[453287.50046881137,1574356.6252419702],[453336.9371630045,1574340.7501906815],[453380.1253310467,1574337.6249118499],[453443.906209968,1574355.9996173803],[453508.78174908535,1574356.375447193],[453548.187322111,1574354.625421064],[453577.15628407407,1574328.7499650773],[453574.3126541356,1574300.7497095352],[453557.34391777695,1574258.750301348],[453549.125312063,1574205.2504196318],[453539.96871639707,1574179.87471572],[453533.21848791896,1574144.2497061985],[453502.28139664483,1574103.7494729767],[453497.9058437595,1574050.2495912604],[453507.71886174474,1574016.8754163296],[453514.81306591956,1573967.000402999],[453524.68751684285,1573938.8752500685],[453506.4377899616,1573895.624592702],[453477.75047689164,1573830.8750073595],[453437.7499144847,1573773.999970774],[453423.21939942986,1573724.3749147418],[453389.8441681124,1573695.5001336983],[453336.37492160464,1573689.7503844968],[453289.12454116525,1573672.5000805054],[453231.6873444404,1573650.2495741649],[453206.0310480221,1573630.1249237661],[453174.09347747144,1573617.749843475],[453143.4687515595,1573606.625118498],[453091.2191438969,1573595.7502695587],[453031.4052400667,1573592.749969376],[452986.8438508343,1573586.8752415255],[452925.59326136333,1573568.499560869],[452893.6249743437,1573552.2497361542],[452854.0934475429,1573541.2499085658],[452833.96879714413,1573560.6250121123],[452771.93794435175,1573589.4997931558],[452717.15601572633,1573580.0001156586],[452671.0309306915,1573547.3754875802],[452593.1250266106,1573516.499829244],[452566.5000237713,1573521.8748050195],[452530.8750142497,1573521.000279518],[452483.7495311989,1573515.2495551903],[452454.4682851341,1573511.7495029324],[452412.49959341605,1573510.99995608],[452375.50046883867,1573500.0001284918],[452342.6259647225,1573518.249855373],[452336.7184888903,1573559.2497594096],[452328.1251097502,1573588.6252676544],[452286.2813966812,1573600.750471908],[452251.8749696182,1573593.498459842],[452199.46869171155,1573568.624539518],[452138.3748537452,1573565.5002358125],[452098.7808376199,1573546.8757355048],[452076.93793394766,1573526.7500287197],[452058.874537393,1573502.6245988617],[452020.12538668665,1573446.9999175903],[451982.0622371217,1573455.1253987711],[451936.37547122414,1573462.1243656399],[451889.34416909283,1573466.499918525],[451856.2822782636,1573466.8747732118],[451817.8751530019,1573440.6234874122],[451789.5000427732,1573402.6248586844],[451758.6879301481,1573377.5000059363],[451728.03143138066,1573362.6254339244],[451684.6250788958,1573349.1249769682],[451651.3747449669,1573331.624796939],[451611.84321816615,1573319.374695297],[451589.90605231386,1573288.9997641623],[451567.87470554205,1573251.0001603083],[451512.937163059,1573227.3754576517],[451427.8754593443,1573241.2496316475],[451380.9998523311,1573257.1247641966],[451355.1878607947,1573221.7496307127],[451320.37496871053,1573176.1252728791],[451300.96914869506,1573144.5000676906],[451275.03120338364,1573097.6254358033],[451248.24953030027,1573091.5009131755],[451207.6253748159,1573098.499961305],[451169.7189767555,1573121.8747879239],[451139.5621488028,1573154.1246425763],[451070.0940100045,1573201.00033085],[451052.0623863053,1573179.5014028745],[451030.1877097775,1573155.499895279],[451013.437076601,1573133.9999921774],[450999.1246647283,1573103.6250610426],[450994.875065618,1573062.7500543946],[450994.5934167249,1573036.0001541667],[450977.7814318709,1573008.1247960133],[450937.093811936,1573008.624466828],[450888.4066645953,1572975.9998387494],[450858.90625896194,1572952.1252600553],[450832.09492579603,1572942.249834006],[450808.2183155892,1572969.3745889205],[450778.062544023,1573004.2499703292],[450746.31236018543,1573007.1253731232],[450712.12509269104,1573021.625171709],[450697.53103192523,1573083.124580831],[450658.4685407307,1573119.3752149425],[450638.56296864,1573159.1248449255],[450599.40621526545,1573183.8749242472],[450552.2807322146,1573179.3754490993],[450506.62468278606,1573188.8751265965],[450471.3745279511,1573222.5002339515],[450415.34330039803,1573215.5001294357],[450365.3137295966,1573175.2497722516],[450346.0000589882,1573152.624492485],[450322.90574361535,1573135.0004714539],[450282.31238586054,1573143.1248149879],[450245.6869783228,1573166.624620256],[450195.7188404595,1573132.7497181238],[450147.0624095878,1573100.1250087847],[450121.75017012673,1573112.0003370007],[450081.1875288409,1573125.2499427933],[450049.4998343279,1573135.874915695],[450017.81213981484,1573143.8754182267],[449993.4061174502,1573121.2501384602],[450009.5003283074,1573081.4995333513],[450020.5625639598,1573044.2504514756],[450034.0937373851,1573000.7499180713],[450073.2494343731,1572977.2501940636],[450125.37511977315,1572975.3751892857],[450235.5626513619,1572933.1250111954],[450260.844174354,1572917.499754684],[450275.78131695103,1572886.6251527346],[450281.6877363967,1572845.7501460866],[450286.43806270824,1572812.4998121576],[450347.15615212236,1572782.3747570605],[450404.40596213413,1572785.5000358922],[450450.1561924822,1572782.3747570605],[450481.96878438385,1572784.4995566155],[450495.5941387287,1572749.876082757],[450487.5311468723,1572709.1249983716],[450468.0936352619,1572676.2504942555],[450448.751279697,1572650.8747090832],[450434.40603858227,1572615.3746782106],[450412.46887273,1572586.2490460034],[450368.90690638754,1572556.2499446813],[450338.3436134136,1572552.749973684],[450303.90646988165,1572541.7501460956],[450284.5620828042,1572517.6247162377],[450275.1248946317,1572466.7503612777],[450360.0001867593,1572434.9991210536],[450392.87469087547,1572416.750450559],[450444.8437060314,1572400.7504206214],[450505.31297579437,1572348.9995086475],[450532.15608181583,1572361.3745889387],[450578.031290813,1572368.499590843],[450606.06226282404,1572375.875443911],[450651.90675535216,1572380.3749190588],[450684.93792971247,1572377.3746188763],[450721.81215690123,1572375.6245927473],[450745.59352980205,1572339.6248097995],[450769.2816969093,1572297.2496530602],[450789.31216638855,1572267.6253251643],[450792.7190128529,1572226.7503185163],[450841.6559549707,1572164.875160842],[450851.28158624284,1572113.6249760694],[450878.43705762643,1572038.0004605274],[450862.6878788525,1571990.9999561256],[450763.0005040374,1571943.7494944257],[450762.2499007985,1571874.750309973],[450793.4685597053,1571818.2501280743],[450840.87463526276,1571733.3748359466],[450867.1873540004,1571697.3750529988],[450880.6560381011,1571648.7514513691],[450880.09387796186,1571593.750363175],[450893.343402494,1571526.0004776502],[450955.12543563516,1571474.1246682878],[450987.81255303824,1571437.9999879512],[451038.4063154914,1571411.8746559268],[451069.9066232914,1571387.2495552541],[451110.4058001266,1571367.6245756699],[451130.4997340564,1571344.3746464394],[451098.49975544174,1571322.9996407265],[451065.3436836929,1571314.5004425058],[451033.3753966732,1571298.3734836672],[451002.7188979058,1571284.6252634465],[450955.1878436992,1571241.8753332808],[450950.9065529939,1571198.499697265],[450975.7815297043,1571145.8753161763],[451031.6560870133,1571136.249684904],[451100.40645181475,1571142.9999133823],[451215.00025275786,1571157.0000411533],[451282.5002622451,1571166.3747400013],[451335.87524657283,1571164.3758942212],[451399.59363616956,1571175.124870646],[451392.75125828444,1571130.4999357024],[451371.96921044023,1571089.874805092],[451325.8123525499,1571054.749547646],[451297.5939938258,1571030.8749689516],[451259.1561520951,1571004.4998421497],[451252.4376964725,1570971.375461996],[451276.34396676184,1570945.624984658],[451332.25029692636,1570942.374808438],[451385.5627919295,1570934.000507606],[451465.65598489007,1570931.7497542757],[451531.59335496154,1570913.0002753192],[451587.62458251463,1570920.0003798348],[451625.8751187927,1570928.4995780555],[451646.4995212668,1570953.7503845785],[451678.531272737,1570976.24971057],[451740.49963620486,1570946.1246554728],[451760.03140999534,1570986.7497860834],[451792.2187753231,1571025.9997452514],[451856.03142709995,1571048.1252729427],[451890.5627515515,1571065.6254529716],[451931.5001662635,1571089.2501556284],[451970.12547596777,1571132.2499618314],[452018.3435877022,1571122.7502843344],[452057.75021711434,1571120.875360817],[452075.8432737516,1571148.7486874578],[452088.96887602116,1571185.624946159],[452103.2495962988,1571214.875475755],[452103.7185506446,1571259.5004106984],[452140.9378911771,1571289.6254657956],[452173.9997820064,1571291.7502653508],[452211.8754635977,1571265.749911975],[452197.3746086254,1571214.875475755],[452243.74956969783,1571151.7499627664],[452291.96865655825,1571142.25036653],[452320.2812774625,1571053.876078531],[452341.40640713787,1571007.625039721],[452376.81217583036,1570989.3753128396],[452392.9371031565,1570949.4997290818],[452391.2188498831,1570907.500402155],[452400.8127082998,1570854.999943329],[452437.8119141377,1570865.9996896568],[452501.6562575095,1570889.499494925],[452500.9691187211,1570825.6254914706],[452492.5938427631,1570755.6258277416],[452494.65615299373,1570708.3754473021],[452517.2497411654,1570682.4999913152],[452578.2503733381,1570677.8745623922],[452620.12480287615,1570668.4998635442],[452662.15598391875,1570674.3745101343],[452729.9375610387,1570711.7494645244],[452755.4689600684,1570719.1253988529],[452795.34356870037,1570762.0002264068],[452813.78165742074,1570822.9998834538],[452813.0935435064,1570876.624743819],[452862.15643939923,1570946.2495528616],[452889.625251271,1571020.000120012],[452905.7808950662,1571102.749556198],[452939.2186157082,1571139.3749637357],[452987.71829507523,1571155.2510714107],[453022.4062897709,1571186.7503228243],[453026.78086753027,1571241.6265136297],[453083.90675527946,1571231.999825971],[453163.96923177096,1571227.124602271],[453249.06254582026,1571214.6246245913],[453295.74979099433,1571182.1248939012],[453352.31246221776,1571117.6251845965],[453400.1558005259,1571072.2497276748],[453458.1879866321,1571030.7500715628],[453523.87548066594,1570986.499991306],[453634.5309914744,1570990.249838341],[453714.68764888553,1570993.1252411352],[453790.65614012437,1570961.5000359467],[453833.6559463275,1570981.0000368818],[453917.2502479324,1570943.2503090654],[453970.3128668979,1570906.999674954],[454015.2808024121,1570813.500287217],[454028.6869971883,1570747.1245980083],[454066.218703083,1570675.3749894109],[454109.1877928171,1570644.2505114237],[454195.3440754674,1570607.7500012745],[454271.3125667062,1570573.8750178819],[454346.1249648109,1570550.1254178365],[454403.0000013965,1570510.12493669],[454410.31239001395,1570471.7495030235],[454417.4056190627,1570412.9995429204],[454435.81201618817,1570333.8750563809],[454431.71908732195,1570303.2502492084],[454400.68781512824,1570242.3745144242],[454358.28088553343,1570190.4996801878],[454318.5629471456,1570155.1246279643],[454241.9688313169,1570121.4995206092],[454177.937101232,1570065.9997367263],[454131.81201619725,1570026.999653596],[454072.93715870555,1569982.8755271141],[454002.999984301,1569979.7502482824],[453924.21955471864,1569986.8752501868],[453850.6871720106,1570010.6248502322],[453811.438269229,1570028.7496797247],[453749.4995658437,1570071.4996098904],[453711.3432917457,1570070.6251656492],[453651.4065220395,1570050.7503100275],[453575.96841808443,1570001.7499034593],[453545.06204327935,1569954.875271572],[453531.9999054603,1569916.749713943],[453527.81279567454,1569870.8754800719],[453508.250305415,1569816.2502216906],[453476.31273486436,1569797.499767608],[453394.99998431915,1569803.3754705847],[453329.6871824511,1569750.5002383322],[453350.84302859544,1569697.9996982454],[453371.9692146573,1569640.3751148076],[453398.343366333,1569604.3754131203],[453435.0629547902,1569584.8754121852],[453492.50015151507,1569612.3748592655],[453543.78105275665,1569661.6252231319],[453583.4999662705,1569694.374748599],[453611.5626298766,1569704.374096911],[453678.5629685491,1569660.3738926917],[453677.78270522767,1569569.7508828752],[453627.0937054684,1569442.750310046],[453608.0626588792,1569302.750088722],[453578.4690474523,1569114.2501067708],[453549.31269877614,1568975.6250568891],[453551.43749833124,1568929.749847892],[453533.1559985944,1568873.7503931944],[453423.06272918574,1568784.374650793],[453348.9691614644,1568745.499465051],[453250.6559017051,1568696.7499096463],[453221.0940631337,1568661.374857423],[453206.2808427992,1568567.1248664472],[453181.8124123706,1568530.3744802603],[453097.68772348185,1568504.3751832715],[453047.40624513035,1568425.8753461957],[453042.37532631215,1568284.3748935203],[453035.0312460997,1568170.9996750357],[453007.99969697866,1568131.7497158677],[452954.1249605757,1568078.6246075775],[452910.093958627,1567984.7504464146],[452926.68792155944,1567845.6246693318],[452935.8434608389,1567728.2497277746],[452940.5938684109,1567688.6249951804],[452933.4995829756,1567604.6252849407],[452889.87512730865,1567559.1248493697],[452856.4374066667,1567513.4995164103],[452801.3748855346,1567468.1250346145],[452711.8752208705,1567411.6248527155],[452693.71869978274,1567369.750341917],[452682.93697537645,1567299.749703062],[452631.8127443789,1567267.1240998574],[452604.4064218317,1567188.2504644815],[452540.09409924014,1567100.999521635],[452474.9062760211,1567062.000494891],[452379.37529452273,1567039.9998645883],[452306.5934337931,1567004.9995045303],[452208.3426633583,1566965.2498745476],[452190.12470933254,1566918.2503452718],[452198.3125985774,1566836.500331976],[452200.4373981326,1566786.7502972947],[452202.7188679318,1566754.8752160685],[452203.40600672015,1566687.2503091926],[452229.43707656465,1566610.500498246],[452251.53091266105,1566518.500204214],[452244.4684000812,1566437.0000669556],[452211.96866939124,1566355.624827086],[452198.4682936955,1566264.0003628666],[452200.4998874571,1566204.1250260985],[452153.4060960013,1566199.374699787],[452096.43793488265,1566229.2489037204],[452068.78173629777,1566265.2496617944],[452020.9998309276,1566325.6246693772],[451972.56264088507,1566313.3745677352],[451959.5936275991,1566282.8747392118],[451912.40671161027,1566265.4995378319],[451808.1246243412,1566265.2496617944],[451746.9374993208,1566246.7500588754],[451693.28094736044,1566215.3747297246],[451601.4373235726,1566180.6252208303],[451563.156152086,1566164.3744209895],[451525.7187083714,1566101.0000070895],[451465.4675417905,1566042.8746964503],[451437.625012879,1566024.0004013656],[451408.43794773385,1566066.3745017184],[451372.84365468123,1566066.750331531],[451319.53115967807,1566076.2499277678],[451263.68634371203,1566088.2502346328],[451214.21893304994,1566102.7500332184],[451135.4999364056,1566115.0001348606],[451078.3433321874,1566120.6249866735],[451001.8750888733,1566098.500434108],[450953.21873926214,1566059.3754535893],[450912.2187539651,1566025.374597682],[450854.81235496973,1566000.3746423225],[450811.65587852255,1566010.9996964848],[450733.2502223664,1566060.2499790906],[450630.9372395344,1566138.999692204],[450576.50042425265,1566166.3752982821],[450498.062020115,1566211.749780078],[450472.7814722489,1566225.9987275002],[450465.18751599884,1566229.8745283103],[450417.03083720244,1566248.2502089667],[450372.530880908,1566248.6249823929],[450306.406042863,1566249.3746105058],[450240.46964791755,1566267.7502911622],[450185.8751060052,1566277.2498873987],[450162.87505281233,1566266.0002650332],[450158.65722655755,1566220.1239996497],[450191.59413873777,1566203.249525471],[450216.84397013485,1566182.6261793834],[450231.6561340828,1566132.7512473136],[450241.7496633142,1566123.7502655052],[450269.4376347546,1566091.6253082415],[450303.53169645544,1566063.2502792731],[450355.2191439787,1566012.9995173907],[450397.8748932246,1565947.500385196],[450401.5622509351,1565932.1250047223],[450435.12486896565,1565843.8746389858],[450448.9683264926,1565824.6245140885],[450481.5315216331,1565768.2502047042],[450499.1566803111,1565750.125456472],[450518.06274825125,1565728.2486671712],[450548.5011438366,1565721.6254488546],[450600.81218443724,1565742.7495221435],[450616.0308946669,1565738.8746964594],[450648.9995797026,1565728.2486671712],[450662.87481008505,1565712.8753994703],[450679.1871241244,1565688.5000935749],[450727.18713267666,1565652.3754132383],[450751.2500732101,1565643.1245553924],[450753.40664562077,1565596.000128728],[450760.84393162676,1565575.4996485165],[450773.24972838693,1565539.6248442177],[450788.375232823,1565525.4997377978],[450822.3751136043,1565486.8754844798],[450838.78160856315,1565470.1249325639],[450830.84359535587,1565434.4999230423],[450833.1874732191,1565411.6248484985],[450863.5941772095,1565398.500221355],[450916.7500019685,1565371.2495126652],[450950.8747801384,1565349.249938749],[450977.40665844467,1565329.8748352025],[450977.0933179565,1565294.1249282924],[450977.03082863195,1565286.5001743126],[450976.7502361253,1565252.1245449793],[450976.62533873675,1565239.374691262],[450987.9692232823,1565225.1246874533],[451001.8750888733,1565218.6253913993],[451039.78156819416,1565189.0000071167],[451040.9376613283,1565177.4995335876],[451040.5628879021,1565134.1248726978],[451046.43753449223,1565076.7501652974],[451075.46898577985,1565052.2499620132],[451083.9691591264,1565007.5001296813],[451078.78157006414,1564994.750275964],[451046.50002381677,1564936.500067936],[451047.2813435247,1564880.3746594633],[451040.46862572205,1564829.3753258544],[451040.0313629713,1564778.3739607332],[451056.06210937793,1564720.8754123307],[451060.844208545,1564686.3747230875],[451069.4068712161,1564646.7500717537],[451081.81266797625,1564609.7498907899],[451103.2500817533,1564589.125488316],[451120.9683649643,1564579.999609119],[451170.56270452746,1564579.4998570436],[451240.62477632065,1564595.3749895927],[451300.52985443186,1564612.625293584],[451338.68710365583,1564613.499737825],[451402.187471331,1564607.874886012],[451443.8437164264,1564570.4999316218],[451466.3748152735,1564531.9996005667],[451505.0932495108,1564451.2500665472],[451512.4691838393,1564421.8745583023],[451519.4692070945,1564347.8751715007],[451525.24967276515,1564280.2501833644],[451530.0307968062,1564246.9999306959],[451520.62530022865,1564185.8752950002],[451503.46925841743,1564114.6253572174],[451494.1251947779,1564065.000301185],[451489.96880146116,1564022.999917872],[451508.78174486826,1563994.7488111663],[451510.90654442343,1563947.6253596281],[451504.1563159453,1563900.4997953167],[451507.8119820608,1563881.2496704194],[451503.5930994195,1563835.5004151973],[451496.81223573285,1563786.9996794437],[451501.3751753313,1563727.1243426756],[451514.81208657654,1563661.8750865185],[451542.37613575434,1563613.2504285022],[451531.7500252056,1563562.2501197674],[451515.8432010616,1563485.9999796355],[451501.65674296394,1563464.3751791453],[451482.249866562,1563423.8749459235],[451462.8747630156,1563392.124762086],[451437.0628527397,1563347.74970318],[451404.8437145564,1563297.1252242578],[451381.4371150818,1563234.8752118968],[451366.00030167005,1563214.624607723],[451327.49997061485,1563172.8750755736],[451309.5625278352,1563158.9999264516],[451294.1247392974,1563138.7493222777],[451278.5629472365,1563100.6236833883],[451264.3426847709,1563075.2500109891],[451247.6566536919,1563056.374659518],[451218.2504289781,1563037.5002831728],[451191.2812879211,1563008.3756260916],[451153.96882285556,1562956.4998167292],[451124.3752114286,1562915.9995835074],[451097.5310490207,1562898.37450609],[451068.0951642244,1562876.999500377],[451010.68762758205,1562855.8754270882],[450959.5941130536,1562827.1245683073],[450920.03089465783,1562808.375170611],[450849.78143615153,1562774.6251658676],[450788.6557440692,1562762.499961614],[450754.2810898617,1562756.375438986],[450724.99984379695,1562752.8753867282],[450696.90638246137,1562739.1240786084],[450654.84359108424,1562726.7500547038],[450552.937154534,1562704.876353302],[450496.9376185759,1562696.500102218],[450442.15674633696,1562685.5002746296],[450381.0935435791,1562680.9998243556],[450322.5002537201,1562670.124894156],[450257.4363527637,1562645.248861059],[450222.8743118431,1562616.2502390135],[450158.9060462087,1562572.2499535338],[450141.0935820781,1562569.8752779409],[450055.8435165243,1562561.7498780205],[449988.43768795655,1562559.874954503],[449898.124930729,1562554.3750000787],[449857.3749027301,1562549.624673767],[449815.40726739855,1562547.4998742118],[449742.81287464255,1562534.2503496797],[449709.71921095776,1562529.5000233683],[449656.3124537745,1562529.999694183],[449577.34366235306,1562512.8753439668],[449551.81226332334,1562500.375366287],[449505.9995436507,1562494.4996633104],[449470.4370234536,1562501.1249944],[449410.8750271736,1562524.7496970566],[449367.8752209705,1562549.3747977295],[449305.7184144031,1562566.5002043322],[449249.78144903004,1562565.7496010931],[449202.6876575742,1562559.874954503],[449174.56347976957,1562544.875403842],[449145.21974438033,1562532.3754261623],[449127.31098655716,1562518.5001957798],[449113.1879929101,1562503.3746913436],[449096.59411123814,1562453.6246566626],[449070.6254494577,1562433.6249036521],[449047.40623669623,1562395.6252997983],[449022.781054763,1562339.7497673633],[449003.1254399704,1562273.6249293182],[448976.9683350904,1562188.4998424135],[448956.12485430815,1562131.3749297902],[448935.4379625095,1562093.2504285478],[448888.1250927456,1562061.8750181363],[448838.3433664694,1562038.1254180912],[448784.7502789595,1562015.7500143622],[448729.71847429645,1561975.3757349155],[448701.53075078083,1561948.8745730782],[448680.74975932314,1561898.1241403809],[448660.0628675245,1561860.1245365269],[448630.56246189115,1561830.9998794459],[448588.2814860714,1561793.2501516296],[448543.5316537394,1561763.0001991438],[448516.65579973644,1561741.6251934308],[448479.37502626586,1561697.3751131739],[448453.5620596035,1561651.749698954],[448423.9377317076,1561608.6249953622],[448387.96866522875,1561564.3749151055],[448311.218854282,1561510.2503839254],[448263.9376761131,1561485.250428566],[448220.65630227735,1561476.750173959],[448185.1244985492,1561485.9999754184],[448154.6564428813,1561490.12467714],[448111.5316580292,1561503.3742016722],[448088.7189915494,1561512.5011372557],[448042.9687612013,1561515.5003810518],[447984.50036873086,1561514.7497778127],[447943.750340732,1561508.7501525735],[447919.56242154946,1561506.5004556298],[447881.438895433,1561506.875229056],[447847.093901308,1561507.1251050937],[447807.5941473628,1561497.3745764329],[447737.40612179454,1561466.1252010572],[447662.1246880836,1561436.2499407372],[447609.81267235696,1561416.375166376],[447560.12512700027,1561402.8747094197],[447518.00082142465,1561384.1253117237],[447478.4375217684,1561366.7500290833],[447409.3123835407,1561313.7498994423],[447381.1247412856,1561287.2497939914],[447324.59384291765,1561219.0001563914],[447293.31269468635,1561130.0002438026],[447262.2813412322,1561073.0003098284],[447233.96880158846,1561033.7503506602],[447210.4997127893,1560965.1249645078],[447190.87481446576,1560901.4997807047],[447188.00038679776,1560860.7496714452],[447125.4371152091,1560830.7495137367],[447046.6566856268,1560837.874515641],[446958.9377635606,1560840.0003715826],[446855.96738328325,1560842.3750471754],[446773.34390087234,1560844.3748680814],[446725.0623246874,1560846.1248942104],[446651.3128139232,1560846.8744410628],[446591.53165807464,1560844.8746201568],[446510.0622372853,1560833.0002670668],[446471.8434738628,1560824.3751150712],[446429.78165761166,1560813.3753687432],[446376.0626163268,1560774.375285613],[446303.18763106415,1560727.8754271518],[446235.2810752951,1560669.8760702875],[446185.09377786313,1560600.2502048588],[446155.12441788404,1560515.1251179539],[446160.4061878659,1560392.6249953986],[446196.0936054516,1560255.874950295],[446228.530846817,1560181.6247123296],[446226.9692637877,1560147.2500581222],[446234.3123688741,1560115.249998247],[446249.43787331023,1560099.7497203846],[446242.75013415667,1560061.6241627557],[446223.2807684302,1560017.1252628479],[446203.87494841474,1559977.8753036796],[446225.0000780901,1559920.2496638552],[446215.62537924206,1559866.749782139],[446260.96914456895,1559815.374699978],[446298.9062590983,1559793.2501474125],[446302.28141396766,1559742.2498386775],[446310.84407663875,1559704.000358786],[446329.5934743348,1559665.5000277308],[446352.0620838574,1559616.8753697146],[446363.2185816899,1559583.6250357858],[446383.1558453756,1559536.2496766972],[446451.49966389535,1559502.374774565],[446469.21900349285,1559491.9995964405],[446488.0308905135,1559462.499190807],[446486.155966996,1559392.3746296894],[446489.50032413576,1559336.2501963428],[446518.43751324335,1559301.4997123226],[446547.31229428685,1559260.499808286],[446569.93757405353,1559228.3748510224],[446596.15603061114,1559173.2499218262],[446594.5002666622,1559130.0012147115],[446589.0003934983,1559081.4995038318],[446577.28173552646,1559048.5001023272],[446558.750359752,1558965.8745071432],[446548.21851138334,1558921.2496534602],[446539.0004827794,1558885.6246439386],[446514.1879141331,1558810.74983777],[446494.49947009847,1558738.249544673],[446463.4989143738,1558683.625342678],[446412.3439669073,1558648.5000852316],[446348.43615908496,1558608.2497280475],[446289.5940495748,1558568.1253246383],[446214.2184349443,1558525.5002918616],[446170.81208245945,1558505.4994824647],[446127.3125241811,1558475.249529979],[446092.6245294855,1558434.8752505323],[446042.8437783352,1558411.1245941005],[446013.3126562328,1558376.9998159306],[445952.81267000077,1558290.8752248753],[445896.12510138884,1558204.749658694],[445837.00036785955,1558133.8735192115],[445779.18734132196,1558064.2496852952],[445688.40668613516,1558003.9995751006],[445639.65607434395,1557954.7503488811],[445574.68741069356,1557938.7503189435],[445509.8753360267,1557944.500068145],[445477.96856320556,1557930.8747138004],[445517.37511135725,1557895.2507606652],[445519.0309565666,1557895.12480689],[445558.90654032456,1557880.251210004],[445624.93711618957,1557868.1250306247],[445688.4374026042,1557859.874652055],[445773.5000814449,1557844.9999987828],[445869.74989332666,1557804.62474421],[445969.7496335039,1557750.1254396038],[446034.2811156641,1557713.7498268432],[446083.49970667507,1557673.7504020832],[446126.28140969604,1557622.250341273],[446175.43751138245,1557569.5000064091],[446215.5004818535,1557497.7503978116],[446219.15614796896,1557479.8754443564],[446217.34363251546,1557417.3745808317],[446212.03114606463,1557393.2511824863],[446191.1558924269,1557329.7498396852],[446165.0940248529,1557257.2496278489],[446110.7186425092,1557144.3751365656],[446055.438018195,1557073.498997083],[445987.49968957045,1557011.6248145348],[445893.03159541264,1556965.3748321114],[445779.59388760367,1556934.6261839368],[445737.28122018895,1556891.6253213473],[445718.9986640656,1556835.7497076518],[445708.31225822587,1556778.498922514],[445713.06258453743,1556738.8752463062],[445706.3748453838,1556701.9999627308],[445685.78115937876,1556671.625031596],[445638.2809029017,1556618.4999233058],[445628.9061227932,1556562.5004686082],[445696.78098696715,1556472.6249741316],[445815.9059546532,1556426.7497651344],[445915.75008097285,1556357.0000587034],[445990.9997418283,1556240.2496853496],[446012.1565630987,1556186.4999275957],[446053.8128894546,1556149.000075817],[446091.4059470268,1556087.4996103086],[446129.06157518405,1556029.7490730954],[446161.7814405686,1555989.8745457241],[446222.15644815157,1555916.6247057747],[446247.3120173686,1555885.750103825],[446305.49981733237,1555848.2502520464],[446362.6564215506,1555843.8746991612],[446488.5623341838,1555846.5002259174],[446548.78172790917,1555751.499631703],[446562.0937417658,1555676.1249921983],[446572.8129768476,1555589.3738014272],[446586.2816609483,1555530.6248977107],[446605.00034217536,1555489.6239372876],[446644.93735887134,1555414.999901022],[446657.59400679515,1555397.249926216],[446687.9064486054,1555372.7496416713],[446733.40485266387,1555341.750142333],[446787.78129139415,1555308.0001375894],[446803.9687080448,1555269.6247039228],[446823.8752552615,1555215.874946169],[446830.9684843103,1555154.6254130846],[446821.68796638184,1555111.3746744574],[446787.90618878265,1555026.2495875526],[446782.4995214123,1554989.2494065887],[446778.15671650844,1554929.3750449466],[446802.9375122993,1554855.24978563],[446834.65592328133,1554845.9999841708],[446905.4993147824,1554805.7485706],[446944.71847622097,1554781.1255014397],[446978.75012985774,1554746.3750174197],[446991.3125156015,1554729.7503380182],[447008.5628195928,1554667.124577105],[447012.03118025564,1554626.249570457],[447031.90595461684,1554572.499812703],[447067.4377583449,1554563.2500112436],[447111.9684311084,1554567.8754401666],[447146.21916305326,1554557.3753646535],[447176.6248106571,1554548.1245068077],[447253.8436572101,1554507.87520601],[447285.46886239864,1554488.3751238144],[447323.375260459,1554461.2503689],[447340.9993627505,1554440.7498886883],[447350.8747887998,1554404.8750843895],[447361.74963773915,1554339.749750495],[447362.7183441602,1554303.9998435848],[447363.312277155,1554227.4999086757],[447364.15502980095,1554176.4995186804],[447363.68705058115,1554122.999636964],[447379.84375076287,1554079.500159946],[447397.4063388558,1554051.2500283665],[447443.0624695448,1554039.3747001507],[447517.7498890005,1554001.6248910737],[447559.4052402304,1553968.1247623677],[447597.2502053527,1553932.0000820314],[447618.71833559877,1553915.2495301154],[447630.03150367533,1553901.1254800817],[447658.84379539435,1553848.5000426064],[447671.0938970364,1553797.374836483],[447681.99954370526,1553733.499776642],[447682.87504433276,1553688.8748416987],[447694.78108901763,1553594.3749746855],[447697.15576461045,1553574.0004482488],[447748.7807228092,1553516.1250136474],[447828.6547562011,1553491.125058288],[447889.21926327015,1553438.2498260355],[447932.03168276016,1553389.3752919817],[447983.7815383475,1553344.2497110975],[448067.1249075283,1553279.6250231436],[448123.8125574008,1553219.2510719472],[448170.49972131435,1553176.6249827838],[448212.12533120124,1553137.9996730795],[448270.18717739,1553089.0003228977],[448342.1877184117,1553034.749756682],[448383.781555443,1552993.499976608],[448417.43737926707,1552912.875339977],[448428.6245123081,1552884.7501870464],[448443.56263003114,1552848.8753827477],[448468.31270935293,1552769.624942433],[448455.34377732745,1552737.8747585956],[448433.6247146573,1552727.8754102837],[448382.6561787779,1552714.2500559387],[448351.9996800104,1552699.2495301517],[448331.59338071843,1552691.8746522097],[448307.3122557424,1552678.1253756024],[448289.3748942233,1552660.3754007963],[448296.46917965857,1552599.1248113255],[448311.53113838367,1552575.999860744],[448336.49940214807,1552523.5003770438],[448355.3122642947,1552493.9999714105],[448377.8433631418,1552453.000067374],[448373.6572284821,1552440.7498844713],[448369.65644902294,1552429.6251594943],[448363.6876215132,1552420.1245068712],[448340.3752029582,1552383.2502796825],[448321.2499754494,1552375.750504352],[448258.9374737639,1552376.3751538156],[448194.1561968266,1552382.1249030172],[448135.81278300524,1552400.4995272872],[448010.1874628787,1552427.2495087755],[447954.46957581374,1552453.249862151],[447860.12532265804,1552424.8758895693],[447780.74998495483,1552363.124572897],[447734.65667277557,1552325.3748450808],[447687.2188243626,1552278.6251105822],[447649.62471040385,1552196.1244940474],[447627.6876258121,1552158.1248901933],[447543.37449382374,1552111.7500103815],[447516.53138780233,1552094.1249329639],[447439.90647424414,1552055.374725871],[447400.499844832,1552059.6253001073],[447338.31232179556,1552071.6245505859],[447302.7191663899,1552073.2495980656],[447278.5630200629,1552073.50053049],[447260.62452089676,1552054.6250977581],[447210.4997127893,1551992.6249614349],[447188.6875255861,1551971.1261147198],[447171.5006860454,1551894.7500208127],[447101.2502524131,1551858.500443088],[447052.8446727051,1551846.2503414457],[446987.87495266815,1551831.4996104357],[446916.4376281723,1551805.5002321864],[446841.1562757218,1551775.6250531268],[446749.2809603389,1551736.9997434225],[446712.2499816455,1551719.4985882675],[446668.6245508526,1551674.000184209],[446595.43720022775,1551589.2498707306],[446583.7185422559,1551557.4997681535],[446555.2810239631,1551505.5000365286],[446529.0625674055,1551411.49984033],[446510.343804918,1551305.7503509512],[446511.43748998805,1551285.3748493888],[446468.8749465357,1551214.3747876436],[446403.1884276279,1551119.3762249416],[446365.8441084463,1551062.3752345808],[446282.9370268902,1551033.875308224],[446239.6873446495,1551030.5001533548],[446150.59422626713,1551021.1254545066],[446121.3436154109,1551021.3753305443],[446085.75046000525,1551021.7501039705],[446055.28134795086,1551024.6255067645],[446016.2812648204,1551073.4999595578],[445956.999861047,1551128.8748460521],[445912.7496995298,1551159.8754017767],[445886.21887761,1551176.750932342],[445845.7187256487,1551200.124783835],[445782.4058259472,1551229.9999628945],[445733.03162107867,1551253.4997681626],[445684.78173648875,1551260.2499153803],[445622.5010076587,1551264.7514220406],[445520.8751636151,1551273.3745425239],[445477.6254813744,1551273.7503723365],[445363.0941697558,1551260.874564844],[445289.28119454114,1551251.3749686074],[445219.21912274795,1551238.0004654264],[445158.0935119261,1551227.1245601005],[445093.1872563397,1551217.6249638638],[445015.7185337491,1551229.876040632],[444943.31258409267,1551235.6248147076],[444935.65613851807,1551235.7507684825],[444926.4063370586,1551219.2500113437],[444927.8736579079,1551204.8751101464],[444900.31277788954,1551172.5013332316],[444884.09358838334,1551153.3750493363],[444862.2189118556,1551121.7498441478],[444849.2499798301,1551094.9998626595],[444833.74970196775,1551064.6239563986],[444828.4689071119,1551044.2504863485],[444834.43781588215,1550997.0000246486],[444849.3748772187,1550959.8749462962],[444881.90532437764,1550898.3755371743],[444898.28110286745,1550880.374629944],[444893.9066063686,1550817.8737664195],[444870.9996777088,1550812.9995178452],[444806.0627869139,1550803.4998403483],[444800.93760591565,1550798.3747406104],[444800.4072186318,1550738.5004602289],[444806.40578748455,1550696.3750982666],[444831.4692072945,1550653.9999415274],[444871.65610002814,1550595.000186647],[444892.87541062303,1550550.125375666],[444910.34381779644,1550513.0002973136],[444925.1877545999,1550464.374582911],[444946.2811114198,1550403.000152438],[444950.9997461363,1550362.12514579],[444926.53123444715,1550325.3748408637],[444890.65643014834,1550293.8745330637],[444848.40617079765,1550259.8746522826],[444835.3122601231,1550216.6249700417],[444846.1247009984,1550142.624608114],[444839.28134798724,1550087.87542747],[444795.40595989616,1550011.7492096005],[444792.71900020173,1549995.2495088482],[444724.7182635132,1549924.5002982668],[444761.3129545818,1549892.2504436143],[444823.2198851116,1549845.7496100273],[444839.4380182313,1549812.375353836],[444867.22017059126,1549788.0001292008],[444888.6872444508,1549773.750125392],[444902.6249641578,1549767.2497729517],[444916.37521589117,1549740.2499154257],[444933.78113374003,1549692.8745563373],[444977.71892989514,1549629.9999757728],[445015.40624964744,1549574.8749653164],[445037.9066320255,1549530.0002355957],[445053.90658070263,1549469.87502279],[445074.84326727834,1549391.8749377895],[445102.18718176155,1549318.9998712663],[445113.15629288094,1549265.3750921614],[445128.9370819894,1549175.8754274973],[445153.84391281585,1549116.999513619],[445177.37540967896,1549044.1245283566],[445217.46909661905,1548976.124766794],[445247.4067650031,1548909.5002579342],[445273.4061432526,1548828.9995435658],[445297.2816970729,1548795.6252873745],[445317.2814500832,1548755.8746822656],[445317.21896075865,1548746.8747568438],[445306.812091039,1548721.5000280582],[445284.84420871775,1548682.25006889],[445241.43891261943,1548661.0000418262],[445186.62521113845,1548642.3734287454],[445173.8753574211,1548639.9998095392],[445155.7812443974,1548604.374881278],[445143.968405506,1548565.0000247215],[445152.3754543195,1548506.2500646184],[445183.68731901987,1548449.874780108],[445198.78105060046,1548430.6245739502],[445221.43712809664,1548407.3746447198],[445227.53093425545,1548375.499644754],[445211.874961275,1548329.7493331456],[445220.4377052066,1548288.875382884],[445253.0940248802,1548242.6254004606],[445283.34405862645,1548213.0000161782],[445298.25040349393,1548173.3753648445],[445309.37512847094,1548134.9999311778],[445314.0312738629,1548085.2498964965],[445314.81259357085,1548027.8751890962],[445310.71860831813,1547998.4996808514],[445291.0629122651,1547928.6249957713],[445274.1874629605,1547890.5004132683],[445258.59397930466,1547851.1245815856],[445239.1246135782,1547805.3753263636],[445223.3744596782,1547745.623911858],[445234.3128543286,1547689.500534898],[445237.875395911,1547661.3753007068],[445281.84390853514,1547598.499663756],[445305.25042674923,1547510.250354406],[445314.9057993644,1547452.7496932305],[445336.43739406095,1547443.6247891597],[445349.1247584538,1547438.374710773],[445397.3121537192,1547423.874912187],[445425.2499199367,1547419.8751891144],[445451.7807418565,1547399.1237764787],[445460.18779066997,1547343.0003995185],[445411.4689517343,1547296.249689894],[445437.6864331659,1547242.49993214],[445486.9050241769,1547199.8748993631],[445498.28165670397,1547192.1263043815],[445519.81227627455,1547179.249521763],[445528.5940985143,1547166.375745783],[445537.18747765437,1547130.624863747],[445542.03100975946,1547102.4986544298],[445558.21842641017,1547065.3745512033],[445576.9688804928,1547025.6249212206],[445585.15571335115,1546943.999805313],[445578.281643871,1546884.124468545],[445646.37452996656,1546821.000011943],[445698.15615840943,1546780.8745521475],[445704.18755650416,1546742.6240971298],[445710.2496710679,1546705.624891292],[445727.59415597876,1546654.3747065195],[445741.0628400795,1546595.6237712903],[445768.4998790957,1546532.8750632405],[445760.625330339,1546504.8748076987],[445730.93753799255,1546452.8750760737],[445711.5317179771,1546416.1247711473],[445717.2189778542,1546338.2495835356],[445735.9059674862,1546293.4997512035],[445776.37548423896,1546268.8745692703],[445813.0316082457,1546241.7498143557],[445849.7184487214,1546219.7502404393],[445899.249323834,1546214.1253886262],[445911.8752552888,1546202.4988800616],[445956.12533554557,1546173.9999288307],[445975.1563821348,1546173.8750314421],[445818.6563787982,1545398.1254057582],[445679.78153413953,1544708.625268518],[445599.4999793399,1544319.874873788],[445817.0313313183,1544312.3750984576],[446052.3434558323,1544328.999777859],[446262.28085156064,1544241.3750367123],[446141.53075513424,1544039.1248030276],[446493.2501711708,1543759.1253355062],[446733.53080643894,1543790.8755193437],[446905.43788184435,1543428.375354027],[447006.6878960753,1543174.6251407925],[447227.7500167806,1543078.1253716126],[447373.1877844648,1542875.5003645017],[447604.8441616028,1542708.8750590782],[447603.96866097534,1542486.1254015684],[447765.5619911942,1542303.749942245],[447909.28142434446,1542058.9996544323],[448077.9066319346,1541905.874805965],[448256.4062091875,1541737.2495983748],[448488.9688846825,1541607.4995765267],[448586.593949267,1541384.9997950546],[448826.3441159909,1541343.0003868674],[448947.53139390756,1541155.8756576187],[448909.03106285236,1540867.3749603643],[449080.9371631318,1540689.9997033898],[449191.81280863483,1540495.3751988108],[449412.06289316324,1540387.3749561016],[449473.8111219364,1540134.750038272],[449717.68794063403,1540100.3753840644],[449937.3124005726,1540088.9987515374],[449919.0933901603,1539832.1242345972],[450119.4687003275,1539669.624687282],[450257.155760257,1539467.1245775595],[450471.5926311333,1539328.6254814533],[450660.6875212054,1539082.374962289],[450926.7186338114,1538987.750197887],[451141.6562318889,1538888.7498805998],[451222.84408504557,1538666.4998939047],[451440.9683948928,1538520.2501713042],[451642.12599989393,1538323.4998920439],[451787.218572974,1538118.2503333027],[451972.87492498674,1537996.6247362487],[452293.343909261,1537824.3745790122],[452279.12462192134,1537797.7495761728],[452272.4061662987,1537756.9994669133],[452301.2809473423,1537713.3750925069],[452343.03145461774,1537690.0001846272],[452382.2814137858,1537669.2499096387],[452425.3129115839,1537648.3745747404],[452473.2812285412,1537609.7503214227],[452521.3436451576,1537579.8751423631],[452538.78133586195,1537537.6248830124],[452549.96855016344,1537505.6249043976],[452537.93760809,1537439.5001476132],[452532.4059620705,1537387.2494835642],[452495.186621538,1537346.8752041175],[452432.62530020135,1537315.6247723552],[452396.9378826157,1537305.7503214318],[452354.8750099781,1537295.8748953824],[452300.12485420814,1537285.0000464432],[452272.1245986661,1537281.3750967968],[452230.03100955946,1537267.8746398403],[452199.4379752425,1537259.1245904563],[452164.93736726,1537237.8744821318],[452147.9687121619,1537188.250482486],[452122.06253970595,1537133.7501214934],[452104.03189113276,1537104.499510637],[452069.49959155516,1537083.2505399596],[452040.0933668414,1537063.1248331743],[452049.8121226466,1537011.9995457905],[452078.53120857204,1536950.5002179288],[452086.96897385456,1536895.6250022494],[452085.1565396616,1536834.375469165],[452072.09228906955,1536793.7503385546],[452032.0938394356,1536726.6251024934],[452016.6560508978,1536705.0003020035],[451975.50045174314,1536651.8751937132],[451946.0000461098,1536620.2499072643],[451934.312104607,1536593.624904425],[451984.8751505912,1536559.99979707],[452023.0939140137,1536566.0004786956],[452067.6870761017,1536578.3754777263],[452117.4996001075,1536603.3754330857],[452169.68769357156,1536613.0000079714],[452207.874765399,1536616.5000602293],[452238.37459392246,1536613.6246574353],[452251.9999482673,1536571.375454471],[452250.46900044644,1536543.375198929],[452261.59380668396,1536507.6252920188],[452296.8746779879,1536468.9999823144],[452322.21869030455,1536459.7502621156],[452369.0626057227,1536435.1250801822],[452397.8748974417,1536386.3755247777],[452427.93746321433,1536333.874984691],[452449.0308200342,1536275.0001271993],[452448.6878194635,1536235.500373254],[452433.15576874564,1536203.7501894163],[452386.09375014534,1536199.1248417539],[452327.5936660799,1536197.1249395874],[452291.96865655825,1536194.8752426438],[452230.74983994284,1536172.5008140407],[452215.2188456115,1536143.3751818335],[452185.5299968785,1536092.6247491362],[452160.93764418736,1536041.875291565],[452197.4995872745,1536005.874533491],[452262.21837488725,1535989.8745035534],[452294.21843476244,1536015.1253100766],[452333.6567557697,1536018.5004649458],[452388.2185497005,1536003.999528713],[452433.9994965176,1536006.1253846546],[452484.8124185394,1535999.250258788],[452519.06217535835,1535992.50003031],[452519.6243354976,1535987.7497039984],[452568.8746993641,1535573.124909668],[452499.6245824874,1535349.6246489193],[452520.6237583877,1535106.8752383993],[452748.3439581641,1535215.5001305721],[452985.5934955201,1535123.4998365403],[453091.499655143,1534879.3762297041],[453038.7186038102,1534643.1250588517],[452868.9998736709,1534481.0002849624],[452684.46889832325,1534317.5002583705],[452539.0312118996,1534131.1250759743],[452671.78153393045,1533923.749742552],[452464.62536007655,1533800.999743959],[452537.6252427278,1533588.7501619624],[452343.9366965882,1533393.4999515328],[452097.3124603841,1533330.6253709686],[451996.31224093033,1533102.2498052593],[452104.78151924565,1532899.9995715746],[451860.53187737387,1532788.7501277714],[451682.12550591445,1532608.875379076],[451688.9995753947,1532315.3754545983],[451245.68746799434,1532120.1252441688],[451473.96877152356,1531737.87528314],[451247.4374941233,1531624.1252912292],[451100.68704432144,1531403.3754546256],[451030.155936922,1531174.8749915278],[450820.1253354001,1531063.6255477245],[450594.1255016701,1531017.249611526],[450396.7504916855,1530843.6252579733],[450169.09278123366,1530789.7495464443],[450154.62467424286,1530561.0002636954],[449926.874814384,1530457.374517485],[449912.9688675325,1530246.125414765],[449916.718795828,1530235.3754632142],[449912.1875478246,1530234.3749839377],[449685.999270995,1530184.9997226826],[449503.9064356906,1530044.374851895],[449184.15636306023,1529703.3736145538],[449119.8112112266,1529478.7500086527],[449184.12459020474,1529263.8748998996],[448998.34334080335,1529133.375331199],[448879.59412166954,1529331.9995588507],[448625.0000994027,1529219.6257947688],[448414.1247137223,1529115.87515117],[448172.3747260924,1529044.1244861858],[448058.6246529212,1528848.875332143],[448250.12395992916,1528740.3753373586],[448225.2817312003,1528483.7497213301],[448003.90618874633,1528296.375116044],[447990.21842633747,1528043.5003221766],[447848.8449838235,1527859.749691411],[447666.5627302935,1527630.1249080345],[447530.09425282263,1527424.750370644],[447614.1871688558,1527210.99966343],[447438.59371086594,1527036.249933212],[447172.78273295454,1526899.6247854973],[447073.03083730245,1526699.2505317165],[447263.1876395892,1526541.2503782886],[447126.1866620615,1526286.1249123514],[446920.0308862237,1526083.5008803664],[446809.8751274905,1525847.3746881632],[446564.7499849912,1525555.6247898142],[446312.0933755664,1525396.3753374587],[446098.25043768494,1525278.875498513],[445997.18772890663,1525060.5002562415],[445885.0310928809,1524870.2492730354],[445764.9691103688,1524636.873504977],[445638.37508382124,1524428.874578477],[445419.06290798436,1524466.2495328672],[445315.53142395423,1524246.7500515778],[445549.8748420472,1524112.750430619],[445574.5624320445,1523884.0000914838],[445627.2503588443,1523644.9994716123],[445517.56249807036,1523453.3752672158],[445444.12535266834,1523237.6246578353],[445428.3434259129,1522986.1251166705],[445181.6874981138,1522954.999582297],[445252.1253184592,1522735.000348932],[445392.6560083272,1522491.999030862],[445640.8746568026,1522272.8752981247],[445876.4683489493,1522132.5003033748],[446005.7811893073,1521774.8754430185],[446101.2496814811,1521349.3748246229],[446263.3120473062,1521154.5004440062],[446188.96860354726,1520903.124825104],[446166.49999402463,1520600.874851242],[446383.21833470016,1520496.1247034927],[446624.34375412675,1520428.1250231906],[446592.87513792183,1520175.3752079722],[446824.68729143846,1519995.6252754051],[446976.406170734,1519763.9985583497],[447151.25008187146,1519548.874548685],[447207.2495365691,1519302.2503124808],[447127.9683797855,1519043.2500208598],[447161.1562243898,1518738.2495415923],[447295.21833467286,1518537.2495819612],[447352.81220164185,1518268.9994888806],[447274.8120353809,1518042.9996551506],[447369.0620263566,1517732.750153883],[447514.18742867856,1517500.0000916747],[447623.9059246611,1517293.875032306],[447578.8745246963,1517056.3745625257],[447504.62631824345,1516845.6251306203],[447592.8746524674,1516635.8751216051],[447851.6558657805,1516500.3753505554],[448097.8438956203,1516470.6250688843],[448341.5937854168,1516458.4998646309],[448506.0625184297,1516207.8748489677],[448560.9376528487,1515992.9997402146],[448546.4377730024,1515760.499554044],[448704.3437455108,1515515.0006132447],[448938.6871636038,1515321.124680392],[448894.75034257467,1515011.2499525505],[448881.09329663485,1514778.8746637686],[448815.0002314453,1514306.5003886116],[448975.4692413856,1514097.6249050978],[449017.84334173833,1513823.1253107402],[449142.87481013057,1513632.2496780702],[449256.7814722853,1513441.2501231374],[449224.1250713512,1513189.8745042353],[449597.6874723205,1512894.1248828138],[449838.84352695564,1512804.5003207612],[450070.9065316359,1512701.1254257145],[450304.15634591924,1512563.3738449481],[450488.9688888996,1512350.6245921368],[450736.0620794494,1512127.6250585893],[450902.84405511705,1511969.74980255],[451131.0936670513,1511797.6246239624],[451323.9374290324,1511682.625333124],[451554.31289690826,1511548.7496344282],[451756.2497901048,1511442.7502690118],[451966.4063454018,1511307.5003739996],[452141.5011077029,1511174.9998467457],[452340.0300980486,1511001.6253692305],[452602.4690089897,1510796.4997327519],[452888.9064208876,1510635.6252329163],[453086.65620429843,1510478.8754348026],[453261.18775007373,1510253.5002505365],[453452.28148592595,1510068.8750942692],[453643.3753030387,1509873.8747598773],[453716.40590215893,1509646.249797407],[453819.9691590446,1509416.1252619554],[454036.3434427629,1509275.7501859448],[454261.0622859702,1509193.8752752603],[454517.5938023396,1509148.7496131156],[454785.344143345,1509130.2500101966],[455086.06227552064,1509100.2499337485],[455368.25106343435,1509084.249903811],[455598.0633147844,1509091.2500083267],[456073.00062737317,1509121.7498368502],[456327.37451494543,1509084.0010841598],[456372.81246119185,1509077.2498805558],[456611.90620559634,1508971.5003099164],[456779.0629546902,1508813.1244079364],[456872.8439100596,1508589.125451499],[456992.53111914545,1508399.375195494],[457131.31283927104,1508210.6253375048],[457167.6565979156,1508141.750075315],[457245.5308104014,1507994.1251000115],[457423.84397606726,1507812.6252225759],[457633.09228275524,1507662.6245965539],[457698.03128632315,1507614.1248359263],[457827.1566587076,1507517.8750240444],[457896.780492624,1507466.999612698],[458011.1889383665,1507383.4995732734],[458196.00148134684,1507212.1249979245],[458341.0940544268,1507021.999887233],[458390.21838325774,1506940.0000791599],[458479.3432744956,1506791.2497271914],[458559.2808535986,1506668.749604636],[458606.5630068935,1506596.2504491862],[458700.531348976,1506432.8753199829],[458722.28112811525,1506395.12453578],[458821.4995485846,1506197.876535957],[458836.53087210114,1506145.8747728195],[458887.2496132034,1505970.3754957493],[458935.3130862062,1505753.3745310546],[458962.87502261106,1505689.3744925647],[459032.87468634016,1505526.8749452492],[459017.4389293149,1505414.999876856],[458994.9374905503,1505252.1254748541],[459096.5623594679,1505045.8755180968],[459280.62535559584,1504913.999640307],[459466.1249561041,1504796.1249466746],[459544.5623851157,1504732.749638909],[459604.15607299074,1504684.6246517075],[459686.468246426,1504618.0001428477],[459895.7185846265,1504467.9985416997],[460051.34406246163,1504301.9999172525],[460176.0313926362,1504107.1245615096],[460334.2189327772,1503942.3752359902],[460392.9996093493,1503910.1253813377],[460528.0314011794,1503835.8751433722],[460626.5309912653,1503599.6250289064],[460714.93697085936,1503357.0005157748],[460733.3126515157,1503127.8754032133],[460758.4683019932,1502847.8748793053],[460766.7186805627,1502611.0001153755],[460764.74949486513,1502385.4999524602],[460769.0932748949,1502162.5004189129],[460813.0935603746,1501908.125474954],[460865.78140591393,1501680.4995373578],[460887.18712809595,1501597.125451708],[460930.0937285055,1501430.000394209],[460950.84408475464,1501376.6254911418],[460969.093811636,1501319.4996033928],[460982.4375170876,1501244.374839926],[460998.31264963665,1501164.2498741099],[461019.2503925989,1501091.8746409223],[461035.09367103194,1501020.6247031395],[461059.5938743161,1500976.2496442336],[461076.2810430421,1500954.7497411321],[461119.8747009795,1500910.4996608754],[461165.9997860143,1500866.249499358],[461256.7497247321,1500804.5002954588],[461315.5314576907,1500764.1249596258],[461367.87524627283,1500736.4994775099],[461412.59330574935,1500710.1253258341],[461505.81218223996,1500658.6253462844],[461576.1251051967,1500608.2496870134],[461615.8122458551,1500572.8745535293],[461654.5317364789,1500503.1247658378],[461676.62459744926,1500440.8748347375],[461719.21883249667,1500363.500374327],[461768.0308772259,1500298.875686373],[461779.8437973778,1500251.7502033222],[461823.49994463974,1500197.3747397182],[461860.62510425266,1500165.7495345296],[461911.87528902525,1500116.5003083101],[461956.71727076435,1500074.874698423],[462033.4998296926,1500010.3749891184],[462100.0311327589,1499958.7500309197],[462146.0620368741,1499926.000424192],[462202.3748320599,1499878.00041564],[462298.2816433709,1499806.1248532673],[462371.24983442714,1499745.4999696466],[462446.6561655267,1499693.875986574],[462508.0941417107,1499642.1250746],[462633.2812239605,1499565.3752636532],[462720.3437237073,1499488.2496228938],[462844.4064856785,1499393.749837141],[462921.2504775448,1499324.2499254872],[462989.12526045827,1499262.3746865524],[463041.687233483,1499208.0002793348],[463108.46841258695,1499124.3753425214],[463162.3748405849,1499058.500380514],[463226.5939573829,1498976.2496400166],[463290.84379064996,1498891.3754042755],[463318.0935242136,1498824.1252708258],[463340.249768374,1498755.499803413],[463359.87474795803,1498685.5002209444],[463404.18731753936,1498553.3745483772],[463445.78115457075,1498436.500252761],[463469.3751407584,1498350.124810542],[463485.1877839829,1498282.6248010548],[463515.06296304247,1498200.1252409064],[463543.7810738419,1498109.8749730035],[463578.8745584328,1498014.6245840117],[463599.81230139505,1497940.8750732476],[463626.0942224032,1497831.499577836],[463648.4676758802,1497740.0000110052],[463665.5940576089,1497663.6249734845],[463696.562840478,1497607.8753948247],[463757.99878514954,1497553.4999312204],[463781.40635975014,1497489.9996448057],[463780.8114516293,1497404.6236254768],[463782.4386118822,1497362.6253549368],[463839.09343251266,1497272.6249630714],[463860.9691654269,1497239.7504589553],[463922.5934719375,1497163.7501948609],[463944.37494267174,1497143.499590687],[463962.37584990193,1497119.5001146041],[464002.09378828976,1497078.9998813823],[464026.5315022494,1497043.4998505097],[464063.8747650445,1496986.4999165356],[464085.7811331673,1496949.6246329602],[464101.3439003541,1496911.6250291064],[464106.81208192307,1496864.498489669],[464103.2813131962,1496826.250066164],[464112.78099069325,1496755.0001283812],[464114.6559142108,1496678.6250908605],[464110.0304852878,1496622.4996011273],[464110.3121341809,1496586.8746728662],[464110.5937018136,1496549.8754670285],[464145.56334540236,1496471.124778789],[464167.84351182537,1496388.5002399916],[464199.9059797646,1496351.874832454],[464248.5316129067,1496315.2504813028],[464309.93781623524,1496264.7498433827],[464362.37481061096,1496227.0001155664],[464437.8754038905,1496166.3752319457],[464503.1246600476,1496112.1247469906],[464560.9376865852,1496036.1254580223],[464588.09413309477,1495980.2499255873],[464624.4072565308,1495891.374910387],[464658.1254884189,1495810.1245679057],[464714.49979780323,1495754.4998866343],[464755.6563720838,1495693.625126976],[464791.8435417448,1495622.625065231],[464816.4379259485,1495566.750507922],[464842.37481487344,1495500.7495921394],[464864.53114029433,1495434.624835355],[464889.31291121116,1495357.1253962952],[464923.12540527934,1495264.3745802848],[464942.62548747484,1495209.7502970295],[464972.56104308594,1495120.7503844406],[464988.3122533724,1495060.999945061],[464993.78141006734,1495015.249714713],[465001.9058348617,1494952.8748049634],[465012.37519390584,1494915.9995213882],[465024.1870576712,1494868.9999921124],[465039.8747222466,1494815.6250077847],[465067.1561474053,1494744.500048651],[465082.8121203857,1494692.375338377],[465097.12453225837,1494653.0004818202],[465108.78273241816,1494625.0002262783],[465114.2192223921,1494581.7485125249],[465139.12385918497,1494488.999728027],[465149.56258302054,1494455.8753478734],[465167.8747179659,1494392.3750614587],[465192.37500251055,1494348.0000025528],[465206.59420858975,1494318.7505293437],[465234.938521089,1494271.8748410698],[465264.43795159634,1494240.2496358815],[465283.6871013677,1494216.12526241],[465282.71839494666,1494180.5002528883],[465270.43757683557,1494128.1246914507],[465309.18778392836,1494049.4999569864],[465339.9691800844,1494015.3751788165],[465379.7188100673,1493974.8749455947],[465408.0324060975,1493933.0005160568],[465440.24951276835,1493877.2497997498],[465459.68710563926,1493831.4995694016],[465470.3745678655,1493765.3747313567],[465484.8754228378,1493704.3750743098],[465502.0315459095,1493622.8749370517],[465505.24994927424,1493542.7499712354],[465507.0942375832,1493471.3751360641],[465507.46901100944,1493424.2496530132],[465504.2495512582,1493351.6244625277],[465495.8127611017,1493294.2497551274],[465483.62514878414,1493229.125396359],[465472.65603766474,1493169.2500595907],[465455.3125278799,1493114.2500277832],[465426.71842060355,1493032.5000144872],[465411.81199447555,1492991.6250078392],[465396.9998305276,1492934.2503004388],[465384.65660435247,1492889.500468107],[465386.2498789768,1492850.1245551638],[465407.4374979767,1492822.750005472],[465405.9690394804,1492771.2499446617],[465410.18792212167,1492720.3745333154],[465404.4371977941,1492642.6252994786],[465398.5942427989,1492578.8751370264],[465380.06286702445,1492513.749803132],[465353.8751269359,1492452.375372659],[465311.28081062797,1492371.7496796416],[465295.0626775083,1492335.9997727314],[465289.06313352956,1492290.1245637343],[465295.7815891522,1492245.499710051],[465303.6561379089,1492217.6254082841],[465315.6245906578,1492150.1253175365],[465325.25022193,1492059.750152245],[465366.5624913287,1491983.624990762],[465430.7191188022,1491906.500406389],[465484.4996742856,1491858.5003978366],[465524.25027939444,1491815.499535247],[465596.0941501721,1491735.7503992438],[465617.9063373753,1491711.7499480348],[465635.8765281365,1491687.6254933027],[465681.06256683276,1491603.8746027143],[465691.53095075086,1491565.7500202113],[465684.37523237756,1491508.375312811],[465653.12480061525,1491443.2499789165],[465636.90666749555,1491402.251050006],[465629.50009795855,1491376.7503674452],[465611.99991792964,1491341.000460535],[465571.9062309896,1491267.9995214972],[465558.1559792562,1491238.6240132526],[465516.875482713,1491155.5008600268],[465447.9684476675,1491030.1253346773],[465398.96901622514,1490961.0001964497],[465381.46883619623,1490922.6248440435],[465406.187223923,1490854.0004330173],[465430.62493788265,1490815.9997727768],[465478.0002969711,1490776.8747922578],[465533.00041003915,1490732.7496093896],[465599.3760179874,1490698.874625997],[465673.25050740055,1490680.2501256894],[465751.280333744,1490622.2497936992],[465810.2504285417,1490557.7500843946],[465875.59394687886,1490494.624571406],[465911.6254214217,1490441.3744844669],[465977.21873453597,1490347.6252206925],[466154.28162614815,1490146.3754662843],[466214.25016870984,1490116.250411187],[466314.9687392705,1490080.1246744643],[466408.1558429056,1490032.3745419495],[466474.6246566473,1489988.3753128564],[466569.71845665545,1489860.3753171372],[466654.6561568471,1489731.125047364],[466707.43720817997,1489648.7503846043],[466750.1565031369,1489553.499914352],[466786.3753643929,1489478.625026923],[466830.187206773,1489403.7511958801],[466900.1253563035,1489243.7501651596],[466932.56259766896,1489161.2485734988],[466949.7504935962,1489081.1246640692],[466999.12469846476,1488946.5003936468],[467071.53170450765,1488796.7496436625],[467124.5626318782,1488682.4998996765],[467168.1245982206,1488639.5000934734],[467205.43714454665,1488584.9997324806],[467232.6877719758,1488517.7495177705],[467322.7188803102,1488388.5002231235],[467362.87505657476,1488294.5001081855],[467414.53073124256,1488193.000217917],[467467.34355543094,1488109.2503024545],[467512.125079358,1488071.374620863],[467576.03093692835,1488028.6246906975],[467640.03089415777,1487975.6255361824],[467664.3437107288,1487954.1245766946],[467716.9373753486,1487895.8753437926],[467785.0313178307,1487805.9999305764],[467863.46874684235,1487698.2494826445],[467909.9686053034,1487604.3753214814],[467960.46916196303,1487492.6251504768],[468006.999736893,1487395.0000858924],[468063.9064650736,1487274.374968115],[468098.9682580695,1487182.8754012843],[468120.2500579889,1487067.1245320812],[468143.06272446865,1486918.2513142365],[468156.5928415074,1486816.499516418],[468180.65578204085,1486671.3751704826],[468176.18702336197,1486592.374524945],[468190.8435734523,1486511.0003414617],[468238.53121664247,1486431.1252516834],[468307.8120499882,1486350.1248665003],[468379.6251230363,1486274.2494997946],[468447.4692707413,1486216.1241891552],[468526.6561653449,1486169.6253870807],[468586.7813781507,1486120.3751044748],[468630.56250406173,1486050.6253167833],[468671.28084046557,1486045.8749904716],[468745.18702147383,1486027.3764439393],[468810.2816388993,1485992.1252327177],[468856.37495107856,1485953.000252199],[468906.2816560039,1485912.6249163656],[468947.46894675354,1485846.7499543582],[468948.18785839743,1485758.8754184344],[468959.2808105189,1485645.50019995],[468940.4996399673,1485453.000494926],[468924.8764962289,1485340.8744941088],[468920.6555820751,1485231.2501790458],[468944.3754407774,1485129.5004127396],[468965.3746166777,1485045.6246247625],[469014.50000189507,1484943.999755845],[469073.6872247489,1484859.124544978],[469184.3437106834,1484693.124864144],[469246.3745634757,1484566.2502450899],[469345.56226747605,1484403.8746200372],[469476.40597439435,1484257.1251453613],[469591.68788925186,1484149.749552116],[469634.1869682537,1484083.8745901086],[469712.65608886036,1483967.2501705298],[469753.75017381646,1483915.2504389049],[469818.1874750571,1483808.7503462872],[469838.8753419817,1483764.375368642],[469885.4059169117,1483669.1248983897],[469915.21860664675,1483598.1248366444],[469915.4991991534,1483563.6252850485],[469871.68735677336,1483479.2496637355],[469850.531510629,1483423.0003330004],[469858.7184247479,1483354.374946848],[469844.18782843254,1483262.4996314652],[469843.43722519366,1483197.500170085],[469850.2192265273,1483146.6248399992],[469835.2811088043,1483107.000107405],[469796.2503092048,1482904.1252242564],[469818.2498831211,1482855.8753396666],[469849.1245663312,1482807.7504337255],[469890.28114061186,1482751.9997986793],[469945.37543459947,1482696.3750361472],[469982.718616134,1482635.5003577496],[469997.0311092672,1482594.8751458786],[470063.6873909825,1482529.1251625204],[470142.7186717285,1482501.7485000556],[470234.5622142559,1482462.8754270868],[470313.75016524596,1482416.3745934998],[470615.18712780497,1482437.7495179523],[470675.81201142556,1482442.1250708376],[470682.21915807255,1482438.3752238026],[470692.405974358,1482435.8745944346],[470708.9691395609,1482432.1246661393],[470722.9374944764,1482432.2496447882],[470753.56335803535,1482419.7496671085],[470766.3438469612,1482410.9996177244],[470786.7183733977,1482403.499842394],[470821.18728978524,1482388.3753130836],[470832.65607171936,1482382.124836681],[470850.6876954186,1482355.4998338416],[470857.3436617167,1482318.6245502662],[470853.9378716388,1482266.3749426035],[470841.53109975264,1482229.3747616399],[470825.4061724265,1482180.875001012],[470785.09332591784,1482133.3747445352],[470744.7497629401,1482092.2498618495],[470699.3127918197,1482053.7495307943],[470672.8434840985,1482024.2501815476],[470650.24989592686,1481987.1250219345],[470623.9996665137,1481933.3752641806],[470628.12534336146,1481896.4999806052],[470643.74954348634,1481849.5004513296],[470660.3751980138,1481835.6252209472],[470710.18772201956,1481806.7505211642],[470752.21882180165,1481798.1253691684],[470805.6562141934,1481793.375042857],[470875.5001828044,1481798.9998134095],[470944.1245938308,1481804.6246652224],[471006.4062977868,1481805.12644881],[471058.56278091634,1481799.1247920585],[471115.8125096676,1481791.9997901542],[471193.46861897135,1481778.5003895843],[471230.37461901567,1481773.750063273],[471327.2183638922,1481746.5004109696],[471336.0933919255,1481747.7496286368],[471337.2811766546,1481757.9999093728],[471360.2495382525,1481746.7502057469],[471388.3746911831,1481727.7499568872],[471402.37481895415,1481725.3752812943],[471468.3746783501,1481738.6248058265],[471488.8127504976,1481725.9999307583],[471510.50004031224,1481718.5001554277],[471542.4068131334,1481703.49954838],[471583.25012818637,1481682.124542667],[471599.93721565185,1481660.6246395656],[471625.9375690273,1481590.7499544856],[471647.84401841054,1481553.9996495591],[471655.78105649183,1481514.4998956139],[471644.68704798387,1481472.3745336519],[471639.65612916567,1481466.0001349864],[471590.4375381547,1481422.3747041936],[471577.7808902309,1481411.9995260688],[471547.4060403566,1481397.7495222602],[471504.34374482895,1481378.3754751002],[471471.43746785726,1481359.000371554],[471417.0313690445,1481329.2500898829],[471409.562310183,1481307.6252081322],[471412.2185534084,1481294.8754356755],[471431.56399687234,1481260.6247037305],[471463.65612489404,1481221.3747445624],[471488.1246365832,1481182.1248666549],[471525.53128256835,1481113.5004556284],[471538.4685229988,1481086.875452789],[471555.2815642393,1481050.1250666024],[471564.5313656988,1481009.3750386036],[471553.40664072183,1480967.2496766413],[471532.0624327383,1480934.000399099],[471494.3751129861,1480881.4999402727],[471466.7803473392,1480832.8752822566],[471440.5628659077,1480776.624895135],[471425.5940317156,1480740.875069485],[471395.531465943,1480683.2504860472],[471368.0933705402,1480619.3754262063],[471358.40630633,1480560.7503634917],[471327.1876474232,1480487.8753782292],[471304.6565485761,1480448.1246918598],[471284.46843372675,1480426.3749127206],[471247.9064906396,1480391.7494073494],[471235.71887832205,1480324.1254755997],[471273.34370874974,1480231.3756347152],[471299.2201398627,1480176.750376334],[471327.5624208494,1480127.3751150789],[471361.15575534897,1480062.6245546106],[471391.9689243605,1480022.1253777754],[471419.0311899506,1479976.4999635553],[471479.62543836265,1479872.5005003053],[471491.78127782466,1479785.8752633093],[471505.0000858878,1479719.7504252642],[471537.3749191892,1479646.1248367627],[471628.6870180463,1479515.625268062],[471685.21897280065,1479443.4998296518],[471754.3441110283,1479382.8759211572],[471818.21917086915,1479342.499610198],[471896.0923269685,1479303.6254808425],[471930.53150201304,1479288.6249550555],[472026.4997462621,1479210.374912757],[472054.87477523036,1479159.6255364462],[472071.8752844445,1479099.8750970666],[472072.28077433974,1479050.2500410343],[472065.1875452909,1478986.500853708],[472042.71893576835,1478934.125373531],[472008.7814630511,1478886.6250357935],[471957.06232393277,1478836.625206335],[471858.1561875651,1478807.874347554],[471807.3432655433,1478803.6247484437],[471727.3432783763,1478792.749818244],[471661.3127025113,1478782.1258204682],[471521.65653814474,1478759.3745869265],[471488.9058750306,1478724.7511130678],[471472.75023123546,1478676.2503773144],[471476.90670581267,1478634.2499940014],[471493.7186906667,1478601.24953611],[471540.3752193718,1478488.2501474384],[471572.6557904932,1478427.2504903914],[471590.87480090547,1478375.24970238],[471614.34388970456,1478301.500191616],[471621.3122213648,1478227.6247270766],[471609.0620384622,1478168.9986892361],[471577.87515241094,1478094.875380172],[471542.74989496457,1478038.5000956615],[471490.96826652176,1477993.5004685523],[471430.1876877831,1477967.6250125654],[471343.78152909514,1477960.6249080496],[471251.0317694713,1477954.7502614595],[471179.90672907705,1477947.8751355929],[471077.1872812238,1477916.4997251814],[471044.50016382075,1477873.0012232896],[470990.2179060101,1477666.1245855559],[470970.9062669142,1477539.8755910916],[470964.4059144737,1477399.7503911187],[470961.4066706776,1477299.000128963],[470949.5313424617,1477194.4998572513],[470946.3435743055,1477119.3741186585],[470962.2187068545,1477043.000056264],[471021.21846173477,1476978.5003469593],[471071.03098574054,1476945.7497651055],[471086.3745933588,1476935.6255194051],[471157.62453114154,1476927.2501621868],[471227.37529395905,1476950.749967455],[471309.90662696294,1476960.3745423406],[471320.0944183744,1476957.8749693593],[471349.4688702327,1476940.2498919417],[471394.1879860957,1476913.8746838795],[471398.0310389243,1476909.9998581954],[471476.31277281785,1476817.6248719979],[471489.1875239238,1476798.6255982642],[471495.62538703973,1476789.7495138443],[471516.40645975794,1476735.1253118494],[471555.03176946216,1476671.7499228234],[471577.093832703,1476618.3749384957],[471588.87489873887,1476575.250234904],[471608.7497543605,1476474.749686265],[471594.4997505519,1476351.0003460424],[471568.37547491386,1476279.499557096],[471529.50037043245,1476215.499518606],[471491.68709690514,1476175.7498886234],[471409.84387781564,1476078.2497214274],[471367.0621747946,1476020.6251379894],[471345.9370451193,1475961.8752591468],[471343.7498375001,1475918.499623131],[471351.7810565009,1475868.8744858382],[471354.74966508854,1475814.1253051944],[471357.468316378,1475795.1250563348],[471453.2502303005,1475738.4998957866],[471513.31295378174,1475699.4998126563],[471596.43716339394,1475636.3753560544],[471673.1869743407,1475578.3749428038],[471780.4683866664,1475516.7495799065],[471888.93766498164,1475465.3744977454],[472048.53109303396,1475378.7502358754],[472112.6253124434,1475313.000252517],[472186.78136948927,1475260.0000416155],[472259.6246631569,1475213.5001831546],[472326.06276042963,1475169.3750002864],[472387.5314530827,1475113.750319015],[472417.24996189814,1475055.3751323381],[472452.5011731196,1474941.0004909635],[472463.1251708953,1474882.500406898],[472447.3433254003,1474790.6250102548],[472429.125290114,1474687.3750938573],[472432.2812854147,1474609.6248848944],[472508.84370964835,1474557.7500506581],[472524.6870693419,1474523.6252724882],[472536.34421311517,1474496.3745637985],[472558.59374432964,1474448.2496578577],[472539.9692440221,1474395.5002981198],[472505.18698714644,1474353.6248934558],[472449.1250431243,1474320.374559527],[472410.40660888696,1474306.6252829195],[472355.562190937,1474271.9997775485],[472277.37463796296,1474258.7502530164],[472156.84475749166,1474268.8744987168],[472065.9995814678,1474225.4999190874],[472017.8438777975,1474199.499565712],[471959.343793732,1474168.8747585395],[471911.40521811775,1474147.8735511268],[471855.96897994593,1474097.998619057],[471815.18709783105,1474065.2500687158],[471801.8741088484,1474018.6253128662],[471804.4064298112,1473953.4998977112],[471808.4379257394,1473894.7499376081],[471809.3738841789,1473790.1248497684],[471833.4378810988,1473690.9995538322],[471847.56290625845,1473630.4995676002],[471884.1566222011,1473557.6245823374],[471906.59345886816,1473481.375498592],[471938.1244831371,1473409.999607034],[471938.2811533812,1473382.0004078785],[471942.562525347,1473329.4999490522],[471963.87601686147,1473257.249531993],[471984.437930011,1473197.7500250374],[471997.0936028088,1473132.1249390678],[472000.0631865224,1473046.6250787368],[471995.56265498797,1472965.250813993],[471971.5314873101,1472905.1246260612],[471956.9998346082,1472828.0000416883],[471939.18737047765,1472763.6252297722],[471919.28082326095,1472679.1247923311],[471911.24960426014,1472637.3752601817],[471890.03126879124,1472519.750442587],[471877.2190070099,1472454.0003779682],[471891.93796516425,1472407.4995443812],[471902.46875714645,1472352.249636536],[471903.7498289296,1472256.500470595],[471932.03165210434,1472199.2496854572],[471986.40605932206,1472125.6250720818],[472025.25052859494,1472078.1248156046],[472113.9371006956,1472002.9990770118],[472194.4060422084,1471946.1250968126],[472358.40582087555,1471811.7496460415],[472414.4995377532,1471749.4996336806],[472436.0936217743,1471716.625210825],[472436.8749414822,1471640.1251946553],[472438.12521553587,1471606.9998393755],[472450.34362558293,1471530.0001523911],[472447.8747690706,1471403.8741050633],[472415.062754279,1471282.8751889856],[472399.8122711938,1471219.7496759973],[472330.499746253,1471172.9999414987],[472269.18780510454,1471135.9997605348],[472204.5314255558,1471110.7500103982],[472142.8128568651,1471095.499527313],[472073.96831114416,1471093.2498303694],[472006.2184256192,1471085.8749524273],[471901.623972988,1471113.2495833796],[471814.9373030539,1471142.3752155867],[471712.34372771526,1471155.6247401189],[471643.1561814236,1471144.500015142],[471574.7498735793,1471120.6254364476],[471542.25014288933,1471104.1246793086],[471498.5622227718,1471061.3747491431],[471451.0312498258,1470986.8746351402],[471416.78149300686,1470893.9998968672],[471372.87546970724,1470814.2497857378],[471374.12476863497,1470717.2503457433],[471460.9373923441,1470627.0000778402],[471568.71855674504,1470584.2501476747],[471680.9683985644,1470525.9998583863],[471807.8439927446,1470482.37548398],[471950.6879252674,1470457.2495748454],[472041.2811937411,1470430.499593357],[472135.1871277595,1470390.8748607626],[472191.93718569604,1470376.9997116409],[472241.00016284944,1470330.3749557913],[472263.6878506801,1470292.3753519373],[472272.4062084693,1470223.2502137097],[472275.06245169474,1470130.1245430126],[472272.84347122,1469978.4998446365],[472291.74953916017,1469813.2497919158],[472357.1565219478,1469697.0002270238],[472411.375315308,1469619.6247102267],[472444.9379333385,1469567.1252265265],[472458.96877757856,1469504.1246921872],[472471.8752202795,1469411.749624729],[472471.78103936,1469345.4998892953],[472321.81218619336,1469256.2501006688],[472244.7182370289,1469205.8754977842],[472175.5941551878,1469164.2498878974],[472096.2813068091,1469122.8751291742],[472013.75094893127,1469063.875374294],[471941.0633503817,1468996.8750356215],[471848.9688754302,1468921.7502721546],[471808.9683942837,1468876.2498365836],[471759.1558702779,1468808.2501562815],[471665.53158515255,1468662.999856571],[471617.6247823938,1468610.2495217072],[471566.68793810945,1468545.9996071795],[471537.3749191892,1468512.8753082862],[471492.5318810636,1468442.1260977047],[471495.50048965117,1468356.6251809872],[471525.1257926731,1468268.6246912885],[471542.84407588415,1468137.8752465502],[471506.3129305265,1468083.3748855575],[471460.09366457217,1468041.8752294455],[471392.24951686716,1468000.125697296],[471336.12508352054,1467965.500191925],[471245.65573730937,1467899.2504564915],[471163.0936878365,1467840.2496452248],[471091.5928988901,1467770.6247549218],[471049.87408320967,1467713.7497995966],[471009.28170058085,1467589.249774875],[470979.84378427203,1467521.624867999],[470963.24982133956,1467392.2496195768],[470937.5935249213,1467291.3753538982],[470956.90613914316,1467168.249606753],[471026.37533432804,1467058.2494618774],[471088.8752227266,1466996.999928793],[471155.9379694632,1466890.8736344753],[471186.7183904932,1466832.2496281473],[471208.0001904126,1466726.8749121947],[471175.9377224734,1466656.750351077],[471146.24993012694,1466614.749967764],[471087.84402698104,1466586.6248148333],[471061.9378545251,1466543.0003591664],[471046.0628032366,1466496.5005007053],[471047.40628308384,1466402.1245559547],[471086.12471732113,1466382.6245550197],[471159.8752844718,1466349.000504051],[471224.6872778781,1466346.2499986456],[471299.3122892697,1466366.1248542673],[471381.21897280973,1466408.5000110066],[471451.0629414208,1466436.250390511],[471503.65660604055,1466478.6244908639],[471547.90676755784,1466502.250249907],[471603.00000515894,1466543.2501539434],[471652.81244790426,1466579.37483428],[471722.40662173816,1466600.7508963794],[471800.0626497814,1466601.2495920681],[471880.6872864122,1466611.87456497],[471957.7187462521,1466627.7496162585],[472046.65616951644,1466687.7499316756],[472184.99965176533,1466708.750082702],[472275.7188740141,1466749.5001919614],[472383.06375079026,1466727.249685621],[472438.62496761116,1466715.8750846062],[472470.65671908134,1466657.2501031524],[472545.5623229796,1466619.6252727245],[472595.28058480535,1466557.6251364013],[472662.0003309712,1466506.3749516287],[472764.18736002815,1466451.1260189095],[472852.5001338286,1466430.8754147356],[472914.28111058334,1466415.500034262],[472970.2499300724,1466382.6245550197],[473064.81220514973,1466327.6254983381],[473149.937373315,1466290.8751121513],[473193.96829400316,1466277.6246124932],[473257.3754558847,1466239.2491788266],[473338.0000925156,1466218.0001268887],[473366.21845123975,1466223.1252266264],[473438.40629771404,1466245.624552618],[473527.9684517027,1466225.2500261816],[473624.78148011025,1466194.500402881],[473646.03158843465,1466184.6248955713],[473718.250151378,1466143.375115497],[473805.68750581145,1466101.4996295725],[473845.7504762825,1466084.5002580055],[473932.2190430345,1466082.1245260262],[473964.34294391173,1466089.7502551319],[474033.7497310326,1466137.750263684],[474088.437397478,1466168.6249468941],[474134.7816420814,1466182.0004252014],[474198.34336143406,1466179.249919796],[474302.0622321773,1466162.2505482286],[474347.2503836466,1466146.250518291],[474404.4049563523,1466110.7504874186],[474434.562759431,1466068.7501041056],[474452.31175911106,1466002.8751420982],[474452.7183053928,1465949.3752603817],[474450.09375376237,1465915.124528437],[474410.2499428599,1465873.3749962875],[474358.8440629693,1465861.4996680715],[474265.9683495704,1465830.9998395483],[474245.1872768522,1465820.374785386],[474218.24990865076,1465783.3746044221],[474210.0937922613,1465737.750327849],[474238.1554807414,1465707.250418065],[474341.0940881633,1465702.9998438288],[474389.18722124863,1465695.8737855381],[474446.3746231964,1465693.3752689431],[474540.09414562775,1465616.8752527735],[474583.7186012947,1465593.3755287658],[474659.1874217187,1465537.8746884966],[474707.5324623542,1465537.1240852578],[474824.250006466,1465463.3745744936],[474911.3433039423,1465476.3752793747],[475007.84404824814,1465501.6251107715],[475053.74997371435,1465503.5000342892],[475085.3126895783,1465496.9996818486],[475172.40598705463,1465446.2502242774],[475250.6559480927,1465396.9999416715],[475273.0620682907,1465384.6249426408],[475310.781079638,1465404.7495930395],[475353.0938283132,1465443.74967617],[475408.65610152064,1465432.499972544],[475452.219042989,1465375.874811996],[475497.21875135874,1465322.9995797437],[475572.7499798468,1465268.7500699144],[475610.03075331735,1465213.7510944933],[475670.87479650654,1465175.4995018288],[475715.0624686993,1465165.9999055923],[475767.6879061746,1465112.749818653],[475788.37471671274,1465089.000218608],[475826.21870670904,1465047.8753359222],[475855.25007673615,1465041.4998808703],[475904.87521402887,1465040.750334018],[475958.3433228896,1465040.999153669],[475986.34357843164,1465041.1251074441],[476027.093687691,1464945.1251716],[476087.437003679,1464925.9998628306],[476132.7817441318,1464977.6248210294],[476175.1876173401,1465019.1244771413],[476232.34422155836,1465080.4999640007],[476281.9058944005,1465078.3751644457],[476333.7826788889,1465037.999909873],[476356.7817569558,1465007.7489010007],[476432.7809646636,1464966.250220015],[476502.4682630306,1464958.249717483],[476566.93725586624,1464946.6253216914],[476626.5310250018,1464940.2498666393],[476708.2810382977,1464915.2499112799],[476770.9058240849,1464889.6253877173],[476821.49958653806,1464881.1251331102],[476909.9373389876,1464928.3745384235],[477001.59357606235,1464960.2496196497],[477042.8433561365,1464972.4997212917],[477123.4689678934,1464919.3746130017],[477187.59390377183,1464867.0001079505],[477210.1567754745,1464858.374955955],[477261.06282202934,1464857.5004304533],[477278.4370482832,1464878.4996063537],[477318.37512136565,1464922.7496866104],[477331.03176928946,1464952.7498443192],[477355.68864281767,1464996.375275112],[477405.1253370108,1465023.6250086757],[477466.84488082747,1465038.8754105004],[477506.90581978596,1465053.7500637728],[477514.5622653606,1465086.49958924],[477530.5939868932,1465136.875248511],[477572.4059271067,1465164.3747768519],[477614.8128567015,1465110.3751430602],[477625.56280825223,1465092.125416179],[477655.781069143,1465019.3754095654],[477686.06279448426,1465013.124851902],[477724.4064552954,1465016.5000067714],[477752.37493798195,1465015.3746301061],[477811.7813204044,1465037.1253843715],[477884.2497593853,1465002.2500029628],[477890.25044101104,1464961.1261766637],[477904.9059347149,1464881.4999065362],[477908.4683950368,1464811.25044803],[477987.93799492007,1464824.499972562],[478051.71887384134,1464891.875084661],[478081.0001199061,1464923.8750632755],[478156.2190642925,1464958.8754233334],[478222.62546997017,1464931.8745906814],[478290.2504581066,1464903.499561713],[478370.0312857049,1464860.7485751612],[478434.8126439027,1464824.875802375],[478513.84489977476,1464827.875046171],[478554.00010091334,1464845.3752261999],[478609.4066790026,1464893.999884216],[478679.1256689646,1464854.1253568446],[478774.2501854417,1464781.2502903214],[478803.593920831,1464687.0002993457],[478824.6248695868,1464607.0003121789],[478845.4376339,1464553.8752038886],[478873.437889442,1464553.9991261512],[478931.2816324486,1464568.1252076973],[479003.21862775926,1464584.2501350236],[479042.9682577422,1464559.6249530902],[479069.37515739934,1464518.99982248],[479119.1559085496,1464458.2499602102],[479161.46857596433,1464401.7497783115],[479217.562292842,1464339.374868562],[479252.3127768622,1464381.375251875],[479264.90596033545,1464410.1250542693],[479306.3124106537,1464426.2499815957],[479363.2816281588,1464418.7502062651],[479403.2186448548,1464365.999871401],[479460.8125118238,1464310.1253140923],[479513.9683365828,1464237.7499996442],[479549.12431049824,1464161.1251673466],[479580.2190471424,1464111.3751326653],[479695.656657118,1463972.6251853954],[479776.0621341802,1463881.2495408272],[479861.7504376108,1463794.8751549947],[479909.34389988135,1463743.1252994074],[479975.21886188874,1463735.2496942643],[480036.75004386634,1463745.374996351],[480114.84333466034,1463724.2498666758],[480122.00002815964,1463712.500492235],[480162.6252400305,1463645.8749269885],[480214.28091469826,1463600.249594029],[480282.56118750694,1463588.5002195882],[480325.37466338347,1463608.3740188235],[480361.56280817045,1463653.999351783],[480400.2495508127,1463666.3764635867],[480474.15670694696,1463668.3753093667],[480503.968421556,1463649.3749792464],[480509.4058866559,1463594.24996879],[480499.7188224457,1463510.6250319765],[480493.5308353674,1463450.8746738574],[480503.31208049715,1463408.500492244],[480561.1557422432,1463390.750517438],[480588.9676359462,1463353.8752338625],[480596.0004884435,1463306.3748961252],[480599.37450566574,1463231.000337881],[480613.4688956168,1463201.1251588215],[480680.7190290665,1463163.87510182],[480764.0941711028,1463179.500277071],[480801.9687963077,1463203.3748557651],[480863.030942679,1463233.9996629376],[480893.62503338244,1463235.2499369914],[480936.3749635479,1463222.0004124593],[480990.62544850307,1463209.5004347796],[481047.8127691903,1463207.1247840608],[481111.71862676064,1463213.3752604637],[481185.4998291198,1463211.5003369462],[481250.875039052,1463222.751015698],[481286.5942294932,1463256.9997161306],[481317.40642337874,1463295.2501711482],[481362.7184158501,1463346.875129347],[481396.31280673615,1463391.3750856414],[481419.84324721276,1463438.7504447298],[481487.81229230633,1463451.2494472836],[481573.5938015304,1463399.1247370094],[481609.4686058292,1463405.3752134123],[481644.499682356,1463421.7500167761],[481656.09336167877,1463425.0001929963],[481701.5313079252,1463415.4995403732],[481767.5311673212,1463410.1245645978],[481781.37462484813,1463405.750068099],[481826.9682662126,1463368.1262127974],[481877.875369154,1463367.2496557834],[481913.0323994559,1463355.6252599915],[481969.31244666013,1463330.250531206],[482015.65661000303,1463246.7504917812],[482074.3441620421,1463185.6248809593],[482100.12641223543,1463161.6253236157],[482166.31365834456,1463129.5004476125],[482245.37468043354,1463068.8745076056],[482339.59395494015,1462973.125422925],[482417.2499829834,1462908.6246572337],[482496.9684025178,1462864.501505878],[482577.8746067813,1462817.749739867],[482684.6870647612,1462750.87543623],[482771.1249150441,1462715.3754053575],[482881.15577638877,1462664.8747674373],[482980.40596971364,1462599.4995575051],[483007.65667840326,1462580.500202511],[483029.3121953624,1462517.1248947454],[483044.2810295545,1462445.1254101102],[483050.68720107543,1462414.2497517741],[483063.1246894306,1462342.3751645274],[483068.2190726993,1462278.375207298],[483080.34427695285,1462230.7499721718],[483080.2808125023,1462165.749535666],[483085.9998452349,1462085.1258741613],[483100.7188033893,1462038.6250405742],[483146.0307958607,1461961.5004562011],[483212.2815064203,1461898.8746140276],[483308.43721864297,1461819.6252300995],[483381.9061369004,1461746.3754714106],[483439.4057416894,1461687.8753060848],[483474.25040662906,1461667.3748258732],[483547.65586043603,1461656.6248743224],[483586.8126138106,1461648.625428177],[483615.99967895576,1461646.1247988092],[483683.0941985478,1461636.8749973497],[483717.0623064736,1461562.874635422],[483716.1253729081,1461506.7502020753],[483720.15581244975,1461448.0002419723],[483726.06328828196,1461404.3748111792],[483802.87453216675,1461351.3756566644],[483865.8751477666,1461334.7509772629],[483893.18728939426,1461316.9999460704],[483914.8438627399,1461253.6245570441],[483902.7811478109,1461173.8755023014],[483901.74995206535,1461148.3748197407],[483948.0941154083,1461096.749861542],[484026.68715827755,1461120.2495855496],[484059.4060485361,1461111.2496601278],[484105.1860202272,1461077.3747579954],[484158.0623088662,1461030.6240483709],[484217.59350741666,1460959.2501883255],[484267.7500883796,1460939.2504353153],[484373.593758678,1460911.8748292371],[484463.2184019912,1460892.8744991168],[484493.12535390625,1460876.249900976],[484553.21879385656,1460819.0000909641],[484571.12543890666,1460788.8750358669],[484601.37539139244,1460749.3752819216],[484609.78146508,1460672.5004923258],[484658.06198487844,1460670.4996150332],[484745.8126798001,1460668.1249394405],[484815.81226226874,1460667.7501660143],[484911.87476869783,1460649.6253365215],[484979.03177761444,1460609.8747314126],[485031.09399856394,1460574.4995979287],[485093.43713545793,1460541.3752177749],[485161.3129747579,1460519.374587472],[485233.5316189618,1460511.2501626776],[485288.4077285067,1460513.9996116967],[485361.5940227451,1460530.1245390228],[485400.8439819132,1460556.499747085],[485475.15670920315,1460600.4999513042],[485530.24994680425,1460641.4999366011],[485595.50025934784,1460714.0001484377],[485608.3125211292,1460779.750131796],[485607.3745311772,1460852.5002196701],[485637.24971023673,1460931.4998088211],[485677.5932732144,1460985.8751911647],[485749.1247786299,1461087.3750814334],[485808.4686717278,1461171.624748971],[485859.5939591118,1461208.9997033612],[485904.1860648132,1461241.5004091773],[485953.7814607629,1461272.6248871644],[486009.84340478503,1461305.8752210932],[486050.687694964,1461339.8751018746],[486102.68848297547,1461366.9998567891],[486178.5003039702,1461417.3755160603],[486235.4377486198,1461472.3745727418],[486280.0626835633,1461506.1245774855],[486345.593507353,1461521.2500819215],[486362.5315272426,1461530.7496781582],[486389.6245093017,1461539.74960358],[486475.4685078503,1461585.8746886149],[486514.43779325124,1461637.7495228513],[486548.50016335706,1461693.7500339353],[486627.5939334276,1461729.8747142716],[486674.6252355589,1461727.9997907542],[486720.375465907,1461725.9998885877],[486749.6557368457,1461726.1247859763],[486784.56289110996,1461739.8751189702],[486821.6245050119,1461775.3751498426],[486888.0626835451,1461813.3747536966],[486954.7188839999,1461856.3745598998],[486996.5309054739,1461884.0010171416],[487056.0621852849,1461908.2503692622],[487116.3122954793,1461918.4995936116],[487156.21957083227,1461929.500396326],[487210.74967316806,1461956.500253852],[487230.6879119798,1461977.3755074898],[487268.93739187135,1462043.3753668857],[487293.18780037836,1462108.6246230428],[487327.1251918351,1462130.1235510183],[487385.9376412627,1462136.6259349713],[487447.31312812224,1462142.8754362483],[487494.68743082415,1462118.0003782774],[487599.0627238868,1462085.4996724613],[487656.9054105069,1462131.4997788472],[487718.1559999778,1462135.374604531],[487816.9371576964,1462154.1250586137],[487873.7189884884,1462173.5001621603],[487970.62522268953,1462177.000214418],[488072.56237570883,1462179.125013973],[488117.2497187163,1462150.5001089673],[488147.56216052664,1462080.3745727236],[488183.15645357926,1462015.125235306],[488219.1561552666,1461992.0002847246],[488284.4371842792,1462000.6254367202],[488356.56262268947,1462021.8765201706],[488428.68708597374,1462042.999537073],[488467.3123144175,1462086.0003996626],[488509.12531101744,1462080.5005264988],[488537.1245914335,1462080.6254238873],[488622.2814511938,1462045.1253930146],[488648.56239707593,1462065.7497954888],[488679.31210163696,1462102.6249978035],[488708.53085837717,1462133.249804976],[488723.124919143,1462147.9994795995],[488754.09475839866,1462158.1247816863],[488793.43792336027,1462155.2504352788],[488820.2799729952,1462157.8749869093],[488881.0625832464,1462182.1253141558],[488932.34348448797,1462223.2501968413],[488979.62466265686,1462291.3748557926],[489021.46837572585,1462319.0003379083],[489071.000307225,1462348.749563193],[489112.93714482704,1462378.87461829],[489160.21832299593,1462415.1252524015],[489187.71882646275,1462434.3754585595],[489245.53079661384,1462447.2502096654],[489345.5623096466,1462434.1245261352],[489428.99985974695,1462419.124975474],[489466.0000407108,1462389.4996724522],[489482.3441276056,1462351.8748420246],[489489.4066401854,1462305.7497569898],[489491.406542352,1462291.62473183],[489502.12472104724,1462273.2500262999],[489545.34368681896,1462239.6250002051],[489584.24950776936,1462257.1250989735],[489637.21900220186,1462276.50020252],[489700.81249441,1462307.000112304],[489769.87514331314,1462347.500264265],[489837.7816990822,1462390.5000704683],[489896.34321608563,1462390.6250491175],[489943.1247234398,1462350.3746919332],[489953.31243359076,1462286.250731181],[489970.7184327001,1462211.499766014],[490021.3121951533,1462171.2504652166],[490065.34417222795,1462189.7500681353],[490108.65634379326,1462190.4996149878],[490172.81297126674,1462171.2504652166],[490222.2189489908,1462133.4996810136],[490264.2807652419,1462102.3752030265],[490292.9067266343,1462085.8755022741],[490335.4999865557,1462068.7500956713],[490376.093425571,1462032.625415335],[490397.12534945284,1462017.7497869364],[490419.31231008226,1461999.00030798],[490449.5623438285,1461991.3745788743],[490489.4686440555,1462002.3754628492],[490525.0925971906,1462002.124530425],[490555.7183794891,1462003.3748857393],[490622.71863690106,1462023.6254899132],[490657.28173420817,1462060.3748197134],[490698.6872094004,1462109.6251023193],[490755.15667483024,1462184.9996605634],[490784.2198177129,1462211.7496420518],[490834.2811613698,1462254.3746748287],[490901.593784144,1462250.249973107],[490953.750186013,1462249.2495750908],[491023.15591674735,1462265.500456192],[491081.59351148823,1462294.8749080505],[491137.46912518376,1462323.12503963],[491192.15581650316,1462385.8747228058],[491230.81289906293,1462525.750046741],[491351.7810986715,1462622.6245080866],[491336.15584216005,1462646.2502671299],[491334.3750995621,1462729.1246007043],[491352.3749504058,1462765.3752348158],[491389.31272330566,1462798.249738932],[491427.12494044646,1462820.8750186986],[491471.34332910826,1462844.4997213553],[491487.56243735395,1462867.9995266234],[491520.9058958159,1462906.1250842526],[491570.50031663955,1462969.1246434657],[491585.1260690004,1463016.8747759806],[491603.2191256376,1463055.6249830734],[491645.2185338247,1463087.0003122243],[491722.53156129725,1463110.624039755],[491758.21792249643,1463143.499518997],[491794.655943321,1463195.5003070086],[491847.87531379116,1463253.1248904464],[491914.9062876722,1463274.6247935481],[491980.7495580846,1463265.4998894772],[492027.40600552916,1463286.375143115],[492085.15556761617,1463297.999620167],[492143.9689921698,1463304.4999726077],[492216.8746939015,1463312.8752485656],[492274.28117415734,1463315.6246975847],[492361.2494929846,1463325.9998757092],[492449.1558017638,1463359.2502096382],[492520.28076089756,1463354.9995541412],[492622.34492407844,1463424.6254195701],[492655.4057585212,1463488.2496282475],[492730.9687598648,1463530.8746610242],[492757.78123067773,1463597.3752476214],[492836.5626353861,1463625.8751739783],[492887.65614991455,1463630.1247730886],[492934.59424625227,1463625.6253792013],[492982.4683010295,1463613.375277559],[493039.7815754918,1463613.6250723363],[493139.9687023822,1463667.9994795541],[493240.00021541497,1463654.874933671],[493311.687334688,1463696.5004622974],[493365.3439679088,1463765.624625399],[493462.0935318658,1463797.2498305875],[493536.62533746386,1463814.5001345787],[493577.7809366185,1463857.374962133],[493648.5936116506,1463909.2488212432],[493745.12507242546,1463967.624983046],[493837.1253664574,1463976.5000110792],[493954.2811484459,1463944.874805891],[493997.7499902553,1463917.5001749387],[494087.2188571899,1463862.7499379083],[494145.9064092289,1463833.500464699],[494220.7495238026,1463794.6252789572],[494304.7810068978,1463763.1249711572],[494369.312489058,1463752.749874293],[494462.9378305698,1463738.624767873],[494528.5936330086,1463724.3747640643],[494636.21910229145,1463709.625089441],[494684.15662151924,1463698.7502405015],[494747.2503616521,1463684.6251340813],[494810.12502347695,1463665.375009184],[494888.46819030854,1463650.6252533002],[494950.00034741213,1463660.749580261],[495022.5312757176,1463660.2499094463],[495097.1562871092,1463648.2496025814],[495180.0941663948,1463620.500198203],[495242.0000405381,1463608.9997246738],[495279.0310192315,1463611.250478004],[495323.2503830193,1463634.8751806607],[495385.3754167311,1463628.4997256089],[495471.59418870596,1463619.7496762245],[495547.18790651864,1463599.9997179913],[495636.3127977565,1463568.2496154143],[495664.0314044054,1463560.7498400838],[495709.84420533857,1463578.9995669653],[495691.4378082132,1463513.625332159],[495673.75024147116,1463485.1254058022],[495650.87508566683,1463454.1248500776],[495584.5628609087,1463386.8746353674],[495564.0941535527,1463320.125229119],[495553.31242914643,1463241.6253920433],[495478.5942932218,1463187.3748258278],[495417.6559878525,1463159.3745702857],[495361.99953372555,1463136.1247223157],[495263.0309892939,1463080.3750623951],[495217.3442233963,1463051.7501573893],[495176.40672742383,1463015.2496472402],[495157.71973779175,1462993.1250946748],[495142.3751550475,1462959.2501925426],[495145.21878498606,1462903.1247840698],[495164.3122396393,1462806.62501489],[495161.43789323175,1462734.12585944],[495150.87435326807,1462628.7500871008],[495164.2191151063,1462515.9995180804],[495168.7502818492,1462470.0003868206],[495182.21896594996,1462359.7504471678],[495184.187095261,1462313.8752381706],[495178.34414026584,1462198.0003654445],[495197.7817331368,1462078.7505003698],[495189.3429114678,1461994.8746311322],[495270.9373109061,1461901.0004699691],[495395.5622330166,1461801.3755032183],[495457.78144764807,1461765.624621182],[495502.1247336984,1461728.1246881427],[495531.96919628896,1461710.2497346876],[495571.3758257011,1461644.8745247554],[495595.6876671462,1461583.9997650974],[495601.0626429216,1461494.5001004331],[495589.0623360566,1461417.2495622851],[495572.8750006664,1461298.1245945992],[495553.18753175787,1461218.6252533728],[495523.8120235131,1461088.6254367474],[495491.5621688607,1460949.7495357024],[495464.3125165576,1460840.0002419904],[495439.5624372358,1460730.1250757638],[495444.2810719523,1460624.1246539608],[495461.2814999059,1460539.2504182197],[495548.6245921594,1460431.125278122],[495651.5315079862,1460393.625345083],[495745.18756596703,1460379.5003199233],[495863.37454370107,1460374.5001175741],[495980.6563607251,1460378.4998406467],[496073.18704204087,1460368.2496411712],[496195.3123099095,1460365.6250895408],[496271.56139365496,1460362.4998107092],[496433.53161007306,1460369.7497912627],[496514.96828288084,1460368.875265761],[496645.46890796797,1460353.1251118612],[496742.3126528445,1460355.499787454],[496865.25003815064,1460341.3747622943],[496995.74960685126,1460325.6246083945],[497093.96957955655,1460298.6247508684],[497240.74977070146,1460243.999492487],[497271.31103216286,1460212.1254676473],[497341.8441710748,1460128.87530426],[497395.8130883973,1460076.8745162487],[497480.56340187584,1460031.2501584152],[497589.90614930616,1459996.1249009687],[497650.06199732044,1459908.1254676564],[497708.1565914907,1459863.625511362],[497791.1559037143,1459838.4996022275],[497891.938019986,1459811.2499499244],[497942.31262287055,1459797.7494929682],[498051.4690399742,1459789.2502947475],[498124.62461774354,1459772.2498667939],[498203.12542994524,1459761.2500392054],[498317.6568228243,1459760.2496411896],[498418.87506419973,1459776.3745685157],[498504.3750057912,1459781.749544291],[498605.0310870273,1459815.7504001984],[498693.2190446997,1459856.6254068464],[498755.09322724794,1459875.749659229],[498827.0312789451,1459891.8745865552],[498887.4687758526,1459907.12498838],[498997.3746585482,1459917.8749399306],[499088.62532446726,1459907.6247404553],[499196.62459205027,1459901.8749912537],[499276.8437387859,1459902.24976468],[499371.37529739423,1459910.999814064],[499516.1873592281,1459870.4995808422],[499628.2815871898,1459872.2496069712],[499763.2816061644,1459906.1245903638],[499866.99950178165,1459920.8752401134],[499932.9379282396,1459914.2499902842],[499998.3746523702,1459926.749967964],[500056.93714449974,1459926.8748653526],[500115.24984185206,1459920.625445336],[500188.4064760079,1459871.6249575072],[500246.2809354835,1459821.9999014752],[500306.96830842865,1459811.8745993883],[500382.37463952816,1459818.8746226435],[500455.78106846113,1459808.1246710927],[500489.5003567357,1459791.3750943027],[500542.2190000046,1459772.62464022],[500587.718379189,1459764.375318037],[500653.00038332766,1459741.2502861952],[500691.6871259699,1459721.7502852604],[500745.68773488747,1459702.8748525286],[500788.34348413337,1459687.1247798891],[500840.90643228416,1459664.5004752486],[500916.000479282,1459631.9997694325],[500951.24965899094,1459621.624591308],[501057.99954638584,1459553.3749537077],[501076.5309221603,1459538.6252790843],[501124.2196217369,1459489.499893867],[501151.4375011845,1459437.2502862043],[501175.2813634099,1459396.7500529825],[501181.18778285553,1459385.1246008044],[501206.50002231664,1459317.7494887055],[501246.8435852943,1459243.3754097382],[501283.9687449073,1459152.62538976],[501298.9365227128,1459112.5000112248],[501310.0940769318,1459008.750342752],[501320.7804827716,1458893.50020075],[501326.0315362844,1458801.499906718],[501330.37539757474,1458718.4996193685],[501340.0624617849,1458609.7497485466],[501369.28121852514,1458511.6249318868],[501401.9386758457,1458404.5002710656],[501426.56280139246,1458319.3751029004],[501450.00011733605,1458236.749588977],[501488.31200529163,1458143.375098629],[501500.8437558269,1458105.8752468503],[501516.3450088152,1458079.7499148257],[501524.9066963603,1458006.749950914],[501526.9373149959,1457962.0001185818],[501524.3127633655,1457927.7504430234],[501517.0935805416,1457874.5003560844],[501540.09363373445,1457780.5002411464],[501535.15592070983,1457687.6255028734],[501536.56188988156,1457659.5002686824],[501562.56224325707,1457576.8747547588],[501611.1254683352,1457485.5001665773],[501652.9066920796,1457415.0008320333],[501763.344099706,1457342.7504962345],[501796.37527406623,1457309.5001623055],[501873.96889404545,1457243.7501789473],[501911.24958625546,1457220.6251471054],[501984.9059724866,1457184.374512994],[502065.28073307977,1457156.7500872645],[502136.2183055004,1457147.37433203],[502260.1560888225,1457126.874908205],[502343.4370499393,1457108.1254292484],[502429.56261612056,1457096.8747504964],[502499.24991448753,1457088.750325702],[502572.81195727806,1457081.8751998353],[502645.31225037505,1457080.1251737063],[502706.8751239476,1457091.499774721],[502795.09371682856,1457100.624678792],[502868.2810674534,1457084.7495462429],[502937.5003866006,1457064.0002463802],[502978.87506406335,1457048.2500924803],[503043.1249785909,1457031.4995405641],[503128.99961234804,1457013.8754382727],[503189.9686341863,1457010.1245348512],[503235.3123182527,1456998.000386984],[503262.90610877355,1456987.8750848973],[503300.68760944536,1456977.375009384],[503353.21878474054,1456953.5004306897],[503403.5002630921,1456937.3755033636],[503456.62537138216,1456928.750351368],[503517.78275505954,1456929.9996502956],[503599.2183714808,1456897.250043568],[503750.8451826298,1456772.3753266805],[503789.99982323137,1456732.4997429224],[503846.6567566348,1456684.2498583326],[503928.5316673193,1456629.7505537262],[503977.6559961502,1456552.4989591916],[504002.06201851484,1456494.1248289014],[504014.2814036879,1456417.125141917],[504015.9372488973,1456330.3749262718],[504011.31287636084,1456278.250215998],[504013.31269726687,1456200.500007035],[504007.46876714577,1456117.8754682376],[504019.9062555009,1456014.124824639],[504039.5937244095,1455964.8745420328],[504074.21817339415,1455939.1249585606],[504108.4997030686,1455936.3745344155],[504143.2501058282,1455946.4998365026],[504280.0934379858,1456010.3748963433],[504283.34361420607,1456067.8745823926],[504294.56357648905,1456088.3750626042],[504343.4370541563,1456162.7501979582],[504377.3437291441,1456205.1253546975],[504457.0313509489,1456251.875089196],[504537.9058636174,1456303.7499234325],[504597.3122460398,1456339.9995011576],[504699.68763693585,1456404.7500616258],[504706.93753622874,1456444.37479422],[504711.7185790093,1456473.750302465],[504710.7816454438,1456570.6247638105],[504713.84337856446,1456644.6251257383],[504715.71838334244,1456713.5003879282],[504732.7495277651,1456791.3746004142],[504769.06265120115,1456849.1240812407],[504829.78171574126,1456882.8751423708],[504839.8753262332,1456889.3754948112],[504861.34345647926,1456906.1250716012],[504881.3134681465,1456945.8747015842],[504890.81208925706,1457013.4996897206],[504929.3441931678,1457101.8749528455],[504961.78143453324,1457167.2501627777],[504987.9999723513,1457215.9997181825],[505023.40582230437,1457237.9993733591],[505059.93696766195,1457271.4995020651],[505101.5000882243,1457312.750338526],[505136.5936540757,1457366.6249936684],[505150.21900842054,1457403.7501532813],[505147.46850301506,1457422.87538079],[505130.71892622503,1457444.3752838916],[505071.59419269575,1457508.7500958077],[505070.0326096664,1457537.9996502774],[505081.7185196567,1457641.37552045],[505078.62501368055,1457697.4998725362],[505053.99983174726,1457743.1252867563],[504994.5003247918,1457845.7494973033],[504955.5309581304,1457928.1252164496],[504938.219221201,1458005.7495528979],[504879.65664781106,1458141.5001751115],[504884.2186122835,1458195.1250354766],[504904.93719567714,1458285.8749741944],[504930.5002863019,1458399.5000687165],[504959.40578381444,1458435.4997704038],[505027.1874421949,1458527.9997352506],[505038.2496778473,1458565.1248948635],[505070.68895072525,1458630.3752074072],[505096.74976191274,1458693.1238341965],[505140.56266067934,1458763.750178902],[505215.0002853578,1458824.3750625225],[505238.87486405217,1458854.0003655443],[505250.03136188467,1458883.3748174026],[505263.43755666085,1458943.5000302084],[505296.9376853669,1459029.249766577],[505323.0630173914,1459085.5001536987],[505336.90647491836,1459102.2497304888],[505374.7504649147,1459134.4995851412],[505420.0941489811,1459178.3748919717],[505453.9691323738,1459225.8752297093],[505480.1558973364,1459277.1254144819],[505501.18782121816,1459338.4998449548],[505668.8749575958,1459485.5001707943],[505736.9699564644,1459543.6254814335],[505781.40644830826,1459550.4996321741],[505844.8739867414,1459565.1253845352],[505913.18700753164,1459600.249585595],[505979.87506210245,1459673.624322933],[506036.5309391194,1459731.4997575346],[506094.6879413537,1459766.6250149808],[506178.1879807786,1459811.9994967768],[506237.93736377166,1459815.249672997],[506367.74987494445,1459805.1253460362],[506434.2197450727,1459770.1250672387],[506559.53172471107,1459701.2498050488],[506607.2501656307,1459635.498765304],[506662.62497086445,1459565.8749313876],[506725.53132428427,1459505.3749451556],[506770.4061352654,1459471.5000430234],[506831.90651951346,1459423.6249318596],[506890.99948018725,1459365.6245998694],[506933.406409782,1459321.3754947386],[507039.5624454426,1459261.3752605817],[507062.62498796,1459242.4998278501],[507138.1245248531,1459196.1249480383],[507171.4690397015,1459167.1252696062],[507278.6254733781,1459135.1242346049],[507313.0319004411,1459128.999711977],[507371.56270097557,1459124.5002368293],[507452.46898649953,1459173.8754980844],[507484.93791946,1459235.3748259458],[507509.24976090505,1459350.3751731706],[507512.4067313317,1459416.6249086042],[507521.3749651586,1459539.1250311597],[507573.78124306526,1459639.1247713368],[507600.96840604383,1459719.6254857052],[507607.8128154415,1459798.7499722447],[507656.21831388905,1459921.6248682262],[507735.96850627894,1460085.6245656328],[507769.5935323735,1460159.8748035983],[507802.8745827714,1460264.7498487362],[507830.87483831344,1460392.499968418],[507838.7504434567,1460497.1251375182],[507858.3436501852,1460572.499695762],[507847.5936986344,1460631.1247584766],[507809.9063788822,1460710.999848255],[507782.53077280393,1460778.2499817046],[507751.28139742813,1460854.3751431876],[507732.9998976913,1460902.6250277776],[507709.5625817477,1460957.2502861589],[507726.5620345754,1461037.7500254011],[507740.84372997907,1461135.9997394495],[507788.4996815742,1461205.3747537148],[507831.37459038873,1461242.7497081049],[507928.81226826005,1461292.2498667485],[507967.68737274146,1461347.3748772051],[507987.8745124648,1461362.8751550675],[508043.4377607982,1461404.2498325303],[508073.6253052199,1461437.7510176226],[508115.18745065626,1461480.2500966245],[508154.4373285639,1461497.2495494522],[508208.90591670113,1461519.3750771435],[508259.65643065894,1461531.3753840085],[508337.06258266454,1461550.1247817045],[508401.7497599428,1461567.3750856959],[508490.5622858185,1461587.3758950927],[508546.37541018956,1461604.5002453087],[508627.6554127532,1461615.5000728972],[508688.46873947344,1461639.124775554],[508734.156480497,1461648.5005307884],[508777.31295694417,1461656.6248743224],[508831.7498534864,1461681.3749536441],[508869.6245599518,1461711.1252353152],[508902.40585827443,1461740.749563211],[508960.5936582382,1461771.8740411983],[509006.2189911977,1461786.3748961706],[509021.37521210284,1461796.750074295],[509113.9683827431,1461824.5004537995],[509183.8747594182,1461828.9999289475],[509235.9052075122,1461838.4996064445],[509272.68736655446,1461849.1245793463],[509325.9998615576,1461859.8746121577],[509352.68735372147,1461860.1254633213],[509392.2495969912,1461846.5001089764],[509447.0940149412,1461831.750434353],[509485.3751864278,1461819.3753540618],[509523.65643917484,1461807.1252524196],[509553.00017456413,1461795.8745736678],[509587.4065203666,1461789.8749484285],[509640.9371998124,1461779.000099489],[509670.1877294081,1461777.9996202125],[509733.84371094086,1461772.249871011],[509774.6255117953,1461762.5003987367],[509812.87393530033,1461752.749870076],[509852.4372349566,1461740.374789785],[509913.5310729229,1461734.6250405833],[509959.249611676,1461742.7504405037],[510035.09426191275,1461788.1249222995],[510098.2812078392,1461828.2514384815],[510158.9060914598,1461873.499885242],[510206.81289421854,1461916.124918019],[510238.06226959435,1461971.2499284754],[510250.0932929283,1462038.8749166117],[510263.18720360287,1462129.4998766806],[510263.68793080415,1462208.6254196065],[510260.0946727527,1462314.3749089853],[510275.93697605975,1462384.6254238782],[510290.7809128632,1462428.124900896],[510323.1874377596,1462492.2498367745],[510371.1567298429,1462530.8751464789],[510394.90632988815,1462573.2503032181],[510401.968842468,1462630.6250106185],[510419.1556820087,1462690.7502234243],[510454.2809394551,1462742.1253055853],[510479.4057922031,1462771.6236797061],[510538.5315821189,1462837.2498220624],[510587.7808083384,1462874.749673841],[510631.87527473754,1462915.9995351757],[510672.28132703976,1462945.7497355863],[510713.68777735805,1463003.5002727993],[510740.15610995324,1463027.9995009576],[510761.59360499075,1463046.1253055762],[510784.28129282146,1463065.5004091226],[510814.5937346318,1463087.5000642994],[510832.21881204925,1463104.2496410895],[510858.6247365804,1463135.1252994256],[510878.59377312165,1463173.4996767058],[510894.78118977236,1463209.376512517],[510913.56236032397,1463238.8748866378],[510918.5625626731,1463249.1251673738],[510942.40634363797,1463281.250043377],[510943.53172030306,1463295.2501711482],[510954.68716174905,1463325.9998757092],[510973.12533173,1463374.12478165],[510977.5623175534,1463381.1248861658],[510972.68709385325,1463434.4998704935],[510966.1262836007,1463454.875372056],[510958.31316778203,1463473.87472705],[510939.81258973706,1463541.249839149],[510931.96875744936,1463564.1249136927],[510914.0313146697,1463576.6248913724],[510901.9378832717,1463642.874626806],[510859.0936909262,1463730.37544569],[510843.59341306385,1463754.3749217729],[510821.4995769675,1463802.624806363],[510802.06206535705,1463839.375111289],[510759.53121349966,1463896.2501478747],[510710.59223986935,1463956.9999288837],[510692.50015835813,1463986.124585965],[510670.37463066675,1464036.8750186623],[510653.46838363266,1464077.5001492726],[510618.5939773499,1464130.6252575626],[510588.8120040839,1464183.8753445018],[510571.96922150033,1464215.6254470788],[510548.2810543931,1464294.3751601921],[510491.281120419,1464399.6249787563],[510472.12517644116,1464408.3750281404],[510460.5939051825,1464417.1251587851],[510411.62519020913,1464482.8751421436],[510388.5001583672,1464505.6253192988],[510343.6561451156,1464538.2500286377],[510305.31248430454,1464557.0004827203],[510245.28153367876,1464583.1247583583],[510188.9686572325,1464619.5002898586],[510174.90604013694,1464625.7497911353],[510139.03123583813,1464654.7504446935],[510130.9683252423,1464696.7498528804],[510132.8442238858,1464766.8753891243],[510132.5308833976,1464796.124943594],[510131.0297581803,1464820.3752708405],[510136.3433010177,1464926.250795255],[510128.0314895102,1464993.624850967],[510127.5942267595,1465038.2497046501],[510128.0314895102,1465122.3754499252],[510127.8441027971,1465142.8748737504],[510119.6879051472,1465196.249858078],[510119.3745646591,1465228.124939304],[510132.56265625317,1465307.2504822302],[510130.68667634914,1465368.5000153147],[510134.8748425214,1465461.5007073625],[510126.1237367507,1465573.6256517933],[510121.9683185599,1465606.7499506867],[510121.21982809406,1465683.2499668563],[510120.46922485513,1465759.7509581519],[510118.5000391576,1465829.749484234],[510112.9376766691,1465879.3746215268],[510089.46866913047,1465936.5005092758],[510065.06264676584,1465961.7502594125],[510045.781724139,1465980.7496144066],[510017.3125142512,1466031.3751497155],[510001.8746444529,1466049.1251245213],[509968.1871290338,1466109.874986791],[509963.0312315665,1466118.7499335639],[509959.9060339953,1466176.1247222247],[509959.68793081323,1466199.1247754176],[509960.3749883411,1466259.0001121857],[509957.3746881585,1466306.12453885],[509948.1566595545,1466336.62542376],[509944.96889139834,1466402.8762155802],[509938.2187441807,1466442.3749131388],[509939.09424480813,1466480.625449417],[509958.78163245623,1466548.3753349418],[509962.49978789623,1466558.6245592912],[509987.49974325567,1466600.8747373815],[510018.750175018,1466658.6252745946],[510021.2190315303,1466664.99967326],[510044.8755070425,1466716.2498580324],[510054.5932064612,1466763.5003197324],[510061.90559507866,1466795.3754009586],[510100.71829149604,1466856.9997074693],[510128.3120007564,1466896.750312578],[510157.1878381864,1466934.1253482287],[510184.7497745912,1466975.1252522653],[510191.87477649556,1467026.2494832627],[510194.84338508314,1467112.8748015193],[510189.2503061256,1467165.1253843077],[510179.7813450975,1467219.8745649518],[510176.7810449149,1467265.749773949],[510166.25017167226,1467302.500078875],[510149.31223304314,1467344.5004621882],[510141.4059114309,1467371.1244899016],[510148.5309133352,1467424.750325393],[510155.59342591505,1467480.8747587395],[510155.3753227329,1467502.6245378787],[510177.9995461131,1467529.6253705306],[510216.0002063535,1467546.4998447094],[510257.8746358915,1467555.8745435574],[510288.21885055734,1467572.7500741223],[510297.06210573507,1467580.4997254906],[510315.9057656112,1467603.6247573325],[510334.78111708234,1467624.2501349326],[510367.687394054,1467638.6239797433],[510412.0941445549,1467650.5003643457],[510450.12454613834,1467662.374636175],[510465.2500505745,1467676.6246399838],[510480.28129283054,1467699.6246931767],[510490.12502728484,1467731.624753052],[510481.4691588202,1467769.5004346431],[510442.34417830117,1467802.9995882232],[510453.84367670433,1467868.7495715816],[510491.3753013385,1467915.6252598553],[510560.37448579114,1467986.6253216004],[510599.8435232673,1468018.1245730137],[510654.4370900537,1468046.499601982],[510630.2184544022,1468109.874991008],[510621.7499726506,1468185.5004004159],[510620.656368841,1468254.3756626057],[510553.2812567423,1468223.999756345],[510539.3436182958,1468193.9995986363],[510503.4063246725,1468154.7497207287],[510448.65608764207,1468122.624763465],[510403.62468767737,1468110.499640472],[510336.6254053913,1468122.2499900388],[510271.74986627395,1468155.6252213563],[510205.812414942,1468193.9995986363],[510153.4686263599,1468223.000333455],[510098.6559812654,1468285.250345816],[510054.6249793168,1468330.3749515743],[510009.21880592586,1468373.1248817397],[509968.3745157469,1468402.8751634106],[509928.8439640722,1468432.6254450816],[509897.21875888365,1468437.749488433],[509847.56298638246,1468405.374736392],[509829.56207915227,1468369.125158667],[509766.6874173275,1468324.6252023727],[509715.4997218795,1468317.8749738946],[509668.09364632197,1468342.874929254],[509619.4997047749,1468369.125158667],[509556.2810672534,1468412.4997382963],[509528.06270852924,1468439.2497197846],[509475.96871472424,1468473.2495193055],[509456.2188377516,1468489.375503018],[509403.31288903015,1468503.1247796256],[509379.7813109065,1468455.6254982746],[509353.1563080672,1468426.1250926412],[509325.2809499137,1468397.99985845],[509283.5622154938,1468372.999984351],[509260.9994250517,1468349.7500551206],[509229.7192519464,1468331.8751016655],[509204.00046620355,1468325.3747492249],[509163.12545955554,1468321.9995943557],[509132.62457464566,1468323.24994967],[509092.40599031706,1468336.3745768133],[509067.4060349576,1468347.6252555654],[509031.0622763131,1468361.8751781136],[508983.62540302606,1468385.6248594194],[508942.7503963781,1468414.1247857763],[508922.0932459225,1468439.1247411356],[508897.84389380197,1468469.4996722704],[508878.7504391487,1468502.1253567354],[508851.2498544214,1468546.6253130299],[508812.1566467579,1468587.875093104],[508768.0621803587,1468631.7503999346],[508731.68762398465,1468677.8754849695],[508688.12460125575,1468734.499589131],[508661.62457706546,1468772.62514676],[508633.8126833625,1468809.5004303353],[508589.93737653195,1468858.4998617775],[508555.1879488983,1468881.624812359],[508509.18784251256,1468909.0004996976],[508494.34390570904,1468919.875348637],[508492.65636890463,1468973.5002090023],[508502.2502273213,1469022.7504916084],[508511.21837988764,1469056.7503723896],[508516.9691854757,1469105.0001757191],[508516.562639194,1469126.6250574696],[508486.06281067064,1469128.0003101723],[508457.7502710269,1469120.2496024177],[508414.53130525514,1469090.1245473207],[508386.8751066703,1469067.1244941277],[508356.5308920045,1469040.3745126394],[508311.4677191843,1468995.1250094925],[508267.4377736221,1469008.3745340246],[508261.21907007473,1469044.3752920984],[508249.4061499229,1469099.6251999435],[508236.7812748546,1469134.6245036148],[508222.0940082952,1469181.1254184626],[508217.4061713082,1469223.3746214267],[508207.5317203849,1469263.2491487982],[508203.2504296796,1469315.7496888847],[508201.4061413706,1469333.6245610793],[508195.21912941826,1469369.6254004138],[508185.7809661197,1469421.001457701],[508170.9370293162,1469495.6254939665],[508148.84424960637,1469548.7496271306],[508131.2498886579,1469586.5004113333],[508113.90637887304,1469630.4996404266],[508095.3750843591,1469677.250350051],[508079.8748064968,1469735.2506820413],[508064.62537979806,1469767.7504127312],[508042.249976069,1469781.3747106895],[508004.12539356604,1469782.99983943],[507961.2495096255,1469793.7497909807],[507934.4064036041,1469822.8754231879],[507900.2191361097,1469859.9995264143],[507831.937725654,1469903.6249572074],[507796.50018410594,1469908.9999329827],[507764.09365920955,1469861.8755063184],[507768.40672277036,1469842.6253001606],[507770.65650097455,1469802.9995924402],[507777.18756988406,1469742.875436021],[507766.0628449071,1469687.249698363],[507739.34357988776,1469623.3746385223],[507701.6869766045,1469572.6251809509],[507647.3432858558,1469518.875423197],[507580.2815955057,1469497.3755200955],[507529.4696486099,1469467.750135813],[507455.0309675449,1469421.1253799635],[507378.75019220443,1469391.1253035152],[507323.75007913634,1469352.7498698486],[507291.1254510578,1469332.3753434122],[507226.4997879781,1469276.4997297167],[507202.31292518205,1469244.374772453],[507183.9690173812,1469199.2501666946],[507167.5624411619,1469170.6252616888],[507148.87545152986,1469116.6246527713],[507121.6248241007,1469071.8748204391],[507106.1562378334,1469002.3749087853],[507079.24966736144,1468934.6250232605],[507048.56237086444,1468899.0000949993],[507022.8128686526,1468859.2504650163],[506983.65619653853,1468803.49982997],[506945.53161403554,1468773.2497962238],[506890.74968541006,1468739.8745649063],[506835.7813451975,1468734.499589131],[506790.21842030203,1468805.2497748383],[506768.46872242336,1468834.2494532706],[506725.24975665164,1468867.9995392747],[506650.74964264856,1468915.7496717894],[506596.0004620047,1468915.4997957516],[506577.9064302414,1468908.4996912358],[506505.46862646897,1468879.7498888415],[506451.9062554282,1468845.0004612077],[506428.78130484675,1468807.7504042063],[506365.0311423945,1468773.4996722613],[506319.8440473117,1468757.4996423237],[506251.1561718348,1468727.249689838],[506226.15621647536,1468706.625287364],[506174.8753152338,1468665.5004046783],[506144.7185685416,1468643.7496504132],[506089.84343412257,1468607.8748461143],[506049.9688254906,1468598.000395191],[506005.68697237835,1468605.0004997067],[505930.49980084744,1468602.9995411537],[505884.4064886682,1468596.1254716734],[505841.59512556467,1468576.2496409258],[505800.2193917154,1468560.1247135997],[505749.7812431198,1468540.4997340157],[505692.1873761508,1468532.7491075215],[505650.8126174276,1468548.5002365473],[505622.43758845935,1468571.3753923518],[505599.500024591,1468602.8746437652],[505590.1252444825,1468655.624978629],[505568.2188763597,1468712.624912603],[505541.9685656861,1468756.999971509],[505503.78157511906,1468821.1249073874],[505486.21898702614,1468860.1249092575],[505469.8441836623,1468928.3745468576],[505461.49962417333,1468974.624529281],[505468.24985265144,1469016.3750365565],[505470.4688331261,1469072.3745725146],[505462.5297635324,1469128.7498570248],[505451.9057657567,1469149.6251106625],[505405.87494290195,1469176.9996603543],[505355.5944396764,1469193.1245876804],[505325.71926061687,1469209.7503234684],[505279.2808350939,1469226.999571073],[505204.96916419046,1469246.6255257833],[505138.156212231,1469263.5000812223],[505074.5628012833,1469264.8742775384],[505015.62545446714,1469255.8753272425],[504975.06273192086,1469228.2498451269],[504949.312254583,1469188.500215144],[504920.59414378356,1469138.750261723],[504888.31251627574,1469095.499523096],[504876.46896091534,1469085.8749482103],[504835.8120574495,1469055.6249957245],[504786.3129551924,1469027.1249881072],[504723.12495287944,1469006.8754403198],[504670.9060616859,1469038.3746917332],[504645.62453869375,1469043.2499154333],[504579.34408679116,1469072.7503210667],[504539.12550246256,1469085.9999268593],[504507.0312616678,1469111.4995530336],[504500.937455509,1469149.9998840888],[504503.3120498413,1469178.0001396309],[504523.4377566266,1469203.8745392312],[504537.81265782384,1469245.3752517295],[504564.2503552105,1469269.7495012386],[504597.78120038554,1469313.0002398659],[504626.1562293538,1469353.8752465139],[504632.90645783197,1469362.3754198605],[504646.21847168857,1469357.750072198],[504685.56261177623,1469365.7495183432],[504751.3433116036,1469404.499725436],[504770.21874433523,1469430.1263617717],[504785.28175944684,1469454.374657506],[504788.84421976877,1469483.7501657507],[504787.37478614645,1469509.2497919248],[504765.5001096187,1469543.3746513552],[504743.43804637785,1469599.3751624392],[504737.87462750287,1469657.8752465048],[504774.5625243651,1469678.4995677182],[504831.5624583392,1469704.5000023544],[504850.59350492846,1469708.3748280383],[504901.34393762576,1469721.5004303078],[504926.71866641135,1469725.5001533807],[505000.37497138197,1469737.6253576342],[505051.09371248423,1469752.0002588313],[505081.3437462305,1469784.000237446],[505102.65520623245,1469821.125397059],[505144.15583747026,1469877.4997064434],[505168.0621890201,1469907.0001120768],[505217.5623476637,1469916.3748109248],[505254.4058583835,1469917.874961016],[505312.7503285914,1469934.8753889697],[505329.0308697751,1469965.6250935306],[505372.09414042876,1469983.7499230234],[505375.59419268667,1470023.2496769687],[505373.03115525475,1470028.3747767063],[505357.34349067934,1470080.5004621064],[505326.4063994052,1470133.749492659],[505361.62478138466,1470179.8735213073],[505379.15673426905,1470211.8745563086],[505390.18719706597,1470264.1252203577],[505327.6873899279,1470290.3754497706],[505350.28089683905,1470324.999980016],[505367.81284972344,1470359.4995316118],[505378.8750853759,1470404.1244665554],[505387.65593248967,1470418.2494917149],[505416.8122811658,1470431.250196596],[505444.68755805877,1470442.8746736483],[505454.4063951245,1470496.5005091396],[505456.56288627465,1470544.875291118],[505467.7808170452,1470574.2497429764],[505471.53172046674,1470582.0003694706],[505480.31256758043,1470593.4999491342],[505495.218912448,1470636.8755038895],[505461.8129646615,1470681.2495876693],[505497.187041759,1470710.7499933026],[505518.531331003,1470740.250398936],[505513.2187632916,1470769.4999534057],[505509.34393760754,1470775.8753271971],[505486.1872141706,1470812.6246569974],[505477.2190616043,1470820.250386103],[505476.8452633041,1470866.1245387136],[505488.0939105436,1470891.6252212743],[505487.62495619786,1470947.6247572326],[505464.46815150045,1470984.4999595473],[505507.53150341456,1471002.62478904],[505535.2808265325,1471028.2503689893],[505565.52980389225,1471060.375326253],[505567.53173757135,1471126.6250616866],[505588.59340279613,1471195.6252212652],[505597.1878383228,1471235.1249752105],[505626.3124141434,1471248.1247049656],[505643.5627181347,1471314.5003941741],[505651.12498278974,1471322.1250668934],[505660.65635188186,1471403.7501828007],[505666.9375447538,1471412.7501082225],[505675.65590254293,1471435.7501614154],[505693.12536610285,1471476.6251680634],[505704.2500910798,1471513.6253490273],[505726.62549480883,1471575.0008358867],[505739.28108634613,1471583.9997861825],[505763.219129491,1471610.873608673],[505798.4058198754,1471659.6252768508],[505797.0623400282,1471669.7495225512],[505772.43723935547,1471729.5009370567],[505754.4997965758,1471745.8746840341],[505733.8753941017,1471782.6250702208],[505702.87483837706,1471843.6247272675],[505694.7811300517,1471899.6252383518],[505692.90620653424,1471973.4996465044],[505700.15513070114,1472020.6252108158],[505725.40593722416,1472041.2495320293],[505777.18756566703,1472086.2502967855],[505820.1248825456,1472120.8747457701],[505850.4373243559,1472145.3750303148],[505884.4689779927,1472180.000535686],[505922.4388405036,1472200.62493816],[505972.90673044225,1472249.5004473398],[506013.468396602,1472262.5000958343],[506075.4060436008,1472307.6247015926],[506100.5626692043,1472337.125107226],[506144.6878520726,1472384.5004663144],[506182.65673945745,1472406.5001214913],[506207.906489594,1472427.1245239652],[506257.06259128044,1472479.6249827915],[506297.65603029577,1472488.874784251],[506341.9696562636,1472509.6251405],[506378.71890480333,1472525.250315751],[506416.6253841242,1472552.2491168906],[506416.2188378425,1472604.4996996792],[506436.2810801773,1472640.2496065893],[506474.00009152456,1472691.4997913619],[506521.87520268833,1472742.874873523],[506567.5629437119,1472754.6253043504],[506663.8128368541,1472796.124960462],[506726.03107635956,1472806.8749120128],[506748.87551569485,1472810.8746350855],[506816.1563656135,1472822.7499633015],[506854.1559694674,1472839.6254938664],[506920.09342079936,1472859.2504734506],[506972.0942088108,1472874.999570964],[506983.50050142047,1472878.8754530346],[507033.71851532144,1472957.0004354236],[507051.3128762699,1472982.5001428584],[507095.4062862826,1473031.2496982631],[507099.06300878455,1473050.4998231605],[507110.125244437,1473098.8746863995],[507119.9996953603,1473134.6245120491],[507129.75022402103,1473187.0000734867],[507136.8752259254,1473248.1247091827],[507142.8123618401,1473301.7494882874],[507145.9683571408,1473380.7501338248],[507134.43708588206,1473394.6252829467],[507115.1572196417,1473420.0000117326],[507071.4375266687,1473479.4995186878],[507054.71866634773,1473503.6249485458],[507018.62470248033,1473567.000337572],[507007.0627147526,1473583.5000383244],[506985.2812440184,1473603.7496673723],[506949.5313371082,1473621.2498474012],[506910.03158316296,1473633.7497438204],[506862.8128943186,1473657.5004002522],[506838.468304892,1473680.2496022813],[506815.2819213725,1473719.6255152244],[506781.9374065241,1473753.751349781],[506761.31300405,1473790.4996231946],[506727.9059998771,1473834.8746821005],[506673.000148989,1473863.75043827],[506637.31273140333,1473874.8751632469],[506607.9689960141,1473887.5000383153],[506569.687743267,1473906.2495172718],[506539.1255066796,1473913.6253703397],[506516.0629641622,1473937.7497438113],[506490.3441784194,1473971.8746032417],[506460.93901009206,1473994.624780397],[506416.2495543115,1474017.2500601634],[506349.87492148933,1474049.748734467],[506305.3442487259,1474055.8753698678],[506251.68761550507,1474091.1244683163],[506205.46834955073,1474145.4999319206],[506170.74963838607,1474193.6248378614],[506136.0309272214,1474243.124996505],[506109.0628425509,1474279.8743263052],[506090.9995272567,1474311.5005878801],[506051.24989727384,1474354.5003940833],[506019.06245068554,1474402.7512537993],[505992.0309015645,1474445.7500036159],[505975.1564273859,1474488.9996858565],[505944.28076904983,1474534.6250188162],[505911.90601700894,1474607.000333264],[505866.8439005752,1474680.4999679904],[505828.03120415786,1474760.4999551575],[505798.2184331623,1474832.8752696053],[505785.12460374826,1474881.1251541954],[505764.2810417056,1474943.3751665563],[505735.6561366997,1475023.500051112],[505698.25046584057,1475093.2498388034],[505658.53155232675,1475132.3748193225],[505609.7502240665,1475189.3747532966],[505559.90600846574,1475220.8750610964],[505507.5939114786,1475245.8749351953],[505450.1875124833,1475270.999869204],[505401.6877518557,1475296.124721952],[505346.6877200481,1475338.999549506],[505291.65591538505,1475384.3750876884],[505228.93792380433,1475437.3762737159],[505158.68749017204,1475477.6245993874],[505133.12537467334,1475496.5000321192],[505099.87504074443,1475517.9999352207],[505080.74981323566,1475527.9992835326],[505057.71896231326,1475544.3750620224],[505023.21835433075,1475567.000341789],[505009.06261270214,1475589.8754975933],[504967.8753219525,1475650.7502572516],[504951.15646163153,1475676.0000073882],[504940.68710258737,1475711.6250169098],[504913.4998583483,1475772.6246739565],[504900.4059476737,1475820.8745585466],[504892.4065015284,1475866.749686283],[504837.0941043587,1475949.1254054294],[504841.7502497507,1476000.1246577778],[504845.40591586614,1476021.7495395285],[504849.90636614006,1476091.8750757722],[504849.28171667625,1476169.4994122204],[504866.6252264611,1476225.7497993421],[504881.5315713286,1476271.7499057278],[504889.780974772,1476348.2499218974],[504877.5001566609,1476453.8754890137],[504874.43736715376,1476517.499697691],[504873.905842223,1476583.7504082506],[504887.2814017907,1476659.000069106],[504898.3129209741,1476711.3746554176],[504909.21848638245,1476777.6253659772],[504907.31284639594,1476856.6249551282],[504901.6245301324,1476931.7496373346],[504896.1870650325,1476972.499746594],[504921.87513430626,1477099.999990238],[504854.405841288,1477110.9998178266],[504804.7500687868,1477122.1245428035],[504724.5002055822,1477140.6252021089],[504636.7495106605,1477144.9996986077],[504598.56252009346,1477149.7500249194],[504554.0932802681,1477148.1249774394],[504512.1563614055,1477147.8751014017],[504474.00008730753,1477151.3751536596],[504444.65635191824,1477161.3745019715],[504416.5004012581,1477185.375034441],[504375.5312136906,1477223.2496596458],[504325.4688949077,1477283.998465529],[504297.249479797,1477314.3754281763],[504254.93778750824,1477358.624533307],[504200.12514241383,1477378.625342704],[504163.12496144994,1477394.8751674185],[504142.6255376249,1477415.1247964664],[504128.4686583493,1477435.3754006403],[504108.8754516208,1477501.500157425],[504097.1251020539,1477540.8750139815],[504059.8125557279,1477594.1251009207],[504009.87513433356,1477640.8747541588],[503961.1870118669,1477686.3751897297],[503912.59412670624,1477722.8746434923],[503875.56217288686,1477744.2506243314],[503843.71886451624,1477751.6255022734],[503789.06288966583,1477751.2496724606],[503764.50019705715,1477800.7498311042],[503725.0311595809,1477806.8754101186],[503643.21865696047,1477864.7498695941],[503623.65616670094,1477924.5012840996],[503591.34382272407,1477991.7504424234],[503592.125142432,1478054.2502495614],[503599.4057581939,1478095.000358821],[503599.00026829867,1478144.7503935022],[503621.40638849675,1478203.5003536053],[503619.6871600973,1478259.4998083028],[503600.1563614328,1478316.7496183147],[503570.718445124,1478342.0004248377],[503527.2188868456,1478378.4998786002],[503490.09275210666,1478410.1250837888],[503436.4371752723,1478444.1249645702],[503385.34374200436,1478471.7504466858],[503344.5311434204,1478489.2495703283],[503281.9688469578,1478523.1244724605],[503243.6569590022,1478545.7497522272],[503193.8126621409,1478578.5004153412],[503154.09374862706,1478616.5000191953],[503118.0622740842,1478669.7500248738],[503086.06229546946,1478698.749703306],[503070.59379046265,1478726.6250614594],[503077.1872674362,1478852.8750310498],[503117.5011703314,1478897.7497607705],[503122.2811567254,1478934.7499417344],[503152.4687011472,1478975.6249483824],[503177.65604321973,1479003.875079962],[503202.81266882323,1479038.499610207],[503222.7192160399,1479092.1254456984],[503232.5311776387,1479136.7503806418],[503254.93729783676,1479194.2499854309],[503293.9373809672,1479246.8754229061],[503313.9371339775,1479286.5001555004],[503335.18716104137,1479329.9996325183],[503345.2182822088,1479350.375215341],[503358.90604461764,1479384.8747669372],[503378.9365140969,1479422.0009016762],[503434.53153528576,1479466.9985785333],[503438.15648493223,1479487.3751364823],[503469.50012248807,1479544.9997199203],[503472.93768542144,1479590.8749289175],[503434.7814113234,1479593.1246258612],[503410.50028634735,1479608.2501302974],[503392.59364129725,1479622.1263358057],[503384.65660321596,1479661.5002172363],[503400.84401986666,1479702.3752238844],[503383.7811025885,1479769.7503359832],[503377.0933634349,1479807.9997346143],[503376.84348739724,1479841.1251711545],[503381.62453017785,1479879.374651046],[503409.0308527251,1479945.7503402547],[503421.0935676541,1480028.749571218],[503420.7812835524,1480068.125484161],[503409.00013625604,1480110.1238359616],[503401.2187932929,1480129.1251412078],[503400.7815305421,1480181.3747488705],[503400.3749842604,1480232.3750576053],[503400.1241330968,1480261.624612075],[503387.2810735859,1480280.6249421951],[503371.90577437263,1480294.500091317],[503348.8442882417,1480317.3752471216],[503335.7810940362,1480359.2496766595],[503329.06158202706,1480403.749632954],[503314.78086174943,1480444.4997422134],[503290.34412291576,1480476.124947402],[503278.8753409816,1480481.125149751],[503248.24955868314,1480494.8754014843],[503207.4697893412,1480508.6246780918],[503181.937333925,1480521.1246557715],[503160.3125334349,1480522.2500324366],[503130.99951451464,1480530.8751844324],[503110.7191689977,1480524.3748319917],[503087.937218987,1480511.5000808858],[503056.31201379845,1480492.1249773395],[503034.7496213724,1480488.1251730062],[502996.6251201299,1480485.3747488614],[502967.3745905342,1480486.375228138],[502934.21843752486,1480502.6250528526],[502927.6566521463,1480528.124679027],[502939.99995958194,1480572.7496139703],[502942.09404266806,1480627.6247483892],[502917.5938393839,1480669.3752556648],[502909.46835820307,1480731.7501654143],[502897.6248028427,1480783.8748756882],[502939.4060265871,1480802.1246025695],[502969.780957722,1480820.1255097997],[503024.0621591461,1480866.375492223],[503051.7501305865,1480902.250296522],[503059.124927268,1480932.875022434],[503060.12646293105,1480964.75010366],[503038.18718430575,1481007.8748072516],[503005.0311125569,1481049.6253957876],[503010.9682484716,1481070.1248196126],[503039.93623530865,1481103.50005093],[503081.8126963592,1481114.000126443],[503104.65607930796,1481118.0009059024],[503145.3129827738,1481122.1245512376],[503153.90636191395,1481157.8755145343],[503155.03076345305,1481176.9996856565],[503158.5000179814,1481219.0000689696],[503185.1558185502,1481225.6254000592],[503184.8434531881,1481262.499627248],[503182.06125618756,1481291.8751354928],[503181.78172006743,1481327.500063754],[503185.18751014525,1481377.2500984352],[503186.3436032794,1481395.0000732413],[503200.96740538825,1481471.6249867994],[503208.4692122313,1481486.9993108867],[503221.9061234765,1481555.8745730766],[503238.0310508027,1481603.1250347765],[503242.90635576326,1481629.8749350044],[503245.12533623795,1481670.625044264],[503239.68787113804,1481712.625427577],[503229.2810014185,1481741.8749820467],[503209.90589787206,1481782.500112657],[503185.624772896,1481797.6246419672],[503097.8127262968,1481809.6248675715],[503055.90652390325,1481804.2498917961],[502996.15608452365,1481803.750139721],[502957.96909395664,1481811.125017663],[502912.09388495947,1481826.124568324],[502910.7504051122,1481833.7502974295],[502909.09358477686,1481880.8748053545],[502931.7188645435,1481912.874783969],[502955.8126028064,1481920.6254104632],[502990.06130323885,1481929.8752119227],[503019.156218977,1481946.6238135868],[503049.56284170685,1481959.6254935937],[503064.5623923679,1481991.6254722085],[503035.0322453915,1482026.999549306],[502967.5936688423,1482034.1245512103],[502939.59341330023,1482038.999856171],[502915.40549411776,1482044.0000585201],[502878.53126692894,1482046.2497554638],[502863.3126379597,1482039.7504594098],[502811.3435415433,1482022.7499501957],[502788.4684669995,1482019.9995260506],[502768.06216770754,1482030.1248281377],[502747.500254558,1482058.000186291],[502773.78120044013,1482110.3746913422],[502783.8123216075,1482124.499716502],[502786.0005856132,1482171.6252808133],[502774.3126441104,1482199.4995825803],[502776.5624223146,1482236.4997635442],[502797.9373467671,1482264.7508702497],[502814.468820375,1482264.8747925123],[502869.343954794,1482238.4995844502],[502878.2814721518,1482233.5004384874],[502931.93802411214,1482199.4995825803],[502973.9373510387,1482195.9995303224],[502987.8750707457,1482201.12463006],[502989.0004474108,1482220.2498575689],[502963.09419369436,1482278.7500228947],[502915.3747776487,1482362.3749597082],[502890.9370636891,1482399.1252646344],[502871.3745734296,1482458.8746476276],[502878.65624557796,1482502.2502836434],[502890.6246983269,1482594.1245426398],[502896.7502773412,1482623.375153496],[502916.6875410269,1482674.5003596195],[502940.5314032522,1482712.8748181602],[502931.3758639728,1482742.1253477558],[502924.31229500653,1482832.5005130474],[502977.2500165835,1482886.500146839],[502969.3754678267,1482919.4995483437],[502943.4385789018,1482980.500261777],[502938.0932632089,1483013.5007196683],[502945.2817295638,1483069.625153015],[502943.31262512674,1483153.749760643],[502939.0312531609,1483210.999570655],[502915.81204039947,1483255.3756859472],[502879.84403030714,1483299.7496884665],[502858.0625595729,1483322.4998656218],[502838.56255863793,1483373.2502983192],[502853.62451736303,1483400.125177196],[502855.93776001775,1483426.8751586843],[502865.8122109411,1483465.2495359646],[502868.18786165986,1483483.1244894196],[502873.062110234,1483512.375100276],[502870.1252745019,1483558.2503092731],[502854.81238335266,1483568.3745549736],[502824.1261432422,1483588.5013181453],[502806.3127039856,1483590.8749373516],[502786.0005856132,1483588.1254883327],[502765.6874921148,1483585.4999615762],[502742.43756288424,1483629.8749392217],[502716.8437557905,1483651.3748423231],[502691.43725414935,1483649.8746922319],[502681.09384888026,1483670.1253776662],[502683.43780800403,1483694.3746485263],[502720.0314426862,1483727.7498798436],[502745.3129656783,1483744.4994566336],[502794.6247624828,1483779.374919303],[502807.18820461305,1483797.2497914976],[502787.65643082256,1483853.125405193],[502787.6257143536,1483858.2495298048],[502778.34414003853,1483907.874585837],[502746.4690588124,1483917.7500118862],[502726.09355725,1483922.7502142354],[502718.40639520634,1483928.9997155124],[502709.2190018109,1483967.2501705298],[502699.9384838824,1484011.750208085],[502671.7815580963,1484035.7486277812],[502659.09419370344,1484033.0002351487],[502637.4059287628,1484043.1244808491],[502627.1874208823,1484048.125739585],[502628.0936379788,1484095.2502475097],[502644.50021419814,1484109.3752726694],[502642.9375747823,1484143.7499268767],[502633.5935924033,1484201.0007120145],[502639.5941927685,1484243.1250175901],[502650.8746128635,1484263.6254978017],[502650.71794261946,1484282.6247715354],[502645.4689206191,1484305.6248247284],[502570.31238429673,1484322.8751287195],[502558.65621564945,1484348.2498575053],[502513.7189966043,1484403.8746200372],[502501.7811790639,1484465.000230859],[502494.8753367282,1484536.2501686418],[502479.0627747642,1484602.3749254262],[502472.2183653665,1484666.00019049],[502468.25033388886,1484685.1254179988],[502475.81259854394,1484690.2495426105],[502492.2815828273,1484698.0001691047],[502530.2186973567,1484722.5003723889],[502513.21826940303,1484781.0004564542],[502538.53156525065,1484795.2504602629],[502544.43895982235,1484851.2499149605],[502530.2186973567,1484880.4994694302],[502505.75026692805,1484918.5001296708],[502492.96864035516,1484929.8736742989],[502457.2495311745,1484943.6249824187],[502418.87507263385,1484972.6246608507],[502357.7505181985,1484988.749588177],[502323.31231828,1485001.2506222432],[502332.03173245565,1485021.6251486796],[502358.62496243947,1485034.6247971742],[502386.2504445553,1485078.1253305785],[502333.9066559732,1485105.7497563078],[502294.5625158855,1485097.7503101625],[502253.562611849,1485137.0001880701],[502231.56295667216,1485186.5003467137],[502231.3121055085,1485217.0002564976],[502229.5313629106,1485281.999636617],[502247.06225940847,1485312.7503975646],[502285.9373638899,1485380.5002830895],[502300.6870385133,1485440.49946086],[502333.50010969146,1485472.62547451],[502362.344174266,1485518.7504782844],[502372.37529543333,1485537.874730667],[502365.68747501925,1485577.3744846124],[502365.5625776307,1485595.124540679],[502357.4064612413,1485657.5004255543],[502376.0933696128,1485704.7498308679],[502391.0622038049,1485740.6246351667],[502393.18700336,1485795.3748721972],[502343.37456061476,1485821.7500802593],[502312.6873453783,1485843.1250047118],[502275.4689799718,1485889.9996365989],[502271.5317462236,1485903.99976437],[502271.21840573545,1485944.7498736293],[502272.0621335074,1485997.000456418],[502251.31283364474,1486045.250341008],[502203.7183962482,1486116.250402753],[502159.749883624,1486207.6249909347],[502155.3436142697,1486281.5004554738],[502171.6252118399,1486313.3744803136],[502193.09334208595,1486330.12511349],[502213.531332973,1486318.875409864],[502245.5938009122,1486283.3753789915],[502267.46847743995,1486249.1246470464],[502301.65574493434,1486268.499750593],[502320.3754825479,1486310.7500099435],[502336.4062289545,1486370.7502441003],[502344.7498133175,1486440.874805218],[502341.4371477727,1486536.3750702473],[502339.65640517476,1486597.4997059433],[502356.906709166,1486666.3749681332],[502385.6872280295,1486723.9984951848],[502416.96837626083,1486784.1246831166],[502448.3110386907,1486837.8754972569],[502484.8114675793,1486883.9995259051],[502531.1566873087,1486968.3750659577],[502598.25023177476,1487003.2504473664],[502625.99955489265,1487028.9999495782],[502643.6564051657,1487049.5004297898],[502652.3122736303,1487077.6246075942],[502644.5319057931,1487099.250464471],[502642.87508545775,1487143.7504207653],[502659.09419370344,1487183.3751533597],[502681.37541651295,1487258.7497116036],[502691.06248072314,1487316.1254753906],[502675.5007699228,1487356.749630875],[502648.3750398822,1487408.7503376259],[502635.28112920764,1487454.499592848],[502614.40587556997,1487521.8747049465],[502598.687413265,1487580.3747890121],[502590.8753538328,1487603.2499448163],[502562.5003248645,1487655.2496764413],[502548.2185482004,1487690.749707314],[502542.5937776478,1487757.000499134],[502541.0936275565,1487785.000754676],[502538.12501896895,1487838.4995800059],[502529.906413255,1487912.375044545],[502502.84414766496,1487958.000458765],[502470.84408778977,1487985.7497818829],[502446.5619876877,1488000.875286319],[502406.99974441796,1488019.6247652757],[502382.78013364045,1488027.1245406063],[502350.8753923318,1488042.1250663933],[502320.24952877284,1488056.0002967757],[502252.68702996103,1488084.9999752077],[502438.7192117865,1488182.9998132186],[502499.5621985892,1488205.1254221704],[502560.34375245386,1488233.6253485272],[502626.4378740299,1488235.3753746562],[502685.09357195295,1488214.1253475922],[502766.84358524886,1488163.8745857098],[502808.9371743555,1488146.2495082922],[502848.5628820758,1488121.1246555443],[502885.7504497528,1488079.375123395],[502910.1564721174,1488047.7499182064],[502957.65575346845,1487992.0002582858],[503001.2494926664,1487944.000330994],[503033.37542505615,1487900.8745710158],[503073.3124417521,1487837.5001571157],[503095.34281339793,1487782.8748987345],[503098.187499723,1487745.9996151591],[503113.90588076744,1487691.3754131643],[503146.18848340126,1487626.6247714355],[503164.15664264996,1487605.1248683338],[503179.5309667372,1487592.4999932656],[503210.2192383602,1487568.4994607961],[503231.9075845614,1487559.7514429244],[503286.71917326935,1487542.375185158],[503335.18716104137,1487519.7499053914],[503371.0630217267,1487486.8754012752],[503434.84390064795,1487458.1245424943],[503471.7498194318,1487454.499592848],[503534.15650203684,1487438.500619297],[503560.90648352524,1487433.6253955967],[503594.1250445986,1487410.875137181],[503623.62545023195,1487380.5002873067],[503768.2807605612,1487252.999962402],[503834.59404170583,1487226.749732989],[503871.56244981417,1487215.625008012],[503888.15641274664,1487205.4997059251],[503988.81355036923,1487179.5003276756],[504167.3120712357,1487112.125215577],[504267.90574440773,1487092.5002359927],[504331.5934175355,1487076.3753086666],[504391.06326440844,1487110.0004160218],[504416.2188336255,1487142.0003946363],[504445.25028491305,1487167.7498968483],[504484.12538939447,1487234.2495083194],[504502.93727641506,1487267.4998422484],[504549.4698828576,1487326.4995971285],[504592.4687139347,1487354.8746260968],[504627.90625548275,1487373.0005119762],[504688.8751960605,1487379.7496840677],[504728.4999286548,1487352.1242019518],[504754.3436117862,1487299.9994916779],[504772.59333866753,1487245.375289683],[504784.4993833524,1487189.3747785988],[504796.43720089283,1487128.3750402916],[504801.9688469123,1487071.1262866664],[504821.24976953916,1487044.5002274406],[504885.1566022355,1487001.6253998864],[504917.2814782388,1486959.8748113506],[504948.1561614489,1486915.4998337051],[504984.0626573427,1486873.7503015557],[505024.9059723957,1486854.999847473],[505061.71876664646,1486862.8754526165],[505135.21840137296,1486887.6255319382],[505189.7811704298,1486902.125330524],[505293.5308389025,1486963.9995130722],[505416.31252909056,1487026.1245467842],[505501.1253318936,1487072.6254616317],[505594.6564924859,1487138.249491215],[505670.50008633616,1487192.3750787815],[505742.4370816468,1487254.125339067],[505809.43742031936,1487302.999873121],[505852.4372265225,1487331.3749020891],[505913.1245994676,1487371.2504858472],[505982.59379465244,1487425.3750170271],[506030.65621126874,1487457.499974291],[506071.15644449054,1487478.2502492797],[506133.28147820244,1487499.1245277913],[506208.4380145248,1487478.0004545026],[506280.9371699748,1487472.2496489144],[506348.34405492904,1487471.500102062],[506413.1253318664,1487475.7497011723],[506480.34377372096,1487496.6249548101],[506514.50032474636,1487517.2503324102],[506559.8440900732,1487567.3751405175],[506628.71829587675,1487695.2502388484],[506643.6564135998,1487734.8748901822],[506658.5627584673,1487779.4998251256],[506674.68768579344,1487829.3747571954],[506708.37528247305,1487905.9996707535],[506740.8442154335,1487980.12493007],[506782.06230391265,1488068.3752958064],[506839.65617088164,1488179.6247396097],[506879.87475521024,1488234.7497500663],[506905.03138081374,1488268.1249813838],[506956.6563390125,1488330.8746645595],[506980.5626905624,1488360.3750701929],[507046.18777653214,1488419.4998037221],[507111.90704342147,1488469.6246118296],[507173.6869637897,1488531.2499747267],[507249.4374331069,1488594.24953394],[507283.53149480774,1488622.4995842592],[507309.9066216094,1488662.2502706286],[507346.28012159694,1488724.9999538043],[507366.2502145247,1488771.0001414507],[507400.0002192683,1488842.4998740104],[507456.43896822917,1488937.249535801],[507486.6879455889,1488966.7500226947],[507490.3753845599,1488983.3746208358],[507506.4685390306,1489035.7501822733],[507521.31353222055,1489087.999789936],[507539.874486817,1489151.8748497767],[507591.78109390894,1489177.7503057637],[507623.43701556645,1489190.749954258],[507669.156610706,1489196.2499086827],[507685.9061062355,1489169.6249058433],[507784.4692420325,1489087.5000378606],[507821.5001394654,1489063.625540427],[507852.3122520904,1489026.87515424],[507876.5933770665,1489011.7496498039],[507925.18829373963,1488975.2501960413],[507948.06239315745,1488975.3751746905],[507982.37463930086,1488976.8753247818],[508033.12507199816,1488991.3751233674],[508072.4067227613,1489004.3748531225],[508115.49973475793,1489022.4996013548],[508190.46880310675,1489024.3745248723],[508222.3121927378,1489015.750429263],[508247.9377726871,1488991.7498967936],[508263.43699416297,1488963.7496412518],[508271.3433157752,1488928.249610379],[508279.312126712,1488884.8750307497],[508283.53100935323,1488836.5002487712],[508287.59419687645,1488804.7501461941],[508299.34357131727,1488765.3752896376],[508325.03164059104,1488735.0003585026],[508401.4066781116,1488720.2496274929],[508478.9685252353,1488717.000507659],[508533.53137555264,1488728.8747794884],[508613.56207918865,1488738.5004107605],[508684.65632185334,1488750.499661239],[508732.8437171188,1488762.2510671923],[508802.75017505436,1488762.8746602696],[508867.53145199164,1488772.2504155042],[508900.50021828787,1488780.124964261],[508972.78127055574,1488803.624769529],[509009.49988388695,1488822.9998730754],[509034.6872259595,1488848.6243966382],[509047.1574622962,1488881.8747305672],[509043.06250191753,1488916.2504411612],[509030.09356989205,1488946.749213298],[509005.4386466158,1489009.0012571714],[508988.37475421163,1489076.3753128836],[508970.406594963,1489096.6249419316],[508939.50022015785,1489146.0002031866],[508916.2503721879,1489191.7504335346],[508881.46917169867,1489248.7503675087],[508839.1871394924,1489289.2495443441],[508800.7809893568,1489323.3753789004],[508771.31235657894,1489351.124783279],[508741.34397172584,1489443.8746241631],[508722.6559257073,1489551.9997642608],[508729.7502111426,1489618.3754534696],[508715.09374231275,1489702.2502663205],[508739.5939455969,1489818.374933824],[508759.7185959957,1489845.249812701],[508801.0001489254,1489924.6251504042],[508823.78112381016,1489937.49990151],[508886.0003384416,1489948.1239805464],[508949.6870364433,1489930.874651681],[508993.09330766764,1489908.2504283008],[509070.90608721547,1489874.3754449082],[509125.71978869644,1489857.0002435283],[509152.4062244738,1489855.9997642518],[509205.71871947695,1489867.8750924678],[509246.3121584923,1489878.3751679808],[509276.78127054666,1489883.6252463677],[509295.81231713586,1489887.6249694403],[509333.87538544036,1489895.499518197],[509373.218550402,1489903.5001019894],[509384.65661586716,1489903.6249993779],[509419.0312700746,1489898.7496944172],[509452.15662535443,1489890.1245424217],[509477.6245599336,1489883.8751224054],[509603.5622454223,1489867.750195079],[509725.34345633374,1489770.874677347],[509805.65580886294,1489750.1253774844],[509833.81273464905,1489731.2499447528],[509910.3751588827,1489706.4998654309],[509946.0308036129,1489701.7495391194],[509989.2815422401,1489700.999992267],[510036.15511774085,1489719.2497191483],[510055.09401492303,1489734.7499970107],[510066.0620696559,1489783.3746550267],[510085.87541107903,1489837.1253879066],[510094.2497119111,1489890.7491918853],[510107.75008760684,1489939.249927639],[510140.0624315837,1490016.1247172349],[510152.3750225503,1490055.750424955],[510170.5940329626,1490142.6245628628],[510184.1876144519,1490182.2502705832],[510202.906295679,1490218.1250748818],[510227.8745594434,1490266.8746302866],[510237.87488288124,1490286.1248364444],[510247.4687412979,1490343.4995438447],[510243.49973469425,1490357.499671616],[510208.7185342051,1490403.0001071868],[510193.1557670182,1490434.7502097639],[510139.2811118758,1490480.1246915597],[510119.93778118485,1490507.875071064],[510100.9999403892,1490622.4995884763],[510110.6254904009,1490677.3747228952],[510150.99976984755,1490709.6245775477],[510220.4996815014,1490756.2503897836],[510258.4378524173,1490776.9996896463],[510274.9375531697,1490782.3746654217],[510344.5623622121,1490812.3748231304],[510391.6254371989,1490814.1248492594],[510489.68776453414,1490799.8738703246],[510555.96927282325,1490783.999794162],[510647.75040728657,1490764.4997119666],[510715.3128248379,1490747.376418137],[510748.4064885227,1490743.875390753],[510795.34255334793,1490757.124915285],[510811.3128419425,1490813.375302407],[510832.4686880869,1490860.7496051088],[510877.99984012684,1490886.7499584844],[510933.9378618864,1490888.4999846132],[510969.5310985526,1490888.8737829134],[510998.74993655324,1490894.374712464],[511038.03158731636,1490907.5003147335],[511068.4065184512,1490924.374788912],[511091.1566956064,1490937.374518667],[511114.0000785552,1490943.999768496],[511151.0002595191,1490931.6247694655],[511168.65613466606,1490944.4995205714],[511186.157289821,1490977.874751889],[511217.4373816658,1491029.1249366615],[511240.0002533684,1491061.2498126647],[511269.06233986455,1491080.624916211],[511300.84429655765,1491083.500319005],[511331.59391985816,1491059.6247651847],[511349.7505222064,1491022.8754353845],[511386.00009993144,1490959.5000463584],[511467.093690908,1490860.8745024975],[511448.8439640267,1490776.62491622],[511442.96826105006,1490728.125236853],[511442.40610091074,1490656.7504016818],[511416.18764435314,1490606.7504909628],[511373.6875089648,1490532.3753556088],[511350.2501930212,1490460.7495880134],[511357.06291082385,1490413.625161349],[511378.28116503224,1490324.6251674998],[511394.25047850085,1490254.6245286446],[511412.18784002,1490239.6249779835],[511454.4380993707,1490211.9994958676],[511523.3747944987,1490184.6249461758],[511573.93792174343,1490218.250053531],[511591.3427832058,1490257.9996835138],[511621.2190186519,1490324.6251674998],[511638.37514172355,1490387.2499532867],[511673.0938528882,1490479.3751447073],[511729.53162672307,1490560.2496573757],[511766.12526140525,1490589.8749603978],[511779.71884289454,1490628.3753727134],[511790.15651034366,1490730.3749337967],[511789.6875559979,1490776.2501427939],[511791.9372529416,1490806.8749499663],[511808.15636118734,1490840.2501812838],[511820.62464727205,1490864.4995334044],[511855.937210171,1490894.249733815],[511907.90630658745,1490913.874713399],[511939.56222824496,1490925.7500416148],[511986.3754271941,1490951.6254976017],[512043.34358831274,1490977.7497732397],[512086.4058838404,1490997.3747528237],[512129.12509753683,1491050.000190299],[512128.6253454616,1491098.499869666],[512130.9375317298,1491123.9994958404],[512178.96825675113,1491151.2512609165],[512219.625160217,1491156.7501589544],[512245.1248676517,1491149.3752810124],[512265.71847239626,1491126.6250225967],[512297.96832704864,1491081.1246682864],[512339.2816528338,1491016.4999803326],[512385.5940433212,1490964.7501247453],[512416.6253967754,1490911.500037806],[512455.4697847878,1490841.750331375],[512456.0933778651,1490779.3754216256],[512456.31253743375,1490628.8750435282],[512432.68783477705,1490575.1252857742],[512402.905861511,1490500.875047809],[512387.06250181753,1490430.6245329161],[512388.99991465954,1490361.8752245011],[512421.37466670043,1490304.7503931385],[512471.78006731457,1490221.1253750646],[512538.4998134804,1490163.2509968495],[512550.0935740636,1490149.374791341],[512596.1561697739,1490120.5000102974],[512686.8129026981,1490083.249953296],[512736.4062671353,1490083.7497053712],[512772.06296825194,1490081.499927167],[512862.3745878325,1490077.3753067057],[512922.1557436811,1490079.2502302232],[512978.03135737666,1490087.4995524061],[513069.5626158024,1490090.999604664],[513169.74974269274,1490118.7499841684],[513273.00063421624,1490096.8753076408],[513335.2813630462,1490098.7502311582],[513401.5003820108,1490089.249578535],[513442.3436158032,1490077.000452019],[513514.90631696425,1490067.499799396],[513568.437971536,1490057.8752245102],[513597.6875260057,1490056.8748264941],[513619.3123264959,1490055.8754036042],[513681.7190091009,1490047.6250250349],[513745.18752266,1490061.000503342],[513798.3127122106,1490090.874626015],[513898.28173591883,1490141.625139973],[513925.9378532432,1490175.0003712901],[513943.4687497411,1490200.7488171156],[513976.25004806375,1490231.6255318383],[514080.06220586103,1490277.249808411],[514156.4689349766,1490267.875109563],[514219.1879016833,1490227.7496497675],[514252.53038501926,1490201.3745229659],[514289.84390647133,1490157.125417835],[514333.5308514628,1490110.3747082106],[514375.8752917331,1490072.6248991338],[514406.59322343854,1490054.9998217162],[514462.3439397455,1490073.5004810216],[514506.49983908277,1490110.8754354117],[514548.0936761141,1490148.2514461884],[514588.49964715587,1490179.2499704005],[514645.3439672724,1490218.1250748818],[514753.03086949326,1490258.7502867528],[514763.09376351617,1490270.3746825445],[514799.78157911793,1490289.87476474],[514870.74994926807,1490314.7497414504],[514918.93734453345,1490330.6247927388],[514968.4375031771,1490341.2487905147],[515012.5626860453,1490381.2503280477],[515041.5940560724,1490401.9996279103],[515085.81244473415,1490433.0002648954],[515146.5939985988,1490460.3748145872],[515238.12525702454,1490463.874866845],[515306.7496680509,1490469.7495134352],[515365.3439330359,1490457.625365568],[515441.9064385301,1490432.8752862464],[515520.24960536166,1490357.1248981897],[515546.40662898123,1490282.2500107605],[515616.3120305303,1490159.3751147788],[515644.81203814765,1490106.1251091002],[515690.06259768095,1490032.6254743738],[515727.43755207106,1489983.2502131187],[515767.24967137846,1489942.874958546],[515840.1246566411,1489905.3750255068],[515872.1871245804,1489876.3753470748],[515880.2183435812,1489838.2497894457],[515900.96869983035,1489797.7495562239],[515970.46861148416,1489714.249516799],[516008.8429887643,1489691.7501908075],[516060.21912731195,1489640.0002539596],[516108.687115084,1489626.4998782638],[516169.81272590585,1489616.8753033783],[516235.9692555459,1489616.374576177],[516269.0004299062,1489617.9996236567],[516326.15597773786,1489627.5003575403],[516407.28134156996,1489655.1247832698],[516447.7498831967,1489678.3747125003],[516467.4700188263,1489742.3746697297],[516502.50003896665,1489800.1262633293],[516522.18750787526,1489867.8750924678],[516535.4688052629,1489939.374906288],[516541.21855446446,1490000.6254144986],[516533.96963029756,1490089.7503057364],[516501.0316617309,1490205.3753024251],[516524.4689776745,1490279.624484004],[516547.12497391016,1490303.9997898997],[516595.31236917555,1490318.6245671345],[516681.8127087831,1490315.6252420777],[516725.2497777369,1490296.9996853839],[516777.96833974525,1490237.6251570773],[516869.18731406925,1490143.0003926756],[516924.7187895471,1490059.3753746017],[516995.5621810482,1489967.1252857924],[517058.7501833612,1489880.9997196111],[517106.34364563174,1489826.750209782],[517173.0316189421,1489770.0001518456],[517274.0000655404,1489718.874945722],[517341.5625643522,1489705.500442541],[517410.2811562981,1489701.1248896555],[517520.9991564311,1489693.3752382873],[517578.18753350485,1489697.7498160468],[517609.8751467574,1489706.9996175063],[517695.9690213437,1489747.374872079],[517769.124599113,1489808.1247343486],[517803.09376342525,1489847.8753394573],[517848.4374474916,1489891.7496711619],[517921.8746741541,1489925.6246545548],[517957.5313752708,1489920.8753033692],[518111.99970358534,1489859.9994873244],[518163.8438213527,1489761.1251238124],[518207.6874365882,1489702.998838047],[518260.53089598514,1489632.1247300769],[518277.4689158748,1489590.250300539],[518308.6558831865,1489524.2504411428],[518348.28159090684,1489503.0003328186],[518404.28104560444,1489499.7501565982],[518525.06291488634,1489502.2497295795],[518555.5309705542,1489507.7486276175],[518650.7814408064,1489522.7502097911],[518723.1577303803,1489534.8754140446],[518764.8765460608,1489560.8758486807],[518787.4689965854,1489589.124923874],[518802.59352589556,1489604.625201736],[518829.96913197375,1489663.5000592277],[518819.49977292964,1489692.7496136974],[518805.1872797964,1489725.7500715887],[518775.06222469924,1489815.8753608428],[518769.2182945781,1489891.0001243097],[518773.5313581389,1489971.3748849027],[518773.1565847127,1490008.3750658666],[518799.09347363765,1490086.3752321275],[518841.8751766586,1490134.0003859932],[518888.56242183276,1490170.1250663297],[518964.25032056496,1490232.125202653],[519009.90636999346,1490245.3747271851],[519062.062853123,1490243.374906279],[519128.4999752697,1490214.7500012731],[519216.43797564396,1490195.2499190776],[519271.312134937,1490175.3751447164],[519362.8750849577,1490176.3745676065],[519401.3754972734,1490143.6249608789],[519455.31264174037,1490090.6248312378],[519492.655823275,1490043.8750967393],[519506.6877239015,1490037.6246203363],[519556.5001666468,1490016.499490661],[519591.1246968919,1489988.7500862826],[519647.2809030941,1489967.6250378678],[519688.125193273,1489954.1245809116],[519744.1246479706,1489950.8754610778],[519828.1561310658,1489940.2504069156],[519849.31303359667,1489986.3754919504],[519788.4689904075,1490095.3751575495],[519807.5317285917,1490225.4999528239],[519782.7499576749,1490287.7499651848],[519777.4998792881,1490303.0003670095],[519741.3127096271,1490363.7501480186],[519720.656615558,1490394.1250791536],[519693.4683961929,1490442.3749637434],[519685.34397139854,1490493.2503750897],[519684.9691979723,1490528.8753033509],[519694.4688754694,1490597.8754629295],[519705.5628839774,1490632.375095786],[519773.71825939754,1490685.3753066876],[519824.4379756258,1490701.125379327],[519853.593349176,1490711.6255361007],[519900.22013653803,1490754.2484561047],[519933.9998826247,1490810.6258533879],[519956.7500597799,1490824.8748008101],[519993.40618378663,1490848.249627429],[520041.34370301437,1490888.2501898361],[520085.6562725957,1490909.125443474],[520178.71847884223,1490885.8755142433],[520217.1245477174,1490859.5003061811],[520251.750134349,1490831.7499266767],[520328.6248426843,1490774.0004458502],[520362.0307904708,1490739.874611294],[520416.0314806488,1490681.7502757807],[520469.8754193222,1490639.0003456152],[520495.437534821,1490623.9998198282],[520540.31226454163,1490589.9999390468],[520586.28173571883,1490571.3754387393],[520627.1249695113,1490554.000156099],[520693.49960233347,1490531.7496497585],[520733.0638771157,1490516.7500990974],[520832.5936065607,1490484.7501204826],[520857.31296941347,1490427.62528912],[520876.5938920404,1490407.3746036857],[520916.34352202323,1490373.3747229043],[520945.8439276566,1490349.5002254706],[520988.0941870073,1490319.3751703734],[521049.43790101126,1490291.874585646],[521096.5306360806,1490287.2502131097],[521148.74952727417,1490280.1252112053],[521161.405200072,1490286.6245885198],[521228.71879797213,1490296.2491634055],[521265.4374113034,1490312.0002924313],[521299.59396232874,1490331.5002933664],[521321.75028774963,1490403.1250045754],[521370.9371059051,1490446.8754140174],[521402.0000696938,1490521.1246768567],[521433.3129907806,1490569.8752073874],[521474.65703303483,1490631.4995951587],[521509.53038293106,1490705.8747305125],[521531.8750701911,1490760.8747623202],[521544.1251718332,1490809.5004767228],[521552.43795846665,1490870.7500098073],[521570.71840181696,1490949.8754714727],[521590.21848401247,1491035.500310453],[521607.5936853923,1491078.9998687312],[521640.09341608227,1491135.50005063],[521682.93858355377,1491175.374659262],[521731.0625143687,1491197.6251656024],[521761.4691370985,1491208.1252411157],[521776.7185637972,1491209.5004938184],[521828.8125576022,1491216.4994606872],[521880.9371866157,1491217.0002691487],[521984.1246136887,1491199.0003370447],[522034.99904990906,1491200.7503631737],[522075.5934640504,1491208.7498905794],[522126.5619999298,1491201.624888675],[522193.9371120285,1491202.3754919139],[522246.0935138975,1491201.624888675],[522257.53166062315,1491201.7497860636],[522299.53098754975,1491199.6249865084],[522341.4995980073,1491198.7505422675],[522442.1557605039,1491180.7496350373],[522532.59341512003,1491167.625007894],[522645.96863360447,1491148.3748017359],[522772.06298933725,1491129.3744716158],[522885.40643496613,1491115.2505028427],[522969.62530477444,1491087.999794153],[523008.0621713791,1491059.1250131095],[523105.4374411864,1490986.1251304583],[523179.5934169718,1490946.1245680512],[523262.68796650146,1490903.6254890494],[523319.96743659576,1490896.6254657942],[523381.0624122091,1490893.3752895738],[523486.3746388372,1490917.4996630454],[523562.71895988873,1490913.1251665466],[523639.2496112669,1490892.2499129088],[523701.93786150456,1490854.6260576071],[523757.18785061024,1490799.1252985983],[523798.3751413599,1490748.624660678],[523869.0629190034,1490672.8753290079],[523941.8130068775,1490646.874894372],[523989.7505261053,1490685.500204076],[524028.78132570477,1490728.000258204],[524067.68714665517,1490778.1250663113],[524093.74998935516,1490844.7495751712],[524121.1246203074,1490907.375417345],[524158.624472086,1490972.8745495395],[524188.7188107142,1491016.4999803326],[524232.99863231403,1491038.624532898],[524291.4372834414,1491048.125185521],[524344.9371651576,1491037.2503365818],[524412.4996639695,1491020.124929979],[524478.8753531782,1490997.748551124],[524571.7500914511,1490996.250432545],[524623.1252548727,1490940.6246948873],[524667.7501085557,1490929.6248672989],[524753.1875608226,1490908.8745110498],[524842.249962736,1490903.3746378857],[524946.6252557986,1490893.0005161476],[525029.4371813091,1490879.8748326176],[525114.8121442515,1490864.1246787177],[525211.9999460853,1490812.8745752056],[525327.00029331,1490758.0004159126],[525377.187590742,1490699.8751052734],[525403.1890005041,1490637.6250929125],[525431.6254624103,1490594.6252867093],[525503.562457721,1490520.1252539668],[525571.7485496101,1490445.6251399638],[525641.0621309374,1490377.5004810125],[525695.9362089699,1490356.5002487258],[525796.3138104724,1490367.6249737027],[525827.7495974352,1490403.7496540393],[525858.9376211335,1490467.7496925292],[525905.0001355832,1490570.2500620743],[525946.0626102048,1490658.6253251992],[525987.18741163,1490741.8754885865],[526028.4996810287,1490809.875250149],[526077.2502928198,1490898.249538148],[526144.8127916317,1491008.6254315758],[526237.7500192291,1491130.62482693],[526339.6871722484,1491235.0001199925],[526376.2500904616,1491272.3750743826],[526473.5628709444,1491333.2498340409],[526569.5628880489,1491399.2496934368],[526701.1253440902,1491470.7504823832],[526877.3127350749,1491529.8752159125],[526962.5003113042,1491530.749741414],[527064.1876695463,1491538.2495167446],[527173.2497432095,1491568.6254230053],[527246.8743565851,1491583.3751788894],[527350.6874895084,1491631.6249822187],[527422.8129279186,1491671.8753394028],[527493.6245465642,1491710.8754225334],[527550.3746045007,1491762.5003807321],[527613.3752201005,1491819.2504386685],[527638.5000728485,1491848.749869176],[527701.4996320619,1491909.3747527965],[527768.2500946968,1491977.6253655227],[527837.6875170261,1492030.6245200378],[527898.4997873598,1492050.3754533967],[527990.0638750276,1492053.8755056546],[528070.3751711702,1492035.4998249982],[528183.5630029415,1492031.6249993143],[528275.1874671609,1492029.9999518343],[528427.4377901267,1492063.3751831518],[528554.4997958939,1492076.2499342577],[528646.9997607407,1492111.6249864812],[528739.6247042364,1492131.6247394914],[528793.1245859527,1492124.6247162363],[528849.1875863613,1492117.499714332],[528904.9996543458,1492132.1254666927],[528990.0623331866,1492144.498434211],[529057.4998533493,1492142.6245670798],[529117.1878034044,1492153.3745186306],[529193.2495004368,1492175.8748197483],[529256.7497868515,1492184.1251983177],[529301.3747217949,1492173.1254519897],[529358.9378722948,1492140.6246649134],[529424.5004689401,1492068.6251802782],[529507.8120652654,1492003.249970346],[529546.7496590713,1491927.124808863],[529572.8749910959,1491857.250123783],[529591.1247179771,1491807.7499651394],[529623.6254237931,1491736.7499033941],[529638.0004062508,1491698.6253208912],[529656.0626651585,1491670.7499627378],[529720.3115232995,1491605.1248767679],[529773.06291455,1491543.2497190938],[529832.1241836287,1491490.2495081923],[529883.3128542027,1491457.6248801136],[529994.6871953945,1491386.1250662932],[530058.6872338845,1491343.5000335164],[530119.9387984814,1491319.8753308596],[530177.062654718,1491329.3750083568],[530245.3122110578,1491374.7504652787],[530267.9365156984,1491402.9996217324],[530282.7496547725,1491447.7504291905],[530310.000363462,1491521.9996920298],[530309.3122495477,1491592.1252282734],[530303.8747844478,1491625.1246297783],[530299.3129012359,1491702.8749200015],[530316.8120248782,1491736.250151319],[530371.2498965465,1491761.0002306406],[530481.9995882745,1491746.8752054812],[530546.0620348285,1491701.624645948],[530610.3754138065,1491628.3748059985],[530669.5001473358,1491566.4996483242],[530729.6877682057,1491519.9997898631],[530760.4999620912,1491492.250385485],[530811.6251682147,1491466.0001560717],[530838.7499231293,1491424.2496487962],[530901.499606305,1491380.250419703],[530945.0626290339,1491348.8750092918],[531019.3128669993,1491303.7504035335],[531091.0010426589,1491253.4997229115],[531150.1248010622,1491191.6255403631],[531190.1252822087,1491133.3752510748],[531209.6253644042,1491090.2494910967],[531211.5627772462,1491023.999755663],[531218.7501872146,1490938.6247927207],[531224.6249150652,1490859.6252848303],[531249.250015738,1490812.7495965566],[531272.4999449685,1490778.6248183867],[531320.8747269469,1490768.875264852],[531361.749733595,1490756.6251632099],[531400.3125539747,1490714.8746559345],[531410.8126294878,1490681.8741980433],[531427.8120823154,1490629.7495690298],[531433.3130118658,1490591.6249865268],[531406.3121792139,1490489.3744930192],[531383.8753425468,1490445.7500373523],[531363.8745331501,1490412.3748060348],[531346.4378988321,1490371.4997993868],[531349.6245293414,1490310.2502663024],[531369.0611470863,1490268.3748616385],[531405.1253696107,1490225.4999528239],[531468.0624394995,1490164.8750692033],[531521.8746865779,1490120.8747837236],[531594.9995478783,1490059.124523438],[531660.3122684859,1490013.9999176797],[531699.1874542278,1489942.9998559346],[531707.1879567596,1489904.8752734317],[531719.062228589,1489857.7497903807],[531740.1249502003,1489785.374475933],[531750.7509794885,1489743.3751490063],[531777.0626418396,1489654.3752364174],[531793.9371160183,1489616.374576177],[531810.9376252324,1489573.2497913248],[531823.8747844023,1489547.8751437997],[531831.625492157,1489536.37458901],[531856.0611746041,1489507.374910578],[531880.3750475617,1489494.8749328982],[531899.5002750704,1489491.2499832518],[531927.499474226,1489490.2495039753],[531960.3750347287,1489504.6254615588],[532007.3745640045,1489512.7498863533],[532031.4999938625,1489519.3751361824],[532078.4996043987,1489523.7496326813],[532115.6871720757,1489494.749954249],[532168.1876309019,1489458.3754791354],[532195.249896492,1489417.8752459139],[532297.4379006749,1489419.5002933936],[532335.1877097517,1489397.1248896646],[532395.9374907608,1489380.7500863008],[532435.2499392534,1489375.0003370992],[532467.0625311551,1489375.624986563],[532514.2505035304,1489383.750467744],[532544.8117649918,1489385.6253912614],[532632.2500945514,1489367.4995866427],[532670.2496984053,1489356.6246564428],[532723.3748066954,1489341.6251057817],[532761.5003643243,1489338.3749295615],[532790.68751073,1489333.9993766763],[532844.0000057332,1489327.999751437],[532890.9370456844,1489320.7498521442],[532914.8126807653,1489304.998723118],[532973.87492497,1489265.7498203365],[533002.4373406513,1489228.2498872974],[533020.6870675327,1489180.7496308202],[533076.9374546544,1489123.6247181972],[533103.1252760035,1489096.374090768],[533121.749776311,1489070.625563682],[533162.9995563851,1489030.375206498],[533190.625038501,1489008.1247001574],[533232.0622052882,1488980.6251718167],[533262.3746470986,1488968.6249462124],[533315.4372660641,1488948.5002958134],[533374.6879533684,1488918.1253646787],[533417.74927377,1488908.3748360178],[533458.499301769,1488911.500033589],[533485.3127477079,1488916.125462512],[533524.9374803022,1488925.6251400092],[533553.0001439083,1488931.3748892108],[533607.9377676519,1488945.749790408],[533647.6249083101,1488959.0003713267],[533692.3123325781,1488968.3750701747],[533771.2504075306,1488973.2503751353],[533814.5000897713,1488972.5007470225],[533846.2501923484,1488970.6247671184],[533885.562640841,1488963.4998464745],[533919.7488519489,1488956.4997419587],[533975.687930095,1488955.5003190688],[534015.0627866517,1488950.9988124082],[534054.3126645592,1488941.375293909],[534088.6873187667,1488941.999943373],[534155.3753733375,1488973.8749433386],[534179.7496228467,1488986.2500236297],[534224.8752849915,1489021.00050765],[534247.1247349454,1489055.0003884311],[534289.187607583,1489059.37488493],[534335.6864096575,1489029.249829833],[534348.6871145385,1488974.1258757627],[534359.4370660892,1488935.750442096],[534361.2495002822,1488892.3748060802],[534369.3124921386,1488846.3746996946],[534368.249604798,1488786.5004193129],[534349.5001258415,1488734.62452869],[534356.187864995,1488679.7504506574],[534351.8123121096,1488649.2495657476],[534328.0002227399,1488598.624030439],[534357.8754830599,1488562.500406489],[534402.9375994937,1488522.1250706557],[534458.9370541913,1488522.3749466934],[534474.1875372764,1488523.37542597],[534520.0627462736,1488526.374669766],[534559.5000108943,1488528.124695895],[534600.4999961914,1488543.9997471836],[534632.5623828701,1488557.375306751],[534675.312394296,1488602.4999125095],[534694.9373738801,1488632.7498649952],[534718.4995872122,1488671.7499481258],[534739.37484085,1488700.7496265578],[534751.5000451035,1488736.1246787813],[534779.9375633963,1488762.3749894549],[534814.4371149923,1488773.2498383943],[534841.3754583198,1488784.2496659826],[534878.4995615463,1488798.8754183436],[534923.3764040399,1488817.1251452249],[534951.6254792331,1488833.1251751625],[534994.9375695379,1488836.125475345],[535022.8754170159,1488835.6247481438],[535054.6244632064,1488832.4994693121],[535091.4373387177,1488829.2503494783],[535119.4375942597,1488830.1248749797],[535162.5622978514,1488822.8759508128],[535219.6871292142,1488815.5000977449],[535257.6877894546,1488807.1247405265],[535291.9375462735,1488802.7502440277],[535323.6252407866,1488794.499865458],[535342.3121491581,1488774.9998645233],[535373.3751942073,1488732.3748317463],[535385.3119553612,1488687.6249994142],[535395.8121121349,1488636.3748146417],[535390.3746470349,1488546.1245467386],[535374.1248223202,1488488.999715376],[535381.1248455754,1488453.2488333397],[535403.562738629,1488428.6247077931],[535444.9384724782,1488394.7497244002],[535471.6249895161,1488392.9996982713],[535502.062328715,1488388.6252017724],[535533.750023228,1488384.124670238],[535556.6875870964,1488383.7498968118],[535570.6877148673,1488384.7503760885],[535610.4373448502,1488401.8747263046],[535636.0005167355,1488410.3749809116],[535669.4371809909,1488432.6254059917],[535707.750125333,1488439.6255105075],[535734.6874935345,1488451.8746370235],[535780.8124973088,1488472.6249120121],[535807.9997415479,1488496.374593318],[535826.1869791046,1488518.9998730845],[535843.1874070583,1488545.3749998864],[535866.5623149378,1488573.000482002],[535895.3121173324,1488614.500138114],[535900.4372170701,1488688.3745462666],[535883.500253567,1488737.0002606693],[535874.0620902684,1488779.2504387596],[535856.8752507276,1488812.7495923394],[535834.5622550626,1488847.5000763596],[535806.1237616439,1488892.624682118],[535771.3753903967,1488939.124540579],[535750.3126687853,1488971.3753703572],[535703.875299649,1489007.87482412],[535672.2500944604,1489017.374501617],[535622.8124251413,1489025.9996536127],[535596.4372170792,1489044.2504368804],[535573.8754830236,1489063.875335204],[535532.812033276,1489112.998688909],[535507.9369753051,1489146.6247713899],[535485.6251172872,1489178.8746260423],[535468.3123239713,1489204.6251846408],[535451.1879737551,1489244.499712012],[535437.8124954479,1489280.3745975713],[535425.7497805189,1489315.0001029426],[535391.4375343755,1489389.5002169455],[535381.8129594898,1489418.9995661923],[535377.7497719666,1489477.6246289068],[535379.6246954842,1489512.0002582404],[535380.375298723,1489551.500093446],[535403.5002493045,1489636.4992265757],[535431.6878915597,1489649.999683532],[535459.6871719756,1489649.4999314568],[535501.5625766397,1489644.8745025338],[535528.2500688036,1489644.374831719],[535556.2503243455,1489643.8750796437],[535593.1246327949,1489643.25043018],[535619.7496356342,1489640.1252326088],[535693.3752241358,1489628.624677819],[535732.7500806925,1489627.8751309665],[535770.8745819349,1489625.8752288],[535841.9996223291,1489619.4997737482],[535873.8122142308,1489621.5007323013],[535924.9375016148,1489635.874577112],[535951.1252417034,1489676.1249342961],[535959.2496664977,1489704.0002924495],[535959.8752910875,1489739.6252207106],[535951.4989587431,1489767.8753522905],[535934.0623244252,1489788.4997547644],[535901.5001856711,1489817.1246597704],[535884.1873923554,1489845.4996887387],[535861.8754530769,1489877.749543391],[535832.0002740173,1489915.2504515562],[535812.1879077201,1489944.999758101],[535793.6872484147,1489977.1246341043],[535751.2496836114,1490021.2498169725],[535726.8753528418,1490081.624905816],[535721.2495259028,1490123.7501865176],[535719.1872156721,1490150.5001680062],[535722.9370627071,1490216.749822179],[535724.8119862247,1490251.1245576472],[535729.186563984,1490281.6253612966],[535737.8126911056,1490339.9994915868],[535766.6249828247,1490384.1246744553],[535792.5004388116,1490410.3749851286],[535833.8751975348,1490447.8748369075],[535850.8121610379,1490470.500116674],[535878.3126645047,1490513.2500468395],[535896.4374939974,1490533.374778499],[535917.1253609221,1490550.7499798788],[535947.9999628717,1490571.875109554],[536010.4987948837,1490581.000013625],[536048.6243525128,1490579.0001114584],[536090.4998384373,1490573.1253836078],[536129.874694994,1490571.1245063152],[536157.9373586,1490574.3746825354],[536189.9998265392,1490589.1254135454],[536217.0621733898,1490607.749913853],[536242.6877533391,1490621.250370809],[536271.0627823073,1490642.3755004844],[536308.500226022,1490672.2496231575],[536351.9372949757,1490684.2499300225],[536400.6878255064,1490707.6257317676],[536428.9379570861,1490722.3754876514],[536470.8748759488,1490721.6248844126],[536500.3752815821,1490734.9993063333],[536532.6251362344,1490757.3747913227],[536565.6235626132,1490825.6243476626],[536586.4373833128,1490853.2498297782],[536610.0620859695,1490892.2499129088],[536636.3123153826,1490938.9995661469],[536661.1872920931,1490979.249923331],[536700.312272612,1491032.125236844],[536725.1248412584,1491067.2504942904],[536752.5629366611,1491108.8750477908],[536771.2499262932,1491159.499526713],[536780.6871144657,1491188.6251589202],[536786.81269348,1491247.125324246],[536842.8746375021,1491323.7501565437],[536862.3121491126,1491342.4996355004],[536868.2503414138,1491393.3750468467],[536851.4373001733,1491448.499976043],[536860.7495909573,1491542.6250696299],[536822.5625191297,1491612.1249812837],[536782.7504810828,1491660.000011187],[536756.4377623452,1491684.6251931202],[536722.625268277,1491711.9998240725],[536697.6243377916,1491739.2504515015],[536653.8749034756,1491780.8750862624],[536628.8750293766,1491806.7505422493],[536591.499993726,1491848.2501171008],[536573.1253694561,1491889.3749997863],[536534.5000597519,1491933.375285266],[536534.9998118272,1491962.6248397357],[536562.5628046185,1492009.2495955853],[536588.3123068303,1492025.3745229114],[536636.999454171,1492047.3751532142],[536677.9379252695,1492060.7495751348],[536707.4372745163,1492074.1251347025],[536733.0004464017,1492081.3750339954],[536772.6875870599,1492094.623502141],[536832.8127998657,1492115.2499361276],[536890.4997913678,1492138.3749679695],[536927.9372350824,1492169.5004210828],[536955.3129224211,1492207.2502301596],[536982.7499614373,1492247.4985558311],[537011.3748664432,1492286.4996140876],[537036.187353829,1492320.3745974805],[537067.2503988782,1492350.3746739286],[537093.1872878033,1492379.2505113585],[537117.9373671251,1492410.624784123],[537141.1248882915,1492428.1249641518],[537197.874946228,1492471.6245224304],[537250.8751571295,1492521.6243518887],[537297.4999129791,1492566.6250353842],[537327.4999894272,1492610.625320864],[537342.063333724,1492639.7498966847],[537369.3754753517,1492674.875154131],[537388.8745011607,1492698.7497328254],[537407.1876924925,1492725.1249408876],[537420.8744797753,1492781.0004733226],[537439.5000364694,1492825.2495784534],[537445.1248882824,1492856.9996810304],[537501.062910042,1492927.2501959233],[537526.9373096423,1492949.7495219146],[537551.9372650018,1492996.3753341509],[537564.2498559684,1493045.8754927944],[537552.437992203,1493095.7504248642],[537544.0627162451,1493126.5001294252],[537521.7497205801,1493160.1252367804],[537468.1249414752,1493219.6247437359],[537440.8127998476,1493257.124676775],[537414.8124464721,1493295.8748838678],[537391.2501518794,1493331.8745855552],[537365.1248198549,1493364.2494188566],[537339.1244664794,1493402.9996259494],[537313.250066879,1493449.2496083728],[537289.8127509354,1493490.500363573],[537258.9995819238,1493547.1255241209],[537238.1253034121,1493587.0001327528],[537207.4995211137,1493653.8754927763],[537197.9988684906,1493690.9995960027],[537171.3123514528,1493762.7502609869],[537160.3126051248,1493788.4997631987],[537152.373535531,1493842.12559869],[537154.4378772741,1493886.7505336334],[537161.3754924653,1493918.3746824353],[537173.5610732704,1493962.7497413412],[537198.687957531,1494014.6245755777],[537209.3755010177,1494045.0004818384],[537216.500502922,1494088.12518543],[537221.4371595602,1494150.5001764402],[537227.2504544728,1494189.8749517363],[537229.4376620919,1494240.7503630826],[537235.3748792672,1494290.3755003754],[537243.1255057614,1494366.7505378958],[537249.0001523515,1494409.8752414875],[537261.125356605,1494447.8748453415],[537265.6248317529,1494488.6249546008],[537294.3121448228,1494526.2497850286],[537323.8750397807,1494543.6249864085],[537371.4377855823,1494572.0000153768],[537408.6254345197,1494589.1254219795],[537452.1874008622,1494608.7504015635],[537506.0620560047,1494632.000330794],[537532.8745268176,1494640.3745503656],[537579.5627471177,1494690.5004148595],[537594.9370712049,1494767.9997726586],[537602.1245624338,1494812.3748315645],[537609.2495643381,1494854.3752148775],[537624.2500901251,1494913.9996192215],[537644.4997191731,1494977.250110859],[537668.1253969558,1495017.625365432],[537683.9994731183,1495054.2497978434],[537705.0621134691,1495092.1254794348],[537738.8121182128,1495131.0005839162],[537764.8125528487,1495163.6252932553],[537798.5625575924,1495199.999768369],[537816.8122844737,1495225.1246211168],[537843.1874112753,1495279.3751873325],[537860.6866161783,1495331.3749189575],[537878.1252820087,1495383.2496719332],[537895.7503594261,1495442.8752139243],[537903.1877266926,1495503.874870971],[537897.3120237159,1495532.0000239017],[537881.8741539177,1495594.7497070774],[537889.1875989216,1495645.5002210352],[537906.5003109769,1495691.1244976083],[537921.0626801477,1495724.000058111],[537936.8752421117,1495752.999736543],[537970.7502255044,1495796.8750433736],[537996.5621357803,1495820.624643419],[538042.7497101396,1495840.249623003],[538069.6869970806,1495855.000354013],[538148.7500506821,1495864.9997023249],[538217.1870749954,1495850.9995745537],[538265.1245942232,1495830.9998215435],[538304.5629152304,1495829.0000006375],[538354.124506812,1495828.1254751359],[538408.999641231,1495839.8748495767],[538487.3120915936,1495877.8755098172],[538537.8127295137,1495929.2496168523],[538566.1252691575,1495947.875092286],[538623.0003057431,1495997.7500243557],[538642.7501827157,1496036.8750861352],[538645.3122450216,1496108.1249426575],[538642.1245581259,1496145.2501022704],[538627.5622702155,1496184.9997322534],[538610.3129413503,1496215.8753905895],[538594.3754007372,1496248.0002665927],[538572.2498730457,1496291.7497009085],[538548.6875784531,1496326.5001036683],[538527.6874274268,1496358.7499583208],[538504.5623955849,1496417.87469185],[538475.2504330511,1496487.1248087266],[538468.1879204713,1496519.1247873413],[538456.5623870326,1496580.500274201],[538430.0623628424,1496662.5001635344],[538426.8745946861,1496698.2490140582],[538404.0619282064,1496773.8754798523],[538397.3752454392,1496826.250066164],[538403.1249946408,1496863.1252684789],[538408.8122545179,1496898.6252993513],[538417.6247932266,1496962.2495080286],[538425.687785083,1496988.874510868],[538427.5627086004,1497021.874968759],[538435.812112044,1497056.1247255781],[538440.62492768,1497112.125236662],[538444.0624906133,1497160.5000186407],[538442.1250777713,1497196.2499255508],[538428.7495994641,1497229.6251568682],[538398.9378848551,1497270.8749369425],[538356.5002387913,1497316.2503938645],[538320.2496046798,1497350.000398608],[538277.1873091522,1497363.6247778267],[538241.8122569286,1497374.3747293777],[538206.187247407,1497375.1253326165],[538176.9376929372,1497373.1254304498],[538112.374519182,1497390.875405256],[538071.8128530222,1497399.2497060879],[538042.6247314906,1497404.874557901],[537993.3755052711,1497424.8752860373],[537956.6876084089,1497434.4998609228],[537919.8748141581,1497439.0003924572],[537885.6250573392,1497443.374888956],[537799.6879342574,1497475.49984622],[537782.3127328777,1497497.5014516488],[537772.624612281,1497525.749551716],[537765.7494864142,1497569.1251877318],[537772.8119989941,1497607.2496889743],[537782.3751409417,1497644.000075161],[537795.7496441229,1497681.999679015],[537802.6247699895,1497711.2502086107],[537805.9998435983,1497757.0005202193],[537821.0004506459,1497812.7500988792],[537826.687710523,1497845.8755354194],[537827.8121120621,1497910.7500181503],[537832.5624383737,1497961.6254294969],[537833.0621091884,1497989.6246286524],[537835.062011355,1498031.749909354],[537825.5623338579,1498070.1253430205],[537803.5002706171,1498116.375325444],[537785.2495686098,1498163.874606795],[537770.1875286241,1498245.6235637043],[537787.4378326153,1498286.1248533127],[537865.625304329,1498384.374567361],[537873.3749556971,1498389.2498723217],[537902.5620208423,1498387.3748675436],[537930.0626055696,1498368.8753458853],[537983.9997500365,1498337.000264659],[538016.2496046888,1498303.1252812664],[538054.8748331326,1498271.6249734664],[538078.5620251138,1498253.2503491966],[538121.1245685662,1498225.4999696922],[538142.2496982416,1498204.6247160544],[538185.750231646,1498164.1254579586],[538218.1874730114,1498137.8752285454],[538259.8121077723,1498122.8747027584],[538308.0004781637,1498119.1258308494],[538340.0005380389,1498128.6254270861],[538364.1874008349,1498182.749958266],[538374.9998417102,1498209.250063717],[538387.1239895773,1498237.0005244818],[538403.5622573916,1498286.2497507012],[538414.4371063309,1498315.3753829084],[538430.3121576195,1498341.749534584],[538469.9379466003,1498401.87474739],[538511.7498868137,1498449.3750038669],[538544.8762984801,1498452.3753040496],[538589.312790324,1498449.9986782048],[538627.3748022419,1498447.8748537756],[538659.1249860794,1498445.874951609],[538718.8754254591,1498444.499780167],[538765.8749547348,1498443.3753786278],[538820.12543969,1498426.7497241003],[538850.3753921757,1498415.8748751609],[538892.3737439763,1498417.3750252523],[538927.0627950585,1498433.1251791522],[538961.5623466545,1498440.0003050189],[539007.3750663272,1498441.5015114967],[539047.12469631,1498454.5001036047],[539087.999702958,1498463.7499050642],[539132.687127226,1498471.624453821],[539167.2501432726,1498482.2495079832],[539207.3121386176,1498508.0010417073],[539238.5625703799,1498537.875245641],[539279.7498611296,1498559.8749008179],[539305.3119766283,1498566.874924073],[539330.9375565776,1498575.1253026426],[539373.5625893545,1498600.8748048544],[539394.3754349282,1498622.1248319184],[539423.1877266471,1498657.125191976],[539439.0013449977,1498679.6245179677],[539471.7498953388,1498719.6249991143],[539498.8121609289,1498735.5000504027],[539542.4375917218,1498752.3746058417],[539575.6879256506,1498759.1247530594],[539604.5002173696,1498795.501340946],[539610.4998426088,1498832.2496143598],[539607.3745637771,1498861.6251226044],[539605.8754700724,1498903.6245307915],[539600.3120511974,1498936.87478346],[539588.9999395073,1498994.5004232845],[539579.6876487233,1499031.624526511],[539569.8747119985,1499099.3753871617],[539549.0004334868,1499129.2495910954],[539514.4998255043,1499175.8754033314],[539481.2494915754,1499219.9995298132],[539460.4377836487,1499252.3753382405],[539434.6247357258,1499289.8752712798],[539404.8744540549,1499319.875347728],[539370.0001290325,1499350.000402825],[539333.8129593716,1499380.1254579222],[539291.5002919568,1499418.1251430367],[539258.9995861409,1499440.4994903791],[539214.1247751598,1499478.5001506195],[539167.8113282858,1499507.6247264403],[539138.8751143044,1499519.7499306938],[539115.0620498086,1499534.3747079286],[539092.5626425564,1499551.3751358823],[539070.249728152,1499573.6245858362],[539037.5001214243,1499585.8747687389],[539004.6246421821,1499594.2500446967],[538950.1253375759,1499600.6254184882],[538919.6879171166,1499602.6253206548],[538891.6876615745,1499603.3748675073],[538859.9375589974,1499604.125470746],[538825.874132505,1499615.1252983345],[538772.6251832129,1499621.3747996115],[538738.4379157186,1499627.37434359],[538699.3763996501,1499640.999697935],[538654.0622944058,1499659.8751306667],[538618.6872421822,1499668.3753040133],[538588.6245951491,1499686.8749069322],[538564.9998924923,1499709.1254132725],[538539.9375290689,1499726.2497634888],[538505.1256121107,1499757.6251739003],[538478.2497581077,1499802.874677047],[538458.1250264484,1499864.5000399442],[538456.3750003194,1499898.99959154],[538457.0621391078,1499926.9998470822],[538466.1245538542,1499985.375033759],[538498.6877489947,1500019.0001411142],[538519.687900021,1500045.2513456533],[538550.5625832311,1500061.0005244273],[538587.8126402326,1500075.3754256244],[538632.7497780173,1500094.750529171],[538680.1876264303,1500110.2497506468],[538736.1871623883,1500112.625482626],[538768.062162354,1500118.2502531784],[538809.1246369756,1500132.6241792496],[538851.4997937148,1500152.0003391826],[538900.186859795,1500167.3746632698],[538932.1244303457,1500171.7491597687],[538972.8120502806,1500172.0000109323],[539021.1878073851,1500175.9998152656],[539070.7504553532,1500174.8754137265],[539116.4372212507,1500171.25046408],[539150.6244887451,1500166.625035157],[539211.687691503,1500167.624458047],[539258.8746074919,1500172.874536434],[539299.7496141398,1500180.8740638397],[539349.1872834589,1500174.624562563],[539398.4376473253,1500163.2499615483],[539427.562223146,1500157.5002123467],[539468.0624563678,1500150.1253344046],[539502.3746212507,1500149.3747311658],[539540.999930955,1500117.8754797522],[539586.8126506276,1500118.0004584014],[539627.437781238,1500115.749705071],[539653.9378866887,1500108.7496005553],[539684.1264874969,1500095.3751786347],[539719.3121214948,1500077.9998959943],[539747.0625009993,1500067.125047055],[539774.9378591527,1500065.2501235376],[539805.4376876762,1500064.4995202986],[539867.7501081012,1500064.249644261],[539909.2497642129,1500097.6248755783],[539925.8130106763,1500152.0003391826],[539921.5623551796,1500187.8751434814],[539909.6870269637,1500221.250374799],[539892.3128007099,1500291.7497093428],[539882.9370454752,1500324.9999620111],[539866.1250606213,1500366.2497420853],[539856.6878724487,1500398.2498019605],[539848.5623912679,1500430.2487241887],[539840.5629451225,1500518.375248923],[539846.2502049996,1500597.249859425],[539848.4999832038,1500636.6247159815],[539848.3750045547,1500686.3746694024],[539842.9376207152,1500723.3749316267],[539839.9372392722,1500756.6251842952],[539842.5617909026,1500813.8749943068],[539843.249904817,1500841.875249849],[539843.4997808546,1500904.2501595984],[539844.1868383825,1500933.4997140681],[539848.3125964907,1500998.3752531856],[539834.5622634968,1501061.1249363613],[539827.2488997533,1501127.4995691834],[539814.8123865242,1501191.4996076734],[539805.9374397513,1501246.499639481],[539783.3745680487,1501311.9998280623],[539771.9375589702,1501364.5002868883],[539792.8128126079,1501439.12529828],[539840.3120939588,1501458.3755044378],[539870.9378762573,1501462.7500009367],[539912.9372031839,1501464.3750484167],[539956.1878605507,1501467.1244974355],[539995.6252064318,1501466.2500531946],[540050.3754434623,1501469.9999002295],[540082.1245709134,1501470.499652305],[540110.249723844,1501476.251433019],[540168.000261057,1501497.7503609946],[540191.2501902875,1501513.8752883207],[540208.6878809918,1501551.625016137],[540212.4377280269,1501601.2500721691],[540195.4997893978,1501638.5001291707],[540176.0621965269,1501676.0000622098],[540159.0003356352,1501705.6253652317],[540120.8747780062,1501757.500199468],[540090.1874815092,1501804.1249553177],[540049.9996136496,1501877.6245900441],[540026.3749109929,1501953.3750593613],[540035.4373257393,1502011.7501647777],[540051.5008201274,1502044.4997715054],[540064.812833984,1502070.874898307],[540098.6252467918,1502102.0004326808],[540138.4998554237,1502121.3744798407],[540192.2496131775,1502135.3756639983],[540252.3112802723,1502149.249837994],[540302.1247794041,1502157.0004644883],[540354.3140105151,1502160.8752901724],[540390.250247752,1502173.999917316],[540436.3128434622,1502186.9995658104],[540472.0627503725,1502193.7497942885],[540527.5624529948,1502229.3748038104],[540564.0629631439,1502265.5004592726],[540586.0626183207,1502281.5004892102],[540623.3750833863,1502299.7502160915],[540651.5627256414,1502307.9995382745],[540697.5004239632,1502367.9997724313],[540712.125201198,1502395.7502331962],[540724.187916127,1502422.1253599979],[540742.8124164345,1502454.8749667255],[540788.6251361071,1502509.7501011444],[540827.6877085621,1502548.3753295883],[540851.1874325698,1502574.4996052263],[540891.5002790784,1502611.874640877],[540918.5625446684,1502626.5003932377],[540953.2495642381,1502642.2505471378],[541000.8123100396,1502662.7499709628],[541030.3761801235,1502675.9995767553],[541060.0005080195,1502691.874628044],[541092.0629759587,1502705.1252089625],[541121.1251437153,1502749.0005157932],[541130.812126665,1502781.8750199093],[541137.3124791055,1502841.6253780285],[541139.3123812721,1502872.1252065517],[541145.0621304737,1502898.7502906516],[541159.7503721591,1502929.0002431374],[541182.1248007622,1502960.3745971622],[541230.4370934161,1502960.4994945507],[541271.124713351,1502959.5000716608],[541319.1881863538,1502949.4996669623],[541378.875161283,1502947.999516871],[541419.6876786064,1502953.3744926464],[541452.8120587601,1502956.4997714781],[541487.3761311932,1502965.8755267127],[541524.5627237442,1502979.0001538564],[541553.9995836666,1502985.875279723],[541600.0621793768,1503000.1252022712],[541650.6253066214,1503039.625037477],[541701.2497855437,1503084.3748698088],[541699.8121247769,1503128.999723492],[541685.1248582175,1503153.499926776],[541651.562240187,1503184.8753371874],[541620.1878861621,1503200.8752858646],[541595.0619770276,1503214.2497890457],[541557.2497598868,1503227.8751433906],[541530.7486793101,1503234.8751666457],[541469.0004505368,1503259.2504725414],[541436.2498686833,1503270.2503001299],[541384.4375237714,1503284.1255305123],[541334.8748758032,1503285.3758045658],[541296.7502933003,1503286.2503300675],[541256.0627546259,1503284.625201327],[541229.3752624621,1503285.249850791],[541181.2502752607,1503292.7496261215],[541133.0619048693,1503299.0001025242],[541102.937824898,1503313.7488020216],[541060.0629973441,1503328.7503841952],[541034.8121908209,1503336.9997063782],[540986.6247955556,1503341.9999087274],[540948.8125784147,1503354.3749890185],[540907.56271708,1503383.3746674506],[540887.875329432,1503410.5003974913],[540858.125047761,1503443.1250255697],[540838.9373309277,1503489.375007993],[540847.5624829233,1503532.4997928452],[540874.1874857626,1503582.8754521164],[540901.875457203,1503621.6246028226],[540920.1876734089,1503642.874711147],[540954.2499622542,1503685.374765275],[540988.1249456469,1503720.2501466838],[541012.5002515424,1503780.8750303043],[541024.8127612486,1503817.500437842],[541037.0004548266,1503848.9997705158],[541055.9372392358,1503896.9996978077],[541075.687197469,1503924.5002825349],[541098.9370454389,1503940.5003124725],[541124.6876040372,1503953.9996317818],[541141.749464929,1503976.5000141598],[541156.4377878748,1504005.3747952033],[541211.9999798217,1504040.9997234645],[541259.5003175592,1504061.6251010646],[541287.812857203,1504074.8756819833],[541335.3121385539,1504095.5000844575],[541371.5002833409,1504117.499739634],[541417.6877764397,1504136.8748431806],[541450.0626097411,1504161.4999438534],[541473.5623337488,1504185.12464651],[541495.6254533762,1504205.0004772577],[541522.6877189662,1504271.8748621552],[541570.3129540923,1504301.5002464377],[541596.8120031565,1504346.7497495844],[541649.6248273449,1504373.499731073],[541682.5627959117,1504368.8763336623],[541726.2497409031,1504335.9997980336],[541761.312509025,1504314.7497709699],[541814.1877412774,1504294.3752445332],[541850.624786976,1504276.9999618928],[541874.4378514718,1504262.375184658],[541905.8122054966,1504246.375235981],[541934.6879616661,1504230.3752060435],[541964.8745309619,1504216.8748303477],[541991.3121470881,1504206.1248787967],[542034.0620772536,1504187.2505024518],[542069.3122320885,1504173.6261232328],[542134.6875232812,1504142.7494897707],[542190.1862507774,1504126.12489163],[542252.1249541627,1504111.9997852098],[542295.312147079,1504110.8754649311],[542323.4373000097,1504116.6252141327],[542370.9375564867,1504135.87533903],[542391.6879127359,1504153.249565284],[542473.2495641926,1504214.874928181],[542507.8125802393,1504224.249627029],[542538.4373874117,1504229.8755352285],[542580.3752814003,1504228.875055952],[542623.6249636409,1504229.1249319897],[542681.0621603659,1504239.2502340768],[542688.6254001469,1504288.7503927203],[542704.8742497356,1504331.6253015348],[542705.6872610386,1504363.5003015005],[542695.3121641745,1504408.3751124816],[542678.8748714862,1504463.5001229383],[542660.8125313179,1504506.000177066],[542628.9999394164,1504556.374861211],[542532.1878861348,1504600.7498388565],[542433.3125474966,1504665.5004805853],[542387.0000757488,1504693.3747823522],[542360.8122543998,1504715.7501860813],[542336.9377569659,1504727.7504116858],[542304.6254129891,1504757.7495942684],[542300.3747574922,1504792.250202251],[542297.6253084732,1504835.6247818803],[542276.9999308732,1504875.6252630267],[542275.6246781704,1504924.1249423937],[542274.4378685673,1504981.4997310545],[542274.3129711787,1505028.6252141055],[542271.4375683847,1505066.874693997],[542259.3748534557,1505147.3754083654],[542253.1878415034,1505204.8750944147],[542256.8127911498,1505249.3750507091],[542285.8749589064,1505295.8748279095],[542306.9375992572,1505324.6256866907],[542342.2502434168,1505367.1247656925],[542402.5003536111,1505388.624668794],[542441.1246069289,1505407.9997723403],[542502.6874805015,1505430.7500307562],[542560.500507039,1505456.1247595418],[542623.2501902147,1505476.2503850665],[542689.8756742006,1505496.375116726],[542716.8120672761,1505505.8737378365],[542770.7501868691,1505530.1251214696],[542801.5623807546,1505542.125347074],[542842.6247741157,1505558.874923864],[542890.8121693811,1505553.999700164],[542914.2504604507,1505471.8748321813],[542907.9999840478,1505422.3746735377],[542899.3748320522,1505382.9998982414],[542882.1870173855,1505303.2497058515],[542862.8753782896,1505238.749996547],[542851.1874367868,1505177.8752368886],[542837.2497983403,1505126.0004026522],[542823.3121598938,1505073.9996959013],[542804.7500676503,1505043.8746408042],[542789.7495418633,1505002.2490309172],[542847.7498738534,1504981.7495258318],[542913.1875731101,1505007.0003323548],[542955.874038825,1505037.7500369158],[543003.5627384017,1505064.6249157928],[543041.0626714409,1505090.5003717798],[543103.9372520052,1505167.9998108393],[543148.7495736617,1505233.1251447338],[543163.7501807093,1505276.124950937],[543171.1874667153,1505321.7502838965],[543165.9373883285,1505367.7504715428],[543151.7498738443,1505410.1245718955],[543140.5626595429,1505472.8753114578],[543151.4385648686,1505503.1252639436],[543168.8752804471,1505539.624717706],[543189.6245803097,1505558.2502744002],[543211.9374947142,1505587.0000767945],[543241.5628789966,1505601.6248540294],[543276.4372852794,1505624.999761909],[543306.374872403,1505653.6246669148],[543329.687290958,1505673.3745438876],[543352.7498334754,1505732.7501285805],[543368.6873740884,1505760.3745543098],[543387.5003174955,1505802.0001641966],[543403.3753687841,1505828.375372259],[543423.9372819336,1505890.249554807],[543428.5627108567,1505923.2500126984],[543436.8745223641,1505951.126345978],[543439.5000491205,1506008.375099603],[543456.7503531118,1506090.7497623628],[543474.3754305292,1506134.874945231],[543498.0626225105,1506168.7498473632],[543538.4378770832,1506208.4994773462],[543561.6878063137,1506224.4995072838],[543625.8752315168,1506304.4985193247],[543631.1877179676,1506313.2496250954],[543648.5005112834,1506346.0002069492],[543660.4996805013,1506368.6254867157],[543676.7495864766,1506410.2500402161],[543694.7504937068,1506469.750603558],[543714.750246717,1506509.9999043557],[543730.8126847186,1506543.9997851371],[543782.8749056681,1506593.7498198182],[543831.2496876466,1506647.3746801836],[543869.8125080264,1506666.8746811186],[543906.8126889903,1506724.5002396826],[543937.9371669774,1506749.2503190043],[543971.9370477587,1506789.2498250247],[543987.7496097228,1506813.0004814565],[544001.5634071672,1506857.2495865873],[544011.2503901168,1506891.5003185323],[544031.7498952023,1506950.8759844857],[544047.6874358155,1506977.2501361615],[544079.5625170416,1507033.7503180602],[544119.6878955767,1507118.1248829865],[544150.4376001377,1507178.4998905696],[544171.2504457114,1507199.7499176336],[544238.1872386729,1507233.7497984148],[544296.125162599,1507264.2496269383],[544335.999771231,1507282.374456431],[544351.4375597687,1507292.2498824801],[544392.9997052051,1507328.124686779],[544409.5003810835,1507378.7502220878],[544421.687018275,1507410.2495547617],[544427.8125972893,1507453.5002121285],[544453.0624286863,1507498.7497152751],[544463.9372776257,1507528.9997490214],[544500.7500718764,1507579.1245571289],[544524.2498771446,1507603.9995338393],[544542.3746253769,1507616.2496354813],[544587.9375502723,1507662.3747205161],[544617.6878319434,1507683.249974154],[544630.8123778264,1507699.4997988685],[544654.4985946816,1507733.3747822614],[544679.3121384539,1507760.7503883396],[544719.375108925,1507789.1254173077],[544750.124813486,1507849.5005061512],[544777.6888626638,1507885.8749812648],[544792.4374809008,1507918.6245879924],[544813.6875892252,1507956.2503935462],[544814.2497493646,1507979.250446739],[544815.9997754934,1507998.2498017333],[544814.3746467531,1508036.5002567507],[544821.6870353705,1508075.8751133075],[544817.6873122979,1508120.500048251],[544804.3752984412,1508148.8750772192],[544787.6871545892,1508193.8747043284],[544787.9370306268,1508205.3752591182],[544778.3124557412,1508279.4995433085],[544752.6254428539,1508320.875358418],[544749.0629012715,1508331.1245015073],[544732.1249626423,1508367.1253408415],[544728.3750343468,1508371.125063914],[544711.2496277441,1508397.000519901],[544697.7503084348,1508419.0000938175],[544687.9997797741,1508434.5003716797],[544680.8747778698,1508454.9998767653],[544679.9377630438,1508470.375257239],[544681.5628917841,1508485.6246026773],[544689.5623379295,1508500.6252097248],[544697.812716499,1508525.9999385104],[544702.0623156092,1508543.625015928],[544714.5622932889,1508568.1252192121],[544679.3746277785,1508650.999634047],[544641.5623293772,1508759.1247741447],[544619.3128794233,1508831.250212555],[544604.124966923,1508883.8736185178],[544584.8747607652,1508972.4997328063],[544586.3749108565,1509028.6252225395],[544567.6879212245,1509186.1245675057],[544558.7504851272,1509232.2496525405],[544540.4997018593,1509310.6245922276],[544520.0002780344,1509400.500005444],[544479.9373075633,1509520.2496225939],[544460.3748173037,1509597.2503659648],[544433.874711853,1509701.3748078637],[544419.3123426822,1509775.7499432177],[544415.5624956472,1509872.8753369874],[544385.6248272631,1509991.124804046],[544363.2503986601,1510058.0001640695],[544358.9373350992,1510136.0003303303],[544339.1874581267,1510253.8750239627],[544318.2497151644,1510325.874508598],[544290.0610165227,1510414.7495237982],[544262.3126685309,1510518.874940823],[544238.8743774613,1510641.9997128423],[544238.8743774613,1510689.2500932817],[544247.9377673336,1510791.1247569765],[544269.0004076844,1510913.125208717],[544286.7504637509,1511004.4997968986],[544314.0626053787,1511122.6253416946],[544324.9999436425,1511198.87442544],[544339.0625607381,1511295.5000671346],[544332.4362545225,1511381.2498847637],[544324.5001915672,1511418.4998605046],[544342.6875103845,1511527.7504585278],[544348.7495436878,1511611.87409103],[544349.6875336398,1511693.6251607125],[544346.312460031,1511758.749519481],[544333.8749716758,1511863.7504371335],[544331.8125801847,1511977.3745565296],[544350.7505022408,1512067.4998457835],[544438.2502647385,1512198.1253682594],[544501.812959217,1512292.2504618464],[544522.7497270533,1512360.6239404485],[544561.6248315347,1512482.2495375024],[544593.874686187,1512595.000106523],[544630.4376044002,1512724.2504575567],[544662.6874590525,1512884.2504318906],[544720.3745318151,1513090.875162074],[544743.7504148206,1513202.6253330787],[544785.6248443587,1513343.2502038663],[544848.8752547356,1513471.8748490494],[544919.2496918909,1513629.7501050888],[544934.9998457909,1513694.374711782],[544945.374942655,1513748.9999701635],[544976.4370125781,1513817.1246291145],[545054.31220019,1513922.375504065],[545104.4370082975,1513987.4998628336],[545166.937871822,1514089.3745265284],[545224.5624552601,1514198.9998979778],[545261.5001468994,1514293.7495597682],[545294.4371403401,1514383.625054245],[545321.5628703807,1514446.749510847],[545395.1874837562,1514536.7499027124],[545432.000278007,1514580.5003121544],[545489.4374747319,1514635.2504679244],[545530.9995389078,1514713.3745564478],[545601.2500538005,1514818.7502475264],[545651.6871460096,1514896.6264915247],[545684.5627065123,1514937.875296473],[545718.1878138673,1514958.7494937242],[545814.0003629983,1515018.87470653],[545868.5621569292,1515109.5007229852],[545875.3123854074,1515131.8751515883],[545814.8123991754,1515146.4999288232],[545750.3126898707,1515159.6244747061],[545689.500419537,1515170.1246314798],[545655.4370743051,1515181.2503315827],[545582.4995997179,1515213.7500622727],[545495.5629724858,1515245.2503700727],[545429.9389429025,1515265.9996699353],[545390.8753953214,1515278.499647615],[545268.0629886645,1515350.5001886368],[545210.8746115908,1515399.2497440414],[545151.0628205335,1515446.7500005185],[545094.0628865594,1515505.62485801],[545053.2502879754,1515548.7496428622],[545013.437193542,1515630.124882732],[544962.062111381,1515708.000070344],[544845.9998519416,1515839.8748917473],[544770.5003150485,1515919.6250028766],[544713.3120192352,1515969.6249135956],[544638.4996211305,1516026.374971532],[544536.062716036,1516049.375024725],[544464.437029701,1516084.3753847827],[544361.6253511802,1516093.3753102045],[544275.1250115727,1516141.501272532],[544193.8746690915,1516147.375919122],[544091.8126186837,1516138.4999159628],[543978.937071014,1516151.6255182324],[543894.9373607744,1516151.124791031],[543800.6248804742,1516145.8747126444],[543749.6245717392,1516140.7496129065],[543681.9995836029,1516134.8749663164],[543578.000120353,1516193.6249264195],[543478.9998030658,1516155.2504678788],[543432.8123099669,1516141.1254427193],[543350.0003844565,1516136.8747872224],[543270.1877840025,1516150.3752441788],[543206.7499869125,1516108.4997582543],[543165.3127388647,1516081.4999819887],[543108.3128048906,1516043.376455872],[543046.0003844656,1515999.0004218402],[542982.9997688656,1515972.5003163896],[542944.8752676231,1515976.000287387],[542910.124783603,1516008.7498941147],[542870.0628695184,1516079.9998318974],[542849.6872866955,1516175.0003448515],[542837.2497983403,1516280.000287378],[542822.3751450678,1516390.1254109025],[542825.2495727359,1516451.374943987],[542849.0626372317,1516532.3753291701],[542891.1255098693,1516629.6246452024],[542927.812350345,1516716.7496342736],[542943.4375255959,1516777.625369058],[542963.249891893,1516852.5002564872],[543001.4993717846,1516952.3750992757],[543002.5623403856,1517039.125314921],[542999.7504020422,1517170.7502602867],[542977.9371584525,1517260.624698377],[542964.0629844564,1517311.999780538],[542930.8751398522,1517403.500322495],[542855.1247517954,1517521.6248921647],[542802.4378813821,1517596.8745530203],[542742.93731804,1517654.6250902333],[542706.6877403151,1517679.7489678552],[542664.0627075383,1517703.8753728392],[542600.1251583728,1517739.8751557872],[542552.5624125713,1517767.875411329],[542486.2502690736,1517810.375465457],[542436.3128476792,1517846.1253723672],[542381.3752239358,1517885.8750023502],[542322.6252638327,1517925.624632333],[542264.3750558048,1517983.2502721574],[542211.5622316165,1518053.4997306636],[542138.4373703161,1518128.1247420553],[542058.2499964361,1518222.1248569933],[541962.8746287953,1518317.6251220226],[541891.687180337,1518369.2500802213],[541855.5625000006,1518398.2497586536],[541777.6873123888,1518483.125050781],[541704.0626990132,1518584.6259974362],[541635.0625394346,1518668.000083086],[541565.0004676414,1518760.5000479326],[541508.2493533185,1518828.2499334577],[541463.6254747615,1518872.7498897521],[541382.4376216048,1518928.4995496725],[541317.3746957743,1518970.9996038005],[541214.7504852272,1519033.5004673249],[541096.1876776804,1519119.5000797312],[541038.7504809556,1519160.5000650282],[540969.812729441,1519200.4994897882],[540889.5003769118,1519242.125099675],[540812.2498387638,1519304.1252359985],[540742.5000510723,1519360.7493401598],[540615.3745808546,1519412.5002521337],[540496.374510557,1519481.875266399],[540291.2499304648,1519471.749964312],[540169.750287186,1519448.0002830063],[540056.3750687016,1519395.9995762552],[539955.5622359609,1519336.0003172245],[539901.8124782069,1519325.876071524],[539831.4995552502,1519312.2496607928],[539685.5621167512,1519280.2506573042],[539615.1876795959,1519264.124754852],[539534.7504296781,1519207.3746969155],[539438.6880045095,1519088.6254777815],[539350.1252734109,1519011.6247344108],[539297.9995880108,1518965.749606674],[539200.1246473887,1518922.2500483957],[539075.3748278897,1518870.5011679344],[538955.6877000644,1518821.249828942],[538839.4994868499,1518757.7495425271],[538680.0002397172,1518692.8750597963],[538536.4999661355,1518608.3746223554],[538378.9370754584,1518570.2500398525],[538276.3752729752,1518539.6253139405],[538168.8122930169,1518514.3754825434],[537971.4372830323,1518461.8750237173],[537865.625304329,1518405.874512633],[537698.3129413775,1518381.9999339387],[537574.625034093,1518371.0001063503],[537462.4376003377,1518363.6242532823],[537337.6877808387,1518362.9996038186],[537178.7497187192,1518365.750109224],[537028.3128050724,1518354.2495544343],[536806.5011375146,1518290.8752217947],[536695.4370489119,1518229.8745083616],[536484.9374930443,1518209.6248793136],[536375.3121215948,1518202.125103983],[536270.437076457,1518229.1249615091],[536138.2499709519,1518280.8748170964],[536060.5621700531,1518327.624551595],[535995.2504245716,1518405.874512633],[535919.4375471903,1518459.375450736],[535910.0628483422,1518471.6244959915],[535882.0615364137,1518503.1248037913],[535867.4378155654,1518527.6250070755],[535850.2500008986,1518540.0000873667],[535822.8753699464,1518564.875064077],[535800.749842255,1518597.2498973785],[535789.9374013797,1518621.6251220135],[535772.9379485521,1518653.874976666],[535766.6874721491,1518659.1250550528],[535741.6251087257,1518675.1250849904],[535725.9998522144,1518712.3751419918],[535740.3123453475,1518726.0004150763],[535741.5636757876,1518776.9997486852],[535739.3753305215,1518790.999876456],[535722.2500051793,1518818.2495287592],[535698.6877105866,1518844.2498821348],[535643.8750654922,1518890.125091132],[535601.1251353268,1518910.2498227912],[535564.3123410759,1518911.1253234188],[535542.1877885105,1518912.2496436974],[535459.4997852626,1518878.8754687663],[535377.9371586797,1518826.0001552533],[535321.2495088072,1518800.6255077282],[535206.8748674328,1518760.6249453214],[535173.4371467908,1518726.8749405777],[535150.1872175604,1518705.00026405],[535128.7508601698,1518691.1250336675],[535118.4996043078,1518682.874655098],[535086.1872603309,1518669.999903992],[535070.9378336322,1518671.749930121],[535025.874660812,1518675.9995292313],[534996.0629462029,1518678.7500346368],[534939.9375377303,1518721.0002939876],[534915.9370052608,1518755.4998455835],[534878.6245401953,1518783.624998514],[534848.6878469372,1518806.0004835036],[534808.4999790776,1518827.375407956],[534778.2499453314,1518838.250338156],[534740.500217515,1518853.1249101681],[534707.3748622353,1518850.1246099854],[534658.6877148947,1518834.750285898],[534634.3748983236,1518827.6252839938],[534611.3748451307,1518824.3751077736],[534561.7497890985,1518820.5002820895],[534514.6877704982,1518820.375384701],[534485.4996489665,1518821.0000341646],[534437.3122537012,1518827.2505105676],[534396.8120204794,1518833.3750331954],[534385.4374194647,1518837.4997349172],[534371.6246784069,1518842.8747106926],[534347.9999757501,1518866.3754910866],[534334.3122133412,1518878.1248655275],[534302.249745402,1518918.3752227116],[534282.3124004558,1518934.1253766115],[534264.8747097515,1518949.874474125],[534237.5001600597,1518973.5012895546],[534227.5622446858,1518983.8754112928],[534227.8745287876,1518997.8744826773],[534229.6245549165,1519015.750492519],[534229.9378954046,1519029.7495639035],[534230.3126688309,1519044.9999657283],[534229.8129980161,1519075.499875512],[534228.9374973886,1519092.1255300394],[534228.3128479248,1519120.1247291951],[534214.874880293,1519143.3746584256],[534198.93733968,1519166.7494850445],[534190.1248009712,1519170.7502645038],[534164.9999482232,1519181.625113443],[534161.3749985768,1519189.2498674227],[534152.9996413583,1519212.3748180042],[534143.0002930465,1519219.0001490936],[534120.4375026043,1519232.3745710144],[534097.5623468,1519232.8752982155],[534072.0627206258,1519229.6251219953],[534056.8122375406,1519229.999976682],[534031.4999980795,1519234.500426956],[534019.1249990489,1519247.5000754504],[534003.3123558243,1519277.125459733],[533992.1251415228,1519286.3752611924],[533970.8126251344,1519300.875059778],[533934.4370936343,1519319.6245387348],[533919.7488519489,1519342.8754430912],[533919.2501562601,1519374.749467931],[533926.251235902,1519401.2495733816],[533926.8748289793,1519427.99955487],[533927.437070379,1519450.999608063],[533923.437266046,1519495.6245430063],[533917.5626194557,1519516.1250232179],[533902.8129448323,1519536.8752982065],[533893.0624161715,1519553.6248749965],[533874.0620860513,1519608.8747828417],[533865.6243207689,1519626.9996123344],[533866.3124346832,1519657.5004972443],[533868.2487911388,1519684.2503974722],[533873.8746993382,1519706.9995995015],[533879.3120831777,1519720.874829884],[533884.8755020527,1519741.1254340578],[533886.374677018,1519750.000462091],[533886.6880175062,1519763.9985583497],[533879.4994698907,1519782.0004407058],[533874.7512563522,1519847.1247994744],[533871.2501477079,1519861.2498246338],[533864.6873872033,1519904.6254606496],[533866.6872081094,1519935.125289173],[533879.0622884005,1519974.3752483411],[533882.8746247601,1520026.4998773548],[533878.8749016875,1520069.8745382444],[533855.5624831324,1520106.1250910955],[533831.8128830872,1520120.7498683303],[533833.562909216,1520141.1254511534],[533857.3749985859,1520181.2498545623],[533856.562962409,1520199.1248080176],[533850.6872594323,1520219.625288229],[533839.5000451307,1520280.999718702],[533837.8749163904,1520319.25025498],[533856.4994166979,1520353.2501357615],[533875.0624840674,1520384.6254649123],[533906.4378944788,1520422.1253979513],[533935.1876968732,1520453.2498759385],[533953.4999130791,1520475.7501770563],[533965.437649359,1520495.8749087155],[533980.0624265939,1520523.5003908314],[534006.8748974068,1520580.2504487678],[534018.3129628719,1520633.5004544465],[534028.0000270822,1520665.1246845091],[534047.7499040547,1520692.6251879758],[534052.0629676156,1520714.1250910773],[534051.1874669881,1520729.5004715512],[534038.1877372331,1520771.8756282905],[534031.4999980795,1520808.8748341282],[534042.3113825683,1520835.374939579],[534073.4379733285,1520862.7494892708],[534102.0627970739,1520888.7499239068],[534136.8123059681,1520905.7503518604],[534159.9372565495,1520918.0004535024],[534195.1864362585,1520956.6247068201],[534222.4371449482,1520978.8752131606],[534242.0620432717,1521001.3745391523],[534251.4377985062,1521021.5002459376],[534269.1253652482,1521069.50025449],[534276.7500379673,1521122.7502601685],[534292.7500679049,1521153.0002939147],[534309.8129851831,1521174.2503209787],[534324.2513508309,1521192.9997186747],[534355.4997510806,1521225.374551976],[534391.9377719052,1521258.8737055562],[534405.0623990488,1521277.750113414],[534439.0622798301,1521367.3746754664],[534449.4384330807,1521377.2501015158],[534501.1248242174,1521411.7486779857],[534523.1879438448,1521431.499611345],[534549.2498114188,1521456.3745880553],[534585.8752189565,1521498.8747234438],[534605.1878331783,1521563.3754078744],[534619.5627343756,1521631.7499428631],[534618.0000949597,1521671.3746754574],[534611.0000717045,1521698.2495543344],[534592.0622309088,1521754.7497362331],[534581.0624033203,1521774.1248397797],[534560.4380008463,1521815.3746198537],[534544.5004602332,1521838.6245490843],[534527.1252588534,1521856.875332352],[534506.1875158912,1521882.8747106015],[534495.6249510534,1521918.8754686755],[534491.3128626186,1521950.7494935151],[534488.8123145113,1522005.624627934],[534488.6248465377,1522051.4998369312],[534485.3122622534,1522071.875419754],[534484.7501021142,1522099.9995162983],[534496.3744979058,1522108.6246682939],[534529.0001823709,1522144.7504050168],[534532.9999054435,1522150.9999062938],[534533.4371681943,1522170.1251338024],[534528.8127956578,1522188.1249846462],[534516.6251020797,1522208.7504435068],[534504.1252056605,1522219.2505190198],[534475.250424617,1522234.0001936434],[534468.0629333882,1522252.000044487],[534465.2500199187,1522292.7501537465],[534469.8754488416,1522327.1248079538],[534470.0003462302,1522332.125010303],[534460.1883846314,1522347.6252881654],[534452.750042239,1522354.2495628684],[534425.6263437108,1522389.2498416658],[534425.812755298,1522396.8745956453],[534427.6876788154,1522422.3751969456],[534429.3752156198,1522440.1252530122],[534429.687580982,1522451.6247514153],[534430.0623544082,1522468.1255085543],[534421.6245891256,1522487.4995557142],[534413.1253909051,1522502.9999148368],[534392.4999320445,1522542.875498595],[534388.7500850095,1522546.8752216676],[534384.062166762,1522563.4998198084],[534391.2496579909,1522596.5002776997],[534404.7500336866,1522629.2498844273],[534411.5002621647,1522646.8749618446],[534413.1253909051,1522659.6247343016],[534414.8763921601,1522680.0003171246],[534424.1876265575,1522696.2501418393],[534451.4997681852,1522723.6247727915],[534464.8127571678,1522747.625305261],[534481.9995967087,1522776.500005044],[534490.5622593798,1522813.2503912307],[534489.8127125273,1522836.125547035],[534491.062011455,1522888.3740983112],[534508.5621914839,1522928.6255118817],[534523.3129224938,1522960.124763295],[534531.3748579636,1522977.8747381011],[534538.6247572566,1523014.625124288],[534544.6878469463,1523055.2512300243],[534555.7501638592,1523090.6253883822],[534556.8119948134,1523135.1242882903],[534555.250411784,1523177.2495689918],[534567.8128787882,1523221.4997305092],[534574.688004655,1523244.2499076643],[534577.9371244888,1523272.2501632064],[534578.6252384031,1523301.499717676],[534589.5001686029,1523330.5004524947],[534605.6250959291,1523365.8745295922],[534607.4375301221,1523388.749604136],[534603.8750698002,1523452.4997665882],[534594.8137114403,1523497.2495989203],[534586.3748897712,1523517.8749765204],[534575.8748142581,1523555.125033522],[534575.0627780812,1523575.4995599585],[534596.4387589202,1523617.0002724568],[534604.3123325509,1523626.9996207687],[534627.0625097061,1523673.624376618],[534639.811307037,1523729.3740365386],[534632.7498508437,1523751.1247908038],[534626.6252469554,1523762.750242982],[534620.5621572656,1523774.3747200344],[534618.499847035,1523793.499947543],[534618.9371097857,1523812.6252563123],[534617.9376868957,1523824.1247547155],[534617.2494917208,1523848.3750819622],[534617.500424145,1523857.2501099952],[534615.4995468524,1523878.9998891347],[534612.3128350826,1523904.4995153088],[534612.749041447,1523923.6247428176],[534616.8123102306,1523933.7490697785],[534629.8754231756,1523949.9999508797],[534633.8752275088,1523956.2504272826],[534655.9996988137,1523977.3745005715],[534670.2497026223,1523989.7495808627],[534688.5628939542,1524009.7503089989],[534701.6875210977,1524027.2504890277],[534713.6253386382,1524048.6254947407],[534715.250386118,1524061.250369809],[534720.5629538294,1524071.37469677],[534719.8123505905,1524094.2497713137],[534714.8121482413,1524149.249884382],[534717.8124484239,1524168.250214502],[534741.6870271182,1524209.749870614],[534749.6250403255,1524222.2497670332],[534785.7497206619,1524245.6246749125],[534814.3746256678,1524270.3747542344],[534827.3129224847,1524280.2491238972],[534853.1248327607,1524296.2502102214],[534875.5003177501,1524327.499585597],[534858.7496845736,1524372.499293967],[534856.7497824071,1524395.5003222856],[534855.0622456027,1524429.8740013673],[534855.8753381661,1524464.2496307006],[534873.1245857709,1524493.1254681307],[534888.9996370594,1524519.4996198064],[534895.7498655375,1524536.0002956847],[534902.9997648305,1524571.5003265573],[534909.6875039841,1524585.2496031646],[534921.8127082376,1524614.2503379832],[534944.8127614304,1524671.1252933084],[534912.0621795768,1524735.5001052245],[534886.3751666895,1524779.500390704],[534878.1872774446,1524806.375269581],[534878.3746641577,1524815.3751950029],[534882.3754436169,1524876.3748520496],[534874.0625757229,1524899.4998838915],[534856.4374983055,1524906.2500311092],[534825.0621691545,1524923.6253137495],[534782.5620337662,1524953.8752662353],[534769.2500199096,1524981.0000211499],[534759.4380583108,1524996.5002990123],[534748.749539698,1525026.1246269082],[534739.5611711766,1525068.374886259],[534739.9370009893,1525082.37501403],[534740.6876042282,1525112.8748425534],[534741.8754702178,1525163.8751512882],[534742.8748931079,1525204.5002818985],[534732.0613958461,1525228.9995100568],[534719.5624745528,1525239.4995855698],[534669.3752583814,1525264.875370742],[534655.4385950608,1525267.7497171497],[534609.7497163903,1525270.1253678682],[534560.3120470713,1525277.750121848],[534513.4999045086,1525285.2498971785],[534480.5629110679,1525289.7503474525],[534453.875418904,1525290.4998943047],[534415.8123505996,1525293.875049174],[534378.9995563488,1525294.749493415],[534335.5624873949,1525286.8749446583],[534304.8127828339,1525277.5002458103],[534211.4373173597,1525253.000042526],[534146.3129585912,1525239.2487344062],[534110.6879490695,1525240.1252914201],[534051.000080275,1525241.5004628624],[533992.8122803111,1525251.749687212],[533926.9373183037,1525260.9994886713],[533880.0626864166,1525268.5003203885],[533850.9370542094,1525272.9997142758],[533812.874961031,1525275.2504676061],[533796.3752602786,1525276.87453996],[533771.999954383,1525267.2499650742],[533729.0001481799,1525223.7504880563],[533695.0003486591,1525185.0002809635],[533659.6241587886,1525142.6251242242],[533606.9373696358,1525064.874834001],[533581.1253780994,1525050.2500567662],[533535.1876797777,1525042.3755080095],[533462.7499572658,1525042.8751788242],[533409.3749729381,1525044.1255341384],[533357.3127519886,1525045.3747518056],[533296.1871411668,1525041.7498021591],[533228.5621530304,1525029.3748031284],[533184.9376973634,1525013.749546617],[533155.4997810546,1525005.6251218226],[533117.0004251255,1524989.9999465717],[533101.6250446517,1524984.001377719],[533055.5624489414,1524973.6251432078],[533010.2504564701,1524991.2502206254],[532997.7495036643,1524999.1247693822],[532976.4380436623,1525011.1250762471],[532972.7495483048,1525017.6254286875],[532950.5625876754,1525044.8750809908],[532935.9378104405,1525071.9998359054],[532931.4372789061,1525094.999889098],[532927.0627824073,1525125.7495936593],[532927.1876797959,1525130.7497960085],[532917.187356358,1525189.6246535],[532867.8745844275,1525199.749955587],[532845.6864861511,1525229.6251346467],[532837.1248798665,1525243.7502410666],[532819.8120865506,1525263.2502420016],[532808.5623829246,1525272.4989870747],[532794.8746205157,1525283.0001189741],[532763.3128797777,1525292.6246938598],[532733.8759385949,1525283.2489386254],[532723.2499093068,1525264.3745622803],[532717.9374228559,1525255.4996155074],[532701.8749035938,1525222.874987429],[532693.7495036734,1525201.3750843273],[532676.3752774196,1525166.124848232],[532645.0623563328,1525133.750096191],[532624.6254218322,1525129.124667268],[532601.6253686394,1525124.6251921202],[532573.3127477352,1525110.0004148853],[532568.1251586729,1525106.2505678502],[532533.3122665887,1525084.1249588984],[532497.0001995391,1525055.74992993],[532453.5610990728,1525045.3747518056],[532427.9999587,1525040.8753579182],[532381.9373629898,1525029.2498244795],[532332.3747962822,1525029.1249270907],[532308.2503415502,1525029.7495765546],[532289.2510678165,1525032.7498767371],[532265.3755139961,1525043.499828288],[532222.6245274441,1525062.3752610197],[532201.1246243427,1525066.62486013],[532178.3754223133,1525073.6248833851],[532156.8755192119,1525077.8744824955],[532134.2502394451,1525088.6254904328],[532099.0624926742,1525105.9997166866],[532060.0624908042,1525121.0002424736],[532024.8122547088,1525135.8748957461],[531998.3746385826,1525145.3755483693],[531961.5629007183,1525147.5003479244],[531928.250077465,1525138.1245926898],[531883.5627344574,1525130.250043933],[531869.3127306488,1525117.8750449026],[531847.0622243083,1525092.9999869317],[531797.9378954774,1525058.5004353356],[531782.3127202265,1525043.499828288],[531752.4999492309,1525018.7497489662],[531717.5620784977,1524992.8753493659],[531690.4998129077,1524978.2495157444],[531659.8115412847,1524971.3754462642],[531630.6244761394,1524972.000095728],[531600.1871369405,1524976.6254433906],[531539.3748666069,1524984.3750947588],[531524.1879292327,1524986.000223499],[531498.749654736,1524986.6238165763],[531441.5623340488,1524986.7497703515],[531421.1878076124,1524986.000223499],[531394.37541806,1524979.0001189834],[531372.6246637948,1524974.3746900603],[531354.6247316906,1524965.8745167137],[531319.6254280193,1524937.3745090964],[531273.2494918208,1524911.7499855338],[531233.499861838,1524897.4999817251],[531172.2503287536,1524888.7499323408],[531128.7497953492,1524875.750202586],[531062.1877758139,1524856.9997485033],[531020.1249031763,1524851.624772728],[530966.5625321355,1524846.49967299],[530930.0621032469,1524860.125027335],[530876.6246295946,1524857.6254543536],[530823.43703198,1524866.5004011265],[530799.3126585085,1524867.1250505901],[530780.2498390639,1524867.4998240164],[530743.3745554886,1524868.3754059044],[530704.6878941067,1524843.8751213597],[530668.6870547724,1524826.874693406],[530630.1877801036,1524813.7500662624],[530594.562770582,1524810.8746634685],[530570.4998300486,1524813.9999423001],[530536.2500732297,1524818.625371223],[530510.9378337685,1524821.7495936684],[530485.6245379209,1524826.1251465536],[530481.874690886,1524828.8745955727],[530450.8126209627,1524860.125027335],[530447.1876713163,1524866.6253797754],[530429.749980612,1524882.2495799004],[530409.8127169262,1524897.9996525398],[530384.7503535028,1524912.6244297747],[530365.9374100956,1524923.2505403233],[530345.6877810478,1524927.6239804358],[530294.062822849,1524947.9995632586],[530261.37473032,1524963.9995931962],[530215.1257230226,1524994.3754994571],[530180.3128309384,1525027.1250249243],[530133.6870187023,1525043.499828288],[530109.8749293325,1525058.124605523],[530073.1870324702,1525066.62486013],[530022.3126775104,1525064.0003084994],[529965.0628674986,1525061.4996791317],[529921.7497208074,1525057.499956059],[529861.6245892621,1525042.3755080095],[529828.1889001325,1525025.3750800558],[529815.1872201256,1525015.499572746],[529812.0629976804,1524991.3751992744],[529787.5003050717,1524920.6249323064],[529777.4999003734,1524874.999599347],[529768.0627122008,1524852.2504785783],[529743.1241897794,1524821.000046816],[529729.0001397458,1524813.7500662624],[529693.6875768468,1524827.2505232187],[529648.2495493399,1524838.6260993595],[529628.4372643032,1524860.7496767987],[529619.5622362699,1524863.5001009437],[529591.4370020789,1524856.5000776886],[529571.8745118193,1524835.2499693641],[529562.7496890089,1524825.3745433148],[529542.1877758594,1524815.6250710406],[529512.8747569391,1524812.499792209],[529473.5613333205,1524815.9998444668],[529440.8127829793,1524828.2499461088],[529389.1878247806,1524849.874746599],[529355.3128413879,1524868.5003032929],[529341.5001815904,1524873.8752790682],[529325.3127649397,1524888.3750776541],[529285.8130109946,1524937.6254415207],[529279.6249426557,1524945.4999902772],[529263.2501392919,1524949.7495893876],[529236.6251364526,1524954.125142273],[529202.1870177946,1524948.6251878485],[529170.6877663812,1524960.8753707511],[529140.8749953856,1524989.5001944965],[529108.125388658,1525001.7503773991],[529080.3126010896,1525008.8752980428],[529063.9377977258,1525012.9999997646],[529048.8122932897,1525018.4998729285],[529019.750125533,1525026.875230147],[529009.6873127706,1525032.1252272734],[528977.1250927561,1525050.749727581],[528947.000037659,1525068.1250102213],[528920.8747056344,1525089.1251612476],[528900.687565911,1525096.0002871142],[528870.3751241007,1525105.6249432603],[528841.4993679312,1525120.2496392347],[528809.1246158903,1525146.4999499083],[528794.1874732933,1525159.6244957915],[528781.687576874,1525168.8753536374],[528768.0622225292,1525183.2502548345],[528742.0628442798,1525211.8751598406],[528718.3746771725,1525232.7504134781],[528701.2503269563,1525258.6248130787],[528687.8123593247,1525283.2489386254],[528671.6863756119,1525298.8751702628],[528660.5002176969,1525309.3753270365],[528630.2501839506,1525318.9999019222],[528601.1245517435,1525323.500352196],[528573.1878419125,1525325.3752757136],[528556.6870847737,1525327.1253018426],[528535.1246923475,1525328.876384358],[528509.7499635619,1525329.4999774352],[528472.749782598,1525325.2503783249],[528465.1875992034,1525326.7494720297],[528400.2495707616,1525374.1248311182],[528354.6877022525,1525382.874961763],[528333.1877991509,1525387.2505146484],[528305.2500329334,1525390.3747370935],[528276.0629677883,1525392.3746392601],[528244.3127839507,1525393.1251612385],[528198.5625536026,1525393.00026385],[528169.3754884574,1525393.7508670888],[528151.6254323908,1525397.874512424],[528140.2498562502,1525399.4995599038],[528074.0626101412,1525394.750289979],[528047.2501393283,1525391.5001137585],[528029.1888555465,1525379.2500121165],[527983.5614910745,1525333.1238706952],[527959.0622629164,1525319.7494487744],[527926.812408264,1525298.8751702628],[527880.4374471916,1525273.2495903135],[527848.3125711883,1525258.7497917276],[527808.5015082675,1525241.8752362886],[527753.8751934996,1525243.1245352163],[527727.3125987243,1525248.8753408045],[527688.1251288807,1525257.374539025],[527676.6870634157,1525258.999586505],[527650.1869579649,1525265.9996910207],[527605.9379340946,1525276.000095719],[527572.9998842673,1525280.6264997679],[527538.3129459582,1525266.1245884092],[527516.2498263308,1525247.5000881017],[527494.4376391276,1525239.1248121436],[527454.9378039219,1525235.0011668084],[527430.999760777,1525243.2504889914],[527407.0002846941,1525250.124639732],[527372.8120420738,1525256.1252400973],[527364.0629678156,1525260.12496317],[527331.0625099243,1525264.7503920929],[527319.4994658101,1525257.374539025],[527284.3752647502,1525224.9997869842],[527271.3120705447,1525210.1251337116],[527246.7504343225,1525192.8748297202],[527220.8124890111,1525173.1249527477],[527213.1878162919,1525171.9995760827],[527167.4375859438,1525171.749700045],[527141.4996406324,1525151.9998230722],[527120.6253621207,1525129.6253944694],[527104.7492544457,1525104.4995665953],[527077.3757611405,1525074.6243062753],[527065.4379436,1525055.74992993],[527043.062539871,1525024.4994981678],[527022.1247969087,1524999.4996240688],[526993.2500158652,1524960.750392102],[526961.187547926,1524950.0004405512],[526952.4374985418,1524955.250518938],[526929.8122187752,1524966.0004704888],[526904.6873660272,1524979.3748924094],[526879.6249213432,1524993.9996696443],[526827.9375550804,1525010.5004267832],[526782.2497327963,1525012.875102376],[526737.6872871773,1525011.3749522849],[526683.1879825711,1525016.5000520225],[526655.187727029,1525017.249598875],[526627.249879551,1525017.8753047253],[526595.499776974,1525018.6248515777],[526570.1250481883,1525019.2504761675],[526526.8753659475,1525017.750326076],[526487.1871689027,1525005.8749978603],[526450.1244986143,1524997.8744953284],[526411.4378372325,1524977.1251954657],[526378.125013979,1524965.24986725],[526348.6870976703,1524955.7501897528],[526315.5627175164,1524952.7498895703],[526284.87550228,1524945.749866315],[526251.6887140621,1524941.5002672046],[526227.5622278176,1524940.7496639658],[526208.6878514725,1524948.8750638862],[526192.1870943336,1524950.5001926266],[526156.3747793594,1524941.2503911671],[526124.3123114201,1524930.5004396162],[526109.000395397,1524927.125284747],[526084.4377027883,1524911.1253360698],[526068.8750168618,1524897.4999817251],[526044.061391829,1524871.249752312],[526010.499830185,1524847.8749256928],[525993.6253560064,1524834.249571348],[525984.5004519355,1524825.6253944784],[525962.7496976703,1524818.5003925741],[525947.3128842586,1524812.499792209],[525929.4379308034,1524809.1247186],[525905.2500116209,1524805.8745423798],[525891.2498838499,1524806.1253935434],[525868.4372173701,1524808.0003170609],[525838.1872648844,1524820.1255213143],[525818.000125161,1524826.9995907946],[525800.3750477436,1524833.8747979219],[525776.5629583737,1524847.12529758],[525766.5000643508,1524852.5002733553],[525746.6252899896,1524869.499726183],[525727.9997332956,1524888.999727118],[525702.7499018986,1524948.2504144222],[525698.0620649115,1524963.6247385095],[525690.6871869696,1524976.6254433906],[525675.8126149576,1524991.0004258482],[525663.3750453419,1525001.3745475863],[525633.1875821806,1525014.874923282],[525602.8751403703,1525024.4994981678],[525597.8114735706,1525024.625451943],[525569.8746824791,1525025.3750800558],[525543.1871903153,1525025.999648259],[525512.5623831428,1525021.6251517602],[525466.6247660816,1525012.50032895],[525442.313981023,1525006.7495233617],[525430.8748591715,1525007.0003745253],[525410.6252301235,1525011.2499736357],[525396.8124890656,1525016.7499280602],[525380.3127883133,1525019.6252495938],[525367.875299958,1525028.8750510532],[525335.249615493,1525048.7499066747],[525316.5627071215,1525064.5000605749],[525311.5000154477,1525064.6249579634],[525286.5011164749,1525082.9995822331],[525248.8752296605,1525103.1252890185],[525233.7497252245,1525107.2499907403],[525200.6878343952,1525107.9995375928],[525181.5626068864,1525105.9997166866],[525154.3754439078,1525084.9994843998],[525141.6245338039,1525082.7497874561],[525096.6873147588,1525066.000210666],[525058.5003241918,1525062.9999104836],[525043.249922367,1525063.3746839096],[525003.9375551349,1525065.6254372399],[524973.8125000377,1525081.625385917],[524948.6875660293,1525093.7496150446],[524928.5629156304,1525103.1252890185],[524916.0629379507,1525112.2501930895],[524893.9998183233,1525144.6249451304],[524886.6874297059,1525158.874948939],[524873.0621566216,1525174.5002054505],[524850.9376040562,1525204.2504058608],[524832.2495580376,1525219.9995846348],[524803.4997556432,1525239.8754153827],[524764.3747751241,1525253.4997133408],[524745.4379094545,1525257.7503688377],[524707.6247171876,1525270.1253678682],[524675.1249864977,1525293.875049174],[524665.0620924748,1525297.8747722467],[524637.1253826438,1525298.6253754857],[524586.0011516463,1525340.6257587988],[524561.1251185494,1525361.49995605],[524533.8129769217,1525388.9994843907],[524463.1251992782,1525463.2497223562],[524438.4376092809,1525493.1249014158],[524414.6244635247,1525506.5004609835],[524374.375162727,1525523.9995846257],[524355.4997299954,1525533.3753398603],[524306.2505037759,1525546.0002149285],[524283.50130174664,1525551.6250667416],[524245.65633662435,1525564.0000657723],[524207.5317541213,1525563.625292346],[524167.875329932,1525553.1252168329],[524134.25022257696,1525529.7503089535],[524105.5628282465,1525499.875129894],[524060.4372473623,1525474.124652556],[524019.4065455962,1525458.6253498197],[523997.6547349445,1525452.7507032296],[523951.6577164578,1525443.6257991586],[523908.25030758645,1525435.7501940154],[523892.9066999682,1525430.9998677038],[523849.40616656386,1525420.6246895792],[523806.2496901166,1525422.8754429095],[523787.71937072865,1525392.7503878123],[523804.8754938004,1525489.0002809544],[523810.4685727579,1525503.8748529665],[523810.4685727579,1525531.8751085086],[523808.5936492404,1525548.6246852984],[523802.9995138964,1525571.0001702881],[523795.56222789036,1525589.6246705956],[523784.37501358887,1525612.0000743247],[523778.78087824484,1525636.2504015712],[523775.06280406535,1525654.874983139],[523765.7505132814,1525679.000412997],[523748.99988010485,1525716.2504699987],[523739.65589772584,1525749.8745209672],[523732.21861171984,1525777.7488227342],[523721.03139741835,1525796.3753545543],[523709.87489958585,1525818.7497831571],[523700.56269006233,1525833.6254115556],[523683.7813404168,1525880.2501674052],[523674.4691308933,1525898.8746677127],[523663.2808602053,1525915.6242445027],[523661.4377095433,1525954.7502814084],[523646.5312834153,1525992.0003384098],[523640.93722933176,1526008.7499151998],[523635.3440691138,1526023.624487212],[523626.03080320376,1526051.6247427538],[523620.43772424624,1526066.500452413],[523613.00043824024,1526107.5003564495],[523616.71859368024,1526127.9997802745],[523624.15587968624,1526150.375265264],[523640.93722933176,1526191.3751693005],[523650.2504952418,1526247.2497266096],[523655.8435741993,1526278.874931798],[523655.8435741993,1526299.3754120097],[523657.7184977168,1526340.3753973066],[523668.87499554927,1526357.1249740967],[523683.7813404168,1526375.75044953],[523696.81276176684,1526390.6251028026],[523709.87489958585,1526405.6246534637],[523734.09353523736,1526426.1251336753],[523756.43619098485,1526439.125838556],[523784.37501358887,1526457.7503388638],[523802.9995138964,1526485.6246406308],[523812.3127798064,1526539.7502281973],[523817.9059400244,1526558.3747285048],[523842.1244944154,1526589.9999336933],[523862.62497462693,1526614.2503422003],[523877.53140075493,1526629.1249142124],[523892.4377456225,1526649.625394424],[523925.9685907975,1526709.2498800284],[523942.719223974,1526750.249784065],[523966.9378596255,1526793.1256680056],[523972.530938583,1526815.37519922],[523976.250069149,1526845.2503782795],[523993.03141879453,1526886.250282316],[524019.0942614945,1526943.999844403],[524032.1563993136,1526966.375248132],[524048.90597610356,1526986.750830955],[524063.81337735755,1526996.1244734165],[524086.1877247001,1527009.1251782975],[524104.81230626814,1527029.6246833832],[524119.7186511356,1527044.5003117817],[524155.09370335913,1527074.3754908412],[524171.87505300465,1527089.2501441136],[524203.53097466216,1527156.3753801747],[524214.7202204762,1527191.7504323982],[524222.1565313562,1527223.3746624608],[524225.9063783912,1527242.0002191549],[524233.3437456577,1527305.3745517943],[524233.3437456577,1527336.9997569828],[524235.2186691752,1527365.000012525],[524238.9377997412,1527405.9999165614],[524255.6873765312,1527471.1263068423],[524257.5623813092,1527504.7504390716],[524268.74951435026,1527532.6247408385],[524278.06286152074,1527556.874092959],[524285.50014752673,1527597.875053382],[524292.9374335328,1527616.4995536895],[524294.8123570503,1527633.2501056055],[524300.4372088633,1527659.37543763],[524311.5629902268,1527687.2507957837],[524317.1878420397,1527735.7504751508],[524328.3750563413,1527774.8754556696],[524337.6872658648,1527864.2511980713],[524319.0627655573,1527955.499832478],[524311.5629902268,1527981.6251645023],[524298.5622853457,1528015.1252932083],[524305.9995713518,1528039.3746453288],[524315.3128372618,1528059.8751255404],[524313.4379137442,1528104.4990040974],[524302.2497243168,1528154.8746633686],[524298.5622853457,1528221.875002041],[524300.4372088633,1528255.500109396],[524305.9995713518,1528277.74955935],[524305.9995713518,1528300.124963079],[524305.9995713518,1528339.2500248586],[524307.8745761297,1528404.500337402],[524307.8745761297,1528430.4996343912],[524304.1246478342,1528454.750042898],[524304.1246478342,1528473.3745432056],[524305.9995713518,1528505.1246457826],[524317.1878420397,1528534.8749274537],[524328.3750563413,1528561.0002594783],[524333.9374188298,1528598.2503164797],[524350.6879707457,1528631.7504451857],[524382.3746088723,1528721.1252124612],[524447.5625133519,1528827.3754290415],[524466.1870136594,1528857.124654326],[524527.6873979074,1528978.2495241784],[524546.3129546015,1529047.1247863686],[524561.1875266135,1529088.1247716655],[524568.687301944,1529119.8759306292],[524576.1246692105,1529138.5004309367],[524592.8752211265,1529186.8752129152],[524596.625149422,1529229.7501217297],[524594.7502259045,1529257.7513523977],[524587.311883512,1529287.4996025562],[524583.563011603,1529324.7496595578],[524579.8121081814,1529367.6235119859],[524577.999592728,1529417.8752489944],[524576.1246692105,1529447.7505093145],[524572.3747409149,1529505.4989337544],[524568.687301944,1529535.2502718118],[524568.687301944,1529568.7504005178],[524570.4998173974,1529600.499527969],[524574.2497456929,1529652.625213369],[524572.3747409149,1529691.750193888],[524570.4998173974,1529714.1235661046],[524563.0625313914,1529745.748771293],[524559.3750924205,1529766.250307891],[524546.3129546015,1529835.2504674697],[524550.0628016364,1529859.3749222017],[524559.3750924205,1529878.0004788956],[524566.8123784264,1529922.7503112277],[524570.4998173974,1529950.7495103832],[524576.1246692105,1529987.9995673848],[524579.8121081814,1530015.8749255382],[524587.311883512,1530060.6257329963],[524592.8752211265,1530090.374958281],[524583.563011603,1530153.750347307],[524566.8123784264,1530185.3745773693],[524542.5620511799,1530248.7498851349],[524546.3129546015,1530293.499717467],[524574.2497456929,1530314.0001976786],[524622.687992122,1530341.8744994455],[524639.437568912,1530341.8744994455],[524656.249553766,1530347.5003263846],[524682.312396466,1530373.624683283],[524697.1870497385,1530395.875108363],[524695.374534285,1530410.8747402846],[524667.3753351296,1530470.5002010153],[524654.3746302485,1530489.1247013228],[524626.437839157,1530516.9999782157],[524602.1875119105,1530545.0012901442],[524587.311883512,1530578.5004437242],[524577.999592728,1530626.8752257028],[524585.4379351204,1530651.1245778233],[524591.0002976089,1530677.2498285873],[524568.687301944,1530697.7503087989],[524533.249760396,1530703.2502632232],[524509.0639539864,1530701.5002370942],[524484.8124890929,1530699.6253135768],[524432.6878600793,1530684.6247065293],[524417.7497423564,1530679.1248333652],[524380.4996853548,1530690.2495583424],[524373.0623993488,1530708.8751150363],[524365.6250320823,1530749.8750190728],[524358.1877460763,1530772.2504228018],[524352.5628942633,1530792.7488715008],[524346.9995566488,1530807.6244998993],[524348.8119908418,1530848.6254603225],[524356.3128225588,1530878.3747668674],[524382.3746088723,1530893.3752926544],[524419.6246658738,1530923.124517939],[524434.5627835969,1530945.5000029285],[524434.5627835969,1530969.750330175],[524430.8129365619,1531007.0003871766],[524417.7497423564,1531025.6248874841],[524406.5625280548,1531044.250444178],[524380.4996853548,1531073.9996694627],[524348.8119908418,1531118.7495017946],[524320.8752810108,1531165.250416642],[524285.50014752673,1531191.37469228],[524257.5623813092,1531230.4996727991],[524248.2500905252,1531251.0001530107],[524248.2500905252,1531295.7499853428],[524257.5623813092,1531325.5002670137],[524272.4687261767,1531372.1250228633],[524270.59380265925,1531403.7502280518],[524240.7810316637,1531420.4998048418],[524222.1565313562,1531414.9998504173],[524205.4058981797,1531401.8753045343],[524188.6246297947,1531381.3748243228],[524171.87505300465,1531366.5001710502],[524156.96870813717,1531351.6245426517],[524136.46920305165,1531325.5002670137],[524114.1245157916,1531308.7506902236],[524082.4378776651,1531282.6253581992],[524061.9691703091,1531271.4995768357],[524032.1563993136,1531256.6250048238],[523987.4372834505,1531241.7503515512],[523946.469071009,1531245.3753011976],[523927.8128791065,1531271.4995768357],[523924.09366728,1531286.3752052342],[523927.8128791065,1531308.7506902236],[523931.5627261415,1531333.0000423442],[523940.8750169255,1531357.2503695907],[523948.3123029315,1531373.9999463807],[523968.812783143,1531427.9995801724],[523976.250069149,1531457.7498618434],[523987.4372834505,1531480.1252655725],[523991.156495277,1531510.000444632],[523953.9064382755,1531550.8754512798],[523937.12508863,1531565.8750019409],[523884.9686867609,1531591.875436577],[523866.34418645344,1531604.99998246],[523847.71862975945,1531623.624564028],[523830.9690529694,1531649.6249174036],[523819.7808635419,1531666.3754693195],[523808.5936492404,1531681.3750199806],[523808.5936492404,1531714.875229947],[523830.9690529694,1531739.1245820676],[523858.90584406094,1531748.375358653],[523871.93726541096,1531770.7497872561],[523858.90584406094,1531783.7504921372],[523823.49999410793,1531787.500339172],[523782.5308065404,1531795.0001145026],[523765.7505132814,1531798.7500427982],[523730.3446633283,1531813.62461481],[523700.56269006233,1531834.1250950217],[523685.65626393433,1531848.9997482942],[523672.59412611526,1531867.6253049881],[523646.5312834153,1531903.0003572116],[523639.0622245538,1531932.8745611452],[523644.65635989775,1531947.7501895437],[523659.5627047653,1531962.6248428163],[523680.0622098508,1531981.2503995101],[523694.9685547183,1531992.5000218758],[523709.87489958585,1532016.6254517338],[523713.5941114123,1532059.5003605483],[523713.5941114123,1532083.7497126688],[523711.71918789484,1532117.2498413748],[523715.4690349298,1532137.7503215864],[523724.78132571385,1532206.6246086503],[523730.3446633283,1532225.2501653444],[523730.3446633283,1532255.125344404],[523726.6244763758,1532301.6252028649],[523728.50045627984,1532320.374600561],[523719.1871903698,1532381.7500874205],[523719.1871903698,1532402.2495112456],[523694.9685547183,1532452.625251777],[523713.5941114123,1532473.1246756022],[523735.93774228584,1532480.499553544],[523754.56232385384,1532484.2504569655],[523771.34359223885,1532493.6262122001],[523808.5936492404,1532502.874957273],[523844.00047431944,1532540.1250142746],[523853.3127651034,1532556.8755661906],[523862.62497462693,1532579.2499947937],[523871.93726541096,1532599.7504750052],[523870.06234189344,1532627.7496741607],[523858.90584406094,1532698.4999411288],[523842.1244944154,1532713.3745131409],[523784.37501358887,1532692.8750893157],[523756.43619098485,1532663.1248076449],[523717.31121046585,1532676.1244561393],[523715.4690349298,1532711.4995896232],[523726.6244763758,1532741.3737935568],[523748.99988010485,1532767.375203319],[523767.62543679884,1532785.9997036264],[523795.56222789036,1532834.5004393798],[523804.8754938004,1532849.3750926524],[523819.7808635419,1532873.625419899],[523830.9690529694,1532892.2499202064],[523845.8437062419,1532923.875125395],[523849.5935532769,1532944.3746304805],[523849.5935532769,1532963.000105914],[523834.6872084094,1532981.6236310955],[523797.4064349389,1532992.875366234],[523762.0313014549,1533000.2501629156],[523726.6244763758,1533007.749938246],[523702.4058407243,1533011.4998665415],[523687.4994958568,1533015.124816188],[523652.1254187593,1533026.37549494],[523627.9058079818,1533028.2504184574],[523603.6871723303,1533002.1251676935],[523609.28122641373,1532959.250258879],[523611.1255147227,1532918.2503548423],[523607.40630289627,1532888.5000731715],[523601.81216755224,1532856.874867983],[523596.2190885947,1532826.999607663],[523586.90582268476,1532810.2500308729],[523564.5621918112,1532782.37475398],[523531.03126537567,1532758.1254018594],[523512.4057086817,1532756.2504783417],[523486.31214951264,1532765.5001985407],[523462.0935138611,1532780.4987740759],[523450.90638082015,1532795.3754588608],[523441.5940900361,1532815.874882686],[523434.1557476436,1532832.6264909883],[523426.68774516863,1532853.1249396873],[523413.6563238186,1532910.8754769005],[523404.3440330346,1532927.6250536905],[523382.0004021611,1532916.5003287136],[523363.3748454671,1532901.4997216659],[523322.37486017006,1532843.7502408393],[523281.40672898904,1532819.6248109813],[523231.093477782,1532806.5001838377],[523199.43755612447,1532804.6252603203],[523156.5933637789,1532813.9999591683],[523113.71853622486,1532838.250286415],[523065.3130377774,1532882.8752213584],[523035.50026678183,1532914.6253239354],[523022.4370725763,1532942.4986505765],[523001.9683652203,1532985.374534517],[522992.6560744363,1533004.000091211],[522977.7497295688,1533032.000346753],[522962.8433847013,1533052.499770578],[522953.53109391726,1533069.2504037546],[522899.4997685307,1533093.374777226],[522869.68699753523,1533121.3750327681],[522860.3747880117,1533136.2496860407],[522851.0624972277,1533154.8752427346],[522826.84386157617,1533206.999871748],[522797.03117184114,1533236.8750508076],[522774.68745970714,1533253.6246275976],[522754.18803588214,1533270.3752607743],[522733.6875556706,1533281.6248831397],[522716.9379788806,1533292.7496081167],[522700.1566292351,1533305.7503129977],[522685.2502843676,1533315.1250931062],[522664.78157701157,1533328.1237664747],[522651.71943919256,1533337.5004968352],[522631.24967545003,1533352.3751501078],[522620.06246114854,1533363.4998750847],[522608.875246847,1533378.5004008717],[522597.71874901454,1533404.4997791213],[522588.406539491,1533426.8742077244],[522577.218268803,1533454.8754383924],[522569.750266328,1533473.498963574],[522554.8746379295,1533503.250220371],[522547.405579068,1533523.7497254563],[522530.656002278,1533568.4995577885],[522491.5310217589,1533594.499911164],[522465.4373813294,1533616.875314893],[522446.8128810219,1533635.5008715868],[522420.71834672685,1533652.2504483769],[522402.09376515885,1533659.7502237074],[522385.34426962934,1533667.249999038],[522351.81236806785,1533672.749872202],[522325.7187276383,1533680.2496475326],[522297.7809614208,1533697.000280709],[522284.74954007077,1533709.9999292034],[522267.96924681176,1533730.500409415],[522258.65598090173,1533752.874838018],[522254.93782546173,1533769.625389934],[522238.1565570767,1533808.7504517136],[522208.3745025502,1533847.8754322326],[522187.8740223387,1533866.49993254],[522158.0623077297,1533888.8753362691],[522137.56288390467,1533903.7499895417],[522100.31282690313,1533952.2496689088],[522055.5937110401,1533998.7495273696],[522031.3750753886,1534022.9998546161],[522016.4687305211,1534037.8745078887],[521975.49946169305,1534101.2498969147],[521955.00003786804,1534123.6253006437],[521914.0308503005,1534166.4991530718],[521900.9687124815,1534175.7499296574],[521856.28128821345,1534220.4997619893],[521807.8440981709,1534276.3753756848],[521785.4686131814,1534296.87479951],[521770.5622683139,1534321.125208017],[521757.53084696387,1534336.0008364154],[521742.6245020964,1534375.123785422],[521725.87492530636,1534421.624619009],[521722.12499701086,1534436.6252260567],[521714.68771100487,1534455.2497263642],[521705.37550148135,1534472.0003595406],[521705.37550148135,1534499.8746613075],[521707.25042499887,1534520.3751415191],[521705.37550148135,1534566.9998973687],[521705.37550148135,1534594.875255522],[521703.4984651909,1534609.8748061832],[521696.0621543109,1534635.8751595586],[521690.46907535335,1534662.0004915833],[521681.1558094433,1534686.2498437038],[521671.8435999198,1534706.7503239152],[521653.2190183518,1534732.7496209042],[521632.7185381403,1534753.2501011158],[521597.31276944774,1534760.7498764463],[521532.12486496824,1534771.8746014233],[521502.3121752332,1534803.6247852608],[521491.1249609317,1534837.1249139667],[521485.5625984432,1534851.9995672393],[521468.78230518417,1534872.500047451],[521453.8749039302,1534926.4996812423],[521440.84348258015,1534958.2497838195],[521420.34405875514,1534989.874989008],[521396.12542310363,1535025.250122492],[521375.6249428921,1535056.8753276805],[521366.3126521081,1535079.2497562836],[521357.00044258457,1535099.750236495],[521343.9690212346,1535125.874512133],[521332.7807505466,1535172.37534572],[521325.34346454055,1535194.749774323],[521317.87546206557,1535217.125178052],[521304.84404071554,1535239.4996066552],[521295.5317499316,1535261.8750103842],[521273.1870626715,1535304.7499191987],[521260.1249248525,1535338.2500479047],[521243.3753480625,1535384.7499063658],[521226.593023291,1535423.8748868848],[521219.156712411,1535440.7504174497],[521207.9685229835,1535462.9998674039],[521200.531155717,1535479.7505005803],[521191.21894619346,1535505.8747762183],[521181.9066554095,1535522.6253281343],[521172.59338949947,1535541.2499097022],[521163.28109871544,1535569.2501652443],[521153.9371163364,1535582.249813739],[521142.78167489043,1535597.1254421375],[521129.75025354046,1535610.2500692809],[521101.7817708539,1535625.1247225534],[521075.7189281539,1535656.749927742],[521060.81250202586,1535690.3749538364],[521042.1880017184,1535731.2499604844],[521042.1880017184,1535749.8745420524],[521040.31202181434,1535787.2494964425],[521040.31202181434,1535809.500002783],[521040.31202181434,1535828.1245030905],[521032.87473580835,1535861.7496104457],[521019.81259798934,1535871.0003870311],[521001.18704129534,1535884.000116786],[520980.68761747034,1535895.2497391517],[520967.6561961203,1535904.4995406112],[520952.7497699923,1535912.000372328],[520914.6252687498,1535930.2500992094],[520913.59407300426,1535963.124522065],[520917.43712583283,1535988.1244774244],[520921.2812350479,1536022.7500640561],[520925.1253442629,1536043.875112471],[520928.9683970915,1536067.0001443129],[520936.65661552164,1536088.1252739883],[520952.0627124644,1536116.8750763827],[520967.4370365517,1536134.250359023],[521019.3435623831,1536147.7496783324],[521061.6552546718,1536157.250412216],[521125.0941081484,1536159.250233122],[521201.9996142133,1536168.8748080076],[521255.84355288674,1536191.8748612006],[521275.06198618904,1536207.2502416742],[521292.37477950484,1536236.1250227178],[521305.8127471366,1536259.2499732992],[521313.4999091802,1536337.9996864125],[521313.4999091802,1536368.75044736],[521309.65579996514,1536416.875353301],[521303.90605076356,1536455.3747092301],[521298.1245287064,1536478.374762423],[521273.124573347,1536541.8750488376],[521267.3748241454,1536570.6248512322],[521257.75024925976,1536605.2503566032],[521253.9061400447,1536639.8748868483],[521259.68766210176,1536689.8747975673],[521282.7502046192,1536737.999703508],[521384.65664116945,1536764.8745823852],[521482.7189685047,1536762.9996588675],[521549.99981842336,1536749.500258298],[521580.7495229844,1536735.9998013414],[521626.9063808747,1536712.9997481487],[521665.34324747935,1536701.3753523568],[521701.87544922344,1536697.6243676748],[521740.34400742315,1536699.500347579],[521788.40650529996,1536737.999703508],[521819.15620986104,1536768.7503831952],[521873.0001485345,1536799.5000877562],[521928.74980845494,1536820.6252174315],[521949.9056545993,1536834.1246180013],[521971.06247586966,1536843.7502492734],[522032.59365784726,1536874.4999538346],[522121.0314102968,1536905.2496583955],[522196.00153503206,1536928.2497115885],[522253.6875514081,1536949.4997386523],[522313.2812392831,1536974.375771749],[522399.8122953596,1537001.3745728887],[522445.9691532499,1537016.7509284886],[522532.46843647095,1537051.3754587336],[522580.5309343478,1537072.500588409],[522647.84355712193,1537095.6245638644],[522665.1563504378,1537108.998985785],[522730.4997875144,1537147.5003732268],[522740.12541878654,1537185.8747505068],[522717.06287626916,1537239.7504620359],[522713.2187670541,1537272.5000687635],[522709.3747390995,1537306.9996203594],[522697.8127513718,1537331.999575719],[522695.9060549988,1537347.3749561927],[522695.9060549988,1537378.2506145288],[522695.9060549988,1537403.2495135018],[522709.3747390995,1537445.4996915918],[522724.7500383128,1537464.7498977499],[522736.28130957147,1537482.000201741],[522753.5941028873,1537497.3745258283],[522774.71923256264,1537505.125233583],[522809.3437628078,1537508.875080618],[522878.56202556845,1537503.1253314165],[522916.9999485596,1537487.7499509426],[522941.9998226586,1537468.4998260452],[522974.68799644813,1537449.374517276],[522995.8438425925,1537435.8751167061],[523066.96880172624,1537414.7510434175],[523163.0937162194,1537387.7502107653],[523216.93871127936,1537391.6250364494],[523245.78171946737,1537397.374785651],[523282.3129460855,1537401.249611335],[523336.1559096329,1537412.750166125],[523388.06243546435,1537437.7501214843],[523461.1248074401,1537459.0001485483],[523478.43760075595,1537474.375529022],[523574.56251524907,1537503.1253314165],[523611.0937418672,1537518.4996555035],[523653.37471768697,1537535.8749381439],[523705.3130163739,1537555.1250630415],[523780.28102833615,1537574.25029055],[523812.96920212574,1537587.7496911199],[523834.1250482701,1537595.5003988745],[523853.34348157246,1537603.1250715936],[523880.2500520444,1537614.6245699967],[523916.78127866256,1537630.1248478591],[523932.18737560534,1537672.37510721],[523932.18737560534,1537708.8745609724],[523924.4684407062,1537768.500021703],[523912.9371694475,1537799.249726264],[523870.65627488826,1537839.6250620973],[523824.50047338445,1537868.5008182668],[523797.593821652,1537885.7500658715],[523770.6564534505,1537918.4996725991],[523755.2811542372,1537945.3745514762],[523743.74988297856,1537964.624757634],[523739.9057737635,1537991.4996365109],[523749.53140503564,1538012.6246849257],[523770.6564534505,1538026.125141882],[523797.593821652,1538035.7497167678],[523870.65627488826,1538066.5003964547],[523878.3423805454,1538087.624551004],[523905.25000740384,1538120.3751328576],[523905.25000740384,1538141.500262533],[523905.25000740384,1538156.8745866204],[523912.9371694475,1538252.9995011135],[523912.9371694475,1538268.3748815872],[523924.4684407062,1538320.2497158237],[523943.718646864,1538335.625015037],[523989.8437318988,1538356.8751233614],[524024.46923726995,1538364.4997960804],[524049.4691926294,1538374.1254273525],[524072.53165388625,1538397.250377934],[524086.00033798703,1538418.3755076095],[524103.2813584473,1538512.625498585],[524114.812629706,1538524.124996988],[524170.594062482,1538568.3751585055],[524209.0309290866,1538585.6244061103],[524226.34364114195,1538599.124781806],[524247.4994872863,1538622.1249162594],[524260.93745491805,1538641.3740660308],[524264.7815641331,1538666.3749965162],[524280.1876610759,1538693.2498753932],[524293.6255474471,1538731.7502064484],[524308.9999527949,1538766.3747366935],[524332.0624140517,1538789.3747898862],[524343.625458166,1538831.7499466257],[524364.7495314549,1538862.4996511866],[524389.7505432008,1538876.0001081428],[524441.6877855012,1538887.499606546],[524482.0620649479,1538899.0001613358],[524522.4383759071,1538910.499659739],[524562.8126553538,1538914.3755418095],[524699.3129056802,1538922.125111917],[524789.6870145852,1538922.125111917],[524839.6879004302,1538927.8748611188],[524868.5001921491,1538937.500492391],[524895.4375603506,1538945.12516511],[524914.625277184,1538956.7496421624],[524964.6251066423,1538979.749695355],[525008.8752681596,1538995.125075829],[525018.4998430453,1539022.1248520943],[525028.0629849929,1539047.124807454],[525031.937810677,1539066.2500349625],[525035.7501470365,1539104.7504472784],[525031.937810677,1539121.9996948831],[525026.1870050889,1539145.124726725],[525010.8126810016,1539189.3748069818],[525001.1870497294,1539210.5009117832],[524991.5624748438,1539231.6250663325],[524978.1245072121,1539260.4997661156],[524954.9995566306,1539291.2494706765],[524939.6252325433,1539322.000231624],[524912.7503536664,1539360.4995062929],[524916.562690026,1539393.125190758],[524926.1872649116,1539437.3742958887],[524930.0620905957,1539469.9999803538],[524930.0620905957,1539510.3752349264],[524930.0620905957,1539550.749514373],[524928.1246777537,1539587.3749219107],[524922.3124392276,1539629.6251812615],[524920.43751571,1539654.6251366208],[524928.1246777537,1539708.4997917633],[524956.9390009851,1539712.2497200589],[525006.9378553175,1539700.7511967816],[525026.1870050889,1539691.1245903836],[525064.6248468196,1539685.374841182],[525101.1253569686,1539681.500015498],[525141.4996364154,1539693.125467676],[525178.0625546285,1539700.7511967816],[525210.7496720316,1539727.625019272],[525229.9373888649,1539743.126353521],[525245.3751774027,1539762.2495495172],[525258.8111135219,1539783.4995765812],[525283.8120440074,1539814.2503375288],[525301.1248373232,1539831.4995851335],[525331.8745418842,1539854.6255921014],[525349.1873352,1539889.125224958],[525377.9996269189,1539910.375252022],[525402.999501018,1539925.7495761092],[525441.4374240091,1539937.2501308988],[525468.3747922105,1539942.9998801004],[525508.7500467832,1539946.8736493979],[525541.4371641864,1539946.8736493979],[525562.5622938616,1539948.749629302],[525595.2503863907,1539954.5004348902],[525629.8749166359,1539956.5003370566],[525660.6246211969,1539954.5004348902],[525704.8747014537,1539992.9997908194],[525700.99995703,1540008.3750900326],[525699.1249522521,1540033.375045392],[525699.1249522521,1540052.6252515498],[525702.9372886117,1540073.7503812253],[525729.8746568131,1540131.4998620518],[525781.7505474361,1540160.249664446],[525802.9371100494,1540173.7501214023],[525847.1247009817,1540210.250550291],[525891.374862499,1540246.7510604402],[525937.4998662733,1540273.7498615796],[525954.812659589,1540292.999986477],[526022.1252823633,1540321.749870132],[526056.6873232838,1540348.7496463975],[526066.312954556,1540364.1250268712],[526037.4996064504,1540415.9998611077],[526004.8124890474,1540440.9997352066],[525972.1254529048,1540460.2499413644],[525952.875246747,1540473.6244445457],[525941.3757483438,1540496.7504515136],[525912.4999109138,1540531.3749004982],[525908.6875745542,1540546.7502809719],[525906.7501617122,1540577.499985533],[525906.7501617122,1540598.6251152083],[525908.6875745542,1540619.7502448836],[525924.062955028,1540639.000369781],[525962.4998216326,1540656.3745960349],[526039.4370192925,1540654.3747751287],[526114.3753711723,1540667.8751508244],[526187.4378244085,1540681.3745513943],[526250.8746463726,1540714.0002358593],[526293.1873137874,1540748.624684844],[526381.625066237,1540767.8748910017],[526422.0004020701,1540773.6246402033],[526452.7500253707,1540777.500522274],[526514.3129802038,1540783.2502714756],[526554.68717839,1540787.1250971595],[526575.8123080654,1540802.5004776334],[526602.7496762668,1540829.3753565103],[526604.6870891089,1540861.999984589],[526596.9999270652,1540881.2501094863],[526591.1876885392,1540902.3752391615],[526583.499470109,1540921.6254453193],[526573.8748952233,1540958.1248990821],[526564.3128096622,1540994.7503066198],[526562.3753968201,1541031.2497603823],[526560.4379839781,1541067.750189271],[526562.3753968201,1541094.750046797],[526556.624591232,1541163.8751850247],[526550.8124339664,1541187.0001356062],[526537.3754414606,1541219.6247636846],[526512.3745109752,1541248.499544728],[526475.8750572127,1541283.1250500993],[526435.4997213795,1541313.8747546603],[526412.374770798,1541350.3752648095],[526393.1859975782,1541379.250045853],[526377.8127298774,1541406.1249247298],[526372.0004913512,1541459.9995798722],[526366.2496857631,1541492.6252643373],[526372.0004913512,1541515.7492397928],[526431.6259520819,1541550.3747451638],[526497.000186888,1541571.4998748393],[526558.4995960101,1541596.4998301987],[526589.3127650216,1541611.875129412],[526652.7495869857,1541621.4997042976],[526721.9371332774,1541644.6247361396],[526733.5001773916,1541656.1252909293],[526758.5000514905,1541667.6247893325],[526796.9379744817,1541681.1252462887],[526850.7502215601,1541702.2502947035],[526860.3747964458,1541715.7496952733],[526871.9377592995,1541807.9998653429],[526839.2496667705,1541882.9996501608],[526800.7503108412,1541942.6251108912],[526783.50000685,1541983.0004467245],[526764.2498006921,1542013.750070025],[526756.5626386486,1542034.8751997002],[526750.812889447,1542054.1254058583],[526748.8754766049,1542073.3745556294],[526744.9996757947,1542092.4997831383],[526727.6879388655,1542156.000069553],[526718.1247969179,1542215.6245551575],[526718.1247969179,1542234.8746800548],[526719.9997204354,1542275.2489595015],[526725.8129340875,1542325.2498453464],[526737.3125137512,1542348.2499797998],[526752.6878942249,1542377.124679583],[526768.1246263762,1542398.2498092582],[526789.2497560516,1542423.2487082311],[526816.187124253,1542457.8752699888],[526845.0003910981,1542494.3747237513],[526860.3747964458,1542513.6249299091],[526885.3757269313,1542532.8750548065],[526902.6874638605,1542546.2495579878],[526927.68741922,1542559.750014944],[526943.0637748197,1542567.4995850516],[526962.3129245911,1542575.1263705436],[526993.0626291521,1542582.8749655255],[527074.6877450595,1542566.5001621617],[527107.312373138,1542556.9995095385],[527145.6878068047,1542549.2498581703],[527199.4375645586,1542539.7502619338],[527235.8745289966,1542528.124728495],[527279.9997118649,1542510.8754808903],[527329.9371332593,1542499.3749261005],[527398.9997821624,1542508.9995009862],[527408.6254134345,1542539.7502619338],[527406.6880005925,1542572.3748900122],[527402.8121185219,1542591.500117521],[527389.3752072767,1542645.249875275],[527374.0623161275,1542708.625264301],[527354.8745992942,1542752.7504471692],[527341.4376880489,1542794.8746714843],[527339.5002752069,1542825.625432432],[527343.3751008909,1542871.7514925927],[527350.99977361,1542900.500319861],[527354.8745992942,1542931.250024422],[527366.3751540838,1542975.3752072903],[527381.7505345575,1543038.624561281],[527421.9998353552,1543065.5004965444],[527475.7495931091,1543044.375366869],[527514.1250267758,1543009.8747588864],[527552.5004604424,1542952.2501754484],[527587.0625013629,1542898.6253963436],[527648.500477547,1542879.3751901858],[527677.2502799414,1542885.1259957738],[527690.6871911866,1542898.6253963436],[527704.1251588183,1542927.3751987382],[527731.0000376953,1542961.874750334],[527748.2503416865,1542979.1250543254],[527757.8749165722,1543048.250192553],[527757.8749165722,1543071.2513021324],[527723.3128756516,1543130.7497527015],[527721.4379521342,1543171.1250885346],[527731.0000376953,1543209.5005222012],[527738.6871997389,1543226.74879468],[527761.6872529318,1543242.1251502798],[527782.8123826071,1543259.375454271],[527861.499606396,1543267.00012699],[527878.7499103872,1543269.0000291567],[527936.3744938251,1543269.0000291567],[527959.3745470181,1543269.0000291567],[527992.0002314831,1543269.0000291567],[528013.1253611584,1543267.00012699],[528040.0002400354,1543263.2492235687],[528064.9377060703,1543259.375454271],[528093.6875084648,1543255.4995722005],[528130.1869622273,1543249.749822999],[528145.4998533766,1543247.8748994814],[528168.562395894,1543259.375454271],[528183.9377763678,1543267.00012699],[528195.4383311574,1543278.4997066539],[528210.7512223066,1543303.4995807528],[528218.4373279638,1543318.8749612265],[528224.1871584259,1543338.0001887353],[528233.8127084376,1543372.6247189804],[528239.5624576391,1543393.7498486557],[528243.3747939987,1543414.749999682],[528251.0620373029,1543459.0001611994],[528260.6875873145,1543506.8751911025],[528264.499923674,1543528.000320778],[528297.1245517526,1543564.4997745405],[528329.7502362176,1543604.7501317246],[528337.4373982613,1543625.8752614001],[528337.4373982613,1543656.624965961],[528335.4999854192,1543675.75019347],[528333.6250619018,1543712.249728493],[528333.6250619018,1543727.6250277061],[528329.7502362176,1543750.625080899],[528318.249681428,1543781.37478546],[528306.7501830248,1543815.8753934426],[528335.4999854192,1543821.6261990308],[528385.4374068136,1543814.000469925],[528456.4374685588,1543808.2496643371],[528502.499089143,1543794.7502637673],[528561.9995712244,1543775.6250362585],[528632.9996329696,1543748.7501573816],[528694.3751198291,1543740.9995308875],[528746.187464741,1543737.2496025919],[528763.5002580568,1543760.2496557848],[528774.99975646,1543777.499959776],[528786.5003112496,1543811.9995926325],[528792.2500604512,1543844.6252770976],[528803.812048179,1543879.2497260822],[528832.5629069599,1543894.625106556],[528863.2501221964,1543921.499985433],[528892.0624139154,1543927.250791021],[528957.312726459,1543925.2499137286],[528984.187605336,1543915.7502362314],[529022.5620638765,1543881.1247308603],[529055.1876670811,1543848.5000215212],[529091.6247127797,1543827.3749731064],[529133.8748908698,1543806.249843431],[529183.7499042002,1543788.9995394398],[529224.0626694483,1543783.2497902382],[529243.2503862816,1543777.499959776],[529262.437127989,1543756.3749113611],[529273.9376827787,1543743.00040818],[529285.4996705063,1543733.3747769077],[529327.6874405326,1543725.7501041887],[529350.7499017895,1543721.8763348912],[529371.8126234008,1543720.000354987],[529402.5623279618,1543720.000354987],[529448.6248424116,1543727.6250277061],[529465.8751464029,1543731.4998533903],[529504.2496049434,1543748.7501573816],[529531.1254589465,1543767.8753848905],[529554.1245370132,1543787.1245346616],[529563.7501682854,1543808.2496643371],[529575.2496666886,1543827.3749731064],[529582.9378038583,1543852.3748472054],[529596.374796364,1543871.5011311006],[529611.7500955772,1543894.625106556],[529621.3122623989,1543915.7502362314],[529632.8128171886,1543936.7503872577],[529634.7502300306,1543954.1246135114],[529632.8128171886,1543990.5001450116],[529636.6875616121,1544011.6252746868],[529646.2497284338,1544076.8755872305],[529650.1245541179,1544119.1247901947],[529650.1245541179,1544178.6253535366],[529650.1245541179,1544207.375155931],[529650.1245541179,1544241.8747887877],[529663.5625217496,1544282.2500433603],[529691.5002879672,1544314.4989228868],[529724.9380086091,1544353.2501051056],[529767.1872115734,1544374.3752347808],[529822.8129492312,1544383.9998096665],[529911.1247479056,1544443.5003730084],[529928.3750518969,1544474.1251801809],[529928.3750518969,1544502.8749825754],[529934.1248010985,1544566.250290341],[529936.0622139405,1544600.7499231976],[529936.0622139405,1544618.1251245774],[529937.9996267826,1544648.74993175],[529947.5627687302,1544683.375437121],[529959.0622671334,1544706.374515188],[529984.0622224929,1544719.749993495],[529999.3751136421,1544729.3745683806],[530026.249992519,1544735.1253739689],[530058.8746205976,1544735.1253739689],[530076.1249245888,1544723.624819179],[530093.4377179047,1544706.374515188],[530104.9372163079,1544662.2503074456],[530108.7495526674,1544639.2502542527],[530112.6253534774,1544585.5004964988],[530116.4377710975,1544535.5006670405],[530135.6254879308,1544504.8738283555],[530166.3751924919,1544493.3753050785],[530189.3741892983,1544497.1252333738],[530210.5003753601,1544522.1261638594],[530229.687035807,1544543.2502371483],[530250.8121654822,1544583.4996192062],[530281.5004371053,1544660.2504865394],[530292.9999355085,1544687.1253654165],[530289.1875991488,1544748.624693278],[530281.5004371053,1544775.499572155],[530256.5628898098,1544794.6248809244],[530208.5629625181,1544800.374630126],[530170.1875288514,1544815.7500105996],[530150.9998120181,1544859.8751934678],[530150.9998120181,1544881.0002418826],[530158.6879491877,1544911.7499464438],[530166.3751924919,1544934.750080897],[530189.3741892983,1544967.3747089757],[530206.6244932895,1544996.12451137],[530223.9362302189,1545019.124564563],[530283.4378499473,1545049.874269124],[530312.1876523418,1545059.4999003962],[530339.0625312187,1545071.0003739253],[530377.4379648853,1545082.499953589],[530435.0000589988,1545094.0005083787],[530483.000067551,1545103.6250832644],[530559.7498784978,1545109.374832466],[530688.3120343564,1545122.7503107733],[530720.9377188215,1545138.1246348603],[530765.1253910143,1545155.3749388517],[530780.437225777,1545164.9995137374],[530805.4371811363,1545172.7501402316],[530845.6875383205,1545197.6251982024],[530882.1869920831,1545224.5000770793],[530935.9378062235,1545270.6250808537],[530957.0004465743,1545285.8745075522],[530989.6240182663,1545310.8755192982],[531010.7502043282,1545330.1246690697],[531020.3747792139,1545347.3749730608],[531037.6250832052,1545370.3750262538],[531053.000463679,1545399.1248286483],[531062.5625492401,1545416.3751326394],[531064.4999620821,1545431.7505131133],[531068.3122984417,1545472.12479256],[531077.9379297139,1545521.9997246298],[531075.9994604853,1545560.3751582964],[531072.1871241258,1545602.6253363865],[531066.3748855996,1545631.3752200415],[531049.3755140326,1545677.8749972421],[531079.8128532313,1545709.9999545058],[531095.1871773186,1545721.6254066841],[531112.4374813099,1545748.3753881725],[531141.2497730289,1545777.250169216],[531156.6251535027,1545796.3753967248],[531170.0620647479,1545809.8747972944],[531214.1872476161,1545838.624599689],[531273.6878109581,1545869.3753606365],[531312.0621882383,1545905.74983575],[531329.3124922295,1545919.2502927063],[531348.5012654493,1545925.000041908],[531419.500270808,1545969.125224776],[531444.5002261674,1545986.3744723808],[531454.0623117285,1545999.874929337],[531494.3751582372,1546045.8750357227],[531502.0623202808,1546074.6248381173],[531509.7494823245,1546090.0002185912],[531540.4377539475,1546105.3735675523],[531578.8121312276,1546105.3735675523],[531649.8121929727,1546103.4996191608],[531697.8122015251,1546105.3735675523],[531766.8748504282,1546107.249466196],[531791.8123164631,1546116.875097468],[531828.3128266123,1546132.2504779417],[531855.1877054891,1546184.1253121782],[531855.1877054891,1546209.001345275],[531837.8749121734,1546230.1254185638],[531814.8748589805,1546280.0003506336],[531793.7497293052,1546301.1254803091],[531768.8122632703,1546320.3746300803],[531749.624546437,1546335.625031905],[531718.8748418759,1546370.24956215],[531703.5630071132,1546431.6250490097],[531707.3753434727,1546464.2507334747],[531713.1250926743,1546487.249730281],[531716.9999183584,1546518.0004912287],[531728.5004731481,1546558.2497920264],[531741.9373843933,1546606.2498005785],[531782.250230902,1546661.8745631105],[531799.4994785067,1546679.2497644904],[531870.4995402519,1546715.6252959904],[531889.6872570852,1546721.375045192],[531908.8749739185,1546725.249870876],[531962.6247316725,1546717.625198157],[531985.6872741898,1546713.750372473],[532008.6873273826,1546707.9995668847],[532031.6873805756,1546696.5000684815],[532062.4370851365,1546681.1246880079],[532112.3120172063,1546652.3748856133],[532144.9377016714,1546638.8754850435],[532202.4997957848,1546610.1246262626],[532292.6875743633,1546588.9994965873],[532367.5624617926,1546575.6250746667],[532415.5624703448,1546571.7502489826],[532465.4374024146,1546567.8754232985],[532488.4374556076,1546573.6251725],[532503.8128360813,1546581.3748238683],[532517.2497473265,1546596.625225693],[532547.9370438235,1546629.2498537714],[532559.4375173528,1546640.8753872102],[532580.562647028,1546677.2498623237],[532595.9370523759,1546700.2489403905],[532617.0621007907,1546730.9996200777],[532632.3749919399,1546748.2499240688],[532643.9369796676,1546757.8744989545],[532678.4375876501,1546773.2498794284],[532712.9996285707,1546775.1248029459],[532737.9371758662,1546775.1248029459],[532770.5627790707,1546771.3749559107],[532793.6253215881,1546769.3750537443],[532824.3125368246,1546771.3749559107],[532851.1874157016,1546792.375106937],[532854.9998333215,1546811.625313095],[532860.7495825231,1546838.500191972],[532864.6253833333,1546859.6253216472],[532868.4377196928,1546878.7494927696],[532878.0622945785,1546892.2488933392],[532902.9997606134,1546899.8746224449],[532920.2500646047,1546899.8746224449],[532962.5003239553,1546894.1248732433],[532995.1249520339,1546890.2500475592],[533012.3752560252,1546888.3751240417],[533046.9372969457,1546892.2488933392],[533075.6871806007,1546907.6253301995],[533087.2501434544,1546920.9997521203],[533116.0000271094,1546953.6254365854],[533125.6246019951,1546976.6254897781],[533146.4998556328,1547006.7495697495],[533151.2501819443,1547066.1251544422],[533144.12518004,1547085.1254845625],[533120.4379880588,1547113.5005135308],[533108.5626598429,1547127.7505173394],[533080.1251415501,1547144.3751154803],[533061.1248926903,1547165.7501211932],[533042.1869706342,1547187.0001482572],[533018.4384269754,1547217.874750207],[533001.813747574,1547248.750408543],[533013.6870442773,1547288.999790601],[533061.1248926903,1547298.500443224],[533077.7494908313,1547298.500443224],[533115.6876617472,1547298.500443224],[533148.8755063516,1547305.6254451284],[533167.8747800853,1547322.2500432695],[533179.6877002371,1547348.375375294],[533193.9376227852,1547374.3747535434],[533205.8129510011,1547391.0004080709],[533231.8748185751,1547402.8746799002],[533248.5004731026,1547414.7500081162],[533262.7504769112,1547421.8750100206],[533279.3126669881,1547429.000011925],[533310.1882440638,1547438.4996894218],[533326.7504341407,1547450.2500389887],[533341.0004379493,1547473.9997202945],[533350.5001154464,1547495.374644747],[533362.3129543378,1547530.9996542686],[533371.8126318349,1547549.8750057397],[533383.6879600508,1547571.2500114527],[533412.125397083,1547587.8746908542],[533433.5004027961,1547616.374617211],[533447.6879172801,1547649.4999724908],[533445.3122665614,1547666.1246518923],[533428.7500764845,1547699.3749045606],[533414.4990975498,1547711.2502327766],[533395.5622318801,1547725.3753391965],[533364.6876299306,1547746.750263649],[533341.0004379493,1547768.125269362],[533336.2510867638,1547808.3746514202],[533333.875436045,1547834.4999021844],[533331.4997853262,1547865.3745853943],[533336.2510867638,1547886.7495098468],[533348.1254398536,1547915.1255952017],[533362.3129543378,1547931.7492182166],[533383.6879600508,1547943.6245464324],[533402.62474446,1547950.7495483367],[533426.3754008918,1547953.1251990555],[533452.4372684658,1547967.3752028642],[533466.6871910138,1547972.1244727892],[533492.7500337139,1547981.5002280239],[533509.3747131153,1547990.9999055208],[533520.4380051543,1548001.2501049964],[533529.4379305762,1548023.7504873746],[533560.999671314,1548086.8749439765],[533624.062694978,1548127.3751771983],[533664.5629281998,1548149.8745031897],[533687.1247435159,1548174.6245825116],[533707.3753476897,1548230.9988918959],[533693.874971994,1548296.2501795655],[533683.9369753597,1548339.0001909914],[533678.1248180941,1548363.8751677019],[533673.5628536216,1548433.6249553934],[533671.3121002914,1548505.7503938037],[533684.8749653116,1548534.9998670127],[533752.4374641235,1548557.6251467795],[533808.7503405698,1548602.624855149],[533853.7499676789,1548613.8745587752],[533896.562387169,1548663.3747174188],[533923.6246527589,1548733.250377625],[533939.374806659,1548825.625445083],[533941.6245848632,1548915.624780562],[533950.624510285,1548960.7504427067],[533939.374806659,1549021.5002237158],[533943.8753381934,1549080.1262615563],[533968.6263926412,1549082.374983374],[534013.6875339489,1549057.6249040524],[534063.2501819171,1549050.8747568347],[534092.5007115128,1549055.3752071084],[534106.0626014071,1549073.3750579522],[534110.562076555,1549107.125062696],[534090.2499581826,1549165.6251467613],[534076.7495824868,1549237.7496100455],[534081.2500327607,1549264.7504426977],[534135.3121558768,1549334.6251277777],[534175.8747971626,1549354.8747568256],[534232.1876736089,1549393.125211843],[534277.187300718,1549413.374840891],[534306.5003196383,1549496.7499016668],[534313.2494917299,1549550.8754892333],[534328.9996456299,1549676.9995050486],[534306.5003196383,1549755.7502745485],[534270.4370722399,1549814.3752560024],[534229.9378954046,1549823.3751814244],[534169.1235935584,1549812.1245026723],[534115.0625268288,1549812.1245026723],[534040.6863350885,1549809.8748057287],[533966.374664185,1549812.1245026723],[533905.5623938513,1549832.3751068462],[533916.8130726033,1549884.125043694],[533930.3748812372,1549924.7501743042],[533977.6253429371,1549976.5000298917],[534031.6873847926,1550037.37478955],[534094.750489717,1550089.1247263977],[534171.3763784012,1550152.2502393862],[534214.1253334406,1550179.2500156516],[534265.9376783525,1550217.5004706692],[534310.9997947862,1550264.7499572432],[534349.3127391284,1550312.1253163316],[534369.5623681762,1550330.1251671752],[534405.5620698635,1550384.1248009668],[534531.6871420654,1550447.2502326947],[534558.750464042,1550469.7495586863],[534574.4995615553,1550550.8750037788],[534590.2497154553,1550611.6247847881],[534621.8124313193,1550652.2499153984],[534639.811307037,1550665.7503723546],[534680.3750047092,1550683.7502231984],[534709.624559179,1550692.7501486202],[534761.4379604773,1550697.2506801547],[534786.2504478631,1550710.7500807242],[534822.2502308111,1550760.250239368],[534835.7496313808,1550812.1249923438],[534795.2504545455,1550902.2503628582],[534770.4378858992,1550978.7502977673],[534779.5003006456,1551041.8747543693],[534826.749705959,1551089.1252160692],[534910.1247667348,1551129.7503466795],[535011.4372702902,1551149.9999757274],[535060.9999182584,1551181.5002835274],[535119.5624916484,1551228.7496888407],[535202.8751443601,1551305.3745211384],[535245.6875638501,1551343.6250574165],[535263.6874146938,1551418.0001927705],[535284.0005081922,1551521.6239074683],[535311.0002844577,1551602.6253490378],[535324.4996850275,1551658.999658422],[535324.4996850275,1551744.6254725282],[535326.7504383577,1551821.1254886978],[535333.5620997739,1551884.2499452997],[535338.0625500478,1551942.750029365],[535360.5629324259,1552035.1250968233],[535401.1245985857,1552086.8749524106],[535412.3752773377,1552118.500157599],[535461.9379253059,1552143.2502369208],[535511.4995168875,1552168.001372629],[535542.9998246875,1552212.998968226],[535572.2503542831,1552264.8748588488],[535597.0629229295,1552357.2499263068],[535597.0629229295,1552390.9999310505],[535606.0628483513,1552537.3745510397],[535565.500125805,1552688.2497025633],[535572.2503542831,1552751.3752155518],[535608.3125452951,1552803.125071139],[535664.6263968673,1552872.999756219],[535675.8750441069,1552913.5010458273],[535687.1247477329,1553026.1246046864],[535727.6873890187,1553134.2498260445],[535784.000265465,1553210.8747396027],[535858.3129114944,1553237.8745158683],[535901.1253309845,1553249.1251946203],[535943.9377504744,1553269.3748236683],[535982.187230366,1553282.875199364],[536056.499957656,1553296.3745999336],[536083.562223246,1553325.62521079],[536117.3122279897,1553348.2504905565],[536130.8750930099,1553395.49989587],[536117.3122279897,1553440.4995229791],[536108.3123025678,1553501.3753390238],[536074.5622978242,1553546.3750473936],[536063.3125941982,1553566.6245951809],[536033.9995752779,1553578.0002525821],[535975.4370831484,1553580.2499495258],[535964.1873795224,1553607.2497257914],[535921.3749600323,1553656.749884435],[535883.1254801408,1553715.376003536],[535878.5625405423,1553753.625402167],[535903.3751091887,1553818.8747395845],[535975.4370831484,1553920.2497324646],[536024.999649856,1553969.8747884966],[536061.0014643164,1554041.8753295185],[536090.3124517242,1554120.7499400203],[536110.5619995116,1554271.625091544],[536108.3123025678,1554424.7499400112],[536090.3124517242,1554490.1251499434],[536054.2502607122,1554553.1236527702],[536040.749803756,1554616.250222145],[536040.749803756,1554659.0001523106],[536067.8120693461,1554731.124615595],[536049.7497291778,1554828.000133327],[536065.5623724023,1554872.9997604361],[536128.6253960662,1554949.6246739943],[536166.8748759578,1555039.6250658596],[536187.1879694562,1555107.2510291222],[536166.8748759578,1555215.3751940937],[536187.1879694562,1555368.500042561],[536232.1876778259,1555512.6249656065],[536254.3746384553,1555652.2504947647],[536257.0001652117,1555708.6247228882],[536263.7514500764,1555735.6245804143],[536275.0000160554,1555769.374585158],[536257.0001652117,1555848.2502520464],[536245.6869971352,1555902.2498045773],[536205.1878202999,1555945.124713392],[536189.4387227865,1555978.8747181357],[536182.6250298577,1556014.8754762094],[536175.8748013796,1556057.7503850241],[536187.1879694562,1556091.5003897676],[536198.4375918218,1556136.5000981374],[536211.9369923915,1556159.125377904],[536234.4363183831,1556190.6246293173],[536277.2497942597,1556219.8751589132],[536326.8124422277,1556233.374559483],[536371.8745586615,1556246.8750164392],[536396.6246379833,1556267.1245642265],[536421.3747173051,1556296.5000724713],[536437.1883356556,1556330.250077215],[536461.9374398515,1556393.2496364284],[536477.6875124909,1556474.3750002605],[536452.9374331691,1556521.750359349],[536455.1872113732,1556582.5002216187],[536475.4378155472,1556602.749769406],[536502.5000811372,1556618.4999233058],[536547.4997895069,1556625.2501517842],[536585.8137902354,1556634.250077206],[536624.124703065,1556656.8753569725],[536657.8736514222,1556695.1248368642],[536696.1876521509,1556713.1246877078],[536743.4995467887,1556728.8748416076],[536788.5002302844,1556744.6249955078],[536829.0628715702,1556762.7498250005],[536842.56227214,1556780.749675844],[536844.8120503442,1556801.000280018],[536838.0628782526,1556819.0001308618],[536795.2504587625,1556857.2496107533],[536781.7500018063,1556913.6248952635],[536799.8123419746,1556931.6248273677],[536815.5624958745,1556938.3749745854],[536847.0628036744,1556945.1252030635],[536878.6245444124,1556947.3749812676],[536898.8751485862,1556951.8754315416],[536930.4378644503,1556967.624529055],[536961.9371158637,1556990.124911433],[537009.2510420141,1557008.2497409259],[537045.3122579,1557053.2504244216],[537049.8127081739,1557163.6253427234],[537047.5630112302,1557246.8755061107],[537058.8126335958,1557285.2498833907],[537081.3109844613,1557318.9998881344],[537130.8746075555,1557352.749892878],[537202.9375566412,1557384.375179327],[537218.6877105412,1557418.1251840708],[537218.6877105412,1557442.8752633925],[537200.6878596975,1557465.374589384],[537180.4372555236,1557481.1247432842],[537151.1252117293,1557494.6261753663],[537094.8124165436,1557521.7498738945],[537049.8127081739,1557544.250175012],[537011.4997638318,1557598.2498088037],[537009.2510420141,1557629.875013992],[537020.4996892536,1557672.6239690315],[537040.7502934275,1557710.8754804356],[537103.87483129,1557751.5006110459],[537146.6247614555,1557794.2495660854],[537171.4373301017,1557816.7499484634],[537189.4371809454,1557843.7507811156],[537191.6879342757,1557875.3739547916],[537180.4372555236,1557900.1250092394],[537153.3749899336,1557965.375321783],[537103.87483129,1558010.4999275412],[537058.8126335958,1558044.2499322847],[537009.2510420141,1558095.9998691326],[536993.4999129882,1558127.6250743212],[536991.2501347839,1558172.6247014303],[536998.000363262,1558201.8753122864],[537036.2498431536,1558249.250671375],[537081.3109844613,1558307.749699054],[537121.8746821337,1558377.6254405205],[537166.9378549538,1558463.1253821119],[537193.249517305,1558527.375215379],[536911.5000236545,1558782.6246035786],[536821.3747344007,1558864.249719486],[536787.687137721,1558892.9995218806],[536745.3754454323,1558932.2504561746],[536673.1865425714,1558998.8749650344],[536653.8749034756,1559041.2501217737],[536656.3120683929,1559088.24973231],[536669.3752625984,1559151.500142687],[536695.8128787247,1559241.1247047395],[536711.0007912248,1559287.7505169758],[536730.6247956828,1559359.750001611],[536739.2499476785,1559398.9998795185],[536739.0000716408,1559439.6250913893],[536731.3753176612,1559540.2504561564],[536726.3116508615,1559592.500063819],[536714.5622764206,1559684.375379202],[536700.4997405857,1559733.000037218],[536684.1249372219,1559789.3753217284],[536650.000159052,1559851.2495042766],[536602.2499452769,1559927.3746657595],[536567.8752910694,1559980.374876661],[536518.0003589996,1560073.1247175455],[536478.1247752416,1560211.3749127402],[536450.5628388368,1560330.250085649],[536444.6881109861,1560350.749509474],[536441.0621049532,1560358.5002172287],[536420.4377837396,1560398.3747446002],[536328.9372417829,1560508.6247655135],[536253.8749676406,1560513.000318399],[536169.7502787518,1560511.25029227],[536087.3745596056,1560527.250240947],[536036.8125700079,1560543.75002296],[536005.2497728835,1560553.3745978456],[535935.7498612296,1560627.5009135483],[535925.7505129176,1560686.249817265],[535922.1245068847,1560744.8748799795],[535898.1875201263,1560806.5001616161],[535878.7499272554,1560842.499944564],[535828.1878563972,1560908.624782609],[535810.875144342,1560930.6254129119],[535719.1247263476,1561029.499776424],[535672.0002184229,1561081.4995080489],[535617.3760164279,1561188.2504518302],[535587.0000289066,1561246.2498086945],[535527.4370575006,1561309.9999711467],[535494.3751666714,1561362.8762597856],[535473.1251396073,1561430.8749649618],[535466.4998085179,1561470.3748001675],[535452.5621700713,1561525.374831975],[535433.1245772004,1561561.4995123115],[535373.9374356071,1561640.5000765885],[535331.3748108943,1561670.7500290743],[535284.0629975167,1561712.4995612237],[535245.7499719142,1561760.499569776],[535225.5004241267,1561815.6245802324],[535215.9372821791,1561892.24941253],[535207.8128573848,1561974.9999051027],[535204.1879077384,1562032.374612503],[535199.3750921022,1562144.3746595453],[535197.3127818716,1562214.3752984004],[535186.5628303209,1562294.625161605],[535169.6872997558,1562382.8755273414],[535148.3133504293,1562444.374855203],[535143.3120916936,1562449.6249335897],[535094.5625362889,1562487.6245374437],[535067.1879865972,1562512.3746167656],[535020.6246636857,1562636.8746414874],[535019.375364758,1562689.0003268875],[535018.4998641305,1562755.125083672],[535015.5630283984,1562790.8749905822],[535000.3750346377,1562844.6247483362],[534993.1251353449,1562861.375300252],[534937.625351462,1562932.6252380349],[534896.3745150014,1562965.3748447625],[534802.5628431629,1563032.5000808237],[534729.9376526774,1563083.8751629847],[534638.3122133322,1563136.8753738862],[534546.1870219116,1563170.8752546676],[534451.124994759,1563189.7496310126],[534392.6249106936,1563193.7504104718],[534335.6249767195,1563207.7505382427],[534312.9996969528,1563218.5004897937],[534251.9999586456,1563275.875197194],[534225.9371159455,1563303.2497468856],[534146.938583181,1563404.374863728],[534099.1874755403,1563479.2497511574],[534042.7497017055,1563567.0004460788],[534008.4374555621,1563621.2498746477],[533971.4997639228,1563671.7505125678],[533887.0627909324,1563757.750124974],[533795.7496356887,1563824.7504636464],[533756.2498817436,1563875.3749425686],[533719.1247221306,1563918.124872734],[533661.6875254057,1563965.375334434],[533641.6253643314,1563977.2496062634],[533596.4997021867,1564007.6245373983],[533574.4376389458,1564039.8754484372],[533543.8128317733,1564139.8751886145],[533467.1879182152,1564183.6245416699],[533435.8125890642,1564202.250098364],[533389.4377092524,1564231.249776796],[533340.500685874,1564261.7496053195],[533281.749750645,1564306.3755153888],[533211.7491117899,1564360.1252731427],[533149.6875425285,1564425.2496319113],[533084.3747406604,1564511.9998475565],[532967.3745725295,1564621.6252190059],[532908.7495910755,1564671.3751724265],[532831.4375387289,1564735.5001083051],[532742.7499102417,1564806.3752726617],[532662.9997991123,1564876.8746072056],[532609.2500413585,1564917.624716465],[532565.624529305,1564955.6252954449],[532514.6877662812,1565006.374753016],[532394.8756598068,1565105.8748223786],[532333.5625810113,1565149.375355783],[532282.4373748878,1565195.1246110052],[532252.062443753,1565251.749771553],[532220.1873625269,1565302.125430824],[532175.6874062325,1565304.5001064169],[532129.7497079107,1565301.7496010114],[532082.2514829462,1565286.375276924],[532041.062160684,1565270.874999062],[532010.2499667985,1565260.125047511],[531963.9385514371,1565243.5003681097],[531922.5628175879,1565219.0001648255],[531811.6246827602,1565318.6251315766],[531756.1248988775,1565368.5000636464],[531714.0621075003,1565410.5004469594],[531631.3750793784,1565531.3754407743],[531620.562638503,1565590.7500503412],[531617.812214358,1565679.74996293],[531613.125352497,1565787.7502868997],[531610.1250523145,1565882.9997007654],[531627.5627430188,1565976.3751662394],[531627.6876404074,1566054.0004778136],[531619.4372618379,1566113.4999847692],[531597.6250746347,1566159.8749458417],[531565.812482733,1566200.8748498783],[531531.2504418126,1566245.6246822102],[531527.3121516779,1566250.6248845595],[531499.500257975,1566284.1250132655],[531486.3121663809,1566339.7507509233],[531489.9985489653,1566384.3746294803],[531436.5621316996,1566423.3747126109],[531427.6246956023,1566425.625465941],[531376.5629539294,1566430.4997145152],[531326.9378166368,1566428.999564424],[531283.874545983,1566422.6251657584],[531233.9371245888,1566431.250317754],[531187.7496314899,1566443.8751928224],[531156.3127881405,1566470.8749690878],[531130.0625587273,1566496.7504250747],[531121.8746694825,1566554.9996579767],[531133.1253482345,1566601.1247430113],[531138.5628133344,1566631.8754226984],[531142.5625364071,1566664.9998028523],[531093.2497644766,1566695.375709113],[531069.5625724953,1566719.9998346597],[531025.999631027,1566735.5001125222],[530987.187990996,1566749.3753429046],[530815.1252204726,1566796.2499747917],[530576.0621925371,1566951.7504739778],[530542.5620638311,1567004.2499576781],[530486.3751411599,1567091.4999253985],[530413.999826712,1567166.875540029],[530327.6254408795,1567241.8753248467],[530250.0625373693,1567319.623502297],[530189.3127563602,1567388.9995729488],[530104.312566844,1567502.2498127841],[530050.6252984146,1567589.6246778932],[530011.1879525335,1567671.1248151516],[529990.2502095712,1567729.0003310137],[529911.0622585812,1567778.7502844343],[529825.1251354994,1567839.7500227417],[529758.1257719529,1567865.6254787287],[529710.3746643122,1567926.5002383867],[529645.0014858926,1567981.750146232],[529556.0629249814,1568017.2501771045],[529511.3755819738,1568060.3748806962],[529472.9377402432,1568110.1249153775],[529437.5001174345,1568184.0003799167],[529424.6253663286,1568229.499759101],[529425.9995626449,1568307.1250706753],[529426.124541294,1568344.0003542507],[529419.0620287142,1568366.6236025048],[529341.6250789791,1568399.8749115597],[529290.8121569572,1568437.749618025],[529283.3748709513,1568470.6250972673],[529271.4995427354,1568524.999504485],[529221.4371426919,1568618.8747220344],[529168.7503535391,1568635.1246280097],[529124.3128053087,1568631.1248236764],[529038.6245018782,1568563.7497115778],[529012.5002262401,1568543.8749372168],[528996.0015006138,1568542.000013699],[528945.0626248169,1568582.5002469209],[528951.0622500561,1568636.1250260258],[528969.500420037,1568738.3745444072],[528971.125467517,1568847.8749372074],[528957.1253397459,1568928.750425002],[528912.75028084,1569004.9995087476],[528834.1869793137,1569073.8747709375],[528765.9374229742,1569139.2500621302],[528697.4379093363,1569212.2499447814],[528681.3754713347,1569238.3752768058],[528652.1238853524,1569276.9995301238],[528630.3126732752,1569323.375466322],[528611.375888866,1569399.1248792529],[528591.4999768578,1569423.8749585748],[528582.3751540474,1569431.249755256],[528494.5620510618,1569471.8749671269],[528474.624787376,1569498.000217891],[528446.5620425094,1569540.3753746303],[528428.8119864429,1569579.2495039857],[528381.9998438802,1569650.37454438],[528348.4997151742,1569704.0003798713],[528319.2501607045,1569743.8749072426],[528253.0004252709,1569786.375042631],[528194.625238594,1569820.1250473747],[528180.4387804964,1569827.3749466676],[528159.9372438984,1569830.5002254993],[528132.0005340674,1569828.375425944],[528095.9372866689,1569841.3750744385],[528080.0611789939,1569861.2499300602],[528057.1870795761,1569899.8751585041],[528046.2497413122,1569925.000011252],[528024.0002100978,1569984.1247447813],[528017.0626761671,1570003.0001775129],[528006.5625193934,1570012.8746284363],[527965.1253526062,1570034.500485313],[527949.8749507815,1570033.9997581115],[527900.0624267757,1570038.8749818117],[527883.6876234119,1570075.2495381858],[527886.750412919,1570099.4998654323],[527897.2495133062,1570129.1252497148],[527901.687555516,1570149.6246735398],[527882.0000866074,1570168.1253328451],[527843.5622448768,1570175.874902953],[527824.1246520058,1570188.0001072064],[527809.0002039563,1570223.1253646528],[527806.1872092262,1570231.875414037],[527796.6251236651,1570292.6252763066],[527744.438005327,1570333.1255095284],[527730.3753882315,1570375.875439694],[527728.4379753894,1570396.1250687419],[527707.0619945504,1570428.6247181713],[527696.8127702009,1570430.8754715014],[527690.1884954978,1570439.499648371],[527677.37517733,1570441.7504017013],[527655.6264545773,1570444.8746241464],[527641.5003730311,1570449.5000530696],[527622.9997949862,1570470.6251014844],[527610.8745907327,1570491.8752098088],[527608.7497911776,1570519.7495115758],[527608.9996672152,1570551.4996141528],[527586.1870007354,1570590.2498212457],[527575.8128789974,1570596.3754002599],[527535.250156451,1570630.7500544675],[527515.1264811782,1570664.3751618224],[527512.0627165451,1570680.8748625747],[527501.5626410319,1570731.499341497],[527502.1872092353,1570791.2497808766],[527519.9372653018,1570833.7498350046],[527549.5001602598,1570905.8763298013],[527571.5622235006,1570974.0000136264],[527602.1880057991,1571052.499850702],[527623.437057737,1571105.250185566],[527693.124356104,1571238.3742246365],[527719.4994829056,1571330.7503484811],[527754.9371057141,1571417.1247343137],[527778.5627834968,1571515.7502781746],[527814.312690407,1571594.499991288],[527847.2496838478,1571638.7500715447],[527880.312549803,1571680.374625045],[527921.1250671265,1571719.7494816016],[527957.437134176,1571738.7487553356],[527998.7504599612,1571760.3746122122],[528044.1884062076,1571771.8751670017],[528069.4371812182,1571779.000168906],[528084.6251749789,1571782.0004690888],[528123.7501554979,1571792.1247960497],[528140.2498562502,1571795.1261526188],[528166.8748590896,1571797.2498957873],[528174.4371237446,1571800.001376319],[528188.187375478,1571809.375100041],[528201.3754670721,1571833.875303325],[528199.4370791041,1571855.5001850757],[528175.125237659,1571900.4998121848],[528163.0000334055,1571920.499565195],[528113.1875906602,1572006.750028765],[528113.0002039471,1572014.3747827446],[528121.8751507199,1572055.374686781],[528141.1253568777,1572090.2500681898],[528158.6235053942,1572101.0000197408],[528192.3744852638,1572121.1247514],[528219.9375593156,1572134.6251270957],[528249.8127383752,1572157.2504068625],[528259.0625398346,1572186.74983737],[528229.3122581637,1572241.7498691774],[528217.5628837228,1572292.2505070975],[528246.1252994041,1572354.2495870343],[528238.437080974,1572436.6262813066],[528210.500371143,1572475.2495594984],[528168.562395894,1572514.7502885696],[528147.5622448677,1572534.3752681536],[528135.062267188,1572567.1248748812],[528131.4373175416,1572601.3745504397],[528139.1254547111,1572641.0013145464],[528134.6250044373,1572703.1253731323],[528131.5612398041,1572760.3751831441],[528124.5621916748,1572821.1249641534],[528092.1249503094,1572881.2491205726],[528036.3128010645,1572995.2500449074],[527987.6246785978,1573046.0004776046],[527952.0621584007,1573085.6262665854],[527916.8754680163,1573110.0005160945],[527855.1242326045,1573171.6248226052],[527819.2504034317,1573220.1245019722],[527801.3130419126,1573304.8748967112],[527794.7502001475,1573351.7495285985],[527803.1879654301,1573366.000507533],[527875.8120995291,1573445.7496435365],[527928.2500690308,1573559.2497594096],[527963.5627131903,1573610.0002733674],[528017.0626761671,1573689.2496572954],[528039.0622500834,1573759.8749456145],[528061.3127564238,1573821.5003085115],[528052.0015220264,1573873.3750614873],[528018.2504608962,1573935.9998472745],[528010.3124476889,1573945.8753545843],[527982.3121921469,1573985.7498819558],[527905.9995626904,1574064.8753436212],[527883.5627260233,1574090.8747218708],[527844.688596668,1574112.62450101],[527792.5005032038,1574151.749481529],[527751.5630072313,1574198.87496458],[527736.062729369,1574205.9999664843],[527715.3123731199,1574218.1251707377],[527686.3126946877,1574250.2501280014],[527665.0626676239,1574278.8750330075],[527637.8130153207,1574294.625105647],[527594.8746420556,1574323.7497627279],[527576.8747099515,1574329.6254657046],[527537.812218757,1574357.62466486],[527480.6873061338,1574392.8749009557],[527418.8121484595,1574417.6249802774],[527388.6860369758,1574444.7496539315],[527371.5002538215,1574465.874783607],[527337.1246244881,1574505.4995162012],[527278.3121750605,1574554.6249014186],[527245.5636247194,1574585.3746059795],[527226.6872168618,1574617.8753117956],[527209.1870368328,1574647.8754695042],[527182.3746472804,1574691.6248225598],[527180.687110476,1574704.249697628],[527196.437264376,1574811.5003934847],[527184.0621840848,1574879.8749284735],[527164.124920399,1574908.4998334793],[527139.8121038281,1574952.2502429213],[527111.2496068862,1575009.9997237478],[527085.1253312482,1575072.7504633102],[527067.6252324798,1575102.7495646323],[527028.125397274,1575143.4996738916],[526991.4375816722,1575178.0012570003],[526920.6249066402,1575203.8746814746],[526867.9369798404,1575218.7513662595],[526772.375281873,1575262.8754927414],[526752.6254049004,1575282.6253697139],[526708.4377327076,1575311.8749241836],[526634.9370415946,1575341.375329817],[526552.5634352213,1575372.0001369894],[526486.8123954765,1575398.0004903649],[526447.8748016706,1575422.2498424854],[526376.7498425369,1575457.0003265056],[526296.4374900077,1575501.6251801886],[526225.3125308739,1575536.2507668203],[526168.0627208622,1575575.2497935642],[526125.9373589,1575619.7497498586],[526082.5003712067,1575665.5000614673],[526043.187922714,1575701.249887117],[526009.3755099063,1575724.3749189589],[525946.1250182688,1575752.9998239647],[525866.312417815,1575781.0000795068],[525828.0629379234,1575782.375250949],[525771.6876534132,1575793.3750785375],[525753.812699958,1575795.374980704],[525715.3748582273,1575804.374906126],[525667.0624843129,1575801.7503544954],[525638.437579307,1575822.4997356187],[525567.1252334601,1575863.4996396552],[525491.8121081542,1575910.8749987436],[525468.6870763123,1575958.5002338698],[525460.1253887671,1575986.2495569875],[525432.0002358365,1576071.875452354],[525426.6252600611,1576161.999766482],[525425.499883396,1576197.4997973547],[525432.1251332251,1576270.2498852287],[525439.6249085556,1576314.9986611744],[525458.1870007991,1576372.8751521625],[525477.687001734,1576401.3741033932],[525496.8747185674,1576437.6246562442],[525511.8128362905,1576488.8748410167],[525495.0622843744,1576535.4996781268],[525461.3121983702,1576557.3753297806],[525397.3747304654,1576566.8750072778],[525363.1249736465,1576561.9997023172],[525291.625159826,1576570.0002861093],[525221.0623608317,1576586.874760288],[525152.1246905776,1576634.375016765],[525089.4374154658,1576683.3755045938],[524988.5621746612,1576775.7495156655],[524960.0621670438,1576832.124800176],[524921.7492227018,1576916.1245104154],[524888.3750477708,1576966.0004988718],[524868.312805436,1576997.2498742475],[524845.2502629186,1577042.2495826173],[524812.7495571027,1577064.2502129201],[524802.3129460401,1577071.500112213],[524793.1245775186,1577080.1252642085],[524789.1248544459,1577086.3747654855],[524784.8127660111,1577101.5002699215],[524776.3740256026,1577128.0003753724],[524761.3130420035,1577160.6250034508],[524754.7502002384,1577166.7485509526],[524748.0624610849,1577176.7499307771],[524733.3751945255,1577200.4996120827],[524729.0621309647,1577214.2498638162],[524726.1252952326,1577228.2499915871],[524724.4377584282,1577240.8748666556],[524727.4370022243,1577267.624848144],[524742.0003465211,1577289.7503758352],[524746.6872083822,1577302.6251269411],[524751.3750453691,1577315.499878047],[524762.4373622821,1577327.2503088745],[524785.8746782257,1577352.1252855847],[524821.812946975,1577383.7495156473],[524849.1875779273,1577403.625346395],[524887.812806371,1577430.2503492343],[524927.5624363539,1577460.7512341442],[524967.4370449858,1577487.3752618574],[525017.8127042569,1577505.5000100897],[525055.5000240091,1577521.8748134535],[525109.3122710875,1577550.2498424219],[525184.500499005,1577588.1245488871],[525216.8127617213,1577613.2504580216],[525250.1245285883,1577647.3752361916],[525240.5624430272,1577696.1247915963],[525255.6254581388,1577715.0011994538],[525280.374481074,1577777.9997022806],[525319.7513691431,1577861.8745151318],[525354.9370844016,1577917.6252314388],[525373.1253783449,1577985.624911741],[525361.6248235552,1578069.2499298148],[525389.6250790972,1578150.2503962584],[525397.8129683421,1578212.7512597828],[525405.813470874,1578282.9996619027],[525421.8749337496,1578339.499925062],[525446.4376263582,1578408.874858067],[525481.4369300295,1578468.5003187973],[525513.2495219312,1578550.8749815573],[525538.5003284543,1578597.374840018],[525584.0621969632,1578647.1248746994],[525631.6249427649,1578713.374610133],[525673.1870882012,1578768.124765903],[525712.93769331,1578879.999834296],[525718.0627930477,1578960.2496975008],[525696.2506058445,1579005.3753596456],[525660.6871105215,1579125.1249767954],[525666.375426785,1579186.3745098799],[525687.7503512375,1579236.6242153759],[525724.3747836492,1579284.8740999657],[525796.7500980971,1579331.499912202],[525865.1245518253,1579383.2497677892],[525913.6877769034,1579418.9996746993],[525997.3752030414,1579469.9999834343],[526052.0629507473,1579510.9999687313],[526104.9996971983,1579569.874826223],[526144.3744724945,1579652.5003401462],[526173.375207313,1579701.7496476262],[526250.3748942974,1579763.8746813382],[526307.5622149847,1579807.5001933917],[526351.7498871774,1579858.5005021265],[526368.5004390934,1579893.3748271489],[526357.5621257036,1579917.1254835806],[526270.0622819455,1579988.250523975],[526224.3120515974,1580067.0001558277],[526194.1245071756,1580136.1252940553],[526173.2503099245,1580191.3762582869],[526154.4998558419,1580262.1254688685],[526130.3129117854,1580384.7504888123],[526120.0012793718,1580468.3754256258],[526120.7497698377,1580526.8744533048],[526129.4374111579,1580574.2498123932],[526132.8125660273,1580627.7497753701],[526109.1877821101,1580691.8747112486],[526076.8755193937,1580746.874743056],[526049.1251398892,1580819.7497283188],[526038.312699014,1580881.749864642],[526024.5624472805,1580913.250172442],[525997.8124657922,1580954.3750551275],[525970.2504481268,1580981.499810042],[525933.5001432006,1581016.0004180248],[525884.8754851845,1581065.3746228933],[525839.1876629004,1581100.874653766],[525775.999741848,1581128.2502598441],[525745.0626505738,1581139.999634285],[525695.8123679678,1581167.7500137894],[525643.8125550824,1581201.7498945706],[525569.8746824791,1581246.6246242912],[525531.0619860617,1581265.7498518],[525460.9999142686,1581308.1250897998],[525414.1252823814,1581341.1254664306],[525371.3128628914,1581366.5001952162],[525340.062431129,1581389.7501244466],[525277.6875213796,1581429.749630467],[525253.9379213343,1581455.7499838427],[525226.6872126446,1581472.7494366702],[525197.0628847487,1581484.6247648862],[525169.3749945689,1581474.875292612],[525146.6861690911,1581466.4999353935],[525133.4377009455,1581441.8748347207],[525122.3129759686,1581390.7495473367],[525137.4374240182,1581316.124535945],[525150.7504130008,1581296.1247829348],[525191.3745684852,1581260.4998546736],[525244.5621660998,1581188.3753913895],[525283.9370226564,1581150.1249363718],[525312.812778826,1581122.9991250709],[525361.6873128797,1581066.0002474831],[525360.8127873782,1581052.0001197122],[525344.6878600521,1580998.1254645695],[525327.8123294871,1580968.2502042495],[525307.1879270129,1580935.8765085952],[525259.6251812114,1580869.6246603886],[525247.8748316446,1580838.6251610504],[525245.5626453763,1580832.2487308725],[525234.750204501,1580811.6253035243],[525208.1252016617,1580766.2498466026],[525165.5001688848,1580706.3745098342],[525126.937348505,1580717.9999620125],[525107.6246530226,1580724.999010142],[525061.3122625352,1580740.124514578],[525014.9997907873,1580756.5003743283],[524953.061087402,1580782.6246499664],[524902.8748463566,1580798.874474681],[524824.8122720317,1580813.1255348762],[524682.8121485413,1580835.4989070927],[524616.4999237831,1580838.5001824014],[524565.7505474724,1580834.5015157152],[524465.5623641955,1580821.24987841],[524403.3123518346,1580818.1246808388],[524307.5622107676,1580826.6248541854],[524278.1559860538,1580830.7495559072],[524156.81203789305,1580884.376447785],[524143.9689783822,1580887.7494898813],[524121.0314145138,1580888.3751957316],[524077.5932891735,1580893.3753168203],[524009.5311195469,1580913.0002964044],[523964.6871062953,1580921.7504270491],[523923.5939964652,1580933.2499254523],[523905.43739411695,1580944.1247743915],[523873.06264207605,1580962.2496038843],[523860.59338086535,1580993.624933035],[523846.0935822796,1581050.3750722322],[523819.3425444047,1581091.6248523064],[523794.03136133007,1581127.7495326428],[523764.5309556967,1581175.1248917312],[523717.9676327852,1581238.625178146],[523689.4061922298,1581297.5000356375],[523667.406537053,1581349.0000964478],[523647.5328190783,1581414.5002037685],[523642.24999270996,1581461.4997330443],[523636.7183466905,1581516.000094037],[523632.7185423573,1581561.6254269965],[523630.218969376,1581601.0002835533],[523636.62514089694,1581640.626072534],[523638.593270208,1581658.4999696026],[523643.53098323266,1581663.7500479894],[523667.5315157021,1581669.499797191],[523689.09390812815,1581671.4996180972],[523714.7809210155,1581664.6244922304],[523762.46856420557,1581645.7501158852],[523816.250094815,1581635.874689836],[523879.9377679427,1581633.9997663184],[523910.46831293515,1581635.0001643344],[523981.6875342489,1581637.1249638896],[524047.5317797873,1581647.9998940895],[524141.2810435617,1581662.3747952867],[524167.75035128294,1581670.7500712448],[524216.8747613744,1581687.4996480348],[524264.7815641331,1581701.7496518434],[524286.28146723466,1581706.1252047287],[524285.8124316284,1581680.750475943],[524274.2504439007,1581643.5004189415],[524258.43788193667,1581620.124535936],[524218.8745822804,1581583.251283873],[524179.28162254166,1581546.500003821],[524152.34327921417,1581512.625020428],[524123.31288431305,1581464.625011876],[524114.0937993226,1581433.8753073148],[524128.93773612607,1581366.8749686424],[524137.9058886924,1581364.6252716987],[524219.0619689935,1581374.6246200106],[524270.6562107233,1581393.999723557],[524352.3745324241,1581425.7499073944],[524431.999746165,1581485.5002655135],[524532.0629507927,1581622.1254132285],[524555.6251641249,1581682.6253994606],[524577.4999219133,1581757.0005348145],[524630.6250302033,1581847.6255761439],[524664.4375242714,1581907.2500617483],[524710.6875066948,1581973.499797182],[524760.1876653384,1582018.249629514],[524811.5637226255,1582045.250462166],[524892.1248948058,1582074.3750379866],[524944.0622183668,1582082.374484132],[525019.8126064234,1582101.1250194751],[525052.7495186037,1582107.249542103],[525101.9998824701,1582120.2502469837],[525197.8749209257,1582145.9997491958],[525249.749755162,1582156.4998247088],[525291.4377731129,1582168.0003794986],[525311.8122995495,1582166.000477332],[525419.2503821192,1582109.500295433],[525460.1253887671,1582065.0003391386],[525488.5004989959,1582013.625175717],[525526.3751242007,1581942.3753191947],[525571.687116672,1581877.4997800773],[525625.313033424,1581832.1252982814],[525669.0623864795,1581815.6245411425],[525684.4377669533,1581813.6247202365],[525736.6248852912,1581813.8745962742],[525764.4377541202,1581819.8751966394],[525798.6874296786,1581864.1252768962],[525845.4371641773,1581955.8747197646],[525858.9376211335,1582012.2500042748],[525868.249830657,1582079.8749111507],[525873.8121931455,1582106.7497900275],[525886.4370682138,1582150.375302081],[525885.9998867236,1582205.1255391114],[525882.9995052804,1582300.3748717166],[525894.5625493947,1582378.3750379775],[525913.1870497022,1582472.9998023794],[525933.6250405891,1582632.6250032873],[525938.7502215874,1582755.000228454],[525940.3127797428,1582826.2500849762],[525900.0000144946,1582975.1263907198],[525867.9375465553,1583144.5000887758],[525859.062518522,1583223.12482324],[525864.4374942975,1583377.250150984],[525865.2495304744,1583432.0003880144],[525877.562121441,1583526.5002550278],[525886.1247841121,1583618.2496166355],[525893.8130025422,1583698.6254336152],[525914.1875289787,1583820.125076894],[525952.6878600339,1583972.6252758976],[525988.3752776196,1584051.3749890109],[526008.5624173429,1584137.1247253795],[526030.6244805838,1584206.4997396448],[526067.9370269099,1584273.7498730943],[526096.8127830793,1584328.1253366985],[526124.93793601,1584446.0000303308],[526112.9377104056,1584502.874985656],[526083.4373047722,1584550.2503447444],[526049.3125266023,1584624.2497315463],[526044.8119950679,1584685.2504449796],[526051.8120995837,1584705.7498688046],[526089.7502704996,1584755.2490523222],[526114.4378604968,1584780.125085419],[526349.3752115846,1584918.3752806138],[526395.625194008,1584945.2501594909],[526416.0622097689,1584984.0003665837],[526394.1875332412,1585031.6245453232],[526382.1248183122,1585091.0002112766],[526394.9995694181,1585127.1248916131],[526453.3746748345,1585173.3748740365],[526513.6247850289,1585201.8748003934],[526607.7498786161,1585244.2499571326],[526639.9997332684,1585270.6251651947],[526651.6876747712,1585304.0003965122],[526645.6245850814,1585334.375327647],[526632.062695187,1585360.7504544486],[526581.1248757767,1585402.375007949],[526521.9376529229,1585422.2498635708],[526451.9370140678,1585463.3747462563],[526414.6880134527,1585513.1237245512],[526393.4379051283,1585582.374816554],[526379.062028805,1585635.3749461947],[526363.7501127819,1585716.2505152498],[526339.0614663981,1585772.7497220226],[526292.2503802219,1585846.3753105241],[526259.4997983683,1585874.625442104],[526170.9995565943,1585936.8743980783],[526124.4372088087,1585960.8748492873],[526073.875219211,1585989.8745277193],[526009.8126913966,1586043.8752178974],[525989.6255516732,1586118.3753319003],[526005.2497517981,1586188.7496877953],[526031.3125944982,1586250.62492673],[526058.063632373,1586290.8742275275],[526122.1250225405,1586318.2508899923],[526144.687894243,1586327.875464878],[526257.7497722394,1586375.7495196552],[526318.2496772109,1586395.3754743652],[526397.7499935632,1586416.875377467],[526440.1876396269,1586444.8746578828],[526487.4995342649,1586478.1249105514],[526521.5628794967,1586528.8754245092],[526523.2504163011,1586555.625324737],[526525.7499892825,1586597.6236765375],[526507.2494112375,1586660.6252672635],[526462.4995789054,1586707.624796539],[526422.9373356357,1586749.6251798521],[526389.4371256692,1586804.6252929203],[526382.3122050253,1586869.2498996134],[526399.312632979,1586976.6245177328],[526441.8751764314,1587079.7495367418],[526478.6879706822,1587124.124514387],[526573.6875085102,1587179.1246274551],[526602.7496762668,1587186.374526748],[526654.3746344656,1587203.1251599244],[526677.0624035568,1587210.2500805683],[526728.7497698196,1587227.1246360075],[526763.812619202,1587245.9999874786],[526786.8750804588,1587281.0003475363],[526796.4996553445,1587339.7503076394],[526787.8120952848,1587373.8750858093],[526758.6874382036,1587449.2496440534],[526758.8748249167,1587564.9995381306],[526756.6240715865,1587636.2505322997],[526754.2504523803,1587711.2503171177],[526754.6252258065,1587740.4998715874],[526739.749597408,1587808.7504843136],[526741.3111804373,1587839.2503128368],[526740.4377113223,1587868.4998673066],[526700.8744929265,1587911.875422062],[526630.0627930205,1587978.3750335332],[526533.7504918142,1588045.3753722056],[526474.9370672606,1588093.250402109],[526426.4373878936,1588138.749862554],[526364.8754894469,1588192.8764252465],[526315.4378201279,1588228.250502344],[526252.9994459278,1588270.8744787343],[526182.6874980971,1588360.375199785],[526140.9379659476,1588393.3735449032],[526053.0623736373,1588435.2500872144],[525970.2504481268,1588436.500361268],[525854.1872135615,1588444.4998074132],[525805.5626368058,1588453.124959409],[525781.0009193231,1588465.1252662737],[525731.0000334783,1588517.0001005102],[525700.99995703,1588538.9996744266],[525637.2507697039,1588582.8749812571],[525578.0625717241,1588602.6259146163],[525538.7502044919,1588598.9999085832],[525499.8126106859,1588582.500207831],[525438.0623504003,1588561.5000568046],[525373.6875384841,1588545.6249242555],[525307.6251897636,1588540.999576593],[525224.3750263765,1588557.6252311205],[525200.1871071939,1588597.499758492],[525209.3129863908,1588630.8749898095],[525226.9370886823,1588677.2499508818],[525239.250654775,1588732.2499826895],[525244.0000059605,1588783.3752700733],[525243.6876405983,1588832.8754287171],[525213.9373589273,1588848.4995475814],[525192.6258989254,1588837.7495960307],[525155.1873988243,1588813.7501199478],[525123.6871722848,1588803.8746938985],[525115.8750315921,1588810.0002729127],[525109.6870445138,1588844.1250510826],[525109.1248843744,1588863.125381203],[525116.4996810559,1588951.1248957757],[525128.8747613471,1588963.0002239915],[525177.3754971006,1589000.1253023439],[525215.6873850563,1589036.874632144],[525253.1873180954,1589097.7503669285],[525270.3751327621,1589198.7495299957],[525278.8753873692,1589252.500344136],[525306.6247104871,1589301.624672967],[525330.0620264307,1589325.2504320103],[525386.3124135524,1589358.74958559],[525448.1865961007,1589414.1254472104],[525500.8754980265,1589479.249805979],[525513.9376358455,1589549.6252182603],[525510.6874596253,1589653.8756139344],[525514.0001251701,1589709.875068632],[525528.5624130804,1589813.3748610672],[525509.2497988585,1589861.1249935818],[525500.9379873511,1589923.2500272936],[525500.5621575384,1589934.6246283082],[525498.6872340209,1589995.6253417416],[525498.874620734,1590070.6251265593],[525546.8121399618,1590124.248930538],[525572.1254358094,1590128.8754158476],[525602.7501617213,1590127.2502871072],[525651.0000463112,1590131.2500914405],[525673.9376101795,1590170.1251959219],[525698.1245542361,1590210.2495993308],[525698.4378947242,1590240.8753816294],[525673.8752021155,1590293.499762718],[525691.9999503478,1590405.999480575],[525681.4998748347,1590456.5001184952],[525634.5003455589,1590533.9985011683],[525620.8125018895,1590565.3748867058],[525634.3753669098,1590620.499815902],[525646.1247413506,1590651.375474238],[525658.8121057434,1590692.5003569236],[525681.4998748347,1590740.2504894382],[525680.8752253707,1590760.5001184861],[525665.312458184,1590809.6255037035],[525676.6246511345,1590854.5002334241],[525697.8121888739,1590869.125010659],[525739.0619689481,1590893.3753379057],[525744.6878771476,1590917.624690026],[525742.7504643055,1590978.6254034594],[525735.6868953393,1591040.7504371714],[525733.4371983956,1591072.4985894964],[525777.3125052261,1591216.2497142416],[525806.688013471,1591252.7502243908],[525847.0622929176,1591304.8748534042],[525854.7504300872,1591384.0003963304],[525878.3127246799,1591444.5003825624],[525918.3121494399,1591507.9996125905],[525956.5001963935,1591548.6247432008],[526038.5625750516,1591571.499899005],[526078.6234327496,1591591.750503179],[526105.9991200883,1591653.6246857273],[526106.8746207157,1591705.8753497764],[526142.6879920765,1591902.8745299482],[526208.2496135958,1592003.9996467906],[526240.8128087362,1592060.9995807647],[526276.0004742467,1592116.7502158112],[526300.1873370426,1592158.2498719231],[526325.9378956411,1592188.2500296317],[526352.8752638425,1592222.1249317639],[526389.6870017068,1592266.4989342832],[526428.6870848372,1592322.3745479786],[526497.2500629256,1592449.1252447704],[526525.00044243,1592498.2495736012],[526558.1248225839,1592537.4995327694],[526599.5629644971,1592595.9996168348],[526634.6872468175,1592652.999550809],[526665.9376785798,1592711.2497588368],[526697.124564631,1592771.8747237178],[526713.3130376682,1592823.2508622655],[526709.8754747349,1592893.1255473455],[526708.3742682571,1592900.7502200645],[526691.2499180409,1592919.2498229835],[526683.3753692842,1592926.624619665],[526640.5639249202,1592952.1253022258],[526605.3127136987,1592980.250536417],[526579.749623074,1593023.9998894723],[526562.1869537205,1593097.2496481612],[526567.9377593086,1593157.2499635785],[526586.9995223669,1593278.6256845947],[526589.4376624102,1593323.2495631517],[526587.312862855,1593390.6246752504],[526536.5624301578,1593425.8748300853],[526476.1249332502,1593404.9995764478],[526396.3747408604,1593350.3752931922],[526358.0628529048,1593313.624988266],[526350.5620211877,1593308.3749098792],[526311.4995299933,1593297.0003088645],[526282.4998515612,1593287.1248828154],[526244.8750211335,1593270.7500794516],[526206.9378253436,1593262.0010051932],[526165.0624206796,1593258.1252043832],[526090.0001465372,1593255.875426179],[526046.687974972,1593257.1237499807],[525973.8753977733,1593266.3745265661],[525970.5003241645,1593291.6253330891],[525943.687934612,1593376.1247954043],[525933.8759730132,1593444.5003867794],[525946.1250182688,1593541.4997455135],[525955.8745718036,1593595.2495032675],[525954.6877622005,1593674.0002727672],[525933.1878590989,1593750.9999597517],[525894.9998121454,1593831.2498229563],[525837.1253526697,1593931.2495631336],[525781.4996150119,1594041.4995027862],[525732.6251622186,1594136.6249943895],[525713.6248320984,1594214.9999340766],[525707.9999802854,1594273.250223365],[525706.3749328055,1594324.1245783246],[525703.562994462,1594373.6247369684],[525708.7495271377,1594412.001145761],[525724.3747836492,1594481.1252276022],[525742.4371238174,1594554.1262479003],[525748.4377241826,1594606.499696565],[525709.5001303767,1594630.750105072],[525641.0621309374,1594661.7496044103],[525569.1875436908,1594681.1247079566],[525531.9374866892,1594690.2496120275],[525512.8122591805,1594692.2504893201],[525444.9364198805,1594785.5000010193],[525434.624787467,1594790.2504085912],[525414.8124211698,1594812.6258123203],[525412.0629721507,1594860.8756156499],[525428.9374463294,1594890.6249221948],[525455.5000411046,1594936.0003791167],[525468.6870763123,1594961.7498813285],[525476.0629293802,1595010.3745393446],[525450.1874733933,1595105.001335259],[525400.0002572219,1595163.2495117742],[525375.6249513262,1595289.6255164002],[525378.5003541203,1595361.0003515715],[525381.7505303405,1595419.6253330256],[525368.3750520333,1595480.2502166461],[525327.5624534494,1595523.499898887],[525268.9374719954,1595566.2498290525],[525207.9387900745,1595603.87465948],[525174.6874810196,1595649.8748471264],[525147.0005659658,1595679.6251287973],[525145.1245860618,1595699.8746765847],[525140.811522501,1595754.3750375775],[525150.1872777356,1595820.8746490488],[525162.9370501924,1595861.9995317343],[525144.7498126356,1595913.499511284],[525114.2499841122,1595951.9998423392],[525020.4372558873,1596061.1244865875],[524953.937644416,1596112.4995687485],[524930.2504524348,1596137.2496480704],[524875.0619775277,1596191.5001330255],[524827.9375508634,1596232.1253448962],[524758.0003764587,1596270.624619565],[524727.9378106861,1596295.1238477232],[524684.6245827343,1596338.3745050898],[524661.8754619656,1596373.2499677592],[524639.8748316627,1596424.7499473088],[524635.3753565148,1596447.5002057245],[524628.5002306481,1596503.2497843846],[524626.250452444,1596534.999968222],[524632.6873404338,1596573.3754018887],[524644.6865909123,1596637.3764155046],[524670.6880006742,1596699.2495416664],[524687.2501907512,1596740.3764558646],[524719.6874321166,1596801.1252617477],[524735.5624834051,1596863.999842312],[524739.8120825154,1596890.874721189],[524728.1876054632,1596896.8754028147],[524673.6883008569,1596928.2497568396],[524648.2501076207,1596927.4991536005],[524615.187160405,1596926.4997307106],[524581.1238151732,1596917.7496813263],[524554.687174173,1596908.1250251802],[524519.8128491507,1596882.8752750435],[524498.6252301508,1596869.4997967365],[524474.6871870059,1596861.1245207784],[524443.125446268,1596852.5003439088],[524421.81301114,1596841.7514487444],[524382.6234285234,1596834.1246632524],[524338.4378691037,1596862.1249187945],[524323.187467279,1596902.25037859],[524321.6872359272,1596949.3748865149],[524324.999901472,1597006.6246152662],[524302.9378382311,1597060.7502028327],[524281.03138884786,1597109.6247368865],[524267.28113711445,1597142.250340091],[524245.2814819376,1597193.7504009013],[524253.1888599364,1597225.7494043899],[524271.8747931819,1597279.7500133074],[524299.8115842735,1597322.624922122],[524342.6249788895,1597378.626408332],[524331.7511863366,1597440.624513143],[524324.125457231,1597481.1247463648],[524317.2502501038,1597497.3745710794],[524303.5624876949,1597568.249735436],[524303.6873850835,1597605.1250190113],[524311.7503769399,1597632.124795277],[524335.998672674,1597669.7496257045],[524352.8752596255,1597699.4999073755],[524352.6878729124,1597705.8753624274],[524340.5626686588,1597727.1253894914],[524303.2501223328,1597739.8752432088],[524281.6253218427,1597739.2495373585],[524217.21881833154,1597723.3754611958],[524160.71855517215,1597738.1252170799],[524140.0624611031,1597788.3759789623],[524101.5621300479,1597878.7500878675],[524064.7503109231,1597997.2504060897],[524074.9995352726,1598157.875111148],[524050.5627964389,1598286.8745297573],[524056.187648252,1598350.624610949],[524054.62500883616,1598440.8748788522],[524038.1253080838,1598561.2502018523],[524037.87543204613,1598650.2501144412],[524058.06257176946,1598737.3751035125],[524070.7817090178,1598778.3750888095],[524082.250490952,1598818.249616181],[524090.5939940545,1598836.2505234112],[524121.0621309829,1598919.8754602245],[524144.09395703126,1598996.875147209],[524158.1564928663,1599035.5004569131],[524176.6253793162,1599095.8754644962],[524185.5311238185,1599136.7504711442],[524184.43752000894,1599171.1240689652],[524172.9062487502,1599214.0000341663],[524116.3127797973,1599273.374643733],[524064.71853806754,1599294.624670797],[524028.8437337688,1599302.5002759402],[523974.40586210054,1599333.8745487046],[523939.62368648534,1599346.8752535856],[523890.655946638,1599365.624732542],[523842.21875659545,1599408.7494361338],[523841.2500501744,1599439.2503210437],[523835.28114140424,1599507.7497534212],[523847.96850579703,1599630.2498759765],[523854.5620640311,1599704.2502379043],[523853.3127651034,1599784.250225071],[523853.8124359182,1599849.2496864512],[523847.21895894466,1599897.374592392],[523843.6564173622,1599930.2501528948],[523838.31215805584,1599978.499956224],[523830.5932231567,1600021.4997624273],[523825.0308606682,1600117.9995316071],[523825.7190558431,1600176.4996156725],[523832.968955136,1600269.6262614955],[523834.0011260075,1600317.9999870877],[523834.4691052273,1600343.3747158733],[523822.0623333411,1600414.2498802298],[523825.21727225534,1600476.6257651052],[523833.84339937696,1600565.9994759944],[523852.1248991138,1600632.6250412408],[523869.7182849363,1600680.2502763667],[523893.1248844108,1600745.87430595],[523914.5315817188,1600793.6254948513],[523938.21869243955,1600850.2495990128],[523947.1879826529,1600929.3751419387],[523918.1565313653,1601002.2501272014],[523880.1558711249,1601036.7496787976],[523852.78132143314,1601057.4990599207],[523778.34369675466,1601117.6252478524],[523675.99999745365,1601174.2504084003],[523549.62504921417,1601226.3750374138],[523492.93748060224,1601247.5001670893],[523426.437869131,1601338.375084456],[523402.4691095171,1601372.0001105506],[523330.03130574466,1601448.625024109],[523268.81248912925,1601493.8746085162],[523242.9370331423,1601507.1251081743],[523175.5312045746,1601545.7504178786],[523097.6877898183,1601632.3746797487],[523071.0310141234,1601670.9999894528],[523047.06225450954,1601704.6250155475],[523027.2498882124,1601767.624574761],[523024.43803112936,1601817.1247334045],[523034.7486884169,1601893.7496469626],[523050.8745908691,1601947.7502558802],[523052.7495143866,1601969.3751376309],[523055.7191793607,1601996.1250378587],[523055.1559628349,1602013.9999913138],[523054.9685761218,1602020.3754463657],[523044.9067384854,1602056.8749001282],[523018.4691223592,1602128.6255651123],[522987.93752098025,1602168.3751950953],[522941.2185029507,1602236.8746274726],[522912.6878601248,1602294.500267297],[522875.40603026777,1602346.8747723482],[522823.718664005,1602411.3755380393],[522771.2191803048,1602462.0000169615],[522706.90580132673,1602523.6253798588],[522664.4999281184,1602577.0003641865],[522618.8111307084,1602612.500395059],[522602.8745652213,1602633.6255247344],[522576.5004948061,1602663.3747500188],[522556.53243339085,1602690.750356097],[522548.6251366526,1602699.3765644792],[522533.8436891737,1602724.3754634522],[522515.4680085173,1602741.624711057],[522483.93698424834,1602773.7496683206],[522444.34402450954,1602818.3755783902],[522435.56220226985,1602833.1252530136],[523519.468302522,1602729.1247333772],[523680.0939014458,1602991.25030383],[523941.12481170264,1603334.1254895627],[524161.9689104863,1603676.8746402601],[524402.9375784084,1603999.500196945],[524804.5002349197,1604584.2502676963],[525065.4993723211,1605108.5003522157],[525145.8126999761,1605290.0003109118],[525266.312920365,1605632.875415384],[525306.437323774,1606520.125336035],[525185.9995927098,1606923.3755293507],[525185.9995927098,1607387.1256276378],[525105.6872401806,1607649.250222965],[525306.437323774,1607951.7500728643],[525507.249896692,1608032.3747094953],[525868.6246040832,1608334.8744781343],[525908.8125532033,1608617.1247802465],[525969.0001740732,1608738.1246714501],[526049.3125266023,1608859.1246439142],[526169.8127469912,1608980.1255915042],[526189.8749080654,1609141.374864766],[526169.8127469912,1609262.37483723],[526129.624797871,1609383.3747284336],[526069.4371770011,1609645.5002988863],[525928.8747142776,1609827.000176322],[525868.6246040832,1609948.000148786],[525888.687821544,1610089.1247716488],[525928.8747142776,1610169.7503834057],[526129.624797871,1610270.6257054708],[526049.3125266023,1610411.7513034598],[525989.124824472,1610512.624512752],[525908.8125532033,1610694.125446574],[525808.3744938888,1610835.2500694369],[525567.4375175618,1610835.2500694369],[525366.6874339684,1610835.2500694369],[524945.0626163827,1610815.125419038],[524603.6876620018,1610794.8748148642],[524141.90666815155,1611137.7499193365],[524081.6565579572,1611480.5001264203],[524081.6565579572,1611984.6245041543],[524021.4382206183,1612206.3748200345],[523860.81254043395,1612650.0002679229],[523720.2500777104,1613053.3753586272],[523519.468302522,1613315.499953954],[523378.93761265394,1613638.1254293786],[523178.15575620503,1613960.7500109375],[523057.68730867177,1614202.624895956],[522776.59415608016,1614525.250452641],[522615.9684758958,1614747.1256659096],[522575.81229963124,1614888.2502887724],[521973.468924318,1615513.3746389705],[521672.28078141005,1615634.374530174],[521351.0315338144,1615775.5002094235],[520969.5628924933,1615896.500100627],[520608.124639391,1615977.1247372578],[520407.3438393286,1616138.4999642945],[520166.4058878756,1616239.2503077106],[519564.06243130186,1616360.2502801747],[519202.65595105506,1616440.8749168057],[518700.7188622008,1616521.6255072115],[517777.12510164484,1616582.1254934436],[517435.78086373286,1616602.2501438423],[516973.9691534136,1616582.1254934436],[516632.6566070966,1616501.3749030377],[515990.15599913226,1616380.3749305736],[515407.8747848933,1616319.8749443416],[515146.8745911055,1616259.4999367585],[514986.24996730767,1616178.7504027393],[514805.5313283195,1616118.2504165072],[514624.84348706086,1616057.7504302752],[514444.1249293332,1616017.500073091],[514283.4992491489,1615957.0000868589],[514082.71739269997,1615856.1248460542],[513902.0315829539,1615735.1259299768],[513761.4691202303,1615775.5002094235],[513580.78127897164,1615836.0001956555],[513440.2198726346,1615876.375450228],[513279.5941924503,1615916.6248322863],[512737.46915447584,1616118.2504165072],[512616.9996505561,1616178.7504027393],[512476.46896068804,1616259.4999367585],[512396.1566081589,1616420.7502664067],[512376.0626742291,1616501.3749030377],[512356.00051315484,1616642.6253984151],[512376.0626742291,1616763.5004734905],[512356.00051315484,1616884.500364694],[512215.43699404475,1616904.749993742],[512135.12472277606,1616844.25000751],[512054.8123702469,1616763.5004734905],[511874.12452898826,1616763.5004734905],[511833.9683527237,1617005.500337158],[511713.49990519043,1617267.6248512245],[511653.24979499605,1617489.5000644932],[511552.8742250061,1617610.5000369572],[511392.24960120826,1617731.4999281608],[511332.00046613987,1617912.874908208],[511291.8433147493,1617993.6254986138],[511030.8440960875,1618275.8747443394],[510930.437890889,1618175.0004786607],[510870.2184971637,1618074.2501352446],[510789.9061446345,1617993.6254986138],[510669.43769710127,1617933.1255123818],[510548.9691683075,1617872.6245510236],[510468.6558406523,1617933.1255123818],[510227.7188643253,1618013.7501490125],[510127.3125778663,1617973.37489444],[510026.93708913686,1617933.1255123818],[509886.37462641334,1617872.6245510236],[509745.8439365453,1617852.374921976],[509765.9061788801,1618074.2501352446],[509625.3437161565,1618094.3747856433],[509444.6558748979,1618094.3747856433],[509263.93829229625,1618255.7500126802]]]},"properties":{"FID":0,"ZONE_":"C"}},{"type":"Feature","id":1,"geometry":{"type":"Polygon","coordinates":[[[359947.2184755147,1651846.875036966],[359780.25022035814,1651921.7499875703],[359650.37626775145,1651977.8754052042],[359520.5003100709,1652034.1247015325],[359260.75039978354,1652108.874727317],[359130.87548822846,1652127.6251320585],[358796.9060249622,1652239.875008378],[358648.46909843234,1652370.8752894388],[358537.15620185196,1652576.7494749788],[358796.9060249622,1652763.8752608506],[358963.8754134213,1652857.4995700712],[359464.8438181921,1652894.8745829633],[359687.4686524045,1652913.624987705],[359854.46872721164,1652969.750492516],[359854.46872721164,1653082.000281658],[359724.5937284794,1653250.499541483],[359724.5937284794,1653456.374685971],[359761.68715925794,1653624.7499799242],[359873.0296960608,1653924.12459599],[359873.0296960608,1654186.1252452892],[359873.0296960608,1654335.8749721434],[359761.68715925794,1654504.2502660968],[359631.8111144003,1654635.2495882092],[359483.3751468188,1654672.7495259214],[359205.0939950819,1654728.8749435553],[358982.437428396,1654728.8749435553],[358592.8126065536,1654504.2502660968],[358295.96830653935,1654242.250662923],[358128.96823173226,1654092.6258608887],[357832.1249778435,1654017.749951336],[357609.46849833475,1654017.749951336],[357071.4066627854,1654017.749951336],[356811.6557935497,1653905.5000750166],[356700.3438559177,1653849.374657383],[356533.37455463567,1653736.998810118],[356347.81246485387,1653736.998810118],[356069.5312259398,1653736.998810118],[355828.3126442792,1653680.8754847352],[355661.3433429972,1653587.3740080837],[355364.4682694578,1653362.7503767507],[355216.06202927604,1653175.6246780558],[355030.53167196765,1652894.8745829633],[354937.750104014,1652745.2496937518],[354844.9685360603,1652520.6251034704],[354770.78071555484,1652352.2498095173],[354715.0936245052,1652146.374577852],[354473.9057291926,1651959.2498381054],[354325.4687154857,1651846.875036966],[354139.937399229,1651846.875036966],[353972.9690568953,1651903.125466597],[353787.4376534615,1651996.6248509975],[353694.6550393823,1652015.3752557393],[353490.56266709924,1652165.0001449506],[353416.3441602458,1652052.7502686314],[353360.687668367,1651828.2495570444],[353249.3758179121,1651734.6252478238],[353063.8433683528,1651678.499743013],[353063.8433683528,1651491.3750032664],[353186.7807243047,1651449.124784016],[353246.8434967867,1651237.1250106147],[353171.7812025409,1651085.6252901542],[353021.6248815758,1650979.624880391],[352901.5312434396,1650813.124504864],[352841.4684709576,1650676.750277113],[352796.43703989004,1650343.6246012389],[352736.3754007107,1650010.5000586677],[352646.28080610203,1649692.4998755031],[352526.18708078866,1649480.500189279],[352376.0307598236,1649298.750355171],[352331.00037488155,1649071.6251762374],[352270.93768957665,1648632.3752119057],[352105.78080072225,1648375.0000065018],[352030.71850647643,1648268.9995967385],[351925.6254362295,1648117.499876278],[351790.50045667886,1647981.25048617],[351700.40586207027,1647845.0001371133],[351655.37643607653,1647708.6248632367],[351685.4062531293,1647526.8750291285],[351790.50045667886,1647390.624680072],[352015.7189847126,1647208.8749331413],[352120.8121421367,1646981.7496670305],[352135.812710026,1646724.3755077524],[352090.7812789584,1646421.4998583486],[352000.6877304753,1646239.7510703662],[351880.59400516195,1645997.3753867263],[351745.4690256113,1645830.8750983765],[351595.3127046462,1645649.1252642684],[351445.18715720624,1645482.5000510986],[351219.9686291724,1645300.8752289878],[351009.78135537595,1645164.499867934],[350904.6871518264,1644982.8750458232],[350754.5626505119,1644907.1246625301],[350289.12493937794,1644710.2503818383],[350033.8745020404,1644604.2500592521],[349823.6872282439,1644528.499675959],[349688.56224869326,1644437.6247589053],[349673.56272692943,1644240.749519265],[349598.46870021016,1644013.6252992798],[349478.3749748968,1643892.5004429326],[349328.2504735823,1643740.9995891694],[349298.21856427856,1643559.3747670588],[349298.21856427856,1643317.0001295442],[349268.1877011003,1643059.6258830887],[349193.1254068545,1642923.2495630865],[349042.96917306655,1642756.7502336851],[348832.78085314453,1642559.874994045],[348682.6246193566,1642438.7501376977],[348442.40648238186,1642241.8748980574],[348172.15652328054,1642075.2495977106],[348022.03088866343,1641923.874714893],[347871.90638734895,1641802.6249337257],[347721.75006638386,1641681.5000773785],[347691.7192032056,1641348.37544763],[347661.68738107895,1641045.4997982264],[347616.6559500114,1640863.7500512956],[347541.5936557656,1640530.625421547],[347496.562224698,1640348.874715668],[347316.3751277318,1640136.8749422668],[347016.09325932676,1639955.1251953358],[346895.9995340134,1639864.250278282],[346685.8122602169,1639743.1254219348],[346535.6560264289,1639591.7495801686],[346505.62516325066,1639455.3752652404],[346325.46875263244,1639349.3748554771],[346040.21918459015,1639243.374532891],[345875.0623829129,1639137.375169253],[345739.9373161851,1638758.875020325],[345604.81233663444,1638577.125273394],[345274.4996922282,1638334.7486308056],[345019.25021383906,1638243.9996846972],[344824.09323533153,1638122.7499035299],[344598.8736611722,1637986.4994672963],[344283.59331712883,1637774.4997810721],[344268.5619757144,1637577.6244542548],[344253.5624539506,1637395.874707324],[344343.65600243374,1637229.3744189742],[344583.8741394084,1637199.0005138093],[344703.9688236702,1637093.000104046],[344974.2187827715,1637093.000104046],[345124.3751037366,1637168.7495283906],[345214.4379658717,1637305.0008363954],[345424.6252396682,1637380.75026074],[345589.7810823971,1637289.875343686],[345559.7502192189,1637168.7495283906],[345724.9060619478,1637062.7501647526],[345814.9996104309,1637123.3750553362],[345875.0623829129,1637062.7501647526],[345905.0942050395,1636986.9996942824],[346115.28147883597,1637047.6245848662],[346250.4064583866,1636896.1248644057],[346400.53104687826,1636881.0003306447],[346445.5942104193,1636729.6244888788],[346460.5937321831,1636578.124681241],[346550.6872806662,1636441.87537831],[346430.5628690049,1636214.7501121995],[346490.62459536135,1636048.1248118524],[346520.656417488,1635896.750016212],[346640.7501428014,1635805.8761452835],[346730.8436912845,1635730.124715865],[346745.8433002254,1635609.0009056432],[346640.7501428014,1635503.00049588],[346790.90646376647,1635457.50005188],[346911.0001019027,1635457.50005188],[347076.1559446316,1635397.0000861166],[347106.18890006084,1635139.4999558926],[346986.0623961485,1634988.125073075],[346895.9995340134,1634791.2498334348],[346895.9995340134,1634609.500086504],[346895.9995340134,1634306.625483226],[346775.87512235204,1634064.374724406],[346610.7183206747,1633852.3739048792],[346490.62459536135,1633625.124760074],[346340.46827439626,1633443.4999379634],[346310.4692308686,1633231.375239742],[346205.3432948456,1633140.6253346852],[346070.21831529494,1633034.624924922],[345769.96922548884,1632822.6261976461],[345604.81233663444,1632671.1254310603],[345574.7814734562,1632504.4990845877],[345544.74965132953,1632337.9997551863],[345529.7500423886,1632035.1251519083],[345454.65610284643,1631883.6253442706],[345244.46882904996,1631656.5001653372],[345079.31298632105,1631565.6252482831],[344824.09323533153,1631565.6252482831],[344538.81298094126,1631565.6252482831],[344448.75011880614,1631474.7513773546],[344178.5001597048,1631338.5010282982],[344073.40700228076,1631202.249633116],[344103.437865459,1630914.4994764219],[344118.4374743999,1630687.3752564366],[344313.6251392555,1630581.3748466733],[344583.8741394084,1630505.6244633803],[344719.0001650846,1630217.8753528115],[344688.96825578087,1629930.1251961174],[344568.8438441195,1629733.2499564772],[344508.7811588146,1629566.7495809502],[344313.6251392555,1629233.500113559],[344253.5624539506,1629082.1252307412],[344238.5311125362,1628809.499520631],[344238.5311125362,1628582.3753006458],[344163.4689054675,1628400.6245075895],[343998.3120166131,1628006.8750744346],[343968.3128859083,1627825.2502523237],[343953.281631671,1627688.87489127],[343953.281631671,1627476.875205046],[343848.18742812146,1627279.9998782286],[343713.0624485708,1626795.5014989653],[343773.1252210528,1626492.6248034362],[343863.1870370624,1626068.5004189909],[343998.3120166131,1625690.0002700626],[344253.5624539506,1625296.249790782],[344493.7815498737,1624963.1251610338],[344703.9688236702,1624690.4994509234],[344899.15657570283,1624448.249738229],[345109.3438494993,1623993.8753273133],[345244.46882904996,1623887.8750047272],[345634.8442459382,1623736.5001219094],[345830.0001783202,1623645.6252920325],[346055.2187935311,1623615.2503407423],[346208.84336923505,1623584.249719226],[343474.2185717937,1621766.1254463892],[342333.25011420134,1619254.5002576204],[340969.65586344816,1617209.1247477273],[339258.81298104854,1616572.125070015],[339083.4376254937,1616652.624775898],[338971.8441929252,1616749.250419176],[338557.3126049546,1616813.7512047347],[338254.4061820259,1616910.374842939],[338015.2499496101,1617039.2503559336],[337648.5627369977,1617135.8749530863],[336978.93736898305,1617135.8749530863],[336867.3439364146,1617087.62511692],[336468.7498960722,1616974.874495195],[336086.1251358315,1616829.875137056],[335831.03135578753,1616700.9995368843],[335512.15669888264,1616588.2500484618],[335017.90677359997,1616378.749817587],[334810.6563227887,1616201.6255145515],[334667.15606249025,1615943.8754475105],[334635.2809672338,1615686.1254676466],[334523.6874474882,1615557.2499546518],[334396.12473481806,1615412.24946321],[334220.7504253887,1615186.7503991884],[333806.21883741807,1614961.250201864],[333216.34362636606,1614864.6245585857],[332897.46896946116,1614832.374688869],[332514.81247674697,1614864.6245585857],[332084.34438727365,1614816.2497975994],[331669.84348565096,1614848.5006262644],[331335.03136829496,1614896.7504624308],[331111.81268350745,1614961.250201864],[330904.5622326961,1615057.8748861935],[330713.25037563854,1615122.3745384498],[330282.7812400397,1615235.1251601747],[329613.15587202506,1615396.125618066],[329437.7815625957,1615299.4998876108],[328433.3440772251,1615299.4998876108],[328034.78176935617,1615347.8747357742],[327412.9997305742,1615380.1246054908],[327094.12411472097,1615557.2499546518],[326727.4378610569,1616024.3751533933],[326265.06294385355,1616314.3740440255],[325515.7499248749,1616491.625364132],[325324.40633534384,1616346.6249598677],[324830.1870964092,1616330.4999814208],[324650.99931082624,1616272.2497957207],[324383.74963965704,1616185.4995771563],[324224.3435642038,1616072.7500015567],[323905.4689944761,1615895.4996403987],[323746.03118654946,1615702.2503589164],[323538.782740812,1615170.6254207415],[323443.1247636208,1614800.1248191525],[323251.7811740897,1613785.2497037894],[323267.7504541914,1612979.874732124],[323076.40581853484,1612303.250348633],[323092.37509863655,1612045.5013277174],[322932.93729070993,1611304.5001245395],[322709.7186059224,1610386.3745311492],[322677.84351066593,1610064.124811852],[322709.7186059224,1609355.3754834644],[322773.50044173165,1608034.500464894],[322805.37553698814,1607551.2502877056],[322757.5628941034,1607228.9996094601],[322598.1250861768,1606729.6265460758],[322295.18701795174,1605940.3754195545],[322167.65595057793,1605441.0003510963],[322199.5310458344,1605134.8744769434],[321976.3440935203,1604700.000106867],[321880.6871624546,1604313.3746140082],[321737.1878611046,1603894.5002103813],[321689.34357292356,1603636.7502305172],[321689.34357292356,1602992.4995954377],[321705.3128530253,1602638.0000064238],[321705.3128530253,1602235.375506064],[321657.4684776671,1602058.1252320828],[321577.75005317794,1601896.9998493716],[321593.6876008062,1601494.3753490115],[321689.34357292356,1601123.8746602454],[321960.4065458921,1600672.750474079],[321832.84383322194,1600092.8746536125],[321848.7813808502,1599416.2492239962],[321721.25031347637,1598401.5000795785],[321561.81154660136,1597821.5002932404],[321498.0316286888,1597048.3751912913],[321513.96917631704,1596065.7498584678],[321577.75005317794,1595179.7502560993],[321641.53093003883,1594712.5001325377],[321962.46889513696,1593810.374505597],[321767.7809295616,1593113.3736024527],[321769.0005375396,1593094.2503411477],[321789.21839482547,1593045.8745340358],[321810.6250865643,1592954.1252304185],[321835.8748946792,1592887.7495264336],[321872.5309578219,1592811.2495070433],[322001.84375127533,1592702.7495547535],[322113.49968984234,1592637.5002664],[322277.15643473074,1592546.7503613431],[322354.50015433633,1592484.1245813877],[322509.3750243662,1592434.1246644382],[322605.81227787735,1592389.2498906641],[322714.93790039286,1592327.8754511604],[322834.18783831387,1592270.2498895605],[322895.0932648856,1592234.4999454543],[322980.09453596926,1592178.2496030005],[323044.7191130454,1592109.2504777946],[323077.56292051426,1592034.1247186018],[323114.21907083405,1591949.8750886894],[323154.7182503529,1591880.999842178],[323238.218331345,1591736.9997954224],[323284.9997560187,1591640.0004238097],[323330.53088636644,1591550.7495294162],[323365.9059688352,1591464.1252817975],[323415.21875568596,1591369.7514236567],[323454.43791347917,1591302.1254253457],[323534.28126278834,1591217.8737903596],[323592.5622220136,1591151.5001786256],[323641.99993368436,1591099.1245978442],[323704.12496823404,1591044.250520662],[323777.65634498873,1590988.0000910307],[323919.71896731964,1590893.5002619445],[324040.21919956664,1590817.9997282915],[324159.4383639626,1590725.9984827833],[324255.8438850002,1590667.2495567515],[324409.3752683575,1590585.3746317225],[324520.749624811,1590406.7500975437],[324524.37453684333,1590330.3750029735],[324516.5000015013,1590218.2501386513],[324485.7185432773,1590083.3750087407],[324453.78102919937,1590005.7496198444],[324386.125390666,1589871.0004608794],[324349.0310009391,1589756.3749207282],[324364.0939876499,1589673.625434782],[324412.1564801746,1589578.0002361897],[324438.71900143696,1589532.0000929097],[324554.156596507,1589468.1250647537],[324630.31252778525,1589441.1252630327],[324772.5624937577,1589423.0004413396],[324858.9675780843,1589437.9999631036],[324902.2183291978,1589463.3746960384],[324993.8437541204,1589524.3754072078],[325350.78151296463,1589518.3747441664],[325395.06234898645,1589437.9999631036],[325415.09382157924,1589313.1252699038],[325414.8439719391,1589199.8749488988],[325419.6874458239,1589101.7501206028],[325439.7814244153,1589001.1247036553],[325453.56238432665,1588919.4996282663],[325480.030754294,1588829.125543795],[325544.62473219924,1588735.9998877293],[325649.68711609824,1588575.249279478],[325686.437417713,1588534.3753254993],[325831.18701338896,1588503.4996288032],[326035.78117720323,1588534.7500999593],[326107.00035507296,1588570.250107248],[326290.250333147,1588718.8744645966],[326553.2503810065,1588727.1249077015],[326583.46858782624,1588622.6246419041],[326582.03190880717,1588542.3747856612],[326557.68734795775,1588454.6251685366],[326525.6873278812,1588351.5001218854],[326483.5620334508,1588256.1258190586],[326429.9372044689,1588138.9996902556],[326336.90683300066,1588013.2504361386],[326261.78107380786,1587930.6249160639],[326179.03158786154,1587855.6251278166],[325821.6566357357,1587678.2498418384],[325534.28125350166,1587552.8753621813],[325416.0625337916,1587516.1250605667],[325297.74957560946,1587433.7504362576],[325216.0619942221,1587272.125354266],[325271.4061304622,1587028.7501848885],[325283.87533617445,1586925.6252254145],[325295.1250210859,1586850.3745414016],[325343.1250076121,1586729.2496850544],[325362.06293034955,1586675.7497808926],[325347.7504515074,1586525.5002675809],[325320.90626095445,1586454.2504033633],[325264.71842449915,1586323.250035125],[325264.4695338074,1586212.3754651288],[325307.3127318617,1586058.2501440193],[325343.9687950044,1585989.3748103308],[325383.28123232134,1585953.624953402],[325486.12565580744,1585938.1246862325],[325528.0624732937,1585943.1249045879],[325651.3439173578,1585960.6250150036],[325735.21877281007,1585976.9998430905],[325822.87519758823,1585986.8752678044],[325902.93762301235,1585999.5001718618],[325937.24984197377,1586004.5003902174],[326023.68770489946,1586025.8753494825],[326091.03107497125,1586039.7495017406],[326186.34400510194,1586048.4995569484],[326291.8128959345,1586065.9997545413],[326412.5301992226,1586077.2503984012],[326538.28154559067,1586081.999720991],[326648.8121146518,1586077.8751096784],[326821.5004968616,1586053.2488795384],[326919.1244925746,1585962.6259043755],[326987.4058885108,1585832.5000970548],[327025.21914081,1585696.249747998],[327196.31209445617,1585525.1249747013],[327266.1253668319,1585503.2503161558],[327395.78120227205,1585528.5001242708],[327480.96877087175,1585567.750055589],[327736.06255091575,1585465.249633038],[327761.12492821197,1585312.3746934314],[327757.09342206887,1585220.6253026372],[327733.9684691974,1585098.500001604],[327612.687914505,1584844.0001593123],[327537.28161932423,1584643.0002211824],[327495.1245052432,1584534.8750433528],[327457.9379692952,1584385.8747782416],[327418.24979856977,1584252.249942657],[327361.9686825908,1584085.624729487],[327373.18759397714,1583983.6250523417],[327357.62490798614,1583844.8751607588],[327341.9689424715,1583667.8746492406],[327353.15612138435,1583562.12522242],[327429.0315166745,1583401.4995389888],[327497.50025625224,1583356.749690035],[327652.3126202835,1583276.125059332],[327748.6249489746,1583183.0004493915],[327795.31222235336,1583035.1256409634],[327794.9998667147,1582908.9995201353],[327760.4685716382,1582807.2497798072],[327680.28113421693,1582733.625210706],[327514.78120337584,1582574.7495208809],[327351.9375595319,1582465.6249444908],[327242.49966855475,1582387.0001570343],[327168.6876686349,1582328.500121694],[327091.06236691575,1582265.1247056413],[327024.9057390458,1582224.4995551768],[326994.37421763904,1582200.375203745],[326748.40631338855,1581852.0001564673],[326678.2499990262,1581728.624473931],[326625.8437318967,1581588.6252469704],[326637.0309979867,1581484.2499931704],[326658.5001085469,1581423.0004784865],[326706.6251070703,1581361.7499176771],[326777.530970353,1581258.3750213857],[326861.030964168,1581118.1248986595],[326929.4371977471,1581025.000288719],[327057.43727805314,1580898.6253643765],[327181.719079626,1580801.500021818],[327276.84353281255,1580741.3748305147],[327325.0309501574,1580700.6247552303],[327427.7811351714,1580635.3754668767],[327475.96855251625,1580600.8748581484],[327568.5309571778,1580527.9998379673],[327653.4379897894,1580436.1245634046],[327781.31201197277,1580252.4998108705],[328184.74961337715,1580019.6248646611],[328282.53139968624,1579999.1253380845],[328433.7495380332,1580029.250439735],[328524.0622498084,1580073.6254270517],[328613.0621612591,1580111.625064044],[328676.5942346054,1580122.8747489555],[328785.781316994,1580098.5004607064],[328948.2194128528,1580016.499564732],[329043.34395321645,1579958.9998869004],[329161.2503172878,1579854.2498586401],[329260.06227568246,1579736.8748391455],[329313.24982420565,1579657.7503524085],[329351.1869551994,1579580.0001258692],[329406.9059530767,1579503.500193656],[329510.7497751232,1579369.4995374857],[329557.625438269,1579306.9996412988],[329632.4060632241,1579240.6249834395],[329717.3120497102,1579144.874860027],[329816.1874730518,1579059.2500109687],[330011.2184806138,1578792.6250510768],[330079.56229537143,1578687.9998604595],[330189.8122412674,1578560.3746417908],[330397.87474699755,1578449.1252101574],[330494.37546545564,1578432.3746486618],[330612.4057953987,1578387.4998748878],[330725.40626676375,1578357.8745596947],[330885.40627996915,1578325.624689978],[331021.18761609355,1578262.9999561482],[331188.6249713594,1578156.874621565],[331298.9998420754,1578089.1247445594],[331409.21910162334,1577970.3745059187],[331467.4376420271,1577865.7503614267],[331498.9071892983,1577739.6253739013],[331583.7497108375,1577623.4996026068],[331690.12489506096,1577478.1254700078],[331748.4058542862,1577414.2503546749],[331818.15662066336,1577358.0000122208],[331871.37494271167,1577308.2499449113],[332056.6564093283,1577217.3751150346],[332156.968511689,1577205.6246847175],[332273.812012253,1577192.6250061998],[332348.6561893322,1577149.1244926234],[332393.06299629953,1577119.749986019],[332439.5628388597,1576898.1246375442],[332369.3122860252,1576730.1251641766],[332376.68712208705,1576620.6247672008],[332390.56232047046,1576578.5004317188],[332429.7815654408,1576515.9995765835],[332453.84349805117,1576480.2507657802],[332481.6564008166,1576424.2502729665],[332511.9995324564,1576360.5000824535],[332496.6252362324,1576301.875035116],[332481.3440451779,1576286.6256637122],[332388.46823875216,1576225.749877363],[332363.0310869958,1576206.749535804],[332314.5938200109,1576141.8750219105],[332304.3743071849,1576112.624481178],[332305.49967669084,1576052.7501856398],[332326.9688744282,1575990.25037663],[332357.3745120666,1575960.874911077],[332491.9065999905,1575903.2503084256],[332574.4379687703,1575886.4996597532],[332657.00002389797,1575886.374734933],[332752.3128668515,1575901.3753899995],[332823.5003122478,1575921.6249797589],[332885.75035879464,1575927.7484753693],[333010.2502775341,1575930.0002605065],[333165.2491134357,1575937.3750965684],[333251.6880224868,1575966.3747415356],[333368.68713421887,1576015.7489882596],[333436.09396923764,1576044.8746041723],[333504.75013963395,1576075.3754392313],[333593.7500510846,1576106.999638722],[333672.56226935994,1576129.6249794904],[333785.68757836794,1576158.7495492778],[333870.8127281462,1576172.499822841],[333938.18783069146,1576185.1247268985],[334098.2810362434,1576198.7500756418],[334217.71831780596,1576213.6237136372],[334321.96873396315,1576250.3750613777],[334395.65572188585,1576257.8748222594],[334581.0939329731,1576243.3749997758],[334650.90615922335,1576217.7504172008],[334714.3122616241,1576171.7502739208],[334844.9060357515,1576061.875102485],[334871.5003766644,1576018.5004726772],[334914.5001448351,1575948.3749318398],[334957.53173265647,1575878.250349951],[334978.9691107432,1575808.1248091136],[334983.9682829732,1575772.4997898277],[334957.71907629794,1575742.3747753545],[334993.624631572,1575702.1254454758],[334998.7497747475,1575648.4995703683],[334996.78166397475,1575563.24949577],[334985.5002465899,1575459.1251377356],[334974.12459073286,1575352.375179052],[334972.9377613539,1575300.2494479106],[334956.59370679205,1575197.500309022],[334941.65660384967,1574991.5001525367],[334947.9675302787,1574879.3752010374],[334946.7817470252,1574827.124632253],[334936.78139749134,1574780.250015233],[334926.1563366802,1574704.1247703026],[334913.2815829826,1574642.1257066985],[334896.56275396066,1574522.7497978318],[334913.81205578794,1574114.8752294763],[334897.8745081597,1574028.7497221893],[334880.09377457877,1573919.625058622],[334867.7187201614,1573879.124832978],[334831.90635723394,1573759.1253461365],[334804.5307349273,1573618.3744780046],[334754.2810555147,1573478.2503262241],[334688.75009787054,1573337.2496084522],[334632.34414424864,1573205.0000791906],[334600.12496088,1573130.623868918],[334559.4373915942,1573019.5004082303],[334528.3435777315,1572938.7498065818],[334467.2814938663,1572825.6254565222],[334433.3123168915,1572729.7504082897],[334409.59342626785,1572582.6251487818],[334398.78102181514,1572444.1260657874],[334403.06229042116,1572354.875258571],[334406.2500091719,1572271.9998888564],[334416.4685630495,1572109.9999452275],[334456.0000764814,1572005.8745410675],[334495.40666509327,1571951.5001631654],[334586.9379387209,1571897.1247391377],[334667.62603437086,1571869.6252381364],[334794.4064195218,1571857.6249581792],[334917.8127884059,1571863.624575095],[335006.8752058552,1571867.750232533],[335128.59399995464,1571857.2501837192],[335208.0943072772,1571832.3751500645],[335405.187664084,1571782.9999443921],[335545.9067125653,1571713.3750617835],[335652.28085066326,1571642.0002727457],[335726.3120138752,1571547.2495478936],[335797.3438481034,1571376.249699417],[335829.78106146154,1571295.250294254],[335884.09397949063,1571115.6253153894],[335936.7183637867,1570862.2498836552],[335979.59329431446,1570737.6249529186],[336047.18756015185,1570637.9999806567],[336136.65648453473,1570550.500213172],[336192.56273887644,1570495.6250898642],[336339.15656663064,1570405.4997217304],[336510.0621766353,1570377.2496256835],[336658.09364235704,1570349.3753502222],[336751.9995336911,1570343.3746871809],[336861.1559297317,1570338.1246191852],[336944.7184295453,1570324.6252413874],[337075.9378738984,1570284.4997902033],[337153.4372046721,1570227.8746732892],[337285.5629424162,1570116.5003168357],[337400.4997920805,1570032.124803155],[337513.21859415487,1569904.6245093062],[337667.7504221981,1569773.6251871935],[337721.25032636,1569723.8752070612],[337760.7183748449,1569617.2501731976],[337771.9997922298,1569499.875153703],[337732.0628179898,1569365.8745847098],[337669.37453203584,1569237.4997299435],[337631.2817026969,1569128.8748528338],[337598.06216181954,1569011.250070876],[337577.7808395867,1568902.2503321287],[337561.84329195844,1568762.62492068],[337550.2188325869,1568644.5003522648],[337556.7816137299,1568543.7500104972],[337584.4685455497,1568476.874607232],[337649.62464155664,1568380.9995589997],[337740.7186347256,1568308.7502090444],[337798.4998946707,1568279.3747434916],[337872.5934767041,1568241.8748057794],[337985.6553207651,1568240.3746618133],[338049.4065574035,1568249.1247170211],[338107.87486027024,1568250.250086527],[338125.5317151567,1568244.6252440715],[338201.7500652564,1568188.1250519773],[338317.78159807867,1568150.8749639054],[338402.03114081395,1568111.8749694042],[338497.62460693275,1568068.8751140565],[338653.3432643549,1568043.3754563015],[338777.9067352185,1568045.5003115449],[338884.81239224726,1568053.1249972468],[338993.59392665065,1568086.125462009],[339072.1255217608,1568129.9997039202],[339200.7184065164,1568195.6248128593],[339324.7196721012,1568283.124580344],[339380.5307290225,1568333.8750923392],[339473.9062347284,1568470.5002158561],[339716.40579706297,1568571.5004072639],[339945.09371313814,1568569.7504136579],[340103.3436455603,1568489.625482235],[340175.28168600233,1568358.0004898966],[340221.4999464489,1568267.75028412],[340276.37506975676,1568166.9999423523],[340348.21895890386,1568087.6245598497],[340441.59341848426,1568058.6249148825],[340599.75024573697,1568138.8747711254],[340702.03141781874,1568276.375414508],[340744.65641152934,1568362.0002635662],[340763.1877401561,1568393.374613417],[340840.28169729875,1568485.74958726],[340875.0935283632,1568507.7492578027],[340988.531280187,1568466.8752166466],[341019.7489727443,1568388.375441187],[341054.7185072278,1568251.2494850876],[341080.96876002854,1568122.000243758],[341101.49993190146,1568021.0000523503],[341108.0924404441,1567810.7503597324],[341095.8126706243,1567663.2503257643],[341075.65627321147,1567560.6249783933],[341048.0932200862,1567468.3749293704],[340946.8124926902,1567153.7498957752],[340860.24970494455,1566982.7500472984],[340815.74970563065,1566926.498658719],[340760.8120763242,1566857.7503421016],[340726.5316770134,1566803.8747045312],[340683.09358225844,1566738.7503409977],[340655.6565000787,1566706.2495755157],[340491.5308294352,1566586.7497879546],[340437.5312259932,1566559.9998358735],[340294.53162392334,1566530.3745206806],[340109.34230352775,1566490.375040442],[340021.90600099013,1566445.375341848],[339955.24976101716,1566420.2515046785],[339917.2808103728,1566372.750171307],[339876.3126179218,1566248.999801488],[339855.0932698245,1566155.2495213218],[339849.2503973793,1566122.2501026848],[339798.5623913825,1565962.9996383998],[339889.53145973146,1565720.2502264252],[339918.12459776516,1565636.750145433],[339959.7501929153,1565513.499474894],[340000.3753433797,1565401.7503439805],[340024.0307690564,1565325.998914562],[340035.4688437348,1565270.9999125595],[340052.93626272876,1565201.749891588],[340089.59337199695,1565027.7497551793],[340114.81249376386,1564964.750159712],[340133.6254045041,1564898.1246932643],[340175.8746648062,1564801.50105506],[340245.12468577764,1564663.6245910916],[340274.4059128585,1564556.0000714906],[340286.6550835074,1564425.7503854753],[340283.376177484,1564339.2500165512],[340278.37500018015,1564232.5000578675],[340262.53169102396,1564096.624483271],[340254.93769166997,1563877.7495730883],[340250.4371725947,1563516.2499224728],[340249.8432348424,1563436.0000662298],[340254.93769166997,1563381.124942922],[340291.6245283378,1563209.6254823422],[340321.6246179909,1563132.4997927262],[340361.6240982295,1563048.749949271],[340399.8121249889,1562995.6248195693],[340469.8128281833,1562890.8747041319],[340556.2813774569,1562783.000422068],[340751.1567738509,1562582.250333578],[340780.4687744568,1562475.8751493546],[340802.0311645408,1562419.2500324405],[340811.4376634995,1562385.874793218],[340812.2496312412,1562366.8754977847],[340815.3441576454,1562334.8754777082],[340813.87478720443,1562271.2502991923],[340812.4994808813,1562211.499882349],[340812.68795782543,1562165.6246638892],[340813.50001274433,1562090.499950822],[340816.4685682029,1562053.49971239],[340822.53060394025,1561985.8747602045],[340831.8121780789,1561892.625225444],[340836.9690537279,1561840.3746566598],[340838.78146615555,1561808.4985152779],[340840.28169729875,1561763.8746372694],[340854.8439386038,1561678.249875388],[340901.468705984,1561496.25019164],[340923.93730228173,1561368.3751233313],[340966.12510271074,1561269.2499375266],[341027.1247677545,1561104.8753761915],[341166.0621773333,1560902.8749933757],[341254.74973314523,1560780.9995419828],[341330.3751916182,1560698.874767314],[341508.87480097683,1560614.3752877614],[341594.03168322856,1560616.1252813675],[341735.3437105137,1560626.7503421786],[341835.09360759566,1560654.876559531],[341949.5317169282,1560711.8754047798],[342107.93734769546,1560748.8745970863],[342218.81296381715,1560762.7497954697],[342232.7496220736,1560761.1247266836],[342404.9689913512,1560735.2502944684],[342429.12516243366,1560735.9998433888],[342468.5942570441,1560738.7502816808],[342587.9066137866,1560733.3753760422],[342665.2503333922,1560725.1249329376],[342783.8746010875,1560690.374474569],[342824.2499019117,1560678.0004662771],[342922.0316882209,1560619.6253557568],[342954.40648275753,1560590.749502307],[342978.5309213665,1560570.126184213],[342978.4377290199,1560577.7498237896],[342997.5004894003,1560576.750425229],[343021.81227165076,1560563.1250764858],[343034.4689081817,1560564.5002956318],[343050.9378875636,1560567.2497749755],[343088.0620046901,1560543.6250356466],[343149.71907243313,1560487.1248435527],[343224.65644185885,1560381.125479915],[343285.7186129012,1560267.2494886839],[343338.6860391839,1560090.8747345686],[343351.9683459406,1560042.7498232224],[343438.6877909798,1559907.624843672],[343518.37552912097,1559829.6246803154],[343566.0939335336,1559770.3750088778],[343591.7809349301,1559746.500419909],[343644.343859353,1559704.0003510183],[343667.25078223494,1559699.1250574829],[343969.6246401074,1559791.0004192227],[344190.7185568286,1559777.376116605],[344251.8748791659,1559760.249734524],[344302.56183903717,1559664.1247494742],[344312.7189330417,1559561.1247148202],[344340.2184340429,1559389.6251670632],[344346.5621390709,1559286.500207589],[344350.2812895753,1559189.7496394909],[344349.0934140708,1559078.9999071376],[344322.7500561006,1558950.0005154484],[344271.1250703649,1558811.7502359685],[344259.9061589786,1558689.3750852952],[344268.78113900655,1558484.3753734957],[344408.8438309141,1558348.7496485393],[344497.031774623,1558301.500257059],[344584.8448566947,1558284.7496955635],[344744.03080990736,1558350.625613091],[345206.03095265053,1558677.624654978],[345329.6246651762,1558746.6249134867],[345438.15634993947,1558800.3746672885],[345563.1877876097,1558855.4996402366],[345631.6247947139,1558867.8746946538],[345740.71964370436,1558875.6253513014],[345887.7486596663,1558896.6255361065],[346015.65650657413,1558923.7502626476],[346147.18726044043,1558863.125372064],[346227.9378620889,1558801.7498864345],[346277.40626010764,1558701.7501397126],[346361.4377728535,1558374.3752772398],[346391.9376489639,1558266.4999490504],[346405.1871771216,1558117.6246959365],[346446.40617816104,1557966.624587579],[346467.59379378485,1557895.6245730014],[346499.81297715346,1557754.6249013548],[346558.81271177385,1557704.500059585],[346646.8122657158,1557675.1245940323],[346653.00027239864,1557582.124908912],[346682.87543723173,1557424.6254843585],[346713.71835532883,1557291.375423234],[346779.65573272953,1557092.2504907076],[346830.0949352117,1557016.5001074146],[346863.78148394736,1556962.1246833869],[347159.90587526385,1556629.8745273787],[347236.09353901556,1556525.1254580668],[347282.65580039716,1556454.3752931294],[347353.8125594454,1556348.374883366],[347455.4998809521,1556236.3748566867],[347582.5935806901,1556120.8748427953],[347784.56223103235,1556011.5004167652],[347885.78158573236,1555938.8752462242],[347965.656667515,1555843.1251228119],[348007.56279865326,1555740.499775441],[348036.9690377313,1555515.5004106993],[348019.7505094291,1555366.250295948],[347988.93731873157,1555290.749762295],[347966.7809908954,1555233.1252468207],[347869.06275671034,1555021.7500975197],[347853.00028426206,1554985.8753157707],[347794.96812855144,1554852.6252546462],[347772.8128468407,1554793.7503576688],[347759.43839386303,1554641.9997414427],[347728.1552312849,1554502.7500634023],[347695.9688265153,1554331.7502149255],[347699.6879770197,1554233.750398627],[347718.093421878,1554181.7495923056],[347833.8750178831,1553957.8745509444],[347869.9996492721,1553911.1248587442],[348041.5934355011,1553895.6245043976],[348220.906058727,1553976.8748925033],[348339.15651091054,1554067.62479756],[348398.31203105324,1554110.3747160907],[348478.8445155351,1554170.1251329342],[348582.2182785238,1554230.0004745973],[348687.18755725335,1554265.7503315264],[348825.96918130986,1554233.2496532213],[348857.9067825649,1554218.3749691003],[348887.3437079909,1554198.375228981],[348918.24904490943,1554164.3753656584],[348941.1558806143,1554159.62508412],[348965.905989449,1553798.2503583247],[348951.937598719,1553694.8754620333],[348915.6244903859,1553446.0004621972],[348884.2809140602,1553309.3753386806],[348892.87535810005,1553021.6251819863],[349086.37553534796,1552671.3752162822],[349155.7504811395,1552604.8745874774],[349349.34385073406,1552557.750120817],[349500.3745582623,1552563.4998880927],[349713.24985152937,1552599.3746698417],[349804.59369433846,1552605.750107343],[349963.40591921646,1552598.8749705614],[350105.74907753547,1552588.0000601101],[350231.65603507153,1552571.876214966],[350367.7497268346,1552553.2496017416],[350491.0628161951,1552539.500374304],[350613.2188907533,1552519.499588059],[350718.9049398041,1552494.1248551242],[350785.1249454438,1552478.4996631346],[350916.50000096497,1552430.4996766082],[351050.24976136966,1552396.6247381056],[351162.3440265209,1552367.5011272668],[351239.9375957666,1552355.7497380013],[351313.65640333993,1552349.1254969852],[351383.8434040503,1552321.9997243185],[351424.31294334657,1552230.8749576244],[351409.03175229207,1552131.3749101826],[351404.5620067419,1552081.6259761758],[351340.7186238824,1551902.499650466],[351329.5939509681,1551878.1254493939],[351309.74982201686,1551839.6250669959],[351257.3128685395,1551767.6245205554],[351176.09325395874,1551659.6253136713],[351101.12519818504,1551560.5000406895],[351000.21924524923,1551401.2496635816],[350948.12524658133,1551301.2499168594],[350902.1558768265,1551217.8747606876],[350793.75007583166,1551049.62543768],[350680.4362898795,1550868.6252396693],[350567.62525440694,1550644.2504990278],[350496.0313020771,1550477.7501235008],[350437.5926394328,1550376.3751576329],[350249.8750080596,1550046.6255902767],[350183.68778101885,1549956.62523414],[350081.1873584678,1549823.9988381676],[350016.7183925597,1549698.3745088705],[349950.592625392,1549497.6254665062],[349898.43821297656,1549403.8751863402],[349841.717811465,1549265.6249068603],[349832.9073425095,1549155.9995850646],[349879.2812141241,1548996.1244966793],[349933.96794766496,1548887.3746947492],[349976.87461066624,1548803.8746137572],[350040.1250147219,1548719.375221382],[350124.56198827573,1548668.2499349264],[350285.8440282806,1548562.124600343],[350488.12503426155,1548427.2494704323],[350599.59249588446,1548347.1245390095],[350671.2500003384,1548300.9995580867],[350687.90641053894,1548288.4995788494],[350741.6561643409,1548254.7495651667],[350795.37514461775,1548223.625064956],[350902.2808016465,1548099.0001342194],[351192.219191354,1547989.2498876036],[351194.1248833053,1547910.375250507],[351198.46865790995,1547843.0001479615],[351198.37651168887,1547696.7504083195],[351207.03136947635,1547570.875270434],[351232.0620142991,1547465.5005308965],[351248.8750817931,1547430.0004364306],[351269.81284777686,1547358.875497033],[351279.00009626633,1547324.6247379445],[351296.1244732735,1547253.4997113696],[351310.40617859055,1547217.9997040809],[351363.37465099874,1547120.3746622424],[351411.0941015369,1547041.8737534801],[351488.4378211425,1546922.874711325],[351520.56276603905,1546884.9999991525],[351552.99997939717,1546807.6245470734],[351581.4375062628,1546754.3734464261],[351598.28126010485,1546717.6251498852],[351633.24983563996,1546639.0004496058],[351651.4699419306,1546589.5002319363],[351674.8754307902,1546529.874739913],[351691.65571968525,1546500.7512162512],[351722.6563412014,1546442.4998972486],[351752.2499239209,1546401.9987126559],[351816.62473853404,1546312.1252864131],[351910.74979316024,1546162.625409199],[351970.21854071284,1546048.626498222],[352015.312477779,1545978.9996105393],[352044.90606049856,1545939.7496792208],[352091.1253670706,1545891.7496926947],[352133.53119748906,1545838.624562993],[352146.4376836601,1545817.1246789077],[352173.74984101974,1545746.1246643302],[352235.7816832229,1545628.249945555],[352252.6879430635,1545582.4996519152],[352280.00010042323,1545510.25030196],[352310.25108584197,1545388.374850567],[352317.0934440247,1545328.625479849],[352346.28156593605,1545182.4997060788],[352340.56248500827,1545102.374774656],[352332.40636755264,1545006.8754598321],[352334.5936416175,1544893.750063647],[352336.2504428771,1544846.7495628584],[352326.68728662486,1544766.4997066157],[352324.84410067217,1544678.7500023136],[352319.9688071367,1544653.250431736],[352318.09388871054,1544568.0003571375],[352286.3437182741,1544401.1252071506],[352276.84411414596,1544317.1254268782],[352259.71869101323,1544231.750514637],[352229.7811073587,1544152.7499065946],[352159.40667582967,1544040.2501806354],[352116.6249376484,1543978.999619826],[352054.96891603095,1543889.500009095],[352008.6246846388,1543797.6246473552],[351969.8745397778,1543709.499209645],[351932.43710806424,1543615.1253515042],[351897.75011464267,1543495.3746681775],[351880.43734786846,1543434.1251534936],[351872.15726454114,1543354.0002220708],[351897.6876086441,1543186.2495522178],[351971.3439102188,1543048.1252436833],[352007.25051161833,1543016.6250100643],[352078.90592382126,1542968.7499483582],[352173.46921785455,1542923.625324944],[352273.2498884616,1542861.9989435489],[352392.06254592387,1542804.375387023],[352467.3121838112,1542787.1250390701],[352616.3123617453,1542775.3746959302],[352674.7182457906,1542793.6254013916],[352776.0932988357,1542851.6247785033],[352879.9995397036,1542909.5002769204],[352956.12478463387,1542940.624689954],[353027.21903768356,1542961.499949939],[353090.6240939588,1542992.3756466352],[353188.2808682708,1543035.1246062175],[353313.9379761668,1543081.750332546],[353404.12471699645,1543101.5002230252],[353482.8437429252,1543126.25033186],[353589.62543408235,1543146.000222339],[353778.09261437587,1543132.1250239557],[353849.4377631911,1543126.25033186],[353984.84336590697,1543064.8748462305],[354212.68740741274,1542906.250052171],[354301.3433179284,1542802.5004685968],[354403.03159838344,1542659.4998204014],[354437.8128302771,1542606.3747778768],[354539.5625706052,1542460.874587155],[354736.15622813185,1542067.8746157433],[354778.2497900888,1541900.249916836],[354806.9064802465,1541817.8752925268],[354852.8113389289,1541649.0002992935],[354865.2815907667,1541521.874779905],[354872.0307566028,1541314.6243290936],[354890.6563237016,1541215.5001022373],[354898.6557838637,1541168.4995142715],[354915.7177420495,1541103.7500123754],[354943.03085835755,1541032.7499106207],[354966.46921299316,1540965.4997328955],[354982.2501033279,1540903.250732474],[354989.5317470432,1540788.8751291402],[354976.03132311994,1540570.0002189572],[354976.71845321875,1540481.0003075066],[354994.5001457481,1540329.750349509],[355005.4682485459,1540230.6250765275],[355022.9674000133,1540112.3746243438],[355065.56266632426,1539878.6251172172],[355108.0003163933,1539666.500418996],[355138.12541804364,1539558.6250908063],[355234.71828272275,1539259.1245909722],[355271.156315876,1539161.500508082],[355355.3751722633,1538975.125317256],[355429.1871721831,1538817.8747833942],[355528.2816716397,1538682.4999542034],[355616.93758215534,1538578.875208272],[355734.8757658773,1538476.624722538],[355857.81207570375,1538383.3751877777],[356013.719122893,1538303.1253315348],[356276.7816767511,1538199.3736557094],[356449.1874307218,1538125.5002830937],[356606.2188012915,1538065.6249414303],[356737.6563628112,1538024.5000916857],[356879.37489703,1537970.8751755268],[357009.65640269587,1537914.4999082529],[357119.71900495025,1537841.4999632519],[357199.24999862077,1537764.5003317583],[357278.7503059433,1537688.7499484653],[357362.5001493984,1537563.3754688085],[357397.43699246005,1537491.1250727277],[357420.90603344364,1537421.375352476],[357440.6569700484,1537340.1250515475],[357494.15582808474,1537176.3751143124],[357519.12510021153,1537077.3758122763],[357576.5940045179,1536897.1242042377],[357651.4996414702,1536761.6254091752],[357722.4689696998,1536641.2501017484],[357821.5317366829,1536509.625196587],[357943.43787442386,1536388.37541542],[358093.2183748033,1536280.125225593],[358208.3129278867,1536212.2514698931],[358664.5315708807,1535986.50046398],[358817.71886612586,1535931.625253495],[359039.7814950595,1535855.625020562],[359172.5297646528,1535808.2496581362],[359296.3129130709,1535770.874732421],[359658.4996937852,1535680.6254855928],[359868.31210594444,1535708.8745355143],[360113.37476292945,1535781.749555695],[360331.5308105401,1535876.1244599614],[360439.18706261466,1535944.3750823727],[360502.43746667024,1535991.8753696186],[360569.2820964102,1536068.625238649],[360715.5308771039,1536243.8746232584],[360800.9682953437,1536381.8750530982],[360868.8430971691,1536490.499930208],[360954.4689051759,1536608.124712166],[361032.8131566445,1536677.3748203146],[361170.75003436033,1536778.7497861825],[361211.2502600046,1536807.1248070495],[361414.4374721993,1536865.749854387],[361499.6875467976,1536868.875067139],[361528.8746225835,1536877.9999839843],[361582.1870959267,1536896.1247185003],[361663.499902854,1536914.625360779],[361872.12452668586,1536928.7504088024],[361980.49955415557,1536906.6248544913],[362171.96911463223,1536840.6249710922],[362289.405506823,1536799.3751965275],[362402.93740994175,1536768.373616063],[362525.4999914336,1536719.625039565],[362673.6563819753,1536658.375524881],[362764.4370605572,1536605.6251696395],[362930.8125112641,1536492.3748486342],[363048.7496488606,1536387.624820374],[363110.31256530865,1536330.7497666427],[363271.90591482667,1536177.9996646792],[363311.9063540136,1536110.876504025],[363342.311991652,1535969.8747401275],[363359.4691472582,1535892.500334174],[363386.4996353272,1535699.250006566],[363369.97024219774,1535536.3746302486],[363349.4687977244,1535393.749802639],[363338.0327281198,1535233.3760610989],[363357.49999035994,1535028.750164811],[363443.7505096441,1534906.0002396777],[363514.4372096347,1534823.8753778317],[363586.2503252566,1534754.3755072202],[363811.531359289,1534599.4995910649],[363994.1566260857,1534520.7498787881],[364125.71911242546,1534465.62490584],[364250.7188176222,1534433.4999609436],[364411.2185301078,1534418.124618594],[364513.06250890804,1534413.7500704643],[364612.3751255312,1534410.624857712],[364721.906296032,1534401.1251664069],[364836.5297439322,1534391.8754119189],[365063.2187757095,1534385.0002751371],[365145.09370073845,1534348.000036705],[365188.9373434786,1534315.5004045255],[365295.156829357,1534218.37497479],[365360.6559673505,1534116.750159282],[365439.7815002129,1533994.624858249],[365536.218753724,1533846.8749746408],[365606.46921938134,1533726.1238466282],[365675.5625830593,1533611.8751731883],[365764.12530122837,1533448.8748720507],[365829.12473994173,1533318.1253995781],[365895.34369945596,1533186.1245866541],[365975.90591133747,1533074.1246471521],[366086.406752999,1532932.3763855337],[366229.56301236234,1532842.2500584517],[366416.7501709303,1532729.7503324922],[366645.9377862857,1532550.500215265],[366697.2186839092,1532507.625284737],[366744.5940463352,1532457.249634379],[366808.6237267107,1532416.7504548603],[366856.87356287695,1532346.0002027457],[366860.15647904814,1532315.500326635],[366858.0941298033,1532269.7501201725],[366849.46899941546,1532211.374922475],[366765.4057541962,1532050.1246149438],[366715.3127320772,1532016.6254970266],[366612.62496588466,1531952.374648285],[366554.6246298246,1531901.2504079551],[366457.9375266734,1531817.625402143],[366417.74956949067,1531768.749895751],[366383.65651382133,1531707.1245604814],[366361.2504235222,1531659.1245739553],[366351.4374176299,1531606.000490379],[366336.5310010355,1531551.5001415315],[366334.7503210814,1531449.8762849716],[366351.3749116313,1531384.7499163644],[366360.4998284764,1531326.124869027],[366360.2817113098,1531313.3750401495],[366397.24908396567,1531249.2501623535],[366523.71824678057,1531149.2504156316],[366626.75001390814,1531087.7489590566],[366701.49995251524,1531007.6250737594],[366779.71927916387,1530907.1245816315],[366842.4997113389,1530867.9995751334],[366868.687458141,1530840.7499237722],[366929.78136165685,1530777.5004786649],[367018.31226017536,1530685.7501289223],[367035.3751773095,1530644.7491578723],[367054.3437863949,1530566.8749654614],[367047.5310684347,1530467.8746172998],[367039.4373698005,1530367.6250209378],[367023.06262889074,1530303.0003566844],[367001.78086197196,1530246.2503149505],[366974.24954132014,1530197.1249589182],[366923.28099933534,1530112.7504041858],[366811.43762994965,1529959.6244816366],[366732.09406709776,1529851.6252747525],[366657.4065473121,1529790.6245635832],[366636.9685677857,1529783.3746523415],[366593.24984986556,1529750.9998578047],[366537.6558639854,1529693.5002671503],[366530.7500408557,1529660.6247272082],[366518.6248360785,1529621.3747958897],[366510.56286991783,1529596.1239416494],[366501.1564581362,1529568.249666188],[366509.50000641047,1529533.875028405],[366526.0939106124,1529467.5003705458],[366586.9062320147,1529387.625288763],[366686.68882051844,1529285.4997278494],[366731.68651403865,1529245.374276665],[366766.6253621742,1529211.625309108],[366828.0940401502,1529168.7503785803],[366932.3126366568,1529103.3752064584],[366987.812471242,1529083.375466339],[367049.81258097163,1529072.124735302],[367094.2183418135,1529070.1248920558],[367173.4369798453,1529099.2505079687],[367238.4999706828,1529118.499653042],[367303.9376488032,1529084.3748648993],[367386.87447839114,1528963.3749333723],[367400.6871707759,1528955.50039803],[367505.4997050348,1528995.7497279088],[367604.15596508427,1529048.7499327904],[367671.15629316936,1529104.7504256044],[367830.78153191466,1529233.0002683732],[367944.8439078387,1529293.2503844968],[367995.74994382495,1529301.374769479],[368025.87504547526,1529281.7498038197],[368102.6873333272,1529173.6246259902],[368127.1250865232,1529046.125378267],[368147.281483936,1528892.0000571574],[368179.03165437246,1528820.2504064823],[368257.8735128702,1528755.3749336405],[368347.5011867976,1528727.1248375936],[368428.37462101516,1528705.375016691],[368605.9372506349,1528623.625016482],[368662.28078543535,1528579.3749539854],[368693.2814069515,1528463.2502288166],[368699.1253255222,1528361.3734714175],[368701.62495522574,1528287.6250236216],[368783.7814623682,1528194.7502633214],[368846.96840147686,1528178.3755224117],[368960.3119148286,1528198.125412891],[368984.3748935645,1528195.1250377817],[369014.4692216897,1528174.250823922],[369042.28107832954,1528095.0003662396],[369078.3750233706,1527981.2503459542],[369117.34328539827,1527886.4996211021],[369202.0936607163,1527796.1244905056],[369349.781125503,1527747.8746543392],[369729.1873934678,1527738.874662314],[369829.09394784324,1527716.7501541285],[369889.34406396677,1527677.6251476302],[369928.6247688102,1527600.6255161369],[369946.84374179825,1527554.6253728569],[370039.24948916625,1527466.6248599666],[370114.5309467042,1527415.7504692767],[370285.7190977708,1527332.750174742],[370625.6564454794,1527098.1251477494],[370639.1558232772,1527000.0003194537],[370634.56211185537,1526881.8747920902],[370595.28149418905,1526812.6246839415],[370417.2498516371,1526140.7496230407],[370459.4059195926,1526010.3750122052],[370500.93727627076,1525916.8745816792],[370540.93675650936,1525809.3750740755],[370551.8751319076,1525707.50032175],[370525.5952388843,1525512.250150896],[370511.812186722,1525376.4995011196],[370499.21901513805,1525164.3748900755],[370491.8748654242,1525033.625417603],[370463.00014527695,1524834.5003978992],[370427.3752131681,1524685.125445505],[370383.2182558409,1524554.8747133643],[370320.468597191,1524450.5004185126],[370257.9369685305,1524358.7499815926],[370206.656070907,1524256.6254668045],[370219.6250630766,1524126.7495091239],[370268.5620293417,1524021.7495440464],[370292.00038397737,1523909.499754904],[370295.2812078975,1523807.749927399],[370255.7814269391,1523580.8745981054],[370273.06246123987,1523480.1252152862],[370298.4075539523,1523404.7496064533],[370274.9691993167,1523224.6249283084],[370243.6245768655,1523103.1252975012],[370409.7183582817,1522945.2501395391],[370505.37528934743,1522899.1261175647],[370635.25028807967,1522847.3751608834],[370761.3128567838,1522796.8745857053],[370998.18757666263,1522622.4996748364],[371092.00036282727,1522543.3751880995],[371186.9066988472,1522452.7501206854],[371237.3438090784,1522361.6254411687],[371259.3127060959,1522237.9999089923],[371237.406315077,1522145.6249351494],[371217.3133826111,1521941.24984745],[371240.03078242345,1521787.1245263405],[371440.0938279915,1521394.7503123316],[371465.3128625813,1521311.6250057996],[371438.9376849605,1521183.7499374908],[371393.812102598,1521143.7504572521],[371301.65611769294,1521099.6253195754],[371223.90589115367,1521081.8752723425],[371142.34428071184,1521062.8749307836],[371061.813888481,1521031.2497723445],[370974.4697321644,1520973.0005455927],[370976.8433909224,1520819.1261202486],[371021.4375415312,1520682.3749386093],[371030.1875967391,1520600.8747880405],[371017.0937669266,1520505.750334854],[370927.6247553666,1520251.6242208967],[370929.9369542515,1520222.3747262894],[370923.1877884154,1520172.7486248517],[370920.1875004833,1520109.1254514097],[370915.8754583521,1520046.6245962745],[370915.53137024,1520000.87534876],[370880.46855623275,1519903.0003701043],[370867.56102393626,1519876.3753428436],[370852.15595418715,1519856.1247069587],[370806.1251245592,1519825.8747676653],[370744.68722010835,1519772.8745627836],[370730.59390455834,1519757.7501161997],[370699.96910362784,1519745.2501369624],[370610.53086559294,1519686.1253903448],[370571.00039828656,1519669.8745281296],[370415.49985803093,1519621.374755146],[370398.905953829,1519616.4995487877],[370339.0940771126,1519608.0003021683],[370322.5001729107,1519601.7497894869],[370271.31246763375,1519556.3754036098],[370277.24966572813,1519502.7495285023],[370283.09463042434,1519432.6249466136],[370285.25017201575,1519382.9998913012],[370298.81196863495,1519326.7495488473],[370331.2184956451,1519238.6250700853],[370267.34346748923,1519034.0002199232],[370181.5005012642,1518946.8752268986],[370108.8435982499,1518922.0012393694],[370082.06295982096,1518913.250138036],[369948.03161730274,1518845.5002610306],[369886.7195966203,1518810.374941025],[369826.6875976634,1518775.1247833762],[369780.5625295634,1518728.3761373013],[369767.4379262258,1518673.749817508],[369762.93740715046,1518582.0004267138],[369765.312112034,1518391.0009252948],[369786.34402931266,1518316.8745646626],[369827.7812346958,1518247.7504274594],[369833.5923746676,1518172.4997434467],[369815.59352392,1518145.9996410059],[369724.90603768465,1518093.1254070697],[369720.90635119216,1518067.7497151864],[369637.7810446602,1518006.000414045],[369519.74975576875,1517870.624538729],[369533.1876736934,1517797.8745305452],[369550.6253652877,1517749.3747575616],[369575.34374164895,1517652.375385949],[369623.06214606157,1517575.4995459728],[369666.84424175153,1517478.37524954],[369672.5633226793,1517394.1245735022],[369665.7495585936,1517333.1249084584],[369653.8435171085,1517270.7500242686],[369615.2182970675,1517208.624989719],[369587.0940847889,1517190.9998673059],[369506.71825760056,1517154.750311097],[369495.1563042276,1517140.8751127135],[369363.6245042358,1517065.500462829],[369349.5005023378,1517046.50012127],[369333.62546070816,1516967.6245252248],[369330.530934304,1516892.4998121576],[369333.87426422274,1516829.9999159707],[369346.9374076873,1516708.8750596235],[369345.81203818135,1516559.8748816894],[369343.8746137566,1516473.2495879452],[369338.46893459297,1516431.2502644602],[369303.1563581228,1516298.9996018962],[369199.25107620325,1516180.1254845608],[369185.87453097454,1516090.998556039],[369127.5003794028,1515941.24987531],[369036.5619974018,1515855.2502517917],[369009.7496264994,1515839.0013946502],[368892.53126429813,1515808.1247390057],[368783.71904354676,1515881.6254294124],[368649.905731018,1515839.3751229849],[368597.21892790054,1515600.2496640943],[368617.9999494136,1515490.5003764268],[368680.8121140621,1515389.375260199],[368770.50020173704,1515308.3748089103],[368880.8433399796,1515270.5001839153],[369011.5938585776,1515242.7497871483],[369076.1560168323,1515205.249849436],[369135.1558386298,1515104.1247332082],[369128.65643525665,1514916.8750686417],[369127.7184965694,1514792.125213085],[369071.99958586914,1514656.2496384885],[369055.4374141407,1514650.0001719326],[368854.0309690772,1514585.3745487311],[368771.03163349075,1514538.874706171],[368701.81229886727,1514466.8752058558],[368629.6561412586,1514342.6250495792],[368611.1565451054,1514247.249700627],[368580.90660581214,1514117.4997138921],[368553.2503603403,1513991.6244888294],[368515.1248395795,1513826.2495699855],[368468.5000721993,1513710.749468917],[368437.0622574016,1513591.249681356],[368246.9996485445,1513344.3746119433],[368119.4378948227,1513291.875152467],[367970.3752980671,1513251.125077183],[367893.93778467533,1513235.125023556],[367837.78159351635,1513206.2503034088],[367755.78174366744,1513124.1255287398],[367778.46845713176,1512931.624750052],[367847.4379421152,1512801.1252143967],[367894.9064968877,1512689.8747366378],[367864.7189764159,1512565.2498930783],[367829.6878948822,1512471.2497632722],[367785.87502566713,1512396.4997374879],[367731.4064092929,1512255.5000658415],[367791.4691817749,1512125.000530186],[367865.5309441577,1512000.8752987296],[367970.09362877643,1511868.8745729828],[367988.56253858167,1511789.625161426],[367917.4375120069,1511634.875216216],[367890.25036664435,1511570.1245810173],[367873.84380608395,1511417.3744790538],[367904.68768312945,1511290.999641888],[367920.25045629754,1511165.9999366913],[367951.21829921467,1511057.4999844015],[367922.5933415304,1510970.9996154772],[367873.4997179718,1510869.499724789],[367908.25017634034,1510754.6252939464],[367978.74953268934,1510663.624493124],[368174.4379429506,1510476.0000540973],[368267.68747771095,1510364.3748018781],[368401.9687570464,1510296.9996993328],[368531.06238720776,1510218.2500742332],[368661.12472958147,1510095.0003626426],[368775.49937396706,1509920.751422719],[368816.0937509063,1509740.7496643206],[368773.3120999022,1509630.2497816074],[368747.3751616885,1509562.9996038822],[368708.65779542644,1509488.124740455],[368483.78117607674,1509179.1245493155],[368394.12386192684,1509090.6252960935],[368267.593326416,1509008.8752958847],[368216.40658008744,1508962.124557559],[368156.21896996256,1508906.6248101508],[368088.3124356636,1508842.2500827147],[367960.9687991084,1508646.9998246834],[367919.3125176102,1508520.0002762405],[367887.74969081534,1508382.624557678],[367896.84383413533,1508238.6245980994],[367927.7502171794,1508123.7501672565],[367957.4369922455,1508012.6247014948],[367978.4371770507,1507930.8747012857],[367977.84332647553,1507852.000064189],[368008.7496223425,1507750.1253990408],[368096.2504359526,1507503.8748665513],[368006.78151156974,1507276.4997508007],[367958.06266247126,1507025.2501332583],[368006.99962873635,1506741.6245878765],[368107.9076739232,1506537.8742114548],[368285.5000309425,1506399.7499029203],[368488.87458677875,1506216.9997113035],[368537.7183606973,1505910.3762301214],[368502.1875798834,1505657.7513062558],[368627.9061476525,1505461.6246565876],[368836.9997844165,1505347.499861842],[368901.37459902966,1505092.375308273],[369091.4064343617,1504877.3752469397],[369260.71870805376,1504730.624849069],[369509.4062770711,1504694.999829783],[369521.34405102977,1504435.8746307732],[369371.7192489955,1504225.250076518],[369312.5627699044,1503952.3746039446],[369243.1560916394,1503688.6249199877],[369328.3753927126,1503479.37462593],[369354.7505703334,1503216.4995028907],[369323.9066932879,1502990.2497566459],[369151.5940444866,1502788.8750440557],[369043.0940921968,1502550.625105031],[369099.4058945238,1502332.000044488],[369091.31219588965,1502032.2496078368],[368915.90615398675,1501873.0002768543],[368661.40735782054,1501827.2499832145],[368406.81223093125,1501845.7495793677],[368198.78154485166,1501683.1250116387],[368243.0623808734,1501460.6251894236],[368289.0625241534,1501244.7496082243],[368193.09419639735,1501042.3754970739],[368036.0003198291,1500828.499759121],[367858.5626150294,1500679.2497315467],[367604.71921648853,1500767.125319617],[367659.96911425656,1500509.8749518562],[367807.187566111,1500313.5004576216],[367891.6245396649,1500110.62455494],[368131.24978501286,1499898.1250822586],[367945.84330639907,1499725.0004657158],[367727.24997832975,1499601.0002462564],[367719.8127234464,1499348.750096851],[367836.6255376625,1499099.1245019692],[368064.7184698599,1498976.6254726015],[368284.56200507807,1498939.1244887637],[368441.8125389399,1498595.0001109212],[368686.4062701698,1498470.2502553645],[368804.3126342412,1498188.7496524034],[368876.7186414899,1497888.3745916516],[369106.4059561255,1497750.6250575774],[369385.90575689205,1497750.000433477],[369527.71852958284,1497536.4994699843],[369554.06293367856,1497272.5000235646],[369650.4049897692,1496965.4996756713],[369823.56229773414,1496830.8754415263],[370049.4997755173,1496852.9999497118],[370118.21836473513,1496554.8746690238],[369999.3749337477,1496314.1251002953],[370059.031112119,1496102.2502517141],[370076.3438788932,1495843.6247519844],[370040.56228949083,1495617.9986708914],[370266.2191441088,1495582.3746977309],[370533.718577741,1495739.7501564128],[370858.56216521375,1495719.624532525],[371074.0629719528,1495632.8752729092],[371313.5939788287,1495647.5001073899],[371453.0003141625,1495872.3745473116],[371644.46882851364,1495761.3750524954],[371599.96882919973,1495443.749643791],[371634.25036181323,1495190.7500326424],[371751.56383425783,1494941.2503215289],[371757.4682537532,1494716.1249858418],[371661.8122816359,1494488.125245991],[371806.905965424,1494265.7503485957],[371860.40586958587,1493973.7495224662],[371965.84407407045,1493742.249795403],[372254.4061985064,1493649.1251854626],[372405.84358732257,1493454.3747138889],[372335.6564994351,1493113.6253984384],[372237.15593773074,1492722.37550781],[372168.406662165,1492419.0000719489],[372066.6876081848,1492135.1247641044],[372197.84358759096,1491934.4996004347],[372390.40678510006,1491785.2495728605],[372199.4686563771,1491580.6247226982],[371993.8125880039,1491491.3748744302],[372098.8749719028,1491271.3745947415],[372235.8748698797,1491080.2501685026],[372142.40730512986,1490792.2501621682],[372008.0932471954,1490515.3749159253],[372070.65660832933,1490302.3746978382],[372335.6564994351,1490102.8749036745],[372543.53157434665,1489964.1249249142],[372651.2185127692,1489681.6248362157],[372689.5939703472,1489416.1252458296],[373211.53082744963,1489837.624116803],[373449.71834765305,1489732.9999723113],[373734.15586077643,1489714.750225798],[373971.8129953517,1489753.1246372506],[374190.5628935374,1489901.9998903647],[374335.4691465069,1490072.7498892013],[374611.468872884,1490187.7502038125],[374992.84333879873,1490235.6242193931],[375317.93773485994,1490343.1247731226],[375535.7179618849,1490378.1250811312],[376011.37518584484,1490449.7498069862],[376439.937670544,1490522.9996016272],[376671.999602886,1490604.1249777358],[376984.2499315977,1490711.6255314653],[377350.1251764684,1490886.8749160746],[377728.5935057459,1491025.2501203746],[377987.81294322794,1491090.1245470908],[378269.1876624207,1491037.1253883347],[378538.74953247485,1490750.374717378],[378683.7500239164,1490577.375025655],[378735.43742847355,1490319.5000337937],[378811.50016740523,1489974.6250609055],[378880.87511319673,1489703.249732298],[378979.24874500715,1489451.5003282984],[379157.03149686736,1489225.6253565138],[379335.24952411244,1489093.0000066666],[379711.34524075745,1489064.9997602599],[379890.46842809086,1488859.8751236403],[380054.71911073144,1488650.4999047627],[380278.28083750565,1488589.0004532617],[380410.71884371125,1488380.2498584841],[380568.68719401985,1488055.3746257152],[380693.87528898363,1487792.1247282154],[380971.8124397855,1487611.1245302048],[381213.06275391957,1487624.250179668],[381362.9999115926,1487813.3737165353],[381491.4678715282,1488005.3747959426],[381713.24987729656,1488102.0004392208],[382077.2183840905,1488129.125165762],[382354.06294398545,1488260.8750829203],[382539.906703058,1488444.6246730974],[382770.56168378046,1488589.750089359],[383046.781532398,1488575.7499661555],[383318.2183208784,1488510.2497820365],[383606.6248341463,1488451.624734699],[383868.24966285983,1488403.0001240727],[384053.28136701346,1488595.624781455],[384138.56212795974,1488838.125389915],[384237.9372505815,1489082.1250962154],[384418.8749425935,1489289.750321487],[384761.3128789541,1489504.8753076403],[384973.8123516355,1489654.3751848545],[385139.34497389843,1489926.7499991993],[385189.59369436256,1490186.2500598466],[385242.6881377163,1490430.6245406072],[385385.2811456754,1490652.1249642621],[385591.71849544236,1490834.2494856531],[385802.4372009925,1490964.3752929738],[386116.6874601276,1491255.7504488775],[386433.93696106924,1491377.749778965],[386621.5000273999,1491596.2499146878],[386812.78119810956,1491815.1247376935],[387054.15643706365,1492056.999763105],[387340.03158815455,1492290.62530436],[387610.0316976158,1492374.3752349922],[387829.90600635903,1492325.2497917828],[388051.34401119244,1492359.4995919229],[388265.46855265996,1492312.3750380855],[388546.9999291462,1492296.4999964559],[388777.7501072891,1492481.1251936757],[389055.687258091,1492588.7496260998],[389275.2810308462,1492870.500165878],[389556.99975097395,1493002.750741265],[389826.9691740872,1493087.8748449178],[390123.84424762655,1492985.3745095439],[390358.21837885346,1492751.250227957],[390616.46910412307,1492699.8750918615],[390832.6252213103,1492848.374611567],[391103.9053524971,1492947.7496470117],[391347.18732952804,1492867.749640409],[391565.6873780737,1492791.7504536014],[391797.187192314,1492854.9998115315],[391969.6871847568,1493042.6252966835],[392137.4377674326,1493269.2498173886],[392482.0926180805,1493551.125281987],[392898.2185884893,1493641.0007133035],[392947.53137534,1493274.6237640786],[392965.625423508,1493046.9998448135],[393023.21829368605,1492794.1261174332],[393057.28162195574,1492534.9988261722],[393201.3440875329,1492320.8753308302],[393217.09429151966,1492030.1247990269],[393419.6558334887,1491882.1250657786],[393668.9997590798,1491768.6248951333],[393890.25137922005,1491752.0003045835],[394109.9065246712,1491745.6248670819],[394380.43710693775,1491659.1255442833],[394638.96845537255,1491570.124586707],[394905.62523491506,1491544.8747785923],[395196.46887188795,1491485.2503326945],[395432.6564616679,1491481.625420662],[395709.3126317959,1491483.1245185025],[395933.28086550365,1491427.0001469944],[396222.0939728824,1491475.8746072608],[396457.78081725666,1491345.8737247603],[396660.9701217024,1491139.1250654801],[396884.81238446466,1491049.8762633377],[397106.000539658,1491010.2495524853],[397342.09397814306,1490989.9998755488],[397562.28055534785,1491118.7504637234],[397806.6560822341,1491209.374485012],[398035.3122658358,1491186.500427906],[398311.5003819799,1491060.6252028435],[398669.0310324509,1490937.625340893],[398750.37452572613,1490726.250278769],[398784.5627788159,1490489.2495879447],[398862.40628487885,1490214.1253814334],[398947.4064226599,1489983.7498905733],[399196.5620456611,1489912.3751015356],[399448.999538708,1489949.6251024306],[399654.15590780106,1490046.3747115803],[399853.7815857333,1490200.7488362046],[400104.18750306044,1490357.7495204264],[400354.6875716826,1490537.8752446966],[400543.6873170324,1490728.9997581127],[400693.5312823588,1490933.8755040404],[400826.9686871248,1491173.2498536229],[401037.84404996847,1491363.2499564814],[401233.37484398775,1491533.9998681408],[401485.12520693586,1491729.3750509922],[401698.15515242255,1491942.3762280275],[401924.00039680756,1492165.4997153948],[402121.4378417266,1492300.6257410708],[402577.40654790326,1492447.3751799932],[402826.65640937653,1492413.1253798532],[403052.78114362416,1492376.1252285982],[403294.37449974485,1492271.624962801],[403535.99958833907,1492181.2498322043],[403786.68708777986,1492086.9998527581],[404061.8440728901,1492135.75043433],[404237.155963498,1492429.9999072202],[404215.2187989539,1492650.8746606493],[404379.343510649,1492823.6245027324],[404581.2813874661,1492949.374802975],[404815.00020824483,1493070.7504679107],[404892.4995390185,1493408.4994954288],[405277.96906320035,1492994.8751597975],[405322.8745233224,1492732.3748112181],[405392.68770852097,1492514.6253577184],[405446.21838620794,1492240.626433536],[405532.1248173799,1491900.6246619318],[405472.8751459423,1491611.8751066774],[405553.1567346586,1491306.2500651071],[405793.6871400949,1491024.3746005087],[405992.2192681718,1490880.124704113],[406222.1564324475,1490634.000142569],[406488.6247350458,1490436.5002788284],[406701.2501786728,1490319.0003345136],[406969.34363723436,1490107.6252723897],[407256.00015689613,1490141.1254364324],[407463.3437128769,1490276.2504159831],[407709.96901982656,1490425.6253683772],[407871.28078723105,1490625.6248618213],[407985.9063273822,1490815.0003405795],[408140.62454011856,1491022.6245197256],[408316.90505576174,1491254.3752297314],[408488.81215657777,1491409.8747238615],[408685.4058141044,1491667.3748540855],[408930.1254291028,1491870.2497978187],[409295.1261130561,1491997.3752300302],[409592.6564970436,1491950.6245788815],[409857.34411968786,1491836.1239635502],[410072.68722300784,1491658.7497236975],[410314.93798182777,1491499.375380718],[410568.59403672715,1491294.24978515],[410839.50043957937,1491183.5000527967],[411089.0625695142,1491109.62458793],[411331.59386432223,1491039.6250180383],[411560.3124667454,1491033.2495805367],[411782.9689462542,1490933.749533095],[412051.96861102956,1490746.4998685285],[412243.06243809767,1490594.501407736],[412450.81354713754,1490489.8742120448],[412657.21916443104,1490346.874697152],[412841.8126291776,1490229.3747528372],[413057.03080767754,1490129.7497805753],[413370.96871117386,1490042.2500130907],[413563.75002584956,1489897.875279052],[413772.68796426844,1489776.7503355276],[414072.5622796144,1489678.875444049],[414316.5938055656,1489677.7500745433],[414518.3126062678,1489874.1256149032],[414564.99979246943,1490135.8743223113],[414555.0004890611,1490367.9998067773],[414556.156544915,1490600.2501288864],[414604.0316066211,1490850.3754230484],[414692.8441744303,1491113.750332545],[414777.43780527776,1491360.4995181893],[414766.56298200355,1491698.3754756015],[414784.3129420594,1491956.2503802855],[414802.9374630327,1492226.7502762042],[414905.3128735866,1492486.3751744942],[415137.1874622871,1492565.374736411],[415081.0620446532,1492829.1253793163],[415025.3440929014,1493219.6247620762],[415345.28170049074,1493208.5000019849],[415606.7816043842,1493135.0003577038],[415706.93800839974,1493336.7498447539],[415921.843831261,1493278.3747342336],[416078.65612571564,1493125.7495570902],[416304.8433659618,1493232.8762953077],[416569.8126578967,1493210.2499955911],[416565.2814524734,1492945.2501044853],[416615.1870437738,1492671.2491752289],[416838.8123226721,1492618.999565393],[417098.31229614216,1492553.374543631],[417310.68789012905,1492608.4995165789],[417524.4683434844,1492446.7504687158],[417706.96868546103,1492312.6249749027],[417920.2812591868,1492404.7500991055],[418013.06282714044,1492634.6248445597],[418077.34235715604,1492997.7495639613],[418308.59328070463,1492879.000371446],[418512.2187323065,1492773.7495106028],[418575.68734070583,1493003.1245567768],[418750.7800680216,1493150.8753993334],[419025.8745471333,1493057.9996800846],[419265.1250180211,1493121.3750089603],[419579.9373952578,1493330.2494824324],[419640.4690934949,1493009.6248319212],[419476.5308536701,1492861.6250986732],[419306.3747925857,1492702.249796745],[419206.65662797727,1492498.1245586858],[419056.6877378308,1492334.4996334482],[419441.6564294299,1491977.750351548],[419702.49997674965,1491942.6250315423],[419997.6874755043,1491943.625476228],[420255.74981100694,1491944.1252626854],[420384.31296836294,1492132.5002967578],[420705.93597130885,1491860.3753320533],[420954.46897528373,1491708.12492937],[421201.6871738602,1491674.3749156871],[421469.0013561019,1491737.124661514],[421709.28086577257,1491730.375495678],[421936.62529517524,1491676.7496205706],[422155.90671229176,1491701.124867768],[422380.87539068545,1491680.624382243],[422827.68753472064,1491703.6255435972],[423081.124513505,1491829.124860897],[423325.31269674975,1491884.7496203023],[423547.4059248543,1491874.5003800767],[423777.4998336006,1491913.875236215],[424020.78172345436,1491947.875099538],[424235.78073866223,1492052.5002901552],[424396.5313469134,1492255.250221891],[424500.9997930601,1492543.3751530456],[424456.68722456484,1492790.3752344553],[424504.4373614509,1493033.8752414756],[424511.68727269274,1493255.4995438252],[424559.0002162972,1493487.6250282913],[424784.9376069033,1493533.375234754],[424960.81266173837,1493381.624618528],[425001.4378122027,1493147.500336941],[425032.18753795326,1492926.2497629263],[425264.7502157009,1492968.1252077166],[425434.4065775051,1493107.0001112968],[425678.59371462435,1493176.6249067285],[425864.3124616997,1493001.7502965792],[426015.56241969723,1492763.7502071946],[426283.00048063346,1492724.5002758761],[426421.7811457416,1492898.500412285],[426682.7188443563,1493203.3748588094],[426526.81284329254,1493399.374665761],[426462.2496389124,1493642.9995976014],[426667.34350200684,1493763.125055388],[426867.8437408565,1493857.9996589345],[427016.49983067845,1494026.7497273479],[426860.0941303345,1494194.6253220208],[426765.7816448897,1494420.9999930856],[426692.87489223527,1494635.500355139],[426639.09340595984,1494888.9997527446],[426506.31235776754,1495099.7501907684],[426594.50126042485,1495341.1254297225],[426549.40636441036,1495599.5000336866],[426491.7807156333,1495813.6246623313],[426527.5623922128,1496058.7497381377],[426310.6566389282,1496136.375127034],[426093.6567343486,1496048.2496021464],[425984.8433802947,1496249.500436042],[426062.7186188311,1496489.8752303103],[426136.5623512244,1496923.2505025463],[426423.46872052626,1496782.1248599542],[426604.06232442614,1496555.5003392494],[426879.7815148151,1496545.0002032584],[427100.3746861307,1496598.7499570602],[427256.4998504865,1496779.6252302506],[427118.2813906572,1496950.0004546272],[427034.7188908436,1497186.2495042803],[426945.90527690895,1497465.8752759923],[426956.0315973883,1497696.3745583696],[427010.063020481,1497981.3752357203],[427148.1248230168,1498194.7492693192],[427181.46832976583,1498467.8745915326],[427242.4065349365,1498858.2500084208],[427525.9061093727,1498531.4998572255],[427632.56287570973,1498295.8753444955],[427713.9994741544,1498036.8750703055],[427946.8120887193,1498035.3749263394],[428157.90661485505,1497946.6247773517],[428354.56269120314,1497548.4997499415],[428594.0005057325,1497560.874804359],[428826.2498688931,1497501.9999073814],[428852.74997133395,1497230.8754745398],[428890.9390442188,1497003.8751332492],[428839.0314302441,1496737.8747102804],[429093.875360648,1496789.249846376],[429330.6251557067,1496869.2498529789],[429276.8436694313,1497131.125577458],[429398.4375387107,1497375.7499078587],[429463.9059031792,1497626.000214018],[429509.28142235894,1497926.6250372324],[429595.87498362974,1498197.8755281968],[429595.8442101046,1498505.1246796045],[429548.1565792171,1498887.2497405652],[430003.9062092788,1498755.3748985867],[430175.99960761087,1498583.7504260098],[430537.2504547117,1498458.1260967127],[430765.00034492253,1498422.5001184784],[430948.28100934456,1498585.8752812531],[431174.03001018363,1498565.4997205483],[431478.7191181403,1498600.5000285567],[431755.9374063699,1498693.7495633173],[432086.812343232,1498312.9997215027],[432310.62487859465,1498340.9999679097],[432561.18745321536,1498195.0000779077],[432691.59388370125,1498015.8748855004],[433109.93676839734,1497935.5001044376],[433313.74965081783,1498058.749728851],[433555.7495138722,1498264.7498853365],[433783.7809861966,1498344.9997415792],[433883.81246539205,1498566.000465954],[433970.780801123,1498842.499891611],[434022.50002533075,1499066.3749329725],[434241.3441619885,1499254.0004181245],[434504.34420984803,1499288.6249055476],[434760.0001951708,1499356.37486973],[435199.03090903343,1499640.999726495],[435136.56283249706,1499244.3737969254],[434983.87523653207,1499086.3746730918],[434893.53079228336,1498779.375371324],[434953.5934775882,1498525.0004538523],[434849.4372999031,1498300.2498926253],[434898.68766793236,1498014.2498167143],[435126.93725742336,1498183.8754049933],[435358.71865377726,1498275.3748589705],[435359.469248823,1497905.623893479],[435346.8432986401,1497638.3751812582],[435416.3442153772,1497355.3764394047],[435423.62490014406,1497121.8746896673],[435588.6250445278,1496917.374764325],[435869.1877088017,1496856.998677256],[436081.1874822029,1496960.7503530814],[436275.68705801124,1497153.1251608233],[436487.93668105255,1497367.7504476965],[436628.28095507366,1497536.4994699843],[436765.78168563335,1497727.0004054257],[436943.71908971324,1497917.3752827444],[437163.8442942221,1497962.1251316983],[437174.74884489586,1498216.8748236303],[437198.12469353294,1498490.2499954838],[437292.3746729792,1498729.374495426],[437384.96889729134,1498954.4999182904],[437496.56232985976,1499203.1250684862],[437675.6558769707,1499357.750088876],[437880.9995897052,1499442.625301837],[438085.3121714059,1499625.7493089656],[438294.03103370976,1499743.7509576345],[438297.0610490415,1499982.124862531],[438186.4997064553,1500186.000163773],[438078.03148663894,1500396.125018748],[437908.7817189455,1500549.7495944519],[437779.21907585196,1500749.250347564],[438002.31283581944,1500839.875414978],[438213.37458335626,1500911.874828116],[438440.999548747,1500994.7502850078],[438681.90586194606,1501121.749833451],[438946.96921799873,1501169.0002710568],[439141.6562246257,1501287.3746019348],[439433.7501559246,1501418.9995942733],[439689.3129489008,1501458.8751958173],[439846.0627373569,1501615.5000594533],[439804.62457302527,1501905.1251345738],[439911.31202571036,1502173.1254007888],[440139.1878868667,1502207.6250505687],[440405.531264645,1502269.998888633],[440637.84409275255,1502255.874886735],[440556.5620593504,1501896.5000041858],[440442.1567286168,1501668.2493685693],[440226.99992281286,1501434.4998614427],[439976.46916784276,1501246.6245266504],[439827.4371702581,1501043.7496700943],[439689.09378560865,1500824.1252109914],[439620.8114307241,1500566.2503063073],[439467.00047032704,1500260.2504031],[439427.9379698274,1499972.24935064],[439380.65579974797,1499694.4996306568],[439301.281463371,1499454.8754314345],[439156.7192985136,1499236.625232529],[439115.1254358369,1498739.499856957],[439355.6251549252,1498676.5002614898],[439763.8754566893,1498876.874529394],[439938.06302391674,1498697.7502959352],[440054.56243636867,1498920.7499046077],[440247.71852550446,1499099.2504729147],[440470.7190931254,1499145.2495700691],[440551.93766158057,1498915.499836612],[440635.25031175406,1498707.500883006],[440891.68757847056,1498575.1252956218],[441169.4998044524,1498592.4995222692],[441392.21878995973,1498701.0005206845],[441513.18803513894,1498898.5014305504],[441699.374749021,1499110.250308186],[441818.7496117621,1499328.1246865059],[441932.03166524076,1499601.0002462564],[442001.0625229201,1499834.499903743],[442191.21832412377,1499979.8750824674],[442402.2800716606,1500053.1248771087],[442649.5627813095,1500066.500376212],[442800.1245630827,1499844.6251780968],[442799.59417745454,1499592.2501910485],[442888.1558494981,1499317.624637692],[442913.6564662015,1499092.375336133],[443013.4995556299,1498879.8749045033],[443241.0620150221,1498752.3746106545],[443539.34404018096,1498886.3751796477],[443785.3129033798,1498858.999557341],[443981.81240961154,1498690.3754598734],[444230.43755980744,1498748.374836985],[444484.1253471803,1498878.8754187657],[444697.03132679535,1499046.250268033],[444884.7182718206,1499182.7495077814],[445116.6245058174,1499155.8746308803],[445413.6562366503,1499087.249234009],[446061.9055992741,1499000.7499112105],[446314.46906326653,1498983.3746384375],[446585.5934961082,1498952.6259588124],[446816.6877623633,1498930.8751789615],[447068.6563296551,1498830.7505074195],[447333.9378028745,1498770.7502409362],[447590.9690073432,1498701.0005206845],[447824.1870827162,1498711.1247489129],[448075.06393087236,1498678.3751799162],[448297.46855566715,1498637.8749542718],[448530.6251711671,1498611.0000773708],[448759.1871162967,1498566.375240414],[449028.18887332315,1498510.124810783],[449322.4373000879,1498482.5003849617],[449557.1872519004,1498429.9998793602],[449845.34391552827,1498451.0001513425],[450088.3749096164,1498414.7505079564],[450333.0310596679,1498359.4995640628],[450577.81213453936,1498367.8748448105],[450848.15633211273,1498360.1252342886],[451099.5626941258,1498381.1254190938],[451338.9062701831,1498353.999646427],[451540.93742652395,1498228.6251667703],[451753.78090014035,1498160.2496195391],[451509.7186878412,1497232.2496475603],[451436.21904356004,1496952.7498467937],[451336.3442216581,1496730.3749493987],[451151.9064552566,1496541.375291226],[451006.1861422944,1496325.6246348468],[450876.7494701464,1496114.2494855458],[450597.1564770333,1495684.8750331048],[450418.43883768516,1495471.5000405577],[450236.4371488632,1495281.125163239],[450032.56289374677,1495073.625908913],[449849.4061080193,1494925.3752798992],[449613.93729363446,1494836.2504436285],[449376.875142937,1494789.3758266084],[449108.4683697884,1494746.0001506747],[448866.90578719275,1494713.2495355525],[448624.15628804103,1494708.75014978],[448350.46876054886,1494711.4995419465],[448099.531411468,1494728.7508488474],[447891.5314117364,1494557.1254173222],[447694.68790456967,1494376.2501441317],[447437.4058915124,1494328.6249320656],[447206.4057765523,1494219.12453509],[446970.15672689915,1494155.5003155225],[446822.0310227054,1493984.4995080975],[446575.40676188126,1493907.2499397867],[446367.56237331766,1494008.6249056547],[446172.219010117,1494182.1253427835],[446020.56263236294,1493704.0003087707],[445921.7814474934,1493447.124802647],[445818.84383166075,1493176.49902296],[445713.46909212315,1492912.2496397228],[445631.6565859157,1492679.1247566964],[445607.12468142476,1492396.8745176378],[445658.6563876367,1492151.6245170112],[445688.49990717345,1491814.000414313],[445755.2185659679,1491524.875038473],[445847.59362698795,1491280.7504073523],[445948.2497302837,1491023.6249644114],[446033.6564621755,1490793.7503061343],[446162.7808658619,1490545.8747048588],[446283.99987350404,1490248.6249440364],[446364.90617349773,1490036.7500954552],[446488.1557979112,1489726.4996099896],[446502.15592111467,1489503.0003892141],[446735.9996667134,1489376.4994939258],[446993.2816797706,1489390.7505128947],[447229.65670036926,1489492.375328403],[447503.40673386,1489505.0002324602],[447736.37495959294,1489546.749706305],[448002.8750818419,1489635.9995545729],[448267.4050010671,1489792.8753139745],[448559.68732213293,1489974.2502864453],[448867.2816077784,1490189.6251222386],[449097.93754744926,1490324.6251769694],[449384.0001293588,1490506.24999908],[449588.9998411583,1490627.0000809673],[449852.9379148822,1490684.3748339787],[450137.0937587149,1490738.5004083663],[450463.03098322015,1490828.2498687373],[450683.43776984257,1490792.7498614485],[451210.4689965955,1490457.6253884537],[451496.8747076688,1490383.0003746666],[451722.3441314681,1490398.2497460705],[452053.9061112519,1490420.2503755616],[452390.53282046365,1490488.000252567],[452683.40602808236,1490572.3748072996],[452948.56257648167,1490628.6251497534],[453257.0313358675,1490646.1253473463],[453710.15649858274,1490762.374910158],[453777.4997814774,1491028.999957227],[453761.53154750116,1491350.9998268841],[453808.3129721749,1491886.1248394484],[453862.9065133692,1492186.4999002],[454006.56247201277,1492415.0003854565],[454225.3441898491,1492643.4998245875],[454464.5936146114,1492759.2496881192],[454723.7188136214,1492934.0004195739],[454961.4998268911,1493160.7498650989],[455204.03112169914,1493527.2486879441],[455469.5307992622,1493552.750350773],[455784.06264051085,1493528.0003291154],[456092.40647507657,1493506.2495492646],[456304.0313868405,1493405.9999529023],[456917.3746799278,1492824.7498722381],[457074.37536414945,1492642.1246054415],[457242.09421435173,1492455.3746401551],[457439.9689397295,1492274.1245925045],[457616.71846830484,1492052.625214975],[457810.84326965304,1491839.500072068],[458052.27996848023,1491799.6255166496],[458279.9059799965,1491876.1254488628],[458515.1566772147,1491833.8752296125],[458754.81260891067,1491959.750454675],[458920.1875277546,1492115.000099165],[459117.74989749363,1492252.499783599],[459302.90652646736,1492386.6252774124],[459501.8123828789,1492599.3745997339],[459625.5310202246,1492796.750671957],[459844.59336122614,1492957.8750085426],[460076.8754158086,1493142.7499682256],[460317.3751348969,1493302.9998310711],[460510.4370727378,1493478.8748859062],[460623.4374569257,1493671.6244681084],[460793.78094882873,1493858.6253291604],[460964.09358002956,1494005.8755134882],[461131.5002489474,1494153.3745013308],[461323.2503454121,1494294.8749183828],[461503.4999483769,1494470.0004242978],[461646.5630153937,1494646.375178413],[461838.8128111386,1494840.125205301],[462024.8121813791,1495008.7493899458],[462204.1873106036,1495162.125074958],[462359.62543203775,1495321.6253888833],[462525.4683176884,1495533.9999367446],[462727.21885086404,1495749.3747725382],[462956.9685843211,1495926.625046519],[463186.28112449654,1496097.4999701758],[463376.3754658271,1496235.2504631984],[463587.562138184,1496419.499839833],[463890.7808295742,1496535.2497033644],[464011.5944635854,1496535.2497033644],[464074.4373145819,1496351.6250380075],[464258.06197993894,1496172.7496080631],[464407.87525891734,1495989.1249427062],[464591.531743925,1495684.6251834647],[464746.1874506628,1495409.250081188],[464838.0003064041,1494950.125388734],[465021.6567914117,1494553.7503549298],[465142.46824599477,1494249.3744743832],[465205.28041064326,1494002.875138379],[465355.0936896217,1493727.3761574076],[465446.937231711,1493423.000364038],[465388.9379417764,1493181.2503506236],[465326.09404465446,1492842.9996187515],[465297.1250860351,1492688.3745983616],[465234.281101736,1492417.749777623],[465234.281101736,1492200.2501737634],[465263.2808338804,1491958.625085169],[465446.937231711,1491745.999641542],[465567.74981959665,1491620.375312245],[465509.750442485,1491441.499969478],[465417.9375867437,1491257.8752169437],[465205.53130640887,1490865.9996560896],[464976.24953975854,1490879.7499296528],[464741.687977713,1490831.3751686665],[464523.5627036275,1490723.874614937],[464284.4996635583,1490725.4996837233],[464074.46904705535,1490802.6252861621],[463837.50008870446,1490827.1244992313],[463603.40649346565,1490831.1253190264],[463346.5627198155,1490784.8742799808],[463123.5314658466,1490739.999506207],[462880.65608292643,1490662.6251002531],[462684.37469386135,1490528.8753398487],[462465.00008439826,1490436.7490823432],[462242.8433041697,1490412.249869274],[461981.0311318147,1490374.999868379],[461761.71894117305,1490318.624513928],[461532.78126263485,1490174.4996295294],[461373.9998112819,1490016.4994595703],[461173.0622919735,1489834.4998629992],[461008.5003869969,1489665.2500953057],[460774.0945232965,1489456.2486047628],[460638.37455986807,1489275.7501982835],[460452.6558127927,1489047.3746378468],[460241.5315592573,1488963.7496320347],[460093.4683610622,1488797.8750139107],[459804.56206133694,1488052.1254470912],[459591.2813072618,1487904.1246677176],[459461.74943769333,1487709.000467809],[459257.15623282746,1487587.624715696],[459331.12489004084,1487352.9996887036],[459275.4377118141,1487113.3745305329],[459158.56247877656,1486838.6250984818],[459097.4685752607,1486582.5011463522],[459121.03080859093,1486326.500113969],[459180.93788272777,1486079.500032559],[459222.3125821124,1485855.999765658],[459249.74966429215,1485438.8754428143],[459306.3748683833,1485213.62509513],[459351.0314378136,1484963.374876148],[459436.8754501641,1484666.999589066],[459618.2504226348,1484442.9996228847],[459781.93785387115,1484265.625383032],[459971.65637461614,1484111.6249867424],[460148.0311287314,1483850.749706949],[460189.2502169479,1483536.7503435796],[460154.90626551304,1483212.2498852706],[460050.4685057143,1482959.9997358653],[459948.49960209406,1482710.375187109],[459826.7808079946,1482517.4997211383],[459978.28166175773,1482200.3750578396],[460176.37546325044,1482087.1247368346],[460402.87505913526,1481931.5003178844],[460742.5000512052,1481747.4998319417],[461053.7192488831,1481605.8754490179],[461337.21873614204,1481436.1249359187],[461563.40597638825,1481336.999750114],[461818.0942956241,1481252.1254961013],[462172.3747213457,1481181.2503191668],[462398.5312752439,1481053.8749501382],[462710.2184397285,1480968.999737177],[463035.5933717778,1480898.375456008],[463261.99977531604,1480954.8746891536],[463516.81301937194,1480940.624629133],[463785.8433704953,1480756.7501141357],[464083.03175862174,1480615.2496970836],[464366.3120825886,1480572.749628193],[464705.81214983854,1480572.749628193],[465045.7187240221,1480544.3745201488],[465272.0308890883,1480530.2494721254],[465767.53119587403,1480431.2501700893],[466149.9685252961,1480402.8751492223],[466376.3442424864,1480445.3752181127],[466687.74982485734,1480431.1252452692],[467084.21909713343,1480388.7501011987],[467437.7499739348,1480374.6250531753],[467692.5620846881,1480374.6250531753],[467989.9685899811,1480388.6251763788],[468443.12539799267,1480445.2502932928],[468697.65601380955,1480530.375443071],[468938.18746537133,1480657.624841154],[469037.5932743411,1480912.3745330859],[469178.9687665732,1481365.374770981],[470063.6873882677,1482529.1251394583],[469997.0310611176,1482594.8751732174],[469982.7186694526,1482635.5003236819],[469945.3753890339,1482696.3750639055],[469890.281102434,1482751.9997361337],[469849.12452021596,1482807.7504664846],[469818.2499568225,1482855.8753778308],[469796.2502862798,1482904.125213997],[469835.2810543061,1483107.000070553],[469850.2192033739,1483146.6247763315],[469843.4372589388,1483197.500213147],[469844.1878539846,1483262.4996518604],[469858.7183628162,1483354.3749264232],[469850.53147183545,1483423.0003232942],[469871.6873549858,1483479.2497067999],[469915.49917807535,1483563.6252204806],[469915.2186420873,1483598.1248702607],[469885.40589607565,1483669.1248848382],[469838.87527999043,1483764.3753089705],[469818.1874508239,1483808.7503834644],[469753.7502173893,1483915.2504925078],[469712.6560539928,1483967.2501655265],[469634.18696488126,1484083.8745899755],[469591.6878549391,1484149.7495485547],[469476.4059582142,1484257.1251774642],[469345.5623344467,1484403.8746163864],[469246.37455546646,1484566.2502934237],[469184.3437593888,1484693.1249170466],[469073.68721938215,1484859.124547168],[469014.5000539431,1484943.999760129],[468965.3746107338,1485045.624575637],[468944.3754720542,1485129.5004772148],[468920.655535305,1485231.250217543],[468924.8764773406,1485340.8744932131],[468940.49966425623,1485453.000490838],[468959.2808425231,1485645.5002234],[468948.18781490513,1485758.8754692252],[468947.46895233286,1485846.75001117],[468906.28168376687,1485912.6249697492],[468856.3749591639,1485953.0001833963],[468810.28162353736,1485992.1251898946],[468745.18698740355,1486027.3763936688],[468671.28083618876,1486045.8749436964],[468630.56249337783,1486050.625312412],[468586.78135663626,1486120.3750326636],[468526.6561653328,1486169.625400693],[468447.4692597745,1486216.1241971275],[468379.625144297,1486274.2495451847],[468307.812028675,1486350.1248532976],[468238.53123417846,1486431.1253045863],[468190.84360329097,1486511.000386369],[468176.18703633663,1486592.374565992],[468180.6558229385,1486671.3751740344],[468156.5928442026,1486816.4994569935],[468143.0626928797,1486918.2512895726],[468120.2500084698,1487067.1245376128],[468098.9682415511,1487182.87544727],[468063.90647366934,1487274.3749884241],[468006.99977464176,1487395.000058314],[467960.46915855655,1487492.6251873297],[467909.9685833784,1487604.3753643688],[467863.46874081827,1487698.2495232294],[467785.0313841802,1487805.999926599],[467716.93741906265,1487895.8753579154],[467664.34372111456,1487954.1245846672],[467640.0308927386,1487975.625514878],[467576.0309397627,1488028.624673634],[467512.1251380818,1488071.3745921648],[467467.3435566543,1488109.2503504625],[467414.53078259126,1488193.0001939177],[467362.8750233305,1488294.500171783],[467322.71888579836,1488388.500301589],[467232.68775613676,1488517.7495429183],[467205.4371458272,1488584.9997206435],[467168.1246389337,1488639.5000694913],[467124.5625783071,1488682.499837662],[467071.5316870774,1488796.7496444047],[466999.1246337032,1488946.5004173846],[466949.75047415646,1489081.1246515296],[466932.5626322023,1489161.2485368268],[466900.1253316671,1489243.750178207],[466830.1872216484,1489403.751237538],[466786.3753113817,1489478.6250548395],[466750.1564415206,1489553.4999182667],[466707.43720933795,1489648.7503423989],[466654.6561677484,1489731.125053885],[466569.7184487888,1489860.37534134],[466474.6246819502,1489988.3753344687],[466408.15587279585,1490032.374588377],[466314.968756857,1490080.124725263],[466214.25014756265,1490116.2504027777],[466154.2816135527,1490146.375504428],[465977.2187703903,1490347.6252921978],[465911.62539392465,1490441.3745262385],[465875.5938677051,1490494.6245807603],[465810.2504280567,1490557.7500599958],[465751.28033365874,1490622.249799429],[465673.2504429027,1490680.250135489],[465599.37602416135,1490698.8746564623],[465533.0004073536,1490732.749594965],[465478.0002720485,1490776.874819819],[465430.6249096226,1490815.999826317],[465406.1871564266,1490854.0004222577],[465381.4688672425,1490922.6247730036],[465398.96897765825,1490961.0002305815],[465447.96844992193,1491030.1253267329],[465516.87542890676,1491155.5008525155],[465558.1559769964,1491238.6240667964],[465571.9062505598,1491267.9995323492],[465611.9998820933,1491341.0005234757],[465629.5000796862,1491376.7503804045],[465636.90664822154,1491402.251084285],[465653.1248190149,1491443.249963084],[465684.37520299404,1491508.375372743],[465691.53096294095,1491565.7500385772],[465681.06255942327,1491603.8746003897],[465635.8765633132,1491687.6254899702],[465617.90639383974,1491711.7499285792],[465596.09415411565,1491735.7504013164],[465524.2502649686,1491815.4995993308],[465484.49967542174,1491858.500413627],[465430.71914809465,1491906.5004001532],[465366.5624506481,1491983.6249564667],[465325.2502572621,1492059.7502013969],[465315.62459501124,1492150.1253319937],[465303.65613470465,1492217.625359359],[465295.7815993626,1492245.4997219974],[465289.06311987445,1492290.1245589543],[465295.06273679034,1492335.9997774141],[465311.2808204066,1492371.749634343],[465353.8751277692,1492452.3753111714],[465380.06287457136,1492513.7498378525],[465398.5942031981,1492578.8751603344],[465404.4371628204,1492642.6253508471],[465410.18797622167,1492720.374531261],[465405.96903925994,1492771.2499680764],[465407.43745075254,1492822.750028992],[465386.24992230587,1492850.1246051732],[465384.65658599325,1492889.50042026],[465396.99982076,1492934.250269214],[465411.8119988823,1492991.6250222253],[465426.7184154767,1493032.5000223299],[465455.3125996358,1493114.2500225387],[465472.65605275804,1493169.2500706664],[465483.62511450425,1493229.1254123298],[465495.8128252801,1493294.2497758633],[465504.24956590094,1493351.6245288746],[465507.46901712514,1493424.2496122385],[465507.0941554879,1493471.3751250242],[465505.2500105868,1493542.7500012391],[465502.03151831095,1493622.874932662],[465484.87540883024,1493704.3750832307],[465470.3745402211,1493765.3747482745],[465459.68706058845,1493831.4995564937],[465440.2495257479,1493877.2498501337],[465408.0324346303,1493933.0004933074],[465379.71887363633,1493974.8748919722],[465339.96924303786,1494015.3751176165],[465309.1877848138,1494049.4999057592],[465270.43755277566,1494128.1246932158],[465282.71836872096,1494180.5002739974],[465283.68708093336,1494216.125206106],[465264.43793585984,1494240.249644715],[465234.9385916124,1494271.8748903316],[465206.5942570933,1494318.7504663002],[465192.37497059774,1494348.0000480847],[465167.87471140316,1494392.3751225786],[465149.56254606857,1494455.8753762743],[465139.1238699505,1494488.999719731],[465114.21919607325,1494581.7485090857],[465108.7827433846,1494625.0002191477],[465097.12454646564,1494653.0004655547],[465082.8120676235,1494692.3753216928],[465067.156189286,1494744.5000067088],[465039.8747182743,1494815.6250332836],[465024.1870202861,1494869.0000126255],[465012.375217273,1494915.9995544658],[465001.905854807,1494952.8747809005],[464993.78146982484,1495015.2496650903],[464988.3122385372,1495060.99995873],[464972.5610756021,1495120.7503755735],[464942.6254970214,1495209.750287024],[464923.1254561823,1495264.3746017436],[464889.31293650105,1495357.125396172],[464864.5310951929,1495434.624814123],[464842.3748545338,1495500.7496223422],[464816.4379163201,1495566.75046469],[464791.84350583056,1495622.6250737351],[464755.6563684429,1495693.6250883127],[464714.499786225,1495754.4999157137],[464658.1254778994,1495810.1245879417],[464624.4071966902,1495891.3748888704],[464588.0941755342,1495980.249875501],[464560.9376293425,1496036.1254434949],[464503.124636924,1496112.1247174796],[464437.8753485705,1496166.375216687],[464362.37481491757,1496227.000107271],[464309.9378614402,1496264.7498946232],[464248.5316022857,1496315.2504698012],[464199.90594553377,1496351.8748876476],[464167.84350663575,1496388.5002644423],[464145.56330010504,1496471.1247383915],[464110.5936784444,1496549.8754967938],[464110.3120963308,1496586.8746891],[464110.0305142172,1496622.499621209],[464114.65595811256,1496678.625038843],[464112.78095250926,1496755.0001334131],[464103.28134838113,1496826.249997631],[464106.8121091185,1496864.4984381378],[464101.34392395633,1496911.6249970493],[464085.78115078824,1496949.6246340417],[464063.8747597693,1496986.4998604765],[464026.53147935064,1497043.4998390276],[464002.0937261546,1497078.9998463164],[463962.3758280296,1497119.5000719607],[463944.37497220817,1497143.4995857498],[463922.5934188321,1497163.7502216345],[463860.9691296881,1497239.7504545676],[463839.0934250171,1497272.6249483845],[463782.43858070346,1497362.625304521],[463780.8114196664,1497404.6236690576],[463781.4064035441,1497489.9996274242],[463757.99873525643,1497553.499968297],[463696.56283587945,1497607.8753923248],[463665.5940340139,1497663.624989373],[463648.46765193285,1497740.0000839434],[463626.0942530555,1497831.4995379203],[463599.8122677813,1497940.875010076],[463578.8745889747,1498014.6245911743],[463543.7810014424,1498109.8750153065],[463515.0629385887,1498200.1252210832],[463485.18777375564,1498282.6248573894],[463469.3751509474,1498350.1248847547],[463445.78118514374,1498436.5002416817],[463404.18732246704,1498553.374515771],[463359.87475397176,1498685.500166338],[463340.2497883126,1498755.4998234068],[463318.0934604764,1498824.125220278],[463290.8438091153,1498891.3753980033],[463226.5940064993,1498976.2496520157],[463162.3748030542,1499058.5003976303],[463108.4683919587,1499124.3753562095],[463041.6872271657,1499208.0002748447],[462989.1252616911,1499262.374739924],[462921.25045986567,1499324.2499248334],[462844.4064395402,1499393.749795445],[462720.3437140824,1499488.2496245315],[462633.28122705646,1499565.3753141474],[462508.094091041,1499642.125096001],[462446.6561865902,1499693.876052682],[462371.2498042322,1499745.4999922924],[462298.28167888185,1499806.124882876],[462202.3748109989,1499878.0004173194],[462146.06196254643,1499926.0004038454],[462100.0311329185,1499958.7499728424],[462033.49981776555,1500010.374958578],[461956.7172573132,1500074.8746980112],[461911.87526213814,1500116.5002931615],[461860.6250508626,1500165.7495278881],[461823.4999747877,1500197.3747735044],[461779.84376286616,1500251.7501975321],[461768.0309137276,1500298.875710318],[461719.21887228254,1500363.5003745712],[461676.6245649199,1500440.8747805248],[461654.53178920783,1500503.1248270718],[461615.81224351766,1500572.8745473234],[461576.1251189177,1500608.249629792],[461505.8121472618,1500658.6253673274],[461412.5932988494,1500710.1253410657],[461367.87526954606,1500736.499472561],[461315.5314212381,1500764.1249445078],[461256.74971660716,1500804.500245332],[461165.99981155037,1500866.2495464734],[461119.8747434503,1500910.49960897],[461076.28103752737,1500954.7497586438],[461059.59394097887,1500976.249642729],[461035.0936817843,1501020.624717223],[461019.2503726281,1501091.8745814406],[460998.3126066444,1501164.2499023415],[460982.43756501476,1501244.374833764],[460969.093798385,1501319.4995468315],[460950.84405187186,1501376.6254963283],[460930.0937167068,1501430.00047567],[460887.18714088266,1501597.12538812],[460865.78140809224,1501680.4994981666],[460813.09355884924,1501908.125509683],[460769.0932588155,1502162.5004271546],[460764.74948421086,1502385.4999486501],[460766.7186411091,1502611.0001459746],[460758.46828518144,1502847.8748658535],[460733.31271553866,1503127.8754120255],[460714.93699807994,1503357.0005213823],[460626.5310243815,1503599.625008537],[460528.0314216256,1503835.8751043156],[460392.9996344215,1503910.1253436424],[460334.21888873895,1503942.375213359],[460176.03137513826,1504107.1245491544],[460051.34402558015,1504301.9999455484],[459895.7185605045,1504467.998529544],[459686.46826644696,1504618.0001982895],[459604.1560609593,1504684.6247057891],[459544.56238858664,1504732.7496171354],[459466.12494477147,1504796.124946011],[459280.6253609882,1504913.999664786],[459096.56236904697,1505045.8754657127],[458994.9375535388,1505252.1254718383],[459017.43892843556,1505414.9998892073],[459032.87468453264,1505526.8749038894],[458962.8750274638,1505689.3745467984],[458935.31310764106,1505753.3744997743],[458887.2495689908,1505970.3754504793],[458836.53087664605,1506145.8747719058],[458821.4995352316,1506197.8765371756],[458722.2811570805,1506395.1245462021],[458700.53133617796,1506432.8752925026],[458606.5630260224,1506596.2504552775],[458559.280855943,1506668.7496548728],[458479.34326816176,1506791.249730366],[458390.21843189106,1506940.00005866],[458341.0940348073,1507021.999908509],[458196.0014843218,1507212.1250233646],[458011.18894346023,1507383.4995591245],[457896.78047435015,1507466.9996401165],[457827.1566378669,1507517.8749897548],[457698.0312752321,1507614.1248124472],[457633.0922502663,1507662.6245854308],[457423.8440484597,1507812.6252080507],[457245.5308237942,1507994.1251053414],[457167.6566313833,1508141.7500641295],[457131.31283670216,1508210.6253106408],[456992.53112546855,1508399.3751191734],[456872.8439070888,1508589.125459569],[456779.0629405747,1508813.1243796248],[456611.9062084741,1508971.5003701695],[456372.8124820569,1509077.2498841675],[456327.3745440557,1509084.0010550774],[456073.0005855324,1509121.7497963042],[455598.06327027024,1509091.2500073707],[455368.2510308146,1509084.249945769],[455086.0622516292,1509100.2499122187],[454785.3441488909,1509130.250001872],[454517.59373231593,1509148.749598025],[454261.06231430446,1509193.8752675648],[454036.3434855509,1509275.7501925938],[453819.9691640199,1509416.12524014],[453716.4059651387,1509646.2497480572],[453643.3752466126,1509873.8747134479],[453452.2815067216,1510068.875034662],[453261.1877668306,1510253.5002318819],[453086.6561986681,1510478.8754172092],[452888.90639811044,1510635.6252928425],[452602.46904174075,1510796.499779788],[452340.03015303455,1511001.625375356],[452141.501076157,1511174.9998415392],[451966.4063437673,1511307.5003537433],[451756.2497563188,1511442.7502581142],[451554.31283845,1511548.749621752],[451323.93743476726,1511682.625353102],[451131.0937012701,1511797.624621588],[450902.8441117791,1511969.7498395706],[450736.0621541386,1512127.6249975327],[450488.9688803822,1512350.6246062052],[450304.15633952065,1512563.3738413495],[450070.90653167415,1512701.1254676748],[449838.8435532067,1512804.500276789],[449597.6874775447,1512894.124899517],[449224.12512815057,1513189.8745163735],[449256.7815048008,1513441.2501048613],[449142.8748272219,1513632.2496934575],[449017.8433895516,1513823.1253161817],[448975.46920442954,1514097.624898593],[448815.000265469,1514306.5004181901],[448881.0932540377,1514778.874725979],[448894.75033525453,1515011.249972908],[448938.68717034126,1515321.124637788],[448704.3437254623,1515515.0006356214],[448546.43779397523,1515760.4995269398],[448560.93761645886,1515992.999785866],[448506.062493151,1516207.874835202],[448341.59378052095,1516458.4999158215],[448097.8438366833,1516470.6251205986],[447851.65581019234,1516500.3753606116],[447592.8746992945,1516635.8751146225],[447504.62634183804,1516845.6251079603],[447578.87457609107,1517056.3745870355],[447623.90591998154,1517293.87497714],[447514.1874058393,1517500.0000584454],[447369.06207675475,1517732.7501670117],[447274.8120973085,1518042.9996063516],[447352.81217348785,1518268.9995029564],[447295.2183443614,1518537.2496188115],[447161.1562283181,1518738.2495569412],[447127.9684199142,1519043.2499744112],[447207.2495639446,1519302.250335778],[447151.2501172563,1519548.8745966023],[446976.4061934551,1519763.9985366303],[446824.6873097025,1519995.6252807644],[446592.87513982353,1520175.3751844491],[446624.34372814634,1520428.1250331346],[446383.2183388323,1520496.1247597802],[446166.5000163663,1520600.8747880405],[446188.9686126641,1520903.1247672183],[446263.31204433757,1521154.5004428835],[446101.24968188733,1521349.3747931519],[446005.78114058863,1521774.8754428688],[445876.4683471352,1522132.5003318118],[445640.8746951074,1522272.8752921808],[445392.6560518451,1522491.9990058783],[445252.1253059537,1522735.000359744],[445181.68749665486,1522954.9995933075],[445428.34348995256,1522986.1251396437],[445444.12533923564,1523237.624606826],[445517.5625646953,1523453.3752632053],[445627.25030531245,1523644.9994759015],[445574.5624560695,1523884.0000971493],[445549.8748532334,1524112.750432046],[445315.53140835447,1524246.7500420907],[445419.0629619394,1524466.2495763737],[445638.3750654039,1524428.8745634817],[445764.96915303875,1524636.8735170877],[445885.0310587015,1524870.2492958796],[445997.18774267426,1525060.5002945038],[446098.2504400807,1525278.8755054066],[446312.09331225755,1525396.3753625443],[446564.74996859656,1525555.624780704],[446809.87513158016,1525847.3746238907],[446920.0309261812,1526083.5008409747],[447126.18669383455,1526286.1248889423],[447263.1876379369,1526541.2504014599],[447073.03079060774,1526699.2504842419],[447172.78277994064,1526899.624752146],[447438.5936798398,1527036.2499628398],[447614.18715256127,1527210.999648169],[447530.0942671195,1527424.7503741246],[447666.5627333427,1527630.1248603843],[447848.84495815274,1527859.7496690212],[447990.21844531095,1528043.500392501],[448003.90621287574,1528296.3750788295],[448225.28171171056,1528483.749668216],[448250.1239667663,1528740.3754118767],[448058.6246788901,1528848.8753641665],[448172.3746991754,1529044.124488895],[448414.1247125897,1529115.8751856957],[448625.00007543335,1529219.6258153955],[448879.59415619716,1529331.9995704095],[448998.34334871254,1529133.3752961115],[449184.12460178643,1529263.874918944],[449119.8112470464,1529478.7500554572],[449184.15633425995,1529703.373599613],[449503.9065110306,1530044.3748569547],[449685.99929994816,1530184.999754141],[449912.18758631987,1530234.3749598132],[449916.7187917431,1530235.375404499],[449912.9688677136,1530246.1253901303],[449926.874752445,1530457.3745684857],[450154.6246426558,1530561.0002733655],[450169.09273266594,1530789.7495621368],[450396.75047665567,1530843.6252868844],[450594.1255027532,1531017.2496027076],[450820.1253121807,1531063.625566573],[451030.1559286837,1531174.8749982065],[451100.6870175062,1531403.375396286],[451247.437502554,1531624.125224895],[451473.96883091226,1531737.8752451804],[451245.6874217707,1532120.125230961],[451688.9995785936,1532315.3754018152],[451682.1254879374,1532608.875325785],[451860.5319049495,1532788.7501542896],[452104.7814608902,1532899.999585923],[451996.3121949484,1533102.249818379],[452097.31238635624,1533330.6253788155],[452343.93664718047,1533393.4999622854],[452537.6252141954,1533588.7501331395],[452464.6253563716,1533800.999756181],[452671.7815687108,1533923.7496813142],[452539.03120686655,1534131.1250569457],[452684.4688915897,1534317.5002477719],[452868.9998503377,1534481.0002481895],[453038.71863096335,1534643.1250294612],[453091.4996725529,1534879.3761713654],[452985.59350126167,1535123.4998435376],[452748.3440069227,1535215.5001300974],[452520.62375693436,1535106.8752529877],[452499.6246182547,1535349.6246649623],[452568.8746392261,1535573.1249318633],[452519.624358374,1535987.7497121806],[452519.0621530952,1535992.500080896],[452484.8124401324,1535999.2502928576],[452433.9995093156,1536006.1254296394],[452388.2185293277,1536003.9995282704],[452333.6567206069,1536018.5003968794],[452294.2183995216,1536015.1253344873],[452262.2183794451,1535989.8744802468],[452197.4995638969,1536005.8745338737],[452160.9376520491,1536041.8752865682],[452185.5300574648,1536092.624752438],[452215.21883760474,1536143.3751772563],[452230.74987829936,1536172.500793169],[452291.96870663523,1536194.8752381718],[452327.5936387441,1536197.1249310581],[452386.09376126144,1536199.1247743045],[452433.1557219232,1536203.7502181998],[452448.6878087433,1536235.5003886363],[452449.03085073,1536275.0001695945],[452427.93747357826,1536333.875066572],[452397.87487792654,1536386.3754849965],[452369.06257660076,1536435.1251076201],[452322.2186459285,1536459.7502044577],[452296.8746865187,1536469.0000461228],[452261.59375534486,1536507.6252661636],[452250.46899525344,1536543.3752102698],[452251.9999127446,1536571.3754566766],[452238.37456400134,1536613.6246298016],[452207.8746878909,1536616.5000800907],[452169.687707257,1536613.0000057013],[452117.4995572942,1536603.375476753],[452067.68707116327,1536578.3755182785],[452023.09396667994,1536566.000463861],[451984.87516639545,1536559.9998008197],[451934.3120852187,1536593.6248896823],[451946.00000953727,1536620.2499169433],[451975.50048708735,1536651.8751625596],[452016.6560231798,1536705.0002922614],[452032.0938715279,1536726.6251011665],[452072.092305641,1536793.7503540718],[452085.15649523103,1536834.375504536],[452086.96899483574,1536895.62501922],[452078.53120808944,1536950.500142528],[452049.8120991102,1537011.999594029],[452040.09333169,1537063.1247933074],[452069.499570768,1537083.2505043722],[452104.0319119699,1537104.499579869],[452122.06249519094,1537133.7501206018],[452147.9686598795,1537188.2504694497],[452164.93742571876,1537237.8744786365],[452199.43803444714,1537259.124600259],[452230.0310157271,1537267.8746554668],[452272.124577684,1537281.37507939],[452300.12482409086,1537284.9999914223],[452354.8750225787,1537295.8749018735],[452396.9378981876,1537305.7503265874],[452432.62533629505,1537315.6247923528],[452495.186605178,1537346.875176332],[452532.40591972496,1537387.2495182077],[452537.9375698341,1537439.500086992],[452549.9685361393,1537505.6248952113],[452538.7813572264,1537537.6249152878],[452521.3436656322,1537579.8751345384],[452473.2811731074,1537609.7503865485],[452425.31291905465,1537648.374647641],[452382.2814184105,1537669.2499076263],[452343.03148709214,1537690.0002427914],[452301.2809671219,1537713.3750453028],[452272.40615979757,1537756.999524751],[452279.1246392857,1537797.7496000354],[452293.34392578126,1537824.374627296],[451972.87488643825,1537996.624682922],[451787.21855818434,1538118.2502846748],[451642.1260076988,1538323.4998461143],[451440.96836614993,1538520.2501609344],[451222.84405101277,1538666.4999005764],[451141.6562560827,1538888.7498731518],[450926.71861357085,1538987.7502213132],[450660.6875042541,1539082.3749752196],[450471.592648661,1539328.6255077093],[450257.1557515548,1539467.1245907038],[450119.46872347913,1539669.6246727996],[449919.0934094495,1539832.1242285315],[449937.3123824375,1540088.9987757069],[449717.6880105115,1540100.3753905122],[449473.81113677996,1540134.750028295],[449412.06288176426,1540387.3749521605],[449191.8127524354,1540495.3752051701],[449080.9371363137,1540689.9997057985],[448909.03108162316,1540867.3749045997],[448947.5314640212,1541155.8756563396],[448826.3441016754,1541343.0003960861],[448586.5939315074,1541384.999806748],[448488.9688896689,1541607.4996289634],[448256.40621192125,1541737.2496156984],[448077.9066025626,1541905.8747592915],[447909.28145896934,1542058.9996357153],[447765.5620353788,1542303.7499370617],[447603.9686858608,1542486.1254413954],[447604.84420572664,1542708.8751132507],[447373.18773419276,1542875.5004135978],[447227.7500494696,1543078.1254205138],[447006.6878652218,1543174.6250928463],[446905.43782417383,1543428.3753862178],[446733.53081053495,1543790.8754815191],[446493.2502547388,1543759.1253110827],[446141.5307442395,1544039.1248111294],[446262.2808261266,1544241.3750435852],[446052.3434891474,1544328.99973589],[445817.03133205604,1544312.3751453399],[445599.4999085457,1544319.8749062219],[445679.78149726195,1544708.625254324],[445818.6564008421,1545398.1254376378],[445975.1564268352,1546173.8750069332],[445956.1253117512,1546173.9999317534],[445911.8752492545,1546202.4989184919],[445899.2492990716,1546214.1253829375],[445849.7183950542,1546219.750225393],[445813.0315583864,1546241.7498087587],[445776.3754952437,1546268.874622477],[445735.9059559474,1546293.4997193145],[445717.21901615267,1546338.2495682684],[445711.53166769835,1546416.1247196277],[445730.93747006543,1546452.8751084197],[445760.625291257,1546504.8748686153],[445768.4999137762,1546532.8751150223],[445741.0628315964,1546595.6237275468],[445727.5941401466,1546654.3747458297],[445710.2496408989,1546705.6249571051],[445704.1875179845,1546742.6240622345],[445698.15616859513,1546780.8745949925],[445646.37452556595,1546821.0000461766],[445578.2816065739,1546884.1244792866],[445585.1557844072,1546943.99982095],[445576.96889342647,1547025.624896339],[445558.21840150765,1547065.3745269373],[445542.03100423934,1547102.498644064],[445537.1875303545,1547130.6248614164],[445528.594045263,1547166.3757644708],[445519.8122575817,1547179.2494720428],[445498.2815999712,1547192.1263179912],[445486.90498516586,1547199.8748823877],[445437.6864367872,1547242.4999632754],[445411.4689625854,1547296.2497170775],[445460.18781168386,1547343.000368226],[445451.7807984627,1547399.123780786],[445425.24992249673,1547419.8751620767],[445397.31218208844,1547423.8749357462],[445349.1247647436,1547438.3747582298],[445336.4374418647,1547443.6248262255],[445314.90573812876,1547452.7496558935],[445305.2504356554,1547510.2502926732],[445281.8439006704,1547598.4996962552],[445237.87533311016,1547661.3753258507],[445234.31283989927,1547689.5004970776],[445223.37446450104,1547745.6239096376],[445239.12466848776,1547805.3752854294],[445258.59393580176,1547851.1245329438],[445274.18739531783,1547890.5004352075],[445291.0629688105,1547928.62499702],[445310.71862081764,1547998.4996420916],[445314.8125457822,1548027.8751948217],[445314.0312643884,1548085.249860656],[445309.3751341451,1548134.9999279655],[445298.2503740537,1548173.3752983664],[445283.34404463647,1548213.0000041449],[445253.09401816607,1548242.6254065149],[445220.43764151586,1548288.875399435],[445211.8750171266,1548329.749353414],[445227.5308954642,1548375.499647054],[445221.4371272534,1548407.374655133],[445198.781100137,1548430.6246200018],[445183.6873399011,1548449.8748112007],[445152.37549604895,1548506.2500784746],[445143.96839565056,1548565.000050632],[445155.78124478913,1548604.3749067704],[445173.87538013427,1548639.9998388793],[445186.6252090118,1548642.3734976375],[445241.43887244654,1548661.0000236845],[445284.8441886025,1548682.25005813],[445306.8120394946,1548721.499989448],[445317.21898313914,1548746.874722383],[445317.28140196064,1548755.874627231],[445297.2816618413,1548795.625303955],[445273.4061139241,1548828.999497052],[445247.4067568889,1548909.5002490603],[445217.4690860573,1548976.12475656],[445177.37536734657,1549044.1244832054],[445153.8439075415,1549116.9995033864],[445128.9371414133,1549175.8754464893],[445113.1562510786,1549265.3750572202],[445102.1871893323,1549318.9998862022],[445074.8432994992,1549391.874906383],[445053.9065796409,1549469.8750697395],[445037.90661319124,1549530.000261043],[445015.40628442005,1549574.8749476399],[444977.7189158892,1549630.000007765],[444933.7811218541,1549692.8745912348],[444916.3751627333,1549740.2499536609],[444902.62488916994,1549767.2497553818],[444888.6872719651,1549773.7501177033],[444867.2201664787,1549788.000090547],[444839.4379500613,1549812.3754249215],[444823.219866445,1549845.7496180185],[444761.3129490619,1549892.250419527],[444724.7182586152,1549924.5002892436],[444792.7190313862,1549995.2494952327],[444795.40600473125,1550011.7492481398],[444839.2812927678,1550087.8754520183],[444846.124697076,1550142.6246043807],[444835.3122926233,1550216.6249940677],[444848.4062096129,1550259.8746118783],[444890.65642886335,1550293.8745623783],[444926.5312106123,1550325.3747959975],[444950.9997373334,1550362.1251847893],[444946.2811010915,1550403.0001848938],[444925.1877239398,1550464.3746243976],[444910.34381334396,1550513.0002811498],[444892.8754354017,1550550.1254444018],[444871.6560873044,1550595.0001309987],[444831.4691762472,1550653.9999527961],[444806.40575282543,1550696.3750968666],[444800.4071820351,1550738.5004784742],[444800.93765484035,1550798.374774012],[444806.0627108388,1550803.4998300103],[444870.9997307307,1550812.9995213156],[444893.90656643553,1550817.8737687257],[444898.2811145653,1550880.374623861],[444881.90532753,1550898.3754796823],[444849.3749218253,1550959.8749311834],[444834.4378188829,1550997.0000072583],[444828.4688883151,1551044.2504448642],[444833.74964265863,1551064.6240004953],[444849.2499970053,1551094.9999107341],[444862.2189019977,1551121.749862815],[444884.0935605432,1551153.3751084313],[444900.3127774621,1551172.5013337587],[444927.87373833644,1551204.87508217],[444926.40628579224,1551219.2499798334],[444935.65612745745,1551235.750778866],[444943.3125456329,1551235.6248079205],[445015.7185528816,1551229.87608677],[445093.18719730724,1551217.6249110473],[445158.0934436741,1551227.1246023527],[445219.2190796634,1551238.0004717524],[445289.2811555537,1551251.37492473],[445363.0942015991,1551260.8746160353],[445477.62550327816,1551273.7503286812],[445520.87520826614,1551273.3745952728],[445622.5010698997,1551264.7514699588],[445684.78171561746,1551260.249991935],[445733.03155178373,1551253.4997799734],[445782.40579850756,1551229.9999654647],[445845.71870856173,1551200.1248006315],[445886.21893420606,1551176.7509570685],[445912.74972299486,1551159.875383576],[445956.99987266865,1551128.8748492368],[446016.2812765798,1551073.5000266486],[446055.281358258,1551024.625479205],[446085.7504608433,1551021.750116093],[446121.3436604787,1551021.3753416329],[446150.5942012116,1551021.1254919928],[446239.6873050088,1551030.500171301],[446282.93700999673,1551033.8753208702],[446365.844112185,1551062.3752665573],[446403.188351552,1551119.3762040571],[446468.87492036424,1551214.374773475],[446511.43749525334,1551285.3747880529],[446510.3438582209,1551305.7503487577],[446529.0625304891,1551411.4998627554],[446555.2810508164,1551505.4999925615],[446583.71857768204,1551557.4997527574],[446595.4371883485,1551589.2499231938],[446668.6245641681,1551674.0002113348],[446712.2500025646,1551719.4985630836],[446749.2809273445,1551736.999806802],[446841.1562890844,1551775.625026843],[446916.4376594452,1551805.500278853],[446987.87495448155,1551831.4996358883],[447052.84466579533,1551846.2503541375],[447101.25020030676,1551858.5004837348],[447171.5006659641,1551894.750039944],[447188.6875489699,1551971.1260934626],[447210.49978869397,1551992.6250185997],[447260.6245432864,1552054.6251283293],[447278.5629802864,1552073.5005450682],[447302.71915136883,1552073.2496493026],[447338.3123510042,1552071.6245805165],[447400.4998915525,1552059.6253466848],[447439.9064801643,1552055.3746772495],[447516.53133719764,1552094.1249092878],[447543.37448162516,1552111.7499445234],[447627.6875764845,1552158.1248622637],[447649.6247410286,1552196.124499256],[447687.2188300357,1552278.6250945106],[447734.6566984603,1552325.3747867108],[447780.74994690967,1552363.124574063],[447860.1253294121,1552424.8758802782],[447954.46954733046,1552453.2498550196],[448010.18741190515,1552427.249539036],[448135.8127873277,1552400.4995869552],[448194.1561653744,1552382.124915622],[448258.93748692115,1552376.3751483462],[448321.24995228945,1552375.750524246],[448340.3752186684,1552383.250285128],[448363.6876023585,1552420.1245526143],[448369.6564457493,1552429.625202868],[448373.6572655444,1552440.7499629594],[448377.84333673003,1552453.0000053796],[448355.3123216108,1552493.999930304],[448336.4993236934,1552523.500407854],[448311.5311848692,1552575.99986733],[448296.4691571068,1552599.1248202017],[448289.374857033,1552660.3753810108],[448307.3123350846,1552678.1254282438],[448331.59334380995,1552691.8746556817],[448351.99967804,1552699.2494917435],[448382.65612426685,1552714.2500596328],[448433.6247534288,1552727.8754083763],[448455.34380080627,1552737.8747989617],[448468.3127057988,1552769.6249693981],[448443.5626841412,1552848.8753399034],[448428.62453507335,1552884.7502088295],[448417.4373561605,1552912.8753800564],[448383.7815809499,1552993.5000107593],[448342.1877182732,1553034.7497853239],[448270.18717183254,1553089.0002845316],[448212.1253758994,1553137.9996696182],[448170.49978074926,1553176.6249768361],[448123.8125073705,1553219.2510166722],[448067.12488445785,1553279.6250986676],[447983.7815479364,1553344.2496757435],[447932.03163738066,1553389.3753452832],[447889.2192128515,1553438.2498055496],[447828.6547360154,1553491.1250856114],[447748.7807003583,1553516.1250440862],[447697.1557146226,1553574.0004553262],[447694.7810969162,1553594.3749699055],[447682.8750554311,1553688.874886169],[447681.99953556526,1553733.499723126],[447671.093938766,1553797.3748384588],[447658.84380916867,1553848.5000377372],[447630.03150784294,1553901.1254681586],[447618.71835798456,1553915.2494700567],[447597.25020637264,1553932.0001187292],[447559.40522159997,1553968.1247501182],[447517.74989905016,1554001.624914161],[447443.0624664416,1554039.3747015132],[447397.4064112738,1554051.2500566503],[447379.84370768233,1554079.5001526973],[447363.68708393915,1554122.9996201482],[447364.1550507458,1554176.49952431],[447363.312309479,1554227.4998859456],[447362.71837172675,1554303.9998181588],[447361.74965951435,1554339.7497622648],[447350.87474906305,1554404.8750847466],[447340.9993243493,1554440.7499536728],[447323.37524806184,1554461.2504391978],[447285.46880341606,1554488.3751657386],[447253.8436449768,1554507.8752065778],[447176.62476301414,1554548.1245364565],[447146.2192125529,1554557.37533707],[447111.9684534645,1554567.8753858842],[447067.4377678026,1554563.250029166],[447031.90594086325,1554572.499783654],[447012.03112556395,1554626.2495374558],[447008.5628708252,1554667.1245375604],[446991.31252287235,1554729.750404693],[446978.7501248135,1554746.3749952428],[446944.7185290173,1554781.1254536114],[446905.49928404693,1554805.748545375],[446834.65592676285,1554845.9999675048],[446802.9374887999,1554855.2497219928],[446778.15669361723,1554929.3750364997],[446782.49950927356,1554989.2494192147],[446787.90623456263,1555026.2495704694],[446821.6879807188,1555111.3747202477],[446830.9685087319,1555154.625384184],[446823.87525478366,1555215.874898868],[446803.9687070109,1555269.6246526698],[446787.7813097426,1555308.0001102479],[446733.4048395894,1555341.7501239304],[446687.90648784064,1555372.749699321],[446657.5940425488,1555397.2498713385],[446644.9374060179,1555414.9999185714],[446605.00034460076,1555489.6238862332],[446586.28167233255,1555530.6248572832],[446572.81298088277,1555589.373783315],[446562.0937687766,1555676.1250480048],[446548.78173462034,1555751.4996107123],[446488.56230484485,1555846.5001852042],[446362.65639343427,1555843.8746717323],[446305.4998447666,1555848.2501788104],[446247.3120778879,1555885.7501165227],[446222.15642106795,1555916.6247670932],[446161.7813801244,1555989.8745617343],[446129.06153852725,1556029.7491171528],[446091.405989647,1556087.4996035728],[446053.8128595883,1556149.0000140222],[446012.1565780901,1556186.4999517344],[445990.9997359914,1556240.2497055363],[445915.750010927,1556357.0000137538],[445815.90596255014,1556426.7498211826],[445696.78094944917,1556472.6249524653],[445628.90614762367,1556562.5004709589],[445638.2808269318,1556618.4999176473],[445685.7811141778,1556671.625047349],[445706.37479204935,1556701.9999986393],[445713.06258518953,1556738.8752250741],[445708.31221647415,1556778.4988847272],[445718.9986499813,1556835.749759044],[445737.28117509343,1556891.6253270379],[445779.5939003425,1556934.626141334],[445893.0315649891,1556965.374820959],[445987.49966160196,1557011.6248138791],[446055.43801555154,1557073.4989526633],[446110.71859966754,1557144.3751757233],[446165.0940236952,1557257.2496761428],[446191.15588672896,1557329.7498346865],[446212.03114671406,1557393.2511345078],[446217.3436335311,1557417.3745269913],[446219.15613313584,1557479.8754693037],[446215.5004475784,1557497.7503541796],[446175.4375023928,1557569.5000048545],[446126.2813728356,1557622.250360096],[446083.4997218315,1557673.7503338347],[446034.2810862757,1557713.7499012505],[445969.74970154616,1557750.1254284051],[445869.74995482416,1557804.6247311272],[445773.50004495453,1557845.0000319516],[445688.4374011749,1557859.8746288952],[445624.9371474792,1557868.125072],[445558.9064905548,1557880.2512357256],[445519.0309761879,1557895.124873721],[445517.3751338767,1557895.2507574896],[445477.96854526486,1557930.87473065],[445509.8753729948,1557944.5000793934],[445574.68738088955,1557938.7503121176],[445639.65613325493,1557954.7502785672],[445688.40671482694,1558003.999600471],[445779.18739340885,1558064.2497165946],[445837.0003858274,1558133.8735530777],[445896.12513244495,1558204.7496889608],[445952.81266818044,1558290.8751962478],[446013.312633944,1558376.9997445864],[446042.84379784204,1558411.1246199063],[446092.6245514995,1558434.8752430035],[446127.31250386947,1558475.2494977023],[446170.8120584975,1558505.4995241726],[446214.2184207789,1558525.5002232403],[446289.5940296118,1558568.125304128],[446348.4361479903,1558608.2497091866],[446412.3439547451,1558648.5000851909],[446463.4988814231,1558683.6253180194],[446494.49950293923,1558738.2495455618],[446514.1879335453,1558810.7497912825],[446539.0004612015,1558885.6246547098],[446548.2185703932,1558921.2496739957],[446558.7503516807,1558965.8745109525],[446577.2816803074,1559048.5000310272],[446589.0003781511,1559081.4995368412],[446594.5002957867,1559130.0012277216],[446596.15605092084,1559173.249886584],[446569.93753059354,1559228.3748595319],[446547.31227700226,1559260.4998044283],[446518.43755685503,1559301.499729353],[446489.50033070927,1559336.2501877213],[446486.155954665,1559392.3746464069],[446488.0308730912,1559462.4991411187],[446469.21900847636,1559491.9996186688],[446451.4996475914,1559502.3747426628],[446383.1558328337,1559536.2496811654],[446363.218598713,1559583.6250435915],[446352.06210614817,1559616.8753579939],[446329.5935098504,1559665.4999686203],[446310.84406405705,1559704.0003510183],[446302.2813524907,1559742.2498376507],[446298.90629009844,1559793.2501121091],[446260.9691591047,1559815.3747074718],[446215.6253723984,1559866.7497563902],[446225.00013888365,1559920.249660552],[446203.87494208134,1559977.8753093292],[446223.2808316255,1560017.1252406475],[446242.7500989395,1560061.6241938358],[446249.4378920797,1560099.7497145967],[446234.3123121932,1560115.249981766],[446226.9692086048,1560147.2500018426],[446228.53081244393,1560181.6246396254],[446196.0935990858,1560255.8748789525],[446160.4061609784,1560392.6250144665],[446155.12436050933,1560515.1250899597],[446185.0937638145,1560600.2502397378],[446235.28102440556,1560669.8760812948],[446303.1876458816,1560727.8754584065],[446376.06266606256,1560774.3753009667],[446429.7816463394,1560813.375295468],[446471.8434758228,1560824.375130739],[446510.0622761073,1560833.000261127],[446591.531653151,1560844.8745701388],[446651.3128435194,1560846.874500562],[446725.0623374407,1560846.1248644646],[446773.3439060804,1560844.3748708584],[446855.9674210812,1560842.3750276123],[446958.93772833573,1560840.0003227287],[447046.6566591124,1560837.874508537],[447125.43705773714,1560830.749522115],[447188.00041887106,1560860.7496989453],[447190.8748230348,1560901.4997742297],[447210.49978869397,1560965.1249527456],[447233.96882967756,1561033.7503496169],[447262.281344546,1561073.000280935],[447293.3126524101,1561130.0002594865],[447324.5938099143,1561219.000170937],[447381.1247755334,1561287.2497472228],[447409.31245275895,1561313.7498496636],[447478.4375489104,1561366.7500545452],[447518.0007948157,1561384.125327318],[447560.12513029773,1561402.8746859343],[447609.8126044315,1561416.3751098574],[447662.124720266,1561436.2499251568],[447737.4060906268,1561466.125177167],[447807.5941374627,1561497.3746021977],[447847.0939184211,1561507.1251020913],[447881.4389159815,1561506.8752524513],[447919.5624316684,1561506.5004779913],[447943.7503352243,1561508.7501708774],[447984.5004105087,1561514.7497877933],[448042.96871337545,1561515.5003828392],[448088.7190070153,1561512.5010538555],[448111.5316914252,1561503.3742191135],[448154.6563844159,1561490.124690956],[448185.1245280529,1561485.9999924663],[448220.6562678152,1561476.750150801],[448263.93770527665,1561485.2504435459],[448311.2188292305,1561510.2503148436],[448387.968698261,1561564.3749302828],[448423.93771848205,1561608.6249927795],[448453.56198754953,1561651.7497729473],[448479.3750470687,1561697.3750545902],[448516.6558214887,1561741.625204264],[448543.5316573381,1561763.000163529],[448588.28150629206,1561793.2501899996],[448630.56249906763,1561830.9998901747],[448660.06288944057,1561860.124547139],[448680.7497596587,1561898.1240969542],[448701.53078117175,1561948.8746089498],[448729.71845839726,1561975.3757575161],[448784.7502389987,1562015.7500122148],[448838.3433355071,1562038.125416166],[448888.1251352901,1562061.8750803147],[448935.4379917174,1562093.250389114],[448956.12486193556,1562131.3749509263],[448976.9683894472,1562188.4998542976],[449003.1254499014,1562273.6249168988],[449022.78110190853,1562339.749725118],[449047.40628592315,1562395.625293112],[449070.6254772667,1562433.6249301042],[449096.59406077676,1562453.6246702236],[449113.1879649787,1562503.374737533],[449127.3110079283,1562518.5002302423],[449145.2197175287,1562532.3754286256],[449174.5635377852,1562544.8754078632],[449202.6876628867,1562559.874929627],[449249.781443199,1562565.7496217226],[449305.71847106586,1562566.5002167686],[449367.87523808907,1562549.3747936357],[449410.87500625977,1562524.7496967982],[449470.4370333361,1562501.1249574695],[449505.99954662344,1562494.4996703279],[449551.8122590848,1562500.375408549],[449577.3436493132,1562512.8753877867],[449656.3125248821,1562529.9997647938],[449709.71923669736,1562529.4999783365],[449742.8128066292,1562534.250347052],[449815.40729082207,1562547.4998752095],[449857.37488183344,1562549.6246432757],[449898.12495711783,1562554.3750119912],[449988.437668893,1562559.874929627],[450055.84345778625,1562561.749848053],[450141.09353238455,1562569.8752791607],[450158.90599843895,1562572.2499840443],[450222.8743061185,1562616.250196901],[450257.4362875429,1562645.2488829198],[450322.50023732876,1562670.124875523],[450381.0935521927,1562680.9997859742],[450442.1566821834,1562685.5003050494],[450496.9376541963,1562696.5000531436],[450552.9371008846,1562704.8763800168],[450654.8435856834,1562726.7500796139],[450696.9063741152,1562739.1240879057],[450724.99981286866,1562752.8754075947],[450754.28112712665,1562756.375394807],[450788.6557649095,1562762.499936543],[450849.7814008988,1562774.62514132],[450920.0309076078,1562808.3751550028],[450959.5941535132,1562827.124600796],[451010.687620318,1562855.8754422488],[451068.0951519285,1562876.9995057485],[451097.53103122895,1562898.3744650139],[451124.37522178196,1562915.9995874267],[451153.96880450146,1562956.499813071],[451191.281311395,1563008.3756945722],[451218.2504267681,1563037.5002643596],[451247.656578669,1563056.374634973],[451264.3427162691,1563075.250051712],[451278.562961713,1563100.6237385212],[451294.1246887556,1563138.7492592821],[451309.56253710366,1563158.999895167],[451327.49992797815,1563172.8750935504],[451366.00031037617,1563214.6246545722],[451381.43711259874,1563234.87520328],[451404.84364758374,1563297.1252498268],[451437.06283095235,1563347.7497036995],[451462.8747571689,1563392.1247781934],[451482.249873188,1563423.8749486299],[451501.6567216805,1563464.3751742742],[451515.84322957706,1563485.9999831796],[451531.7500908573,1563562.2500657528],[451542.3761106169,1563613.2504273881],[451514.8120985432,1563661.8750380145],[451501.37513956695,1563727.124326368],[451496.8122016702,1563786.9996680315],[451503.5930999798,1563835.5003999632],[451507.8120369415,1563881.2496474776],[451504.15635138407,1563900.4998386768],[451510.9065633457,1563947.6253514625],[451508.78170810227,1563994.7487719974],[451489.968797362,1564022.9999141698],[451494.12522832514,1564065.0002837803],[451503.46922128525,1564114.6254262696],[451520.62533076596,1564185.8752904874],[451530.0307835992,1564246.9998803511],[451525.24972853577,1564280.2501947538],[451519.46918773494,1564347.875146939],[451512.4691261332,1564421.8745776776],[451505.09333112295,1564451.2500432304],[451466.3748315583,1564531.9995987534],[451443.843729262,1564570.4999811514],[451402.1874477638,1564607.8749068663],[451338.68710689095,1564613.4997493222],[451300.5298536567,1564612.6252755818],[451240.62478459376,1564595.374927629],[451170.56270870345,1564579.4998859994],[451120.9683397391,1564579.9995852795],[451103.25011215673,1564589.1254610731],[451081.81264689285,1564609.7498252925],[451069.4069061275,1564646.7500637246],[451060.8441945611,1564686.374769503],[451056.0620933723,1564720.8753782315],[451040.0314405746,1564778.3740099375],[451040.4686338562,1564829.3753305213],[451047.28135181643,1564880.3746460313],[451046.49998324557,1564936.500063665],[451078.7815854356,1564994.7503365423],[451083.96923460974,1565007.50016542],[451075.46894186485,1565052.2499271967],[451046.43756442406,1565076.7501863912],[451040.5628723283,1565134.1249394026],[451040.9376467884,1565177.4994820335],[451039.7815037574,1565189.0000627106],[451001.8751462887,1565218.6253779035],[450987.96917438024,1565225.1246940996],[450976.6253381738,1565239.3746669432],[450976.7502629939,1565252.1244958206],[450977.03079898196,1565286.500179729],[450977.09330498055,1565294.1248654309],[450977.4066195676,1565329.874809537],[450950.8747846533,1565349.2499255561],[450916.7499965105,1565371.2495089215],[450863.5941804608,1565398.5002064083],[450833.1874966969,1565411.624809746],[450830.8435653385,1565434.4999129772],[450838.78156562755,1565470.1249322633],[450822.3750922442,1565486.8754937586],[450788.3752289215,1565525.4997548512],[450773.2497362121,1565539.6248028746],[450760.84390826966,1565575.4996718008],[450753.4066533863,1565596.0000701486],[450751.2500656694,1565643.1246239862],[450727.1870869335,1565652.3754245997],[450679.1871004074,1565688.5000559888],[450662.874778319,1565712.8753903634],[450648.99957993557,1565728.248727639],[450616.0308476467,1565738.8747473985],[450600.81216259074,1565742.749509071],[450548.5011800589,1565721.6254455713],[450518.06276382157,1565728.248727639],[450499.1566607347,1565750.1253912582],[450481.53153832175,1565768.2502129513],[450448.9683540181,1565824.624521277],[450435.12488810817,1565843.874625299],[450401.56230524415,1565932.1250750064],[450397.8748872132,1565947.5004173557],[450355.21911997756,1566012.9995553493],[450303.5317154204,1566063.2502808874],[450269.4376136256,1566091.6253017543],[450241.74963568023,1566123.750246651],[450231.65609379986,1566132.7511976245],[450216.8439156775,1566182.6261897539],[450191.5941947398,1566203.249507848],[450158.65719492437,1566220.1240352152],[450162.8750857606,1566266.0002126235],[450185.87511381204,1566277.249897535],[450240.4697011318,1566267.7502934067],[450306.40603240696,1566249.374575948],[450372.5308406263,1566248.6250270277],[450417.0308399402,1566248.2502525677],[450465.1874837599,1566229.874535109],[450472.7814831139,1566225.998727311],[450498.06197757676,1566211.7497134157],[450576.50038034027,1566166.3752403616],[450630.93726424105,1566138.9996180548],[450733.2502559735,1566060.2499929552],[450811.65588013805,1566010.999624926],[450854.8123056023,1566000.3746512919],[450912.2187910872,1566025.3746097668],[450953.2187160117,1566059.3754320377],[451001.8751462887,1566098.500438536],[451078.34334602853,1566120.6250338987],[451135.4999818733,1566115.0001914431],[451214.218920625,1566102.7500618459],[451263.68627251824,1566088.2502393622],[451319.531154164,1566076.249959405],[451372.84371468436,1566066.7503552767],[451408.43796044524,1566066.3745346912],[451437.6250362311,1566024.0003495691],[451465.467579219,1566042.8747201825],[451525.7186542909,1566101.0000682396],[451563.1561731816,1566164.3743509897],[451601.43739228754,1566180.6253003823],[451693.28093437676,1566215.3747126253],[451746.93749583216,1566246.7500214244],[451808.12459169456,1566265.2496175775],[451912.40674032527,1566265.4994672178],[451959.5936258071,1566282.8747399906],[451972.5626179767,1566313.374616101],[452020.99988496164,1566325.6246585213],[452068.7817543212,1566265.2496175775],[452096.43791261595,1566229.248864883],[452153.4061586937,1566199.3746589983],[452200.499851829,1566204.1250277138],[452198.4682761093,1566264.0003693772],[452211.96870003256,1566355.6248353515],[452244.4684193892,1566437.0000611],[452251.5308998124,1566518.500211669],[452229.4370779748,1566610.500498229],[452203.40598846617,1566687.2502800822],[452202.71885836736,1566754.8752322677],[452200.4374330075,1566786.750327524],[452198.31257776415,1566836.5003076564],[452190.124727835,1566918.2503078652],[452208.3426546976,1566965.2499368826],[452306.59345393896,1567004.9995674812],[452379.3752817733,1567039.9998754899],[452474.9062418935,1567062.0005049808],[452540.094157551,1567100.9995405336],[452604.40646616556,1567188.2505045035],[452631.8127748202,1567267.1240954748],[452682.9370151502,1567299.7496986],[452693.71873325494,1567369.7504017944],[452711.87520024437,1567411.6248004592],[452801.37489815237,1567468.1250797303],[452856.43745227886,1567513.4994656073],[452889.87511032284,1567559.1248344271],[452933.4995897709,1567604.625278427],[452940.5938026676,1567688.624971522],[452935.8435211293,1567728.2496773007],[452926.6879179362,1567845.6246967954],[452910.09401373425,1567984.750408964],[452954.12500011595,1568078.6246550018],[453007.99967873795,1568131.7497847036],[453035.03121293243,1568170.9996288447],[453042.3753626463,1568284.3748746698],[453047.4062673498,1568425.8752917221],[453097.6876792358,1568504.3751543588],[453181.81238432816,1568530.374511394],[453206.2809110493,1568567.1248130086],[453221.09404811997,1568661.374792455],[453250.655898366,1568696.7499621008],[453348.9691164288,1568745.4994975473],[453423.0626984622,1568784.3746544055],[453533.15598706465,1568873.7503864418],[453551.43746605125,1568929.74983313],[453549.312697985,1568975.62505159],[453578.4690002458,1569114.25010553],[453608.0626701424,1569302.7500644226],[453627.0936980493,1569442.7503375087],[453677.78266299446,1569569.7509320772],[453678.56298543984,1569660.37390724],[453611.5626573547,1569704.3741200967],[453583.4999049492,1569694.374729511],[453543.7810478758,1569661.6251605144],[453492.5001502523,1569612.3748796622],[453435.0629784194,1569584.875378661],[453398.34336315264,1569604.3754195],[453371.96923165733,1569640.3751260692],[453350.8430759066,1569697.9997287206],[453329.68719275633,1569750.5002343222],[453394.99994605675,1569803.375514384],[453476.312752984,1569797.4997761624],[453508.2502670619,1569816.2501809043],[453527.8128138996,1569870.8755417492],[453531.99993121077,1569916.7497140835],[453545.0620285498,1569954.8752348442],[453575.9684115938,1570001.7498518645],[453651.4065264253,1570050.7502830767],[453711.3432407846,1570070.6250983758],[453749.4995350705,1570071.4996592933],[453811.4382721042,1570028.7496535855],[453850.687157297,1570010.6249190697],[453924.21958017716,1569986.8752549207],[454002.9999788019,1569979.750268499],[454072.93712987215,1569982.8754812512],[454131.8120268496,1570026.9996599795],[454177.93709494965,1570065.9997416576],[454241.968780399,1570121.4994890657],[454318.56295108434,1570155.1245779283],[454358.28084920935,1570190.4996603972],[454400.68781293044,1570242.3744957729],[454431.71912079456,1570303.250282122],[454435.8119996336,1570333.8750830526],[454417.4055958269,1570412.9995697895],[454410.31234187866,1570471.7494547698],[454403.0000118154,1570510.1249123479],[454346.12495808414,1570550.1254387118],[454271.31251347845,1570573.8750156837],[454195.3440130188,1570607.7500413635],[454109.1877322067,1570644.250493338],[454066.218650384,1570675.3749935487],[454028.6869801983,1570747.1245570467],[454015.2807947471,1570813.5002610316],[453970.31291580363,1570906.999645432],[453917.2502049234,1570943.2502477667],[453833.6559726363,1570981.0000351188],[453790.6562044656,1570961.4999942798],[453714.6876168289,1570993.1252398961],[453634.53095293266,1570990.2498767842],[453523.87545905146,1570986.4999527545],[453458.1879312909,1571030.7501024283],[453400.15577558026,1571072.249726633],[453352.3125335247,1571117.6251586357],[453295.74983543216,1571182.1248980688],[453249.0625620534,1571214.6246174255],[453163.96923192573,1571227.1245966628],[453083.90671932447,1571231.9998901982],[453026.78085700475,1571241.6265113975],[453022.406308875,1571186.7503419642],[452987.71835650504,1571155.2510672933],[452939.21858352155,1571139.3749795381],[452905.78092547756,1571102.7495155663],[452889.6252606827,1571020.0001167972],[452862.1564460295,1570946.2495767504],[452813.0935088189,1570876.6247813187],[452813.7816850432,1570822.9999523368],[452795.343548763,1570762.0002001158],[452755.46899334446,1570719.1253567652],[452729.93760311604,1570711.7494745778],[452662.15590646,1570674.374548863],[452620.12485050166,1570668.499856767],[452578.25045183685,1570677.8745360752],[452517.2497406676,1570682.4999799705],[452494.6561323727,1570708.3753711341],[452492.593870305,1570755.62580874],[452500.9691510527,1570825.625465809],[452501.6561939744,1570889.4995350162],[452437.81185216655,1570865.9997205075],[452400.8127470372,1570854.9998852361],[452391.2188172598,1570907.5003908377],[452392.93716556963,1570949.4998014998],[452376.81218712276,1570989.3753158667],[452341.40641830605,1571007.6250623798],[452320.2812215037,1571053.8761014254],[452291.96870663523,1571142.2503426503],[452243.74955681694,1571151.7500339556],[452197.3746390768,1571214.875513191],[452211.875507686,1571265.749903881],[452173.9997493882,1571291.7502198645],[452140.9379119298,1571289.6254517983],[452103.71859738283,1571259.500437325],[452103.2495844506,1571214.875513191],[452088.968838082,1571185.6249724582],[452075.843275796,1571148.748699898],[452057.7501865764,1571120.875383385],[452018.3435979645,1571122.7503018111],[451970.12549427175,1571132.2499931164],[451931.50018705364,1571089.2501377687],[451890.56276812777,1571065.625485617],[451856.0313858742,1571048.125288024],[451792.21877653984,1571025.999733713],[451760.0314128218,1570986.7498023945],[451740.49963950925,1570946.1246519303],[451678.53126225306,1570976.2497535807],[451646.4995097031,1570953.7503837578],[451625.87514548353,1570928.4995295175],[451587.6246127256,1570920.000370075],[451531.5933463867,1570913.0003084734],[451465.655968986,1570931.7497542668],[451385.56277003675,1570934.0004932785],[451332.2502966935,1570942.3747279008],[451276.34395517467,1570945.6249526502],[451252.43763373233,1570971.3755061708],[451259.1561132205,1571004.4998496277],[451297.5939896199,1571030.8750272484],[451325.8123531934,1571054.7495290402],[451371.9691537669,1571089.8747618687],[451392.7513085826,1571130.4999123332],[451399.5936667653,1571175.124836467],[451335.87520872586,1571164.3758969614],[451282.50022938405,1571166.374781259],[451215.0002020187,1571157.000014774],[451100.4064815182,1571142.9998915705],[451031.65607264976,1571136.249679609],[450975.7815507815,1571145.8753418596],[450950.9065171268,1571198.4997261558],[450955.18787290994,1571241.875314912],[451002.71884650394,1571284.6252334428],[451033.3753799079,1571298.3735019322],[451065.34366751096,1571314.500485453],[451098.49974344135,1571322.9996448953],[451130.4997635179,1571344.3746041607],[451110.4057849265,1571367.624569029],[451069.9066054077,1571387.2495346884],[451038.4062846114,1571411.874631526],[450987.8125170867,1571437.9999595066],[450955.1254540885,1571474.1246780728],[450893.34337434836,1571526.0004723968],[450880.09384619066,1571593.7503494022],[450880.65605146944,1571648.7514436557],[450867.18736001966,1571697.3750953337],[450840.87468839745,1571733.3748019028],[450793.4685524464,1571818.2501020408],[450762.24990094075,1571874.750294135],[450763.00049598655,1571943.7495065178],[450862.6878870699,1571990.9999441237],[450878.4370449311,1572038.0005320895],[450851.2815448649,1572113.624944437],[450841.65596979123,1572164.8751557125],[450792.7190035261,1572226.7503406222],[450789.31220866035,1572267.6253407267],[450769.28169501596,1572297.249609794],[450745.5934907402,1572339.6248410416],[450721.8120941179,1572375.6245476108],[450684.9379138086,1572377.3745412168],[450651.90676269826,1572380.374916326],[450606.0622305863,1572375.8754433764],[450578.03129783145,1572368.499561189],[450532.1560793716,1572361.3745747672],[450505.31293494406,1572348.9995203498],[450444.84365552844,1572400.750477031],[450392.8746688577,1572416.7504434807],[450360.0001750409,1572434.9991438685],[450275.1248749028,1572466.7503604302],[450284.56206020946,1572517.624663943],[450303.9064898805,1572541.7501486775],[450338.34363366204,1572552.7498967717],[450368.90688754234,1572556.2499711611],[450412.4688609918,1572586.2491018658],[450434.4060255359,1572615.3747177788],[450448.751282977,1572650.8747250675],[450468.0936203971,1572676.250504128],[450487.5311552376,1572709.1249979448],[450495.5941675238,1572749.8761193547],[450481.9688187805,1572784.499560652],[450450.1562295226,1572782.3747925858],[450404.40593588277,1572785.5000053379],[450347.15610769135,1572782.3747925858],[450286.43802476116,1572812.499807059],[450281.6877432229,1572845.7501214615],[450275.7813186536,1572886.625121566],[450260.84421571123,1572917.4997721366],[450235.56267512287,1572933.1249641262],[450125.37514804845,1572975.3751833765],[450073.2494169071,1572977.2501889798],[450034.0937240608,1573000.7499163114],[450020.5626137896,1573044.250517065],[450009.5003596968,1573081.4994718344],[449993.406154775,1573121.2501485583],[450017.8121754975,1573143.8754021497],[450049.4998399354,1573135.874895862],[450081.1875043732,1573125.249922228],[450121.75014883897,1573112.0003940703],[450147.0624629524,1573100.1250389332],[450195.71880605235,1573132.7496831098],[450245.6869905284,1573166.6246216127],[450282.31236732315,1573143.124894281],[450322.905785314,1573135.0004221217],[450346.0000518375,1573152.6244984092],[450365.31370798347,1573175.2497520004],[450415.3432651555,1573215.5001280047],[450471.3745314944,1573222.5001896063],[450506.6246891431,1573188.8751007437],[450552.2807443109,1573179.3754966157],[450599.4062570968,1573183.8749695653],[450638.5629960685,1573159.1248607307],[450658.4684977158,1573119.3752301321],[450697.5310853926,1573083.1246277976],[450712.1250591712,1573021.6251762966],[450746.3123533125,1573007.125353813],[450778.06252374896,1573004.2499907007],[450808.21831174725,1572969.3746075123],[450832.09490578994,1572942.2498809712],[450858.906317744,1572952.125305685],[450888.40670811693,1572975.999894654],[450937.09382474195,1573008.6245388305],[450977.78139402776,1573008.1247523732],[450994.5934153963,1573036.00007396],[450994.875084687,1573062.750026041],[450999.1246208196,1573103.6251133226],[451013.4370996617,1573133.999977436],[451030.18766115716,1573155.4998615212],[451052.0624068798,1573179.5014675611],[451070.0939490492,1573201.000305521],[451139.5621743644,1573154.1246423752],[451169.7189213111,1573121.8747726586],[451207.62536595686,1573098.4999701472],[451248.24947029573,1573091.5009546708],[451275.03124202724,1573097.6254964068],[451300.9691391893,1573144.500113427],[451320.37494155637,1573176.1252718663],[451355.18790592346,1573221.7495945606],[451380.99983214,1573257.1247642064],[451427.8754952858,1573241.2496353998],[451512.9370929399,1573227.3754831417],[451567.8747222464,1573251.0002224706],[451589.9061252625,1573288.9997722858],[451611.8432026295,1573319.3747235762],[451651.3748032385,1573331.6248531735],[451684.62503046385,1573349.1249635892],[451728.0313927453,1573362.6253875126],[451758.6879261493,1573377.4999844562],[451789.50007072126,1573402.624867751],[451817.8750915883,1573440.623458618],[451856.2822816398,1573466.8747575441],[451889.34420627524,1573466.4999830842],[451936.37548058905,1573462.1243888289],[451982.06222210487,1573455.1253733526],[452020.12532404414,1573446.999942245],[452058.8745099568,1573502.6246144732],[452076.9378717768,1573526.7500992075],[452098.7807978488,1573546.8757230954],[452138.3748172793,1573565.5002440687],[452199.4687207951,1573568.6244978723],[452251.8749879246,1573593.4984854015],[452286.2813581809,1573600.7504888945],[452328.12507049774,1573588.6252841172],[452336.7184684121,1573559.2498185642],[452342.6259391069,1573518.2498064626],[452375.5004329237,1573500.0001471266],[452412.4996252302,1573510.9998952209],[452454.46826236707,1573511.7495313182],[452483.74957662506,1573515.2495185304],[452530.8750894109,1573521.0003319317],[452566.5000215198,1573521.874805672],[452593.12504878064,1573516.4998128565],[452671.03097366507,1573547.3755095527],[452717.15604176506,1573580.0001537292],[452771.93797272636,1573589.4997578575],[452833.968768804,1573560.6250377102],[452854.09352092043,1573541.2499216911],[452893.62503435236,1573552.2497569625],[452925.59323477827,1573568.4995730524],[452986.8437955876,1573586.875290511],[453031.4052547746,1573592.7499826069],[453091.2191365649,1573595.750270539],[453143.4687464008,1573606.6251809902],[453174.09346015414,1573617.7498539046],[453206.03106140916,1573630.1249083218],[453231.6873764577,1573650.2495732612],[453289.12454829057,1573672.5000523922],[453336.37498589646,1573689.750400345],[453389.84411653323,1573695.5001676208],[453423.2193557558,1573724.3748877682],[453437.7499517645,1573774.0000302575],[453477.7504781286,1573830.8749968116],[453506.4377674572,1573895.6245858849],[453524.6875139703,1573938.8752498212],[453514.813135382,1573967.0004210481],[453507.7188353083,1574016.8754131778],[453497.90582941595,1574050.2496062748],[453502.2814236712,1574103.7495104366],[453533.21849306324,1574144.2497360809],[453539.96870502486,1574179.8746681898],[453549.12526716635,1574205.2504472502],[453557.34389062057,1574258.750351412],[453574.31265645975,1574300.7496748967],[453577.15628709836,1574328.7499213037],[453548.1873284791,1574354.6253996443],[453508.7816988156,1574356.3753932505],[453443.90622597386,1574355.9995726647],[453380.12534911296,1574337.6249885086],[453336.93710399815,1574340.750201261],[453287.5004384528,1574356.6252428906],[453244.3746993366,1574366.1249341958],[453187.2816156158,1574378.2501389731],[453123.9379320365,1574400.7504677444],[453091.2815553863,1574439.499653657],[453049.7808850562,1574484.6252360195],[453011.96867888246,1574515.7497362301],[452969.15625435323,1574557.1254817403],[452930.28109749506,1574607.37524833],[452909.0935690484,1574649.7503924004],[452893.1867077681,1574707.3749950519],[452863.1876642405,1574757.6246744643],[452810.40653547377,1574817.0003168476],[452765.0925633443,1574860.8746459358],[452707.1566511796,1574913.9997756374],[452679.2495971193,1574920.749900422],[452639.8439674558,1574921.2496868793],[452605.4375971994,1574913.9997756374],[452575.0002270875,1574923.2495301256],[452528.12351781625,1574940.4997909013],[452492.49963183294,1574937.1257746345],[452454.53172731405,1574954.1251396446],[452425.50034987327,1574973.626226609],[452384.8126934104,1574975.375261267],[452352.843446859,1574960.4995310204],[452333.4683308399,1574930.1246669074],[452279.81281551,1574909.1255282275],[452240.0938712595,1574879.0004265772],[452198.93728904147,1574835.999612281],[452160.5003715904,1574808.5001112798],[452122.31234483107,1574806.3752560364],[452086.6566391971,1574800.4996049923],[452069.84365888016,1574775.123825932],[452036.4684196576,1574744.874845587],[452010.8438370826,1574728.625029497],[451981.5001040032,1574718.7495176063],[451919.00020781625,1574701.7501525963],[451889.84390555543,1574709.7496127584],[451835.28105070913,1574721.8748175355],[451792.09385171975,1574726.2503246136],[451729.749653878,1574724.5003310074],[451669.9378643387,1574720.1248239295],[451596.0941319454,1574710.8749822641],[451529.9058587791,1574705.2501398085],[451463.78105055983,1574704.7504405284],[451433.78087372956,1574753.624987972],[451432.9689059878,1574798.3747497487],[451414.53172865603,1574858.6248658723],[451351.5311742405,1574914.2496252777],[451308.4064812497,1574923.7513216569],[451246.81287845375,1574990.8755284364],[451180.06240000867,1575054.2498111867],[451140.84420116385,1575072.6244825197],[451035.3434906807,1575077.7496256954],[450983.2495791899,1575080.9997632676],[450917.15650344413,1575085.625207163],[450862.3438861348,1575072.2497080597],[450831.62484673224,1575053.5002622663],[450735.87472331995,1575018.8747287178],[450687.43745633506,1575009.3751245898],[450642.8126193782,1574995.8747006664],[450594.28111392126,1574978.6253988391],[450518.46822462964,1575024.1247967135],[450502.1877221919,1575048.625055908],[450430.0939834047,1575085.2504327027],[450362.7495672074,1575088.6245361466],[450325.84365442465,1575086.6246057232],[450279.93766243965,1575075.624857629],[450235.4060178294,1575073.6249272057],[450178.12550329,1575068.00008475],[450136.2182388491,1575074.8752215316],[450070.31364004745,1575094.874961651],[449997.3751549195,1575172.375425727],[449957.09409256733,1575211.1246116399],[449930.65640894795,1575235.7497084774],[449846.1559704471,1575301.8745166967],[449822.2496490048,1575327.7499950372],[449801.1880043265,1575380.2505006387],[449797.71870346216,1575412.2505207153],[449788.124860862,1575464.7499801912],[449848.2500521654,1575498.3750690538],[449882.8120335898,1575522.24852472],[449918.7503674628,1575551.1253371183],[449886.06225833914,1575587.2500556845],[449849.4061080193,1575608.1253156697],[449813.96851955197,1575625.2486465513],[449739.4060117635,1575668.2515530984],[449705.2187176221,1575682.7503294568],[449668.3127176622,1575680.624515265],[449625.06100760034,1575678.6246720187],[449585.31242312735,1575648.4995703683],[449540.81242381345,1575647.7500214481],[449533.59328609676,1575688.6250215524],[449535.3125933549,1575730.7503159828],[449524.31380420906,1575770.4999465814],[449523.4996570392,1575815.1248707154],[449547.93741023523,1575840.3756377785],[449577.4378877853,1575864.2502267475],[449548.59385398607,1575901.6252396395],[449485.500107224,1575949.6252261659],[449467.9692232831,1575974.1253981832],[449491.2497873226,1576010.8747408497],[449555.3440659477,1576058.6248777357],[449589.9685533707,1576086.2503496825],[449640.09330796316,1576136.6250410923],[449658.1566697832,1576159.3752195034],[449648.31297754287,1576191.37523958],[449584.96737606684,1576213.8745222257],[449502.5312047075,1576234.1251581106],[449438.9684450132,1576238.7495558804],[449370.46797296207,1576253.6251989498],[449302.25012914994,1576295.2497479746],[449236.78176468145,1576357.3738235757],[449233.3124638172,1576390.6251841038],[449279.18864122545,1576399.0004648515],[449327.3750124448,1576385.6249657483],[449379.40650511405,1576376.000349623],[449444.2185130088,1576372.6252872306],[449483.6251016207,1576372.124541825],[449520.4686827591,1576369.1252128412],[449549.71922349196,1576368.7514845065],[449589.34392927046,1576387.4998841744],[449602.34360778803,1576414.1249114354],[449617.9370673041,1576444.4998627258],[449644.81299033057,1576459.5004306152],[449671.750286053,1576483.3749324067],[449680.9376217196,1576510.1248844878],[449634.1879295194,1576538.749842172],[449586.03128569963,1576553.3745894756],[449553.09332693584,1576565.3748694328],[449534.53122478403,1576612.7502318588],[449523.5621630378,1576660.1245481593],[449524.2185196115,1576720.1248146426],[449544.0001425642,1576787.499917188],[449199.9689570681,1576878.374747065],[449247.3432733686,1577107.2500067817],[449515.5933892237,1577278.0000056182],[449465.8126355662,1577500.1250533734],[449562.5314711909,1577706.3750594987],[449435.4059518023,1577921.125271192],[449633.125066012,1578021.125017914],[449512.53164141846,1578218.3750320144],[449289.7809234377,1578153.123738587],[449063.0938967342,1578169.2496759822],[448970.96877253137,1578393.9991910837],[448727.937691266,1578457.8763114905],[448608.59360205004,1578661.4997580186],[448428.49961025326,1578525.1255302676],[448210.6876507549,1578448.7514818227],[448016.7184605747,1578563.62486654],[447790.24963821494,1578694.0005235008],[447597.9065629464,1578798.8745176326],[447348.56263735524,1578807.8754686061],[447242.0942607852,1579050.0002564806],[446978.87504963356,1579094.2503189773],[446666.2816789352,1579347.8746414033],[446678.68741970055,1579570.625359384],[446470.2501395102,1579852.3758991624],[446679.5629395664,1580176.875398523],[446580.84321456996,1580376.0004182267],[446591.5931130241,1580602.6248517544],[446563.28155710397,1580831.7500482884],[446529.49981094786,1581190.5002195602],[446283.874948684,1581380.1245018332],[446088.5623590085,1581241.24968543],[445741.25017523795,1581409.5000545632],[445455.6872926086,1581397.1260462713],[445237.156557715,1581359.9998368938],[445089.81213491503,1581144.6250011004],[444880.0938740507,1581016.2502335112],[444663.87525086495,1581106.375514468],[444663.1563882926,1581337.750403888],[444463.49993683526,1581477.7496308486],[444475.56263561395,1581711.9998833812],[444350.09400466207,1581911.624602365],[444152.0615758653,1582030.2498290087],[444057.90583489113,1582238.3747535602],[443819.5626163426,1582181.6247118262],[443602.53097928956,1582090.000245852],[443389.687418496,1582026.3750673363],[443247.000259242,1582241.9997527697],[443310.9059737458,1582480.3746166145],[443233.6247601388,1582688.875361752],[443239.09390424937,1582922.9986843904],[443461.15653318295,1583065.6254298969],[443591.6878013118,1583290.6248818156],[443563.0005119832,1583523.7487187164],[443542.00032717804,1583873.999730546],[443111.4686855806,1583960.00040019],[442894.1246928889,1583910.2503328805],[442780.62452224357,1584102.6251406227],[442607.90649981133,1584312.1252843204],[442367.9371663512,1584260.5003857617],[442121.0313234134,1584225.125216116],[441853.5000701306,1584166.2504063156],[441728.46863246034,1584349.3753723924],[441608.8439200792,1584561.8748450738],[441390.406290355,1584565.374832286],[441210.4373105554,1584616.2502691015],[441276.094151968,1584671.7500165096],[441300.8124411521,1584730.125214207],[441311.6248456048,1584811.5004399556],[441316.1253646801,1584905.6254945819],[441325.78162610176,1585003.6243519322],[441306.2191664412,1585129.7503855831],[441264.68780976307,1585224.3751394895],[441210.2191933888,1585297.3750844905],[441154.37535786856,1585360.248709012],[441104.87514019915,1585411.499879236],[441071.9689139089,1585464.0003848376],[441051.9374413161,1585522.750356995],[441036.93791955226,1585571.2500428013],[441029.65618865984,1585626.1251661093],[441018.6564405656,1585696.249747998],[441010.1561478207,1585761.2501456598],[441010.56274193147,1585818.4999738513],[441004.6245848887,1585882.250077187],[440966.6873667178,1585942.3752684905],[440907.03118834656,1586006.5002334635],[440857.37535950914,1586038.75010318],[440798.6254745288,1586050.7502959603],[440721.9994841929,1586069.1249672933],[440628.87487425253,1586102.9999057963],[440561.4997717073,1586159.6251098872],[440536.2182311189,1586201.8763752633],[440541.68746240664,1586251.50038445],[440554.81206574425,1586299.7503077935],[440564.0628663578,1586340.3754582577],[440565.62551632244,1586378.624857713],[440538.2192076678,1586481.8748291845],[440509.0617721044,1586520.3752115825],[440390.12523594755,1586700.8746641874],[440372.9373939934,1586799.0004514316],[440364.5938457191,1586886.9999181964],[440387.9379618827,1586931.3749926903],[440462.5312431963,1586989.2504039302],[440580.62503808626,1587046.8750065817],[440646.00029738527,1587066.624897061],[440690.9057575073,1587085.3753889797],[440720.5003863523,1587110.6251099175],[440805.7504609506,1587223.249760697],[440799.5316807426,1587249.9997127778],[440755.3747234154,1587334.375313636],[440711.2188122137,1587420.1250875143],[440655.56240751204,1587505.8747742155],[440620.12481904466,1587558.375279817],[440582.3432992189,1587642.6249097295],[440574.1871817633,1587752.2502315252],[440575.0933879771,1587880.7499239342],[440575.4067897413,1587924.1245537424],[440570.6871073739,1587981.375340882],[440532.62505156005,1588024.9998203302],[440495.99967476533,1588090.250154809],[440497.6247435515,1588134.8739456404],[440502.8737654215,1588156.3759219768],[440515.09416761925,1588254.374779327],[440500.0629133819,1588300.249997787],[440457.1562503807,1588380.8746284898],[440414.6561814901,1588518.7500463326],[440426.5929093232,1588575.874949704],[440438.62492175394,1588648.3751954248],[440445.43763971416,1588709.4997852885],[440448.53111999284,1588780.7497366834],[440456.5940451019,1588839.2497720236],[440470.2184348968,1588955.0006816806],[440461.81238062395,1589031.3747301255],[440448.68777728634,1589161.3745665005],[440461.84411309747,1589212.250003316],[440492.46891402797,1589381.2499213694],[440440.5623461787,1589458.12471522],[440402.90575117304,1589555.1251329582],[440386.7500863782,1589621.4997908175],[440374.4682243074,1589691.625331655],[440375.12466805824,1589784.6250167752],[440347.50015505985,1589854.8745234841],[440257.2192629352,1589930.749831597],[440120.93709422805,1590013.250426852],[440015.5623546904,1590123.625384745],[439971.93796241947,1590283.2495773647],[439997.59323134244,1590472.625056123],[440020.0628737657,1590571.7502419276],[439973.0315994519,1590614.250397995],[439869.46831339353,1590618.8747957652],[439781.59377144877,1590671.8739545213],[439771.96915532346,1590759.7495425914],[439758.37353397976,1590823.4996459272],[439706.31231391086,1590876.125076349],[439637.87539398373,1590965.8745367196],[439574.4682454575,1591045.2499192222],[439558.1559233691,1591086.1249193267],[439560.84394283965,1591283.4999454243],[439556.59431952995,1591403.2495826255],[439507.1248753857,1591464.749993075],[439457.6871637149,1591525.0001091983],[439396.6874986711,1591581.5003012924],[439386.6246431387,1591604.5003293438],[439384.15683308576,1591618.500452547],[439435.03122377564,1591753.1247738693],[439488.21877229883,1591858.2495765898],[439501.43761410855,1591916.7486529816],[439446.96899773425,1591992.37515758],[439351.3120666685,1592030.0000201121],[439261.3433558284,1592150.5002523593],[439228.49963553663,1592207.9998430135],[439162.90625907097,1592334.625663122],[439096.0308558059,1592462.4996853054],[439042.81253375765,1592533.00008778],[438955.4991509661,1592664.874842581],[438906.28060258745,1592760.7499779908],[438853.31213017926,1592863.00150985],[438767.0309245471,1592963.0002104465],[438716.0316090372,1592985.124718632],[438615.90597854677,1592989.2504632473],[438567.843486022,1593009.2502033666],[438543.84397223307,1593051.500422617],[438536.37489769916,1593082.1252235475],[438559.6565950413,1593117.5003060163],[438573.84414906334,1593132.7496774201],[438603.3128069628,1593142.625189311],[438650.7496292619,1593156.2505380544],[438703.3432400328,1593178.7498207001],[438745.2494583482,1593312.1248066446],[438788.0311093523,1593393.2501827532],[438844.7812382635,1593458.8763378179],[438901.71966976457,1593551.3752775325],[438964.2810258246,1593712.6245389383],[438975.00023793074,1593781.2499358095],[438993.4690605589,1593861.2499424121],[439016.906369069,1593915.8762622054],[439041.84390872234,1594005.9995380882],[439044.9998078225,1594090.000277309],[439003.6251084379,1594204.9995457947],[438927.5623695062,1594299.7502706468],[438881.0625269461,1594415.9999206355],[438870.25012249337,1594514.1246617544],[438900.5001489637,1594629.7496004659],[438909.9373342704,1594698.5000093342],[438900.25029932364,1594776.1253110534],[438889.2187315788,1594843.7502632388],[438876.8129908135,1594897.3740460952],[438866.8750601011,1594938.1242085567],[438851.28160058503,1595080.874919935],[438846.5629643431,1595138.2495857691],[438838.5317717076,1595266.8752491237],[438836.90661574434,1595394.249572027],[438835.8754847105,1595428.6252559354],[438820.96915529325,1595489.7499329762],[438802.8126011266,1595568.3746332559],[438797.3751023124,1595591.8754938901],[438784.43792979344,1595747.2500632],[438760.8122315163,1595843.001232738],[438736.0621226816,1595961.6255004331],[438717.53079405485,1596050.875261524],[438705.4066354031,1596143.8739005188],[438699.43770483526,1596205.1244613281],[438697.2186982969,1596253.50026844],[438695.2188550507,1596328.6250686843],[438692.9066561657,1596365.5002951191],[438685.7499372705,1596434.374495505],[438661.2496780759,1596587.3754932343],[438640.2494932707,1596690.6253775284],[438616.84391723404,1596815.6250827252],[438593.2816839039,1596917.6246726934],[438579.96869079926,1597024.7504519627],[438557.7499441416,1597136.875403462],[438391.53115072823,1597681.9997194344],[438246.4058216437,1597955.624828105],[438175.43745236244,1598051.7498131548],[438087.9683712258,1598161.8748342306],[438012.4995700464,1598338.2495883459],[437971.3747203019,1598487.49961592],[437948.49961707054,1598687.6250803096],[437961.1562536014,1598847.874943155],[437979.40600011457,1599075.6237872404],[437948.531349544,1599227.3755367692],[437902.1564318039,1599362.75036596],[437829.75042455515,1599433.3746471289],[437692.0613042285,1599496.8749008246],[437605.2189394431,1599514.2500864204],[437467.2185967803,1599533.1244570338],[437383.8752602589,1599507.1250999987],[437276.2497817094,1599478.7500791315],[437187.7822609608,1599450.2501334446],[436993.8438443057,1599339.7502507314],[436916.62504952017,1599272.9998594634],[436889.5300503787,1599241.3746138471],[436861.4058381001,1599245.375346465],[436789.84361824376,1599253.6247434444],[436690.3753032754,1599297.7498811209],[436615.15635173605,1599330.2496004777],[436548.9066186967,1599366.3743190437],[436515.7494966408,1599380.750262833],[436401.906371186,1599381.6247365733],[436330.0624820389,1599350.3753115425],[436194.6251468496,1599370.6238551764],[436070.8747770304,1599416.2492239962],[436020.09357868705,1599471.3752430696],[435960.2182370237,1599505.0003319322],[435859.3440165614,1599526.2503663776],[435755.5308808629,1599499.124593711],[435647.8440296175,1599464.375181468],[435507.2498187791,1599478.2503798513],[435486.84357172623,1599487.3752095194],[435445.21893552435,1599569.1262558538],[435457.6247634668,1599871.9999001834],[435456.62527772936,1599912.7499754678],[435480.15577858605,1599985.1252963685],[435491.2190788043,1600097.1252358707],[435469.0311056718,1600214.3753305455],[435458.1561952205,1600306.2496461598],[435457.74968828686,1600428.3759061412],[435453.34340768366,1600527.7500698147],[435442.25038006576,1600582.6251931225],[435415.2812646927,1600745.75041908],[435385.4060998596,1600863.1253513978],[435359.03092223883,1600932.1245637808],[435330.1254285665,1600999.8754869117],[435279.46924222034,1601074.1257262386],[435200.9683334582,1601184.249701189],[435154.21864125796,1601267.375007721],[435102.2188810622,1601329.0003429905],[435037.4058270419,1601384.2502407585],[435001.625283765,1601389.625233574],[434902.8440988955,1601349.74963203],[434824.6872782455,1601331.2500358769],[434645.34388149454,1601293.2504860617],[434598.87481245946,1601236.3754323304],[434566.71909403784,1601211.2495900872],[434490.78136710334,1601146.874775474],[434420.09362098726,1601099.124638588],[434363.5309228947,1601060.1235107842],[434240.4686421227,1601019.124631985],[434135.56291551725,1601020.0011979765],[433995.0004371524,1601036.499817581],[433945.25045702007,1601057.250152746],[433843.40647821984,1601125.6256999772],[433803.999889608,1601158.9999802513],[433775.9996432011,1601178.3750962703],[433745.7496167307,1601240.9998301002],[433715.2498277974,1601266.6254588007],[433648.9683622846,1601299.0001661603],[433586.4377797496,1601321.249686343],[433563.4060192248,1601321.374611163],[433510.96897857025,1601319.2508020452],[433387.9374713233,1601287.2498230203],[433275.15607607324,1601257.6265129012],[433158.3750815078,1601203.8746668482],[433000.7487270604,1601161.8753433633],[432955.90673188533,1601150.7496243236],[432866.21864421037,1601129.8753232867],[432747.09363110934,1601105.3751512694],[432699.81250715547,1601114.7498305775],[432661.46878205094,1601118.8745290672],[432621.1253008773,1601196.8746052464],[432599.68783561344,1601242.8747485264],[432578.34356269607,1601297.7498718342],[432562.1878979012,1601362.8752814932],[432543.469225633,1601430.5002336786],[432527.18758989265,1601476.5003769584],[432500.68748745177,1601528.8749116145],[432477.9690415139,1601572.375425191],[432426.09420613816,1601647.8749998955],[432396.90617140394,1601679.9998576147],[432363.99985793646,1601729.8748497444],[432273.4066101732,1601762.5004528696],[432227.2498095997,1601747.6248098002],[432166.8440823082,1601704.8738451442],[432084.9373376287,1601700.3754183198],[432037.5619752027,1601695.749015476],[431945.3436586533,1601674.8757605648],[431876.3434873219,1601684.37545187],[431793.43734408205,1601719.3747137531],[431601.03080386657,1601821.625199487],[431500.6245502109,1601911.4996718552],[431468.06232485565,1602009.8753087395],[431422.0314952277,1602188.499842918],[431400.84396678105,1602267.6253757805],[431375.8440083063,1602350.4996993698],[431359.7190298594,1602419.3750330582],[431339.5626324465,1602462.8745005091],[431318.2808655278,1602525.5002804645],[431279.37502232165,1602630.1254710818],[431251.6870443763,1602692.7502049117],[431232.78094128944,1602735.0004241623],[431217.71891352703,1602774.5002051205],[431178.12498127366,1602782.4997524598],[430887.6253452358,1603034.375040228],[430832.2187901743,1603075.3749651525],[430801.46906442376,1603230.1249103623],[430844.5621121181,1603329.999732264],[430914.6251469568,1603460.6253260423],[430943.2501046411,1603656.9998202766],[430929.8120995393,1603906.5004903385],[430857.6252555827,1604127.0004693074],[430759.6878581055,1604342.375305101],[430564.8124617115,1604530.7503391735],[430428.90611359,1604620.3749619015],[430244.5000796621,1604629.4997915693],[430150.5317695065,1604531.999674551],[430050.2186210203,1604434.875290941],[429975.31202511967,1604336.4995668796],[429893.46883256425,1604225.7499217035],[429795.9062095472,1604185.875366285],[429667.4997094847,1604166.750099906],[429597.2502027757,1604163.749811974],[429501.84408029844,1604168.5000935122],[429379.28158598376,1604270.2498338402],[429252.1877990687,1604410.4999565664],[429156.71925776993,1604676.8751539954],[429093.875360648,1604920.0003865557],[429095.31203966704,1605120.2497296399],[429200.24949874595,1605312.8754331474],[429227.0301371749,1605471.0004407496],[429280.1869993501,1605647.1254324017],[429305.7183895785,1605779.8747481206],[429301.62551073945,1605958.7500908878],[429256.6247660199,1606082.1247272983],[429122.87500561523,1606216.3751459315],[428960.4061362314,1606415.8749400955],[428893.5307329663,1606483.0001930005],[428752.1870603848,1606591.9999317476],[428648.4067032853,1606686.499760834],[428511.56241647643,1606757.1250009516],[428404.6875329728,1606787.874726702],[428283.8749450871,1606793.8753897434],[428162.7500887399,1606793.4995691578],[428042.84379424516,1606818.500486581],[427876.06288273016,1606928.875444474],[427798.62492465245,1607041.1252336162],[427732.46943008516,1607254.9999254437],[427652.3751850104,1607443.9996707933],[427576.7814590109,1607594.4999926935],[427438.7513889486,1607639.6246161077],[427307.4683924714,1607824.7504715563],[427202.8432890311,1608034.1247314855],[427138.43778807,1608152.250258849],[427062.2501243183,1608289.9997929232],[426972.68696146336,1608415.6250811687],[426884.5932562265,1608439.1248956774],[426785.0001036152,1608488.7499509896],[426540.46887838386,1608704.9993477005],[426515.1566514475,1608840.2502981967],[426485.31313191075,1609013.99953884],[426433.0000571279,1609118.7495671003],[426404.3126806222,1609183.8749767593],[426411.0936661089,1609324.0001746654],[426430.87424293614,1609469.75012785],[426488.21822242247,1609600.8754209082],[426544.3437272334,1609706.6249349061],[426520.7496742526,1609746.1247158644],[426428.43711923115,1609814.5002630956],[426287.71902969823,1609936.249743543],[426197.5620162682,1610049.2502149083],[426144.65604985855,1610141.1245305226],[426147.43717449857,1610198.3753176623],[426150.6248932493,1610396.1240720944],[426152.68724249414,1610702.2498590702],[426209.0932832932,1610814.3748105695],[426264.2817211881,1610901.0001043137],[426346.7803113689,1611024.4995783675],[426482.9057356054,1611202.8762679799],[426506.71886470116,1611431.3747481625],[426504.6565154564,1611520.7504801988],[426476.8754323416,1611605.126081057],[426273.7814124934,1611755.5004320114],[426154.5938933938,1611927.3747542284],[426006.0003095705,1612017.624960005],[425882.812057853,1612106.624958633],[425809.5622632119,1612174.1249859983],[425816.34420764697,1612314.1251719072],[425821.59427564254,1612422.375361734],[425825.40661849355,1612632.749979172],[425774.3121055632,1612762.8747403673],[425677.8123460535,1612876.1250613723],[425535.56238008104,1612966.125504686],[425363.34405692894,1613095.875491421],[425287.65609245736,1613112.375157151],[425204.9691125096,1613116.4998556406],[425109.59376355744,1613121.250224356],[424965.7811476204,1613179.3745262877],[424854.4057450414,1613248.6245472592],[424713.6866965601,1613370.4999986521],[424647.1246078821,1613443.9996429333],[424588.1247860846,1613542.6252166347],[424504.34416910436,1613655.2497802372],[424324.53080047277,1613759.7500460343],[424242.7808002639,1613782.9999237258],[424166.4682116922,1613786.7498477555],[423944.0001219504,1613931.750339197],[423946.46897812886,1613982.6246427097],[424059.21855372837,1614072.8749356635],[424154.00101105374,1614451.0002229544],[424131.03166935034,1614503.1249079702],[424081.1874507459,1614658.750373046],[424007.1563747111,1614841.124744077],[424002.03123153554,1614866.8752975976],[423896.0626414228,1614916.75020255],[423839.15585521806,1614926.0000442152],[423751.65608773346,1614962.2496004242],[423649.90634740534,1614967.2498187798],[423474.3128746838,1615027.000235623],[423392.5627872979,1615050.1251884946],[423371.43767767266,1615140.5004062683],[423451.25034063385,1615340.7497493525],[423455.8747384037,1615436.2500231247],[423439.8746847769,1615500.8746873778],[423333.62547149893,1615544.3752009543],[423233.7189171235,1615587.624818765],[423150.71862258867,1615585.3751258787],[423062.3125617131,1615602.5005490114],[422869.7810966775,1615707.7493176037],[422774.4057477254,1615712.3746743219],[422703.53170409333,1615696.7505284578],[422609.2489460481,1615592.9998115806],[422555.90665812814,1615544.5001257744],[422430.4687135242,1615455.0005150435],[422331.68752865476,1615389.7501805646],[422279.2812615253,1615360.3747150116],[422234.74961691507,1615362.6254540235],[422031.9689116539,1615519.3752424794],[421906.03126776987,1615551.1254129158],[421827.062392201,1615631.6251187988],[421681.99948193796,1615664.3746877955],[421587.8437409638,1615694.4997022687],[421462.53176730545,1615738.9997015826],[421225.1869883689,1615839.9998929906],[421061.3746323125,1615880.0004193545],[420938.499695182,1615975.4996470013],[420949.4688441054,1616070.6251463133],[420984.9688513942,1616145.5000969176],[421062.0003025383,1616288.3746869904],[421165.71919976466,1616455.4996866176],[421194.843769552,1616530.7503706303],[421198.24960546935,1616600.749940522],[421182.87530924537,1616677.9995088328],[421154.7500508413,1616755.9996721894],[421078.250118628,1616887.3747277104],[420976.62530311994,1617026.3745561107],[420981.2497008898,1617121.8748298828],[421011.59387865505,1617222.5002468305],[421133.156015461,1617363.2500688368],[421182.5936399547,1617462.8750410988],[421226.3123578748,1617575.6246166984],[421287.24951692,1617649.125307105],[421333.28139267344,1617678.875547118],[421507.8754668346,1617861.6246926093],[421546.46904157917,1618000.1248217293],[421583.8122348207,1618113.1252930944],[421590.27981854323,1618246.750128679],[421591.3119957026,1618399.8750051027],[421574.0934674004,1618438.9999244239],[421471.21835756634,1618552.625019889],[421413.968529375,1618555.3744992327],[421301.3438785955,1618599.2497872694],[421188.4376457025,1618636.7497249816],[421101.25014667946,1618679.3747186922],[421069.43755742157,1618680.8749498352],[421022.7186387465,1618702.2499091006],[420876.3122418109,1618773.3748484983],[420871.90596120764,1618945.874840941],[420934.3750838695,1619051.2495804788],[421025.6871942051,1619225.4995665275],[421027.84369474486,1619269.9994786645],[421049.68766694237,1619326.3748331154],[421063.1246259187,1619472.4996479375],[421045.5937419778,1619505.2512220081],[420966.93722204765,1619592.125319267],[420964.06281788397,1619796.3754821462],[421105.31242634763,1619948.9996131642],[421119.9995924728,1620120.5001198696],[421042.5626805206,1620232.874921009],[420924.6244967986,1620430.1249351092],[420877.74987977836,1620515.3750097076],[420827.00050108565,1620651.8752084041],[420824.74967489665,1620869.000124981],[420731.3127964948,1621045.8745783763],[420672.34470717073,1621144.5001520778],[420743.3437628,1621294.124954112],[420795.8442684015,1621457.3751048897],[420875.65579806006,1621657.6254940995],[420881.2191806427,1621772.2499881252],[420826.1249812198,1621819.6243916026],[420748.4063999769,1621925.624714189],[420661.53125659254,1621974.500220581],[420591.5623730488,1621978.0002949703],[420492.59384453774,1622040.3751791602],[420421.4063119644,1622018.374549669],[420243.34398306446,1622027.1246048769],[420226.71834638907,1622079.000486378],[420179.84372936876,1622164.249514851],[420083.96868113644,1622290.2496647337],[420082.5309559918,1622392.3752256474],[419986.7500590544,1622652.3749855747],[419951.0627081241,1622705.2501784593],[419845.71865493443,1622767.8739533408],[419582.3121001413,1622857.3746101973],[419524.78173596185,1622853.8746229848],[419448.78141585167,1622863.9998973387],[419397.9060662134,1622866.4995270423],[419300.3434431963,1622826.6249716238],[419228.24970440916,1622785.6249595222],[419060.12530622166,1622736.49960349],[418958.374519768,1622741.4998218454],[418915.8129910044,1622915.8747327146],[418968.8429232857,1622957.8751023249],[419041.5622451214,1623011.7497809469],[419134.6253951887,1623090.1247187634],[419146.21916821226,1623198.000046953],[419062.4068187586,1623310.6246977325],[418986.9062851057,1623199.500190919],[418909.3751346814,1623177.8753820136],[418825.46854675567,1623156.5004227483],[418780.34392334154,1623145.875361937],[418670.37451343366,1623112.999821995],[418624.93762155797,1623096.1253818048],[418566.46923151414,1623073.5000410364],[418521.93854585226,1623075.7498211],[418451.68703406944,1623072.8754169361],[418448.4061229721,1623136.7505322692],[418446.3745472524,1623226.250143],[418420.12534057716,1623342.3747809918],[418368.1245342558,1623453.3743629851],[418296.43738957937,1623552.6245607869],[418285.56247912813,1623591.499717645],[418133.65616455686,1623745.7499635746],[417975.59357577626,1623772.7497652958],[417899.5933428432,1623782.8750396497],[417780.9066563264,1623833.3746558793],[417619.59384279646,1623924.3765028273],[417563.28204046946,1623946.2501152472],[417368.90634335566,1624013.2504433324],[417261.09352116473,1624024.999827524],[417153.3124314472,1624036.750257841],[417039.4374863418,1624055.1249291743],[416969.5003352715,1624058.4999915664],[416918.9372540948,1624067.3749715944],[416884.06282985467,1624005.3748618648],[416890.5939657013,1623877.374868736],[416888.4373779844,1623832.8749565992],[416866.28113732534,1623770.125210772],[416699.09363169956,1623740.125121119],[416597.3438913714,1623745.1252522974],[416343.2813295384,1623763.9996229107],[416211.15759686823,1623668.5014413896],[416029.7191594505,1623607.2498344546],[415944.5622771988,1623560.3752174343],[415837.8748245138,1623463.624649336],[415781.2814400732,1623479.125962631],[415712.5628508554,1623508.124561473],[415609.68765384424,1623621.624732118],[415562.4986761114,1623700.5004153405],[415583.84399515425,1623878.1254637816],[415549.3751188993,1623956.5004015982],[415454.7186325194,1624107.8751972388],[415380.8749001261,1624162.6254829038],[415309.37509909115,1624134.2503748594],[415159.7185645834,1624071.374745264],[415082.4996826207,1624056.1253738601],[415037.9689969588,1624058.2501419263],[414955.9067282884,1624075.1246692936],[414844.21905724786,1624138.0002988891],[414727.5935866733,1624099.1251420309],[414586.1566345681,1624074.2501083761],[414456.49879405415,1624029.6252714193],[414351.96888803435,1623977.3746154578],[414292.5625593032,1623935.6251416132],[414214.7191404174,1623907.4999703863],[414131.4371765919,1623898.8747528212],[414054.8123195586,1623896.2502854748],[413889.46904601104,1623904.499595277],[413803.53088236554,1623972.500368048],[413744.24947845447,1624064.750504248],[413683.12488859065,1624118.8750325101],[413585.6871903936,1624213.0000871362],[413482.81199338246,1624326.6262287272],[413407.0933425629,1624343.1249355085],[413304.74966448254,1624335.3752378095],[413202.99992415437,1624340.3754561648],[412970.15671041864,1624403.0001899947],[412728.18753371225,1624408.5001076304],[412651.2503210403,1624399.6251276026],[412580.68749974424,1624390.2503611173],[412481.2816907745,1624312.250284938],[412440.68722665816,1624263.249853726],[412446.9070529916,1624128.875469221],[412463.4374050695,1623942.999977675],[412511.2183154807,1623876.8751694558],[412511.09339066065,1623742.8745132855],[412463.09340413444,1623541.0001014152],[412354.5626783195,1623406.0000466846],[412326.34326862055,1623349.9995538709],[412313.21866528294,1623210.2501765504],[412307.3439731871,1623089.250245023],[412303.9689107949,1623019.2495418289],[412260.1560415798,1622772.6252810047],[412238.3120693823,1622716.2500137307],[412109.28085804236,1622684.3749184741],[412040.25000036304,1622706.8753344226],[411988.25024016725,1622817.8748292387],[411942.9065406381,1622934.9999990936],[411926.7191433698,1623127.2497948385],[411720.5623295909,1623214.0000134027],[411446.2808643465,1623342.3747809918],[411325.46827646083,1623348.3754440332],[411260.62453609257,1623326.124964902],[411157.9685023735,1623311.9999168785],[411006.7503640266,1623217.3741168466],[410915.5621323855,1623177.249711788],[410817.40661774174,1623124.625327492],[410724.9998242482,1623059.0002185528],[410705.28166624246,1623047.2497882356],[410605.9065436207,1622969.2497120562],[410586.81205076684,1622970.1252319221],[410383.3124829334,1622980.2495473276],[410231.3130631927,1623000.5000960354],[410159.1875919321,1622959.375246291],[410126.1564408217,1622935.4996983737],[410074.06244215387,1622912.4995831451],[410014.6561134227,1622870.7501093005],[409948.62449754996,1622822.9999724142],[409909.2189550636,1622799.3752330856],[409847.7809634356,1622847.1253699716],[409810.25033937546,1622861.749158327],[409735.46866829484,1622897.3751365612],[409553.2192220838,1622950.9999655432],[409394.843231539,1622971.6253758883],[409248.56280554895,1622978.87528713],[409117.1877500278,1623029.99952746],[409029.0623123175,1623053.500300917],[408896.43792141875,1623079.2498083122],[408760.12506636354,1623028.5004296196],[408700.12479988014,1622973.9999935946],[408648.7189774366,1622918.2503965464],[408708.40488320746,1622750.2498770533],[408731.90670279006,1622576.8754108702],[408662.1251628878,1622452.625341771],[408558.8435461201,1622425.87538969],[408418.3128002287,1622419.9996514686],[408308.37520997145,1622387.2500824719],[408303.7497660761,1622291.7498086996],[408367.21828729834,1622154.6248987257],[408374.6248558337,1622134.9999330665],[408262.6566488051,1622112.2497546552],[408144.40610944445,1622090.0003216495],[408107.59330183105,1622068.2495417986],[408044.15651308233,1622028.4999112],[407973.09399250615,1621986.1246799524],[407865.12547197,1621943.624611062],[407791.43848404736,1621917.7491327212],[407713.9062874976,1621891.8747005062],[407661.81237600686,1621878.9999468087],[407580.3746442596,1621873.500029173],[407556.12528083054,1621888.624562934],[407524.2184531006,1621911.3747413454],[407505.09327389876,1621918.8745022272],[407473.1249862957,1621950.4997478437],[407429.4370419007,1622038.1254862738],[407369.2186582507,1622128.2497211047],[407372.7504651136,1622191.8760329233],[407314.99997869367,1622293.374877486],[407252.2185003931,1622384.7505399454],[407179.4059862108,1622445.375430529],[407081.1254595698,1622509.8750827853],[407032.6872336365,1622523.6253563485],[406901.12474729674,1622629.8745696265],[406835.7177555242,1622735.1254304696],[406827.62510301557,1622833.1252467681],[406848.56278182217,1622987.248562804],[406822.405721368,1623137.2502315494],[406801.3123442162,1623296.2498000688],[406733.37512356933,1623404.1251282585],[406641.31241818797,1623496.5001021014],[406525.2808853657,1623545.6255453106],[406393.99998113944,1623588.2494928958],[406213.218946421,1623605.1250663884],[406154.6246726087,1623613.7491506506],[405972.46833156707,1623656.124294721],[405822.24959178054,1623661.7501833024],[405706.34402990376,1623685.374922631],[405573.9377561717,1623697.3751154111],[405446.21838620794,1623795.9996429873],[405348.99976412597,1623905.0003406827],[405214.7810779662,1624036.750257841],[405077.93775010575,1624177.2502302073],[404974.5004349929,1624259.498883571],[404810.0317223628,1624322.3746003434],[404674.6558470465,1624428.4998477497],[404580.12533161225,1624503.1248615368],[404472.0001537826,1624495.0004765547],[404409.5934499422,1624504.8749423202],[404309.18719628657,1624476.374909456],[404257.3134070363,1624408.6250324505],[404179.78121048654,1624391.749546135],[404130.0312303542,1624416.8753883783],[404075.0004087012,1624480.2497583055],[404024.84392163524,1624598.3753728461],[404020.15605891845,1624781.625263743],[404008.0932729626,1624916.5003936535],[404014.1247095291,1624986.4999635452],[404026.65642123995,1625025.9997445038],[404015.90643560875,1625150.7496000605],[404028.2189840275,1625241.124730657],[404030.43703161745,1625309.8751395256],[404008.2817499068,1625420.4998598816],[403994.0624634112,1625471.2503718769],[403950.5639549087,1625518.1249888972],[403844.654732418,1625581.2504681328],[403807.687272585,1625591.2498587181],[403721.1562173128,1625590.8750842582],[403612.96853348456,1625598.00007068],[403520.0620407108,1625601.250208252],[403418.2498815612,1625596.999625994],[403282.0312649781,1625612.8746676235],[403134.37352759106,1625619.7508505308],[403038.8752588928,1625633.2502283286],[402921.68767021655,1625656.87488048],[402840.03086235427,1625701.000105334],[402750.5004780983,1625794.7503855],[402692.81241049984,1625886.1250018342],[402631.18707523035,1626005.3738936298],[402588.4063831746,1626171.875228105],[402524.24968572805,1626283.6254051442],[402434.8422212183,1626354.374523956],[402383.6872945403,1626410.125254307],[402313.5637587769,1626440.3751936003],[402217.96828758426,1626470.5002952504],[402164.5625347173,1626465.125302435],[402075.56262326665,1626445.5003367758],[402002.9691851993,1626456.625096867],[401921.43834828254,1626474.000282463],[401833.5627602123,1626487.6245850807],[401736.8121921141,1626494.7495715024],[401652.87483066326,1626485.4998170144],[401567.6872620636,1626469.7497002047],[401488.8126249668,1626461.7501528657],[401362.93748708133,1626440.7499680603],[401249.8120908962,1626412.1250975532],[401177.3128913009,1626402.8753430652],[401095.9059330787,1626390.999987928],[401020.81295248494,1626393.2496808143],[400950.8122492906,1626399.2503438557],[400850.0937271734,1626434.374530559],[400776.2192212549,1626447.9998793022],[400694.7815766848,1626447.625104842],[400583.905873386,1626486.5002617002],[400424.4066055863,1626576.124797251],[400319.8746944926,1626616.2502484352],[400240.8751325758,1626637.5002828806],[400087.78094250005,1626718.250884529],[399976.7814476838,1626777.4995970184],[399823.8429559532,1626827.6253977362],[399720.53161178593,1626878.0000019688],[399659.4377082701,1626881.5000763582],[399599.5940990802,1626885.0000635707],[399524.5625783595,1626879.625157932],[399457.18747581425,1626863.9998787653],[399384.7189625669,1626848.374686776],[399257.4378320103,1626847.7500626757],[399038.6878466475,1626819.8747410888],[398973.8123738058,1626813.2505000727],[398891.156080206,1626800.1248506096],[398793.2504152023,1626786.8753224518],[398672.3436760217,1626786.2496522262],[398542.3745259945,1626823.8754737068],[398449.5314981678,1626808.1253568972],[398382.0939768011,1626807.7495363115],[398322.28105395916,1626806.125513651],[398235.81250468554,1626791.749569862],[398158.1246969678,1626809.1247554575],[398067.4689432059,1626873.6255410162],[397944.8746292406,1626965.8746310908],[397856.8126564772,1627016.3752062689],[397753.65596452955,1627036.250021568],[397669.53021331166,1627061.249980043],[397563.6250881459,1627121.8748706265],[397495.96840348706,1627169.8748571528],[397399.1245558652,1627196.124063828],[397327.74976682744,1627219.9996117451],[397196.4063566027,1627275.2495966903],[397126.31254823884,1627299.1261907332],[397043.4371785241,1627334.3753022563],[396957.90656793775,1627389.8751368416],[396888.68723331427,1627495.2497892021],[396832.3436985138,1627575.1248709846],[396779.9066578593,1627630.8745552101],[396726.28078275186,1627665.0003894784],[396645.78107686894,1627738.3751089394],[396574.2803168857,1627790.124932318],[396521.90578222973,1627833.2497124858],[396473.12547325814,1627921.9997742965],[396446.2188638837,1627962.6249247608],[396406.6566641038,1627989.1250272016],[396373.3121112293,1628039.8754520197],[396334.75035613525,1628122.3750883262],[396312.9995762843,1628146.4995269352],[396305.34307093173,1628156.624801289],[396251.6250496033,1628214.875074166],[396213.2189056773,1628260.500355809],[396173.5000486039,1628320.1248017068],[396119.8127136234,1628373.3748562285],[396032.75022659753,1628481.125259598],[395970.09367311705,1628547.0002181772],[395916.3439193151,1628615.3747192828],[395852.4370715086,1628671.1244035081],[395822.93772726116,1628723.1251226524],[395804.65729440004,1628823.6246558316],[395691.2185836279,1628862.4997255127],[395628.46883780084,1628947.3750256507],[395541.6254268899,1629008.1248410544],[395481.5002355865,1629076.5003882856],[395417.6252074306,1629134.7496150373],[395297.6871804624,1629196.4998751269],[395210.9686943716,1629235.4999568053],[395120.62529624836,1629235.125182345],[394995.46893375803,1629331.1251553975],[394870.3125712677,1629428.500434773],[394787.46893402643,1629454.8745662682],[394701.99969613604,1629501.5002925969],[394612.6250102252,1629560.8748888546],[394506.59391411394,1629650.7504073482],[394439.96836048894,1629744.6245662086],[394425.4060320067,1629869.2504558936],[394408.4998593432,1629944.2502441409],[394410.781284703,1630005.374921182],[394397.34336677834,1630156.7497168223],[394424.81218143157,1630271.3752569736],[394525.9372976595,1630414.4997838633],[394591.49990060006,1630550.99998256],[394645.4688176941,1630706.49947669],[394695.7502295801,1630845.500351216],[394758.90648234077,1630948.8751603302],[394809.468517392,1631019.1246670391],[394886.4999685361,1631145.499591382],[394917.9377833338,1631225.750406573],[394914.9692278752,1631317.3748725473],[394901.78107241343,1631419.1246128755],[394905.15622198285,1631515.8752681508],[394920.2192086936,1631560.4991461593],[394931.46889360505,1631606.3753235675],[394937.56274899293,1631658.6249334035],[394930.8432233793,1631745.2502271477],[394934.3750302422,1631802.375043342],[394930.21859927906,1631869.8750707072],[394931.18731149146,1631937.2502604297],[394929.4997367068,1632027.6253910263],[394925.0934561035,1632151.12486508],[394898.9067554269,1632311.2498031054],[394832.2505154539,1632419.1251312948],[394796.2814952329,1632486.37530902],[394774.46925550885,1632529.625014008],[394747.5616000089,1632565.1239751715],[394686.2495793265,1632618.2511971241],[394617.34364646714,1632652.2500143214],[394554.7188254602,1632714.250124051],[394495.9688533027,1632758.5002737248],[394432.1870174934,1632793.8753561936],[394340.2809694056,1632850.6254851047],[394291.7811964221,1632883.4999789216],[394231.8434359373,1632909.999035237],[394157.969017196,1632924.8746783063],[394094.28133268165,1632936.000397346],[393959.281277951,1632955.7502878252],[393900.7504690857,1632958.0000678885],[393820.562072716,1632962.6254246067],[393730.2176284673,1632959.6251366746],[393625.87506608904,1632952.7499998931],[393529.2811552844,1632926.8745215524],[393432.6872444797,1632902.1254588433],[393310.5311699215,1632900.2494942916],[393254.49999075977,1632908.8746246793],[393133.53074558056,1632922.3760947282],[393070.87523822556,1632989.5003015078],[393029.9685056477,1633024.8754711538],[393018.2816274546,1633079.624623516],[393022.5936695858,1633242.4999998335],[393034.9687240032,1633324.0001504023],[393054.96846412244,1633397.8745691436],[393053.28088933777,1633488.2497869174],[393030.0934304677,1633548.0002037606],[393017.1561707716,1633592.5001158975],[393024.1859597729,1633724.8746571562],[392997.06227935734,1633809.9987608087],[392921.5309721794,1633907.6248487728],[392830.843485944,1633975.8754711838],[392768.37540940766,1634004.8752033282],[392684.2814778404,1634022.250388924],[392642.3128407035,1634019.499950632],[392548.2184724253,1634001.250204119],[392473.25041665154,1633975.3747257781],[392404.6874386018,1633946.9997049111],[392347.62504122907,1633903.5002374602],[392309.6551316363,1633856.2497998544],[392275.531389619,1633807.6251020508],[392233.84328847023,1633738.7498555395],[392176.87512956955,1633673.4995210606],[392128.6559797512,1633645.250471139],[391988.6567527906,1633644.6248009133],[391912.09326845326,1633690.000320093],[391866.0941712988,1633729.2502514112],[391817.50024702033,1633784.9998484596],[391793.1567322964,1633816.750018896],[391759.7189870753,1633891.6248823232],[391741.6566713808,1633948.8747105144],[391730.9691917481,1634054.3753338205],[391743.15585639846,1634168.9998278462],[391756.6562803217,1634281.1247793455],[391765.12475341605,1634375.2498339717],[391777.15667866956,1634524.2500119058],[391792.99902887736,1634677.0001138693],[391802.8437672432,1634744.5001412346],[391816.09329540085,1634906.2501480463],[391829.49948085204,1635037.3754411044],[391844.3751239213,1635120.2497646937],[391854.21890333877,1635192.748964289],[391846.2501295247,1635262.7495803062],[391841.00006152905,1635297.1252642146],[391852.2497464405,1635343.0015288],[391887.4999040892,1635428.3754820928],[391888.4993026496,1635483.1246344552],[391867.93735725153,1635525.0000792455],[391849.71943038894,1635616.5006665252],[391833.9682674539,1635718.2504068534],[391818.40749935963,1635776.7505293707],[391782.0627457301,1635930.6249547147],[391736.9063898425,1636063.9999406592],[391668.78269732534,1636212.500419313],[391648.06208955985,1636286.2499132343],[391561.1254863024,1636374.8750502248],[391536.4676108659,1636476.624790553],[391514.37474797666,1636573.2505210082],[391501.2184121656,1636667.3745295089],[391499.65576220094,1636730.9997080248],[391508.1877874193,1636812.4998585936],[391535.749707242,1636905.4995437136],[391572.12532157375,1637020.250008685],[391593.1879252004,1637146.2512046932],[391587.5313502712,1637265.8748709487],[391561.46852828906,1637394.3745633578],[391545.75014395296,1637496.0004249914],[391495.6253021833,1637597.6252404996],[391436.9378360245,1637630.3748094963],[391374.46871336264,1637656.8749119372],[391282.84328844,1637657.6244608576],[391204.0003838167,1637640.751066793],[391151.9063851488,1637625.1247415007],[391032.4691035863,1637583.8749669362],[390913.1874331918,1637509.4998027892],[390819.24980938423,1637463.1248850492],[390722.87497469457,1637387.6253975218],[390640.68874015246,1637276.4998445828],[390577.46902244486,1637185.749939526],[390500.2502276593,1637095.1248721122],[390401.34411796974,1637020.7497079652],[390343.031426271,1636973.3753916647],[390256.7502206389,1636918.2504187168],[390159.09335914976,1636847.7501034192],[390074.0624478436,1636796.3749673236],[389990.21836591646,1636761.6255550806],[389936.78088057606,1636763.875247967],[389887.06158679165,1636782.7496185803],[389844.90656496165,1636814.3748641969],[389809.0942892113,1636853.624708338],[389775.6873175153,1636924.7497349128],[389772.6879885316,1637021.500303011],[389767.31299571594,1637083.7503495577],[389789.7191731923,1637188.2494820524],[389813.249674049,1637328.3746799587],[389876.31168833753,1637453.3754312808],[389898.7813307608,1637543.8754866975],[389904.7809476767,1637624.124296815],[389913.1265010248,1637742.4997609956],[389927.84348172665,1637862.1255195022],[389924.9373450895,1637939.749775096],[389917.03099009686,1638002.1247464628],[389926.81226351566,1638084.8751913577],[389941.6561741115,1638174.0000276284],[389959.09491183126,1638256.8753973432],[389986.68760517903,1638347.3744938115],[389994.156679713,1638383.0004720457],[389992.4065989297,1638481.0003755216],[389980.6562557897,1638545.874889415],[389965.0934826216,1638613.2499919601],[389931.5001262325,1638719.9999506439],[389931.2185441189,1638781.1245405076],[389921.90628363227,1638866.249690286],[389908.74994782114,1638957.8751152086],[389884.3439270986,1639006.1249513747],[389862.46926855313,1639063.249854746],[389817.4061050121,1639176.2503261112],[389781.3120727939,1639272.8738771384],[389769.46853730734,1639355.5004433384],[389694.9684483403,1639503.999963044],[389713.6247017871,1639598.3748673103],[389714.5309080009,1639677.2504633556],[389687.1563318197,1639818.3750598219],[389674.1249208287,1639885.7501623672],[389663.437441196,1639988.7502841984],[389651.65632453095,1640061.2504427421],[389632.21870251326,1640136.2503181666],[389625.75015984237,1640161.6250511014],[389608.9370923483,1640216.3752495893],[389564.1872433943,1640261.8746474634],[389505.74962687556,1640242.4995314444],[389453.6249418597,1640232.1253663988],[389393.84383866837,1640224.1248601112],[389278.0621554862,1640217.2497233297],[389243.6875177033,1640220.8746353618],[389219.46892779943,1640228.3754423694],[389185.00005154446,1640254.8745858618],[389179.40493648837,1640365.6252771635],[388263.2187725965,1640369.0003395556],[387536.50136698666,1640300.4998675045],[387313.8438413524,1640263.0000169694],[387109.75042294385,1640300.4998675045],[386961.3440955849,1640506.2501743496],[386794.34402077773,1640524.999620143],[386608.8136634694,1640655.9999012041],[386534.59419766755,1640880.6245786627],[386534.59419766755,1641011.6248597237],[386571.687541269,1641161.2497489352],[386664.46910922264,1641292.2500299963],[386664.46910922264,1641479.3747697426],[386590.2485972953,1641591.749570882],[386423.2813010872,1641722.749851943],[386330.49973313353,1641760.124864835],[386126.40622754785,1641778.875356754],[385848.12507581094,1641816.250282469],[385848.12507581094,1641984.7494551167],[385922.31385526474,1642115.7498233549],[386033.6563920676,1642284.125117308],[386107.8748989211,1642415.125398369],[386107.8748989211,1642564.8752124005],[386107.8748989211,1642845.500382673],[386052.18772069435,1643051.3744810356],[385977.999987366,1643126.2503905883],[385792.43789758417,1643294.624725593],[385625.468509125,1643407.0004856808],[385514.1566586701,1643556.6253748923],[385439.9371056912,1643706.3751017465],[385347.156583863,1643893.499841493],[385310.0621941361,1643987.125196839],[385198.71861120773,1644080.6245812394],[385068.8436124755,1644043.2495683474],[384883.3122090416,1644043.2495683474],[384679.2187906331,1644099.3750731584],[384623.56238593144,1644230.3753542192],[384623.56238593144,1644398.749602047],[384679.2187906331,1644529.7499702852],[384660.68746200635,1644660.750251346],[384530.81255045126,1644660.750251346],[384252.49957906373,1644585.875387919],[384122.6245803315,1644642.1246842474],[383844.3126550695,1644941.5003464385],[383770.094148216,1645072.4996685511],[383677.3433537875,1645390.6236432332],[383584.5628319593,1645727.5002020851],[383584.5628319593,1646045.6253100696],[383658.78125163564,1646213.9995578972],[383677.3433537875,1646382.4997766705],[383454.6878332271,1646588.3750083358],[383287.7185319451,1646625.7499340507],[383053.1876562475,1646586.0003034524],[382909.49996513047,1646567.8754817592],[382676.00039482105,1646567.8754817592],[382550.2500945785,1646567.8754817592],[382388.5932801135,1646513.6249825517],[382298.78131374397,1646513.6249825517],[382137.12545822735,1646567.8754817592],[382011.40593150986,1646676.6253708662],[381885.65667739284,1646803.4999944891],[381777.8745415498,1646821.6247290052],[381580.3121718108,1646803.4999944891],[381400.6871929462,1646803.4999944891],[381221.06221408164,1646694.7501053822],[380843.87495265517,1646622.2499468385],[380664.2499737906,1646549.7507472432],[380574.4380074211,1646513.6249825517],[380358.8746946835,1646332.3749349008],[379963.71822273196,1646368.6245782871],[379855.93713301443,1646477.376472468],[380035.562111879,1646730.998702643],[379837.99974213995,1646803.4999944891],[379640.4065988758,1646803.4999944891],[379550.5936735579,1646749.1245704615],[379460.7817071884,1646658.4995030477],[379227.2810035763,1646495.5002480356],[379227.2810035763,1646314.250200385],[379263.18751779874,1645933.8751330306],[379263.18751779874,1645716.3754419936],[379191.3437158288,1645571.4999625492],[378957.8440583422,1645480.8748951354],[378670.46867610817,1645498.9997168286],[378490.8437844207,1645535.250319163],[378257.3441269341,1645607.7495187584],[378095.68722529203,1645680.124839659],[377916.06233360455,1645788.874641589],[377664.59346559294,1645988.1235399873],[377610.6870544974,1646169.3746337635],[377556.8123758754,1646368.6245782871],[377467.0004095059,1646622.2499468385],[377323.3137645144,1646785.3751727962],[377179.59224867285,1646839.6246258782],[376928.1245139638,1646839.6246258782],[376712.5939798252,1646839.6246258782],[376568.9063758853,1646821.6247290052],[376407.2494742432,1646803.4999944891],[376227.6245825557,1646749.1245704615],[376012.06231594365,1646730.998702643],[375886.3437481746,1646730.998702643],[375670.8122550876,1646730.998702643],[375473.21919900057,1646730.998702643],[375311.56229735847,1646767.250351103],[375060.09351652395,1646821.6247290052],[374916.4058254069,1646930.2496932922],[374682.87548157235,1647129.4995506387],[374593.0624690773,1647238.250398694],[374485.3120657078,1647437.5003432177],[374431.40670073783,1647582.499788534],[374359.56281159073,1647691.2495904637],[374215.8761665992,1647854.2498916013],[374018.2810182612,1648053.499836125],[373928.46905189165,1648089.7504384597],[373802.7495251742,1648144.1248163618],[373677.0002710571,1648180.3755058735],[373497.4060657177,1648234.7498837756],[373174.09444186155,1648289.0003829834],[372958.531129124,1648361.4995825787],[372778.9062374365,1648470.250430634],[372707.0623482895,1648578.875307744],[372653.18871579296,1648669.501334106],[372617.2503819199,1648760.12640152],[372581.3438676975,1648959.3752999182],[372545.40657994995,1649176.749978958],[372419.68696605536,1649339.8752920926],[372347.81247773743,1649448.5001692025],[372114.31282025087,1649539.1251494393],[371970.6240830083,1649539.1251494393],[371791.00015026925,1649521.0004149233],[371647.31245915225,1649448.5001692025],[371485.6566908127,1649358.0000266086],[371341.9372672222,1649358.0000266086],[371000.68720636616,1649358.0000266086],[370856.9688289011,1649339.8752920926],[370695.3129733845,1649303.624602581],[370605.4999608895,1649267.375046372],[370479.78148029756,1649466.6249908956],[370336.0937891805,1649720.37519709],[370264.2192136854,1649829.0001613768],[370174.438020841,1649955.8747849998],[370030.7185972505,1650100.7502644442],[369799.21878301015,1650200.125387066],[369576.5623035014,1650069.1250188278],[369465.2503658694,1649956.8752296858],[369316.8123932141,1649825.8748614476],[369186.93739448185,1649732.2495061015],[369019.96809319983,1649657.3746426743],[368797.31257263944,1649545.1247663551],[368537.56274952926,1649470.249902928],[368407.6877507971,1649414.1255314196],[368147.93784050975,1649376.749472402],[367962.406524253,1649376.749472402],[367739.74995756714,1649376.749472402],[367517.12521053187,1649376.749472402],[367387.2502989767,1649301.8746089747],[367220.25022416963,1649245.7502374665],[367090.3752254374,1649208.2502997543],[366979.062328857,1649170.8752868623],[366867.75047840213,1649077.2500186933],[366645.09399889334,1648890.1252789467],[366311.1245356271,1648871.374787028],[366107.03111721855,1648927.5002046619],[365884.4063701832,1648965.0001423738],[365513.31287696754,1648983.7505471157],[365272.1249816549,1649039.8750058012],[365123.68700899964,1649058.4995267745],[364956.718666666,1649245.7502374665],[364752.6252482574,1649320.5001760735],[364641.31235167704,1649432.8749772129],[364492.8753379701,1649601.250271166],[364325.9060366881,1649825.8748614476],[364270.21885846136,1649938.1247377668],[364066.1254400528,1650181.3748951473],[363862.0627079922,1650293.6247714665],[363769.28114003857,1650368.4996348936],[363602.3127977049,1650555.6254207657],[363398.21833317087,1650649.249729986],[363045.6879010554,1650799.0005029659],[362767.37492966786,1650873.750441573],[362563.28151125927,1650911.2503792853],[362322.0936159467,1651098.3751190319],[361913.9067791296,1651098.3751190319],[361765.50053894776,1651098.3751190319],[361617.0624791153,1651098.3751190319],[361301.65616412635,1651135.7500447468],[361134.65608931927,1651154.49949054],[360726.4999388501,1651210.624995351],[360540.9378490683,1651285.4998587782],[360392.53152170934,1651397.7497350976],[360299.74995375564,1651472.6245985248],[360077.0934742469,1651678.499743013],[359947.2184755147,1651846.875036966]]]},"properties":{"FID":1,"ZONE_":"NW"}},{"type":"Feature","id":2,"geometry":{"type":"Polygon","coordinates":[[[318316.53121382085,1596925.1244601724],[318160.9692926708,1597251.1251483848],[318105.50020352204,1597429.1250413703],[318049.49969121953,1597532.125056681],[317993.06296315265,1597634.1246438068],[317835.5307626117,1597743.9998967869],[317606.84498391184,1597746.1247202884],[317448.219202064,1597766.125461969],[317188.7191765305,1597832.0003632181],[316903.06208619877,1597861.1249751807],[316680.2191968294,1597818.1252096551],[316317.7498119744,1597751.124885956],[316145.8119828404,1597696.125828972],[315967.5632864782,1597678.1249165277],[315801.65686520655,1597603.125117863],[315680.21869455324,1597534.1239377938],[315558.7814720233,1597466.1251611668],[315315.4995709415,1597277.124508661],[315015.65594752744,1597114.1251916885],[314532.28084230644,1597055.1253700883],[314119.21872485906,1597046.125466938],[313870.65601358964,1596978.1247150537],[313590.99959612073,1596930.1247048504],[313361.1566328373,1596837.24993613],[313076.18772205786,1596903.2498316444],[312708.0002841171,1596900.1256070915],[312536.56219501386,1596914.1246487757],[312382.3130296917,1596750.1249036184],[312265.93744282844,1596541.2504789543],[312162.2502750991,1596319.1253979928],[311958.155814448,1596258.2496352778],[311729.3429872154,1596247.249823881],[311481.09363072255,1596166.2503794872],[311252.937220909,1596239.2503489156],[310587.81342187396,1596410.1251737217],[310164.0310314059,1596561.2501935014],[310031.46908222407,1596657.2502139083],[309799.2504377951,1596952.1253547776],[309419.9373250791,1597107.9996035704],[309212.65614274243,1597327.1243481005],[309024.1551512572,1597526.125410952],[308265.71831347,1597272.1252911168],[307641.62510671356,1597106.125716723],[307373.8747485707,1597006.249846955],[307137.65636665915,1596888.250282765],[307021.9689593481,1596771.1251253604],[306906.28147302684,1596654.2498774768],[306757.5629484026,1596363.1246435798],[306537.84428358614,1595989.2499665632],[306281.43774760596,1595762.2496351893],[305980.81287052797,1595568.3746803943],[305682.9373932272,1595337.7493573031],[305604.0310102018,1595276.8746217217],[305489.59386158595,1595221.000051808],[305410.78173782653,1595200.8754220058],[305300.21838430455,1595179.5004544982],[305104.4377805291,1595122.6253773894],[305024.31290094176,1595070.6246815799],[304964.49998453417,1595021.1255302944],[304865.18737906317,1594923.2495687727],[304768.500285248,1594871.2498210866],[304652.78111580375,1594814.250855856],[304493.8440334467,1594752.2497497012],[304347.6567612123,1594699.1245795647],[304229.40626036795,1594659.8747210116],[304139.1559761697,1594636.0001052266],[304013.3125082585,1594600.625068901],[303890.03110674705,1594565.2499535652],[303785.78075373085,1594540.0001638301],[303619.2824664401,1594499.6248038164],[303371.43756357854,1594435.250070783],[303288.8120875905,1594412.62476557],[303212.53121622093,1594385.9997228743],[303118.5628661937,1594402.7503766236],[303057.6553413456,1594437.3748942846],[303020.9060001828,1594479.5001740141],[302981.62540663016,1594521.6254537436],[302953.7500262289,1594550.873953828],[302916.99973694276,1594586.624921073],[302870.1250701794,1594640.2497522298],[302740.5941924285,1594663.4996337185],[302628.84402546746,1594675.25004279],[302552.71991049644,1594719.9998860518],[302514.84419876,1594828.374891806],[302511.18752391974,1594884.3754041083],[302437.68781446054,1594972.4998376714],[302359.12346694403,1595052.8735996454],[302249.87500252755,1595051.8762528615],[302152.0000681396,1595027.8746675542],[301987.9378258495,1594949.3748714377],[301800.9687647131,1594847.8749453323],[301677.62486606895,1594794.7498542063],[301546.6869732243,1594750.4997509753],[301395.4371171999,1594710.1254180952],[301336.93695662013,1594689.874845904],[301148.75034704513,1594611.3749707774],[301015.1879696784,1594533.9994909673],[300932.4999965577,1594471.7495024253],[300784.90578823985,1594369.0003447586],[300635.96903721796,1594243.2500299693],[300481.9686752724,1594116.2504836186],[300368.71834009566,1594024.8748559803],[300226.1560595786,1593904.2497011242],[300069.5936312334,1593763.2500859555],[300013.59414606454,1593725.1254918322],[299866.0623558691,1593636.3754548598],[299773.280819281,1593621.2499635916],[299622.1250645019,1593633.1252879181],[299547.2501810924,1593653.624742496],[299436.78108683636,1593686.9999495854],[299304.781374818,1593728.1248011298],[299252.71912999917,1593742.2498642132],[299134.56280941045,1593734.8750445338],[299109.1563422869,1593727.3752305887],[299064.62464641244,1593698.1246762373],[299020.0622155385,1593661.3753350745],[298958.9386765806,1593591.3747539541],[298873.5933506607,1593493.6247348213],[298744.9379858396,1593342.3747997866],[298641.74953100743,1593206.2513831537],[298581.8127264783,1593114.7498131266],[298529.4689680264,1592998.999908683],[298473.2810433361,1592867.999597716],[298437.4686851022,1592764.87466715],[298377.50019745016,1592645.2499404787],[298308.56246263714,1592490.1251832165],[298260.09344740247,1592412.4998728961],[298187.4683027497,1592314.6249385083],[298113.5621644022,1592216.74992511],[298073.93842919683,1592102.2503583718],[297980.34379780135,1591729.2501671512],[297949.4691871126,1591558.7500881106],[297890.0004394914,1591104.249764342],[297836.15643381345,1590896.750434618],[297796.4374912188,1590744.000410378],[297723.74992844363,1590627.0001682288],[297633.3123108678,1590517.749649545],[297491.9377919132,1590355.0001630827],[297347.9685753127,1590173.250442135],[297272.8120202495,1590085.6247214691],[297196.3120533692,1589964.7497361025],[297096.93797789916,1589827.4998698859],[297020.46874601836,1589716.875125375],[296909.62482698663,1589580.8736216067],[296870.125058913,1589522.374567171],[296835.5948005177,1589430.7500571457],[296831.59403590136,1589337.7503731702],[296856.7823556376,1589254.9999029168],[296918.5940741477,1589061.2499423875],[296920.90623102686,1588952.9997728784],[296907.9997435158,1588872.749978036],[296901.5311717657,1588819.2500621341],[296842.9061749411,1588732.8746001634],[296771.56202398305,1588651.5004100043],[296678.62475813,1588553.6254756162],[296573.03091428644,1588482.6254144344],[296411.5297902726,1588409.1247568517],[296349.18759673217,1588367.2503347662],[296274.093617812,1588307.4999154913],[296226.8749402827,1588208.374643398],[296189.6565940887,1588054.375308586],[296125.781522076,1587887.6250575073],[295865.21857122483,1587270.6251567972],[295805.2808185724,1587166.249888526],[295715.9685444366,1586999.6245527025],[295673.9067099633,1586933.499741933],[295622.90636332845,1586853.498750467],[295556.5624570483,1586727.4996323013],[295518.24950241373,1586641.0002822091],[295472.2504275904,1586520.1252968428],[295450.2190426637,1586335.5001547188],[295421.531673599,1586006.9998972395],[295370.34399358655,1585840.2497251711],[295278.5311230502,1585699.125115737],[295253.06215879397,1585658.4989770898],[295208.24989740975,1585510.8749818958],[295196.50051547197,1585375.8759605796],[295263.21924652776,1585108.2515448257],[295360.6876730172,1584960.2497224654],[295402.4688629705,1584893.9999964407],[295487.34415672545,1584786.7503341269],[295715.3438891507,1584507.3755093014],[295796.4375138001,1584406.500238482],[295883.59320230107,1584196.1245394582],[295915.12525754253,1584090.37504536],[295936.24936740624,1583893.0000931132],[295914.49957512296,1583820.3739213268],[295855.8745782984,1583741.6252428235],[295770.5313856561,1583641.1247177694],[295725.9689547821,1583590.3753077888],[295685.18708686985,1583533.1254849145],[295647.9063225534,1583344.750435818],[295632.2810912544,1583171.6248451215],[295636.87474902347,1582965.249910714],[295634.0004339911,1582818.7503108368],[295605.6560485586,1582637.9999909403],[295565.9064499747,1582483.9996289948],[295556.4682767927,1582239.5001794745],[295551.06255134987,1582104.5001310247],[295584.93749847,1581921.0003323406],[295616.4377915783,1581797.374841053],[295631.40660545824,1581685.3748435818],[295664.1878922612,1581575.7495001224],[295675.34335391264,1581458.5004545965],[295698.9998223102,1581244.4998428659],[295691.06284447754,1581100.6247275106],[295665.2815525784,1580945.2501397382],[295651.09407137264,1580852.375450028],[295607.65595680504,1580736.6245184508],[295551.49979424797,1580624.6245209794],[295500.50047474675,1580544.4995623818],[295426.6558063983,1580465.7498567447],[295321.03122755524,1580392.1253110408],[295256.1249133478,1580338.750310394],[295173.4379673608,1580285.5003040128],[295064.09421654476,1580239.874947821],[294986.53132434684,1580212.1245616851],[294864.4377634081,1580152.5000847992],[294817.3747361335,1580120.8748764356],[294790.53162506066,1580050.8762705724],[294755.8753452663,1579894.2503969711],[294763.21848182287,1579768.1253364165],[294803.5620006931,1579639.4996794611],[294800.7808387827,1579538.8752662858],[294790.4998629275,1579473.8747718227],[294768.5309751334,1579322.3750062778],[294751.84384565044,1579244.7496959574],[294692.99967430485,1579060.2504962222],[294653.3432288429,1578948.250498751],[294612.5009970755,1578863.0004592305],[294567.87512094545,1578781.6252419376],[294505.43772001576,1578705.3751055677],[294398.4686232116,1578593.4989962177],[294313.2185836912,1578532.62528777],[294250.90609801665,1578498.3744887407],[294178.4059476293,1578464.1247958553],[294105.9691634878,1578440.1253438254],[293984.99991885544,1578440.500089591],[293910.21826757817,1578397.3753298],[293833.96915834176,1578384.7504349323],[293620.5317318979,1578371.2500271348],[293527.8126134322,1578371.499857645],[293418.56209474837,1578378.1251857937],[293347.4360911777,1578378.375016304],[293240.7496141506,1578387.4999137197],[293140.4057664849,1578394.1251628583],[293031.1879580577,1578407.1248825016],[292920.7188638016,1578422.625119535],[292812.7503659462,1578430.4996792453],[292699.72023242415,1578439.749491916],[292612.0934846246,1578454.0004973882],[292467.3121213401,1578474.7497824763],[292321.1566112389,1578439.3747461508],[292223.1874965953,1578373.3748506363],[292146.8124449701,1578308.6252928276],[292066.5933061169,1578231.124818752],[291999.12500452006,1578166.3752609433],[291902.3437304492,1578060.8736220982],[291818.31321462453,1577971.8757298728],[291749.5628921993,1577916.1260752142],[291669.4379336017,1577862.750047434],[291594.37571681465,1577818.3750289476],[291509.1563332835,1577776.4995797286],[291425.24978459056,1577741.1254915262],[291390.9375945724,1577733.4997351926],[291324.8752809356,1577728.6244847802],[291276.59367808874,1577731.2500754462],[291262.6252923937,1577735.1248186636],[291194.0623823563,1577744.249716079],[291041.6563688821,1577766.2503660065],[290938.8129519494,1577785.6254252675],[290844.84357478854,1577807.500132806],[290745.8124829507,1577828.1255297726],[290688.6876543418,1577843.4999034277],[290560.46850528516,1577884.499839717],[290479.248938247,1577920.375643207],[290429.78154909465,1577944.7499200124],[290347.3126714847,1577998.3747511695],[290271.21921250294,1578049.5000130595],[290013.7190952159,1578215.7494969736],[289949.0309283958,1578257.874776703],[289893.24959061434,1578301.3753884032],[289744.7183203574,1578344.9998092146],[289673.5933439203,1578356.625303031],[289544.03275830357,1578357.0000487964],[289423.34415819123,1578355.9996206115],[289298.8441811075,1578346.1251526547],[289146.37361623324,1578337.4999952698],[289062.5316189403,1578330.1251755904],[288958.312949047,1578318.8745065497],[288857.9374182584,1578300.0001354427],[288748.5629324429,1578245.4997913558],[288648.0317513996,1578173.2504196023],[288507.96904014953,1578029.6252137674],[288436.65665132465,1577950.8744809967],[288323.2497177699,1577807.2513294294],[288251.87483181234,1577692.7497084239],[288166.4066449046,1577544.0003697898],[288118.0001268026,1577486.749598792],[288002.12530710374,1577367.374702631],[287920.68759267824,1577303.8754825278],[287836.750387996,1577260.749695603],[287682.9066244285,1577197.3743636212],[287593.90667793574,1577172.124573886],[287442.6557947777,1577136.8754009388],[287315.561989161,1577102.7495961748],[287216.40606107836,1577068.6257666678],[287096.8437525295,1577009.1252569135],[287007.8121229138,1576964.7502384274],[286897.1873784031,1576916.6252339585],[286811.99975700513,1576878.624606967],[286686.0621088384,1576807.624545785],[286566.49987929984,1576734.000000081],[286501.5936441026,1576690.87524029],[286389.59364663134,1576596.8751281295],[286253.43744073174,1576488.999783396],[286206.3754405908,1576462.3747407002],[286080.530945546,1576432.1247852976],[285980.15644189104,1576424.625050363],[285892.4999862256,1576419.7497209401],[285766.7190154472,1576416.2497234882],[285682.87488487666,1576408.873876675],[285599.0308333164,1576412.8746412913],[285489.84375988867,1576432.2497005526],[285407.312385146,1576449.0002752917],[285276.56293182285,1576487.4996151803],[285182.59355466196,1576514.5005097855],[285097.5933456518,1576551.6245967136],[284989.719028052,1576605.3753702594],[284923.7826568041,1576657.749863711],[284798.25048940215,1576762.4999567578],[284743.7501453154,1576809.7503964202],[284700.656120524,1576851.874649016],[284657.62459286524,1576916.875143479],[284627.28140533017,1576988.3748656814],[284600.7188597671,1577041.8747815832],[284564.06275073654,1577122.2495706913],[284531.2189668009,1577193.6254837825],[284502.1875079601,1577279.000438558],[284449.0624168339,1577377.2501977214],[284422.53163340397,1577435.875194546],[284409.9067385364,1577471.5001403922],[284401.0316716309,1577489.3751104479],[284370.68753597245,1577544.2502003],[284351.6564874771,1577554.5004411559],[284189.84398394375,1577451.8751716104],[284149.15637529735,1577453.875079857],[283995.3751088625,1577455.749993838],[283865.5001413355,1577474.3745344349],[283658.5620216413,1577555.7497517276],[283541.1246156043,1577596.249947986],[283464.53149560204,1577624.5000741528],[283363.59372764995,1577665.250179932],[283339.2184237109,1577682.750325212],[283236.6249162988,1577755.249527476],[283141.2495511778,1577857.126253614],[283106.2502877512,1577911.374712923],[283074.03108009114,1577945.3745752985],[283036.71863265184,1577981.8750340743],[283005.65660957526,1578023.4996256495],[282953.844274277,1578099.1251067338],[282920.2191576671,1578144.6245205365],[282878.75021634647,1578207.7500220083],[282823.93754461675,1578317.750111233],[282797.53167644195,1578395.1245639096],[282781.1876096015,1578477.6252036525],[282744.0327876738,1578599.3737266918],[282699.4683025325,1578704.4995926379],[282685.0309118063,1578741.249881924],[282654.6253061488,1578829.9999979066],[282593.90622082213,1579006.249813156],[282558.43787335407,1579093.6246761777],[282538.3439785514,1579174.8749782154],[282506.499595667,1579278.8744735878],[282466.8441773387,1579395.4998909612],[282405.96841462376,1579483.8751821683],[282345.187859298,1579565.8750547469],[282133.53116657963,1579718.375327487],[282036.6248982434,1579742.624610027],[281951.1250282128,1579769.499483233],[281840.40602443623,1579782.1254052343],[281790.68777764,1579795.3749553878],[281600.9999727156,1579917.75010897],[281560.87452222244,1579975.7495023853],[281509.7502874661,1580096.1248267314],[281494.93712384085,1580160.875411674],[281460.5317016904,1580266.1251657412],[281350.53263959923,1580515.4998656742],[281211.0934774911,1580685.6251989496],[281146.8118975799,1580742.1254512828],[281025.06242641725,1580820.7502416647],[280706.9998221816,1580947.7497880154],[280514.5001203473,1580994.876260546],[280369.09418078716,1581034.9986296382],[280283.7816441341,1581049.1247198554],[280048.09373725276,1581093.2499078312],[279888.15614770044,1581078.3752742067],[279757.40669437725,1581068.9995191472],[279645.62484429334,1581063.7495229694],[279561.8749729887,1581055.000477463],[279414.3442099269,1581063.2497829385],[279288.4065617601,1581073.1242508953],[279132.2496141798,1581060.8751289267],[279028.28085380705,1581044.2504965765],[278930.71927419567,1581021.375360853],[278850.99979636294,1580994.7503181573],[278781.40675027476,1580972.2500072096],[278637.0002117659,1580936.0004060776],[278555.6874125955,1580934.8749836273],[278432.4685082167,1580930.7503308894],[278333.31250112376,1580931.9996414613],[278204.6878713022,1580954.499952409],[278037.5936094578,1581000.7509910201],[277895.62422209344,1581071.4991674244],[277785.625080992,1581127.3746854616],[277729.0941726695,1581173.7496121943],[277654.6247700249,1581233.8747772344],[277598.21877695754,1581271.3747160719],[277554.50009688025,1581310.2498288597],[277515.7191643481,1581360.624493075],[277474.0935456392,1581435.2495459742],[277422.0006448311,1581532.6247403314],[277286.99956924765,1581653.1249799326],[277187.31111186737,1581696.3756821123],[276989.406711724,1581768.8748843763],[276872.28163333,1581785.2496862162],[276731.99974755885,1581821.625229737],[276675.9377652574,1581833.6254693186],[276581.7809757086,1581843.874683041],[276439.06201780326,1581872.4995549729],[276335.78135797253,1581900.4998506291],[276166.062611606,1581953.0002864695],[276038.56229809084,1581987.0001488447],[275949.4999334756,1581994.7497933],[275855.34417106054,1582002.5004648885],[275725.6872719106,1582005.8745199516],[275531.1559787069,1582012.2500175901],[275427.81290075375,1582045.2503999039],[275327.9985009847,1582098.7503158057],[275211.3126407458,1582178.6253648829],[275115.12425982766,1582244.8751699177],[274872.1248995127,1582267.2495384766],[274736.09368787846,1582270.4997054182],[274530.56258327805,1582342.9999348158],[274424.09417462803,1582419.2500711859],[274242.2185112915,1582530.249561462],[274129.84368904453,1582570.749836731],[274039.5309867239,1582577.2501706143],[273892.6566410812,1582535.8754885595],[273762.2502504005,1582597.8745404473],[273722.43712755025,1582629.1250030452],[273619.3438801073,1582738.6254312496],[273572.74985786394,1582804.1245595994],[273525.8751911006,1582891.3754554896],[273495.7194159533,1582963.6248272434],[273407.5939552567,1583093.6247100255],[273266.53081582166,1583192.3751573432],[273243.2809343329,1583319.3736765604],[273230.90586997557,1583393.1252707972],[273212.43697963346,1583443.8746807778],[273090.34341869474,1583550.4996878058],[272933.7492282163,1583571.374994293],[272834.74997752195,1583561.1247534372],[272695.25045155874,1583538.8753001334],[272589.0001902961,1583501.8751013267],[272483.71867409546,1583485.2503899662],[272391.0620527624,1583478.874971338],[272165.28124508413,1583444.124511288],[272038.3441958661,1583434.8747776274],[271968.46845099056,1583431.3747011654],[271850.4371246672,1583420.9995450545],[271670.06257766974,1583414.750068815],[271510.062569995,1583404.99956799],[271381.8137920828,1583397.0000930247],[271211.25018877565,1583418.9997158183],[271123.0623099566,1583455.9998356146],[270865.624610792,1583610.499937591],[270771.9685093974,1583679.3752542816],[270653.8746859414,1583772.1260558702],[270500.0310013841,1583874.5004677717],[270378.2814512112,1583953.1252581535],[270224.62517904176,1584044.1250338824],[270094.21878836106,1584103.4996802583],[269906.03107264213,1584209.2491743567],[269799.3129124922,1584207.8749485298],[269630.8433976872,1584166.2503569545],[269380.99969272304,1584127.2503289117],[269247.656410867,1584119.1248325473],[269129.5001692885,1584117.6246643316],[269060.7815299862,1584125.6252454408],[268976.7808010376,1584133.499805151],[268882.5932764894,1584146.2496152737],[268762.9378148186,1584161.250191287],[268657.3122878521,1584172.624748449],[268565.56286257185,1584191.7499771998],[268507.0002838697,1584201.2496993912],[268472.5621514627,1584210.8742578274],[268357.8751723366,1584233.6255054295],[268266.2486870544,1584243.8747191515],[268230.9688581181,1584220.4998433974],[268208.59338341525,1584182.0005035086],[268170.1872756587,1584105.1247637293],[268082.65573524847,1583995.7502779136],[268041.1254029391,1583964.624730571],[267998.31297079107,1583933.500289372],[267877.7809690568,1583821.1254671249],[267817.5001537619,1583765.6236677195],[267669.8752104445,1583585.3750631108],[267597.1558065259,1583412.5003300584],[267482.96856743057,1583300.2505020767],[267352.2816112401,1583283.2500178171],[267194.9060880875,1583072.374657773],[267076.53169912164,1582988.1250464376],[266890.81289668044,1582904.1253446226],[266765.99964383035,1582925.5003121304],[266674.781720714,1583001.8753637555],[266618.93788579985,1583092.8751394844],[266567.09378836834,1583172.3754427962],[266495.00006686925,1583244.1250745193],[266396.59363031737,1583189.2499056568],[266327.0937373511,1583059.7497629053],[266296.43727404973,1582972.7497246591],[266264.12491326773,1582917.6247252864],[266114.99980173464,1582854.5002509484],[266012.06220454635,1582951.249762886],[265916.2188615278,1583091.3749712687],[265874.1559999208,1583197.7501477865],[265834.75049111305,1583297.8748209313],[265805.37494249607,1583407.00042436],[265791.12496415764,1583623.249826724],[265756.0315204755,1583782.000523827],[265684.18762948667,1583834.4999325336],[265523.87426703534,1583848.9998203926],[265413.9376230666,1583801.7504078636],[265194.9686078015,1583732.625260663],[265049.2502615881,1583700.1245393697],[264927.4997632918,1583681.9997388036],[264827.34332801396,1583664.124768748],[264669.90641387255,1583653.2499516166],[264504.6870660092,1583653.6246973819],[264300.03147433855,1583658.6248630495],[264109.0626757195,1583684.125589439],[263965.250057497,1583701.3748770752],[263885.00018364424,1583714.249602453],[263762.7499453172,1583734.375259389],[263687.56273426476,1583749.874548299],[263579.28088163276,1583771.3754581956],[263271.06201035425,1583823.3752058817],[263162.7504498564,1583847.4996521769],[262981.9683678267,1583870.6246184104],[262881.4064517839,1583884.4998509835],[262733.7815084666,1583900.4998280478],[262434.0628793179,1583885.1255334031],[262309.59355822334,1583880.8748592662],[262107.43753581968,1583888.5006155998],[262001.89078210393,1583893.4997541339],[261812.18764918495,1583920.2497120847],[261645.39030797858,1583944.874846534],[261486.06204571755,1583982.2498701164],[261368.65640181376,1584020.124554719],[261246.04674571598,1584067.000169606],[261144.01531744673,1584094.8745228734],[260960.50019076813,1584135.7494648974],[260831.76597368607,1584164.6252734836],[260667.67204827303,1584177.874823637],[260468.390419912,1584158.6246006207],[260370.68749090697,1584147.2500434588],[260306.09358335275,1584131.1251511392],[260079.57758500465,1584056.8748440053],[259974.40668319818,1584033.7498777716],[259834.75047984667,1584022.9998968851],[259731.828210653,1584021.74963819],[259669.50142411745,1584026.0002333166],[259494.187485653,1584022.3753206094],[259369.65582544633,1584020.7502371387],[259311.06251174468,1584031.500139015],[259024.74908300414,1584060.8746604982],[258854.9995226278,1584117.249918566],[258706.81242115723,1584177.749908382],[258600.90624967072,1584210.750369706],[258478.43786395632,1584247.2498013482],[258380.15642166982,1584280.3751779273],[258260.34325547706,1584306.8752263577],[258070.84389007417,1584318.3747777853],[257865.0157858254,1584315.7502932632],[257791.18747260526,1584324.8751116686],[257640.24986521353,1584302.6246312312],[257480.202767411,1584296.624985502],[257379.9060098731,1584289.0003353122],[257297.391069269,1584282.8747471943],[257268.12518692284,1584284.999570696],[257241.38952983287,1584289.7499058533],[257223.54734904395,1584293.3748185604],[257203.09403647055,1584301.9999759453],[257175.04665068636,1584309.2498803695],[257121.62455991184,1584313.6254697617],[257096.2027647937,1584313.2486697289],[257035.1877069524,1584314.9996955886],[257007.31240556142,1584308.3753945734],[256988.24959493292,1584308.1245369297],[256961.499636982,1584312.8748720868],[256690.937302919,1584175.6250848805],[256495.46902678648,1584186.7498115322],[256347.0463956666,1584197.624707674],[256053.70318514615,1584124.00016197],[255949.57877451874,1584085.1249701718],[255806.734822348,1584027.1246286333],[255633.79656502904,1583897.6244068716],[255433.39054135134,1583656.8748643235],[255294.10916277545,1583504.624501104],[255140.84501863335,1583352.7499107835],[255002.40636372042,1583271.7495182662],[254593.57848627138,1583162.1252019405],[254376.10956021165,1583159.8754631837],[254124.17073961176,1583195.625324285],[253969.39109925932,1583206.7500509368],[253890.40586397296,1583201.500054759],[253684.0309295656,1583187.4999069308],[253516.6878643446,1583160.7499489798],[253344.2503741901,1583091.0002255035],[253156.57780550685,1583021.6252477923],[252934.0933067746,1582978.8752337669],[252772.45280862413,1582801.8748208426],[252589.4845121041,1582848.1248323203],[252438.8909944885,1582743.375766407],[252235.5317245072,1582617.2496787186],[252050.09356658603,1582537.6254872854],[251843.20356415331,1582420.5003298812],[251599.70351568417,1582227.000199862],[251314.64034563882,1582046.1259128337],[251162.96857471095,1581990.8749710722],[250997.79837124274,1581951.5001182538],[250780.17174066103,1581944.1252985743],[250631.78087167436,1581956.2504534111],[250394.10941167484,1581958.500192168],[250201.26562006443,1582015.3751902664],[250066.6403963903,1582062.7495970607],[249867.9996994332,1582095.500148864],[249666.81242209155,1582170.3750322736],[249491.1871831178,1582207.6250615905],[249204.70269711773,1582278.7500380275],[248981.96836787526,1582313.625492343],[248784.79718314458,1582352.7504356408],[248585.9220626821,1582419.8746474616],[248368.79714738822,1582472.375162312],[248089.26564517446,1582563.6248475616],[247868.87523494428,1582677.374843759],[247637.07850541882,1582749.3753331257],[247495.7808634682,1582828.7496940487],[247305.89031816137,1582899.4999247205],[247153.76589733054,1582914.3745583447],[246951.99994868686,1582926.874458947],[246730.42177689425,1582957.8750910347],[246532.4999154786,1582971.6253293424],[246302.5310098064,1583019.3755090355],[246061.06263171692,1583108.2504612631],[245868.64075500995,1583178.999664801],[245747.90601289325,1583223.3746832872],[245463.73478991626,1583286.8750095344],[245333.90588538337,1583281.999759122],[245266.6577854412,1583286.5001847588],[245081.28101850883,1583294.7495692447],[244790.9995354085,1583280.75044855],[244593.78126055005,1583318.625133153],[244320.31277031123,1583314.2496227713],[244160.26567250869,1583319.249788439],[243871.047114726,1583298.750333861],[243785.31274217978,1583279.7500203652],[243652.65661274234,1583222.7501070115],[243589.9222911746,1583164.8746017178],[243533.46912896913,1583062.250359306],[243519.7188906615,1582941.750119705],[243571.92137873007,1582687.0004293288],[243571.32848557734,1582581.3737962183],[243565.67190249066,1582433.8747952897],[243564.82815169403,1582362.6249035976],[243561.9219955182,1582264.7499692095],[243527.68763062733,1582048.1247939465],[243492.59418694518,1581942.3752998484],[243488.46842806344,1581889.0013263354],[243471.07787004387,1581816.9998098346],[243436.39085525,1581762.1246409724],[243360.82787129853,1581700.8751596257],[243199.32769540808,1581570.8742497098],[243088.53094551447,1581478.8749939194],[242811.74987021158,1581405.8751035011],[242655.1567068668,1581484.498787739],[242607.68717169366,1581555.8747008303],[242517.89056453202,1581571.374937864],[242314.79653206587,1581582.7495740363],[242197.34371902398,1581566.000026431],[242080.09364636458,1581556.8751290154],[241993.3905287563,1581548.00014112],[241903.1566786966,1581549.5003093358],[241813.17171102378,1581558.6251277414],[241651.70227013287,1581558.5002124861],[241494.21921398706,1581564.6247734705],[241402.35925332285,1581553.5000468185],[241295.9369866773,1581480.375162135],[241226.56200896617,1581370.4999881652],[241233.45352275344,1581302.8750091803],[241231.03075148014,1581221.4997918874],[241183.87457108358,1581174.499182735],[241099.2501349725,1581150.3757635737],[241034.9060579285,1581124.3754551741],[240929.79654711083,1581095.7494770982],[240801.4218268098,1581053.8750550128],[240716.46870792747,1581061.6246994678],[240620.06217962204,1581026.374499387],[240594.7816548873,1581030.9999192893],[240522.07765797357,1581023.000444324],[240438.54688217962,1581035.7502544466],[240388.70269299462,1581027.1250970617],[240357.89050042833,1580931.3749861754],[240344.2354695099,1580856.749933276],[240340.70268279116,1580823.7494719522],[240256.18791295087,1580760.1253365937],[240201.32807208307,1580710.8749886847],[239951.81210176676,1580529.0003524818],[239819.89013586545,1580496.124806413],[239742.93759809245,1580516.2504633488],[239639.2339962246,1580577.9997637365],[239549.12506142,1580668.6247937002],[239496.20271067627,1580727.499621035],[239436.2966411467,1580808.2502620523],[239376.32815349475,1580886.3753124033],[239219.24962999043,1581077.0000212463],[239114.17188130593,1581135.0004417952],[239032.7659290136,1581133.6251888347],[238909.9217704002,1581106.8752308837],[238825.7653121867,1581055.9998785143],[238689.0777621437,1580991.5001512156],[238485.42157152432,1580940.4998045808],[238392.62462793128,1580940.7497141014],[238239.48334477696,1580964.5003627546],[238163.6254154445,1580892.999534408],[237905.73411825352,1580771.1251479904],[237589.12459210574,1580684.1250307339],[237402.95321877184,1580665.6254844025],[237275.42217025714,1580566.500212309],[237129.79705617597,1580457.7503817794],[237033.4222900037,1580380.4998172245],[236938.14015701495,1580340.124536221],[236865.70337287337,1580341.1249644058],[236761.9998500158,1580402.8752919273],[236683.23481638412,1580362.000270893],[236631.90578697802,1580345.7503843082],[236533.0160445339,1580355.1251122341],[236330.67158260875,1580348.6247783508],[236208.4060162871,1580255.6250943753],[236179.6090599619,1580185.2496884791],[236141.1557830673,1580131.7497725773],[236091.20303375548,1580119.249792965],[236078.40613350493,1579945.249637462],[236190.68772361966,1579873.1252599736],[236219.93725083754,1579873.500005739],[236293.45228829136,1579822.87448388],[236326.00009971237,1579720.125326213],[236370.09352555507,1579620.7502236094],[236388.04734787182,1579454.7495430717],[236439.23400075056,1579337.3745551573],[236568.17198534872,1579269.7496551825],[236733.8746391043,1579198.4986573462],[236789.20340599306,1579177.7503993919],[236859.53172176128,1579105.6249157595],[236978.45294088568,1579000.1253311818],[237033.9844481569,1578900.5003190576],[237079.15620632214,1578794.7497978257],[237189.14096755232,1578688.249706053],[237281.68697449117,1578593.7498538618],[237242.15655042828,1578204.3749398114],[237102.34366968845,1578162.7503482362],[236980.1405214892,1578029.1254737368],[236859.84404940423,1577916.9995338765],[236771.31208080903,1577847.124895145],[236702.37537312967,1577794.6254074282],[236660.14050613975,1577742.3748020981],[236647.14086550678,1577604.1245076964],[236627.0939818216,1577443.1250989705],[236547.68793777577,1577380.6252799183],[236416.23394977205,1577406.2498154189],[236326.38922534898,1577420.4997937572],[236276.5316834264,1577368.6250403365],[236158.40609783717,1577243.625323222],[236115.62542782235,1577130.4999823107],[236064.54733507044,1577079.875408575],[235898.79648504313,1577021.2504117503],[235649.70337775367,1576981.874531798],[235501.76610679334,1577009.2501721685],[235262.31296494495,1577080.2502333506],[235066.48416489776,1577121.8748249258],[234886.56226780327,1577142.7500524027],[234736.29640582524,1577219.8757017024],[234585.87489359255,1577291.8751639358],[234502.54693719136,1577269.0000282123],[234333.56235436097,1577229.625175394],[234155.93720714073,1577156.2504602],[234022.54691416718,1576988.4998599468],[233912.6563331926,1576841.7494024257],[233835.39044064298,1576808.3751434595],[233704.39115680955,1576892.624754795],[233582.82799189084,1576994.3745114105],[233318.3278006897,1577035.5003900887],[233224.89087381616,1576929.000298316],[233111.51562338427,1576835.7497566964],[232953.8902697214,1576793.4994827015],[232651.2972465301,1576879.1253741314],[232568.7187816596,1576838.3752683522],[232486.35949131017,1576762.000216727],[232418.7191843304,1576710.625124327],[232340.51528171828,1576688.8754110537],[232221.24997281775,1576739.6248210345],[232051.65511457267,1576808.3751434595],[232032.71832534324,1576812.8746209731],[231969.14017396857,1576855.4996407332],[231828.20297692236,1576947.6248389126],[231774.21872799465,1576927.6250453552],[231740.5004582628,1576605.3753702594],[231749.9059211883,1576494.3747738393],[231636.81226339986,1576196.250493162],[231461.51570719734,1576201.6254836053],[231303.34360238616,1576226.8752733404],[231233.12479486814,1576259.6247980103],[231110.71890628646,1576333.3753651134],[231030.2970270508,1576365.1254887318],[230976.75002102117,1576360.3751535744],[230857.56261625822,1576328.3751204354],[230611.2814058787,1576169.249677567],[230416.35885376082,1576027.6253281024],[230432.43768308617,1575926.5002267726],[230463.93797619446,1575831.374692162],[230492.71857739138,1575729.999760322],[230567.48387354036,1575636.1245634167],[230619.8440661309,1575601.3751305004],[230745.0782067508,1575494.500213952],[230809.92202382552,1575451.7502789367],[230876.1092527174,1575368.2502381422],[230899.2342979613,1575247.8749137963],[230851.29670588026,1575132.3759460067],[230825.50008598648,1575077.1250042452],[230800.28103125078,1575041.0003183684],[230645.0160307388,1574950.2503731498],[230514.8441425737,1574805.3748296094],[230369.75045164622,1574585.875339314],[230255.78135993826,1574515.6248486731],[229952.93740009278,1574146.2495701597],[229019.51435848902,1573704.6249989027],[228370.73454728417,1573488.3746484153],[227938.20311130976,1572839.6245450764],[228370.73454728417,1572190.875468871],[227505.68700332998,1571974.6251183837],[226856.89083699684,1572190.875468871],[225343.04712670954,1572190.875468871],[224694.264313114,1570893.2504259483],[224172.0314773672,1570495.0004449924],[216468.76510939404,1555821.875037763],[215337.09357787075,1546248.9997550573],[213444.7497706645,1530241.8747885178],[213797.26583530178,1530023.1247897532],[214143.70348095923,1529810.3754638513],[214277.40618058603,1529409.2501407296],[214617.7653282533,1529172.2504261436],[215018.89073038532,1529117.5002515467],[215341.0154902261,1529147.8751222047],[215553.75051526702,1529062.7499979394],[215553.75051526702,1528801.49997368],[215821.1721906386,1528667.751211059],[216033.89078154095,1528716.3748494147],[216331.70273457537,1528679.8754177724],[216443.42216653688,1528627.2499876667],[216493.01549807796,1528608.4995046812],[216541.42201617997,1528577.0002387066],[216598.79675430938,1528526.3747168474],[216667.78157925018,1528442.874676053],[216738.31263540086,1528305.999713622],[216771.87525487808,1528198.1253960223],[216794.17187731992,1528062.1238132436],[216811.32793282392,1527937.7498575589],[216848.75004653403,1527822.2497836256],[216891.26445190003,1527701.6246287692],[216964.45278183965,1527541.8755577488],[217130.01519234548,1527437.250379957],[217221.53106323356,1527413.624646559],[217372.56292989117,1527415.7504971942],[217551.4372296626,1527434.4998740358],[217845.6089419954,1527489.4999581533],[217963.42212093138,1527533.375315619],[218168.70347403188,1527597.9999581727],[218328.46897919098,1527629.3753360258],[218399.5314584953,1527632.3745663133],[218668.82812685825,1527593.1247077603],[218774.2816484418,1527574.6250824186],[218853.12458621105,1527545.8752952314],[218920.53141780884,1527520.7504207513],[219004.4994365009,1527483.124539525],[219074.50001762126,1527446.6251078828],[219136.89032842315,1527407.6250008298],[219184.04650881968,1527370.9996267988],[219213.39029530348,1527344.374584103],[219295.34410488803,1527206.2503111004],[219343.2027656978,1527036.24989308],[219369.23388810724,1526915.6247382239],[219391.34404628465,1526813.99894874],[219423.74956018862,1526685.7500918175],[219458.68743262638,1526557.5002077613],[219561.96911959077,1526228.876141171],[219610.87537772354,1526099.499886541],[219669.8751203135,1525985.3760927017],[219716.125131791,1525878.8749737951],[219781.71851940674,1525713.8747214426],[219845.59359141946,1525636.7501782866],[219924.57772056188,1525581.2503541382],[220000.92203718756,1525546.000233068],[220098.8441407136,1525510.9998634974],[220229.4850339099,1525528.2501782672],[220421.79629622272,1525646.2498214678],[220478.5781411994,1525708.874555775],[220631.67225521564,1525802.49992217],[220847.21917716647,1525846.8749406561],[220944.71825964516,1525891.8746144283],[221020.28029547323,1526002.8752108482],[221059.0315201395,1526118.750030547],[221100.3437840718,1526227.125036301],[221169.6091745224,1526329.124702437],[221241.5779017561,1526400.7504460386],[221332.45284124024,1526499.1250414469],[221405.8121494291,1526547.8746221915],[221599.9380408782,1526562.8751982045],[221766.5468635528,1526497.7498674968],[221836.7339089376,1526428.124980265],[221915.09346180438,1526249.374568615],[221960.14022570424,1526131.3749254146],[222010.4534199205,1525977.750336368],[222041.45302487462,1525876.2504102627],[222085.09387982462,1525783.750466318],[222113.28150885855,1525733.0000292037],[222169.64143893178,1525635.374925326],[222365.0779529311,1525401.2506319166],[222430.1716005161,1525334.2503082172],[222509.12507366925,1525285.1249545738],[222585.42230016712,1525256.3750883765],[222749.2346329367,1525242.0001947829],[222905.26563812827,1525259.3754248077],[222976.312789438,1525267.3748997732],[223125.87514386914,1525306.2500915711],[223293.56229886628,1525279.2502240997],[223427.12467623304,1525225.374535299],[223523.75037905952,1525194.1250998345],[223797.0938750329,1525109.1249698347],[223993.21848957424,1524984.3750832304],[224035.62544095737,1524886.6250640976],[224076.67144024087,1524804.2504457533],[224124.23420754622,1524691.3749353522],[224153.76532740754,1524625.375039838],[224220.24955594772,1524535.4985532816],[224364.57826932933,1524364.7496708643],[224540.57825406844,1524204.249923159],[224576.56261768527,1524120.5000518542],[224583.31286108913,1524042.999656789],[224576.89035233314,1523817.8752665299],[224591.68716083013,1523659.1245694268],[224649.48476198636,1523529.7503690643],[224733.6718761891,1523450.1251504973],[224909.37494029017,1523346.8752256662],[224998.48447404348,1523299.0001307179],[225025.32861224998,1523262.250789555],[225054.79723497859,1523210.3750090008],[225046.17215660395,1523160.7499153265],[225031.21867071866,1523108.5002581198],[224993.62455162557,1523016.749884716],[224928.4059887855,1522866.3754626112],[224897.0777010601,1522789.8744685971],[224873.59331705578,1522670.2498209362],[224886.78139721023,1522577.624882726],[224908.87520025938,1522478.499689643],[224980.73441924283,1522330.1250967742],[225033.10891269433,1522266.8746800474],[225179.78162409854,1522134.2503127432],[225232.0629644281,1522086.2503025397],[225342.92118432076,1522004.125514706],[225517.43743498274,1521885.6251833513],[225576.15661206288,1521822.3746876142],[225593.96908498593,1521814.8749526797],[225739.01560677536,1521748.2504018794],[225853.499845519,1521701.8745270234],[225914.65625275398,1521656.3751132207],[225979.6249060736,1521612.2499252448],[225898.98393132718,1521500.0000972631],[225910.56225600542,1521471.9998016069],[225919.5785932943,1521446.6240694828],[225927.43774599963,1521400.9987132913],[225944.32761586507,1521324.7496040547],[226279.06296971248,1521151.1253004612],[226341.5003706422,1521107.0001124854],[226407.8279217941,1521043.7496957586],[226481.9685626572,1520946.375528535],[226520.35942142934,1520885.4996868097],[226521.98450490017,1520819.3748760403],[226781.68727081612,1520672.1257846323],[226895.23452663093,1520560.875357702],[227092.4528014894,1520469.124905288],[227196.82814877096,1520415.0004131105],[227402.75043327533,1520357.6246478476],[227479.17154789466,1520305.9996459268],[227561.76534075977,1520288.6254430355],[227672.34402227632,1520261.2498816752],[227702.01546439767,1520169.8752811707],[227796.00024856345,1520159.000385029],[227907.06223597223,1520038.7500549485],[227954.54717815027,1519939.8746133652],[227985.32863571704,1519880.2502154894],[228046.5627890691,1519819.6253104184],[228106.73401710353,1519722.0002065406],[228138.92146263042,1519635.749659825],[228177.56207290254,1519530.4999057576],[228198.20287687407,1519465.7503479486],[228209.79652954693,1519432.7498866247],[228249.5154721416,1519364.3753370985],[228262.4844567853,1519311.000415462],[228207.35945741268,1519174.6261411854],[228174.60985373257,1519124.8751051223],[228113.89076840592,1519087.7499910607],[227988.59413065334,1519017.124675644],[227965.81214805192,1519005.5002089613],[227929.15501188772,1518976.123712221],[227815.46853995684,1518873.751354587],[227763.68788778145,1518823.8764304025],[227660.14104231217,1518722.8752171942],[227632.32815904362,1518699.8751662157],[227581.8121454346,1518651.2505007265],[227557.92228066537,1518610.5003949474],[227520.1561561894,1518551.7504828677],[227512.6410142499,1518531.3749164112],[227501.29711307702,1518517.374768583],[227456.00043965664,1518439.6245430075],[227439.73419794344,1518394.9996150008],[227162.29678423173,1518602.9996328792],[227601.45354835488,1516785.000234052],[227402.90608353,1516789.8735092075],[227287.70300924484,1516589.999935817],[227236.2183295841,1516443.8751607153],[227203.4533979094,1516310.8749415018],[227208.60921383166,1516132.9999637713],[227276.81278510857,1515941.874487764],[227350.6093361955,1515654.9998489937],[227431.1562096966,1515381.0000146115],[227526.21924717465,1515192.0003102291],[227669.14094546245,1514998.0014673127],[227826.17237883896,1514813.0004732795],[228072.82841399417,1514748.0010849603],[228218.24968154894,1514714.9995965026],[228298.73405791732,1514472.9997162493],[228316.35911845253,1514262.9998691347],[228281.64042053578,1513901.1264588335],[228439.01586467813,1513747.1250697542],[228672.64049706716,1513618.1245880234],[228860.98481116412,1513344.1247536412],[229168.29640737962,1512954.2500205499],[229154.09351916896,1512738.2495005727],[229184.7797693465,1512591.250239675],[229310.96827515715,1512495.2491921342],[229454.90580863482,1512278.1253829843],[229594.34386459898,1512264.2501504114],[229873.62450916885,1512358.2502625717],[230172.04681662822,1512425.2495591373],[230360.84370161788,1512233.2495973338],[230390.5315778778,1511947.2504714932],[230394.10837332334,1511572.3753662917],[230416.921011914,1511260.3748259076],[230432.5155082135,1510809.374499591],[230805.29660392329,1510635.375450232],[230993.1248228612,1510347.3753890113],[230946.2184729749,1509960.500044228],[230862.34360740485,1509795.4998708856],[230848.45304683715,1509649.3750167738],[230847.3747935249,1509503.5000721824],[230845.9842125697,1509287.4995522052],[230850.71921973245,1509064.4999854476],[231044.4691802619,1508707.4998503018],[231139.12468270774,1508674.5004161114],[231258.95317689513,1508559.5000822088],[231320.85907566088,1508393.6254230703],[231440.10905656678,1508221.6251758137],[231471.00002238379,1508132.625229321],[231582.96825772186,1507813.4996997677],[231862.53152206884,1507080.6249793586],[232005.45329936693,1506717.6251194733],[232219.14055632104,1506448.750366014],[232432.39064938735,1506135.7504245786],[232531.20351482756,1505779.749690484],[232484.32789994078,1505474.7502511477],[232322.28089389176,1504973.8750006466],[232217.59329797752,1504548.87506174],[232101.18705512502,1504231.8753828218],[232004.5941415654,1504035.0000915956],[231953.2651121593,1503901.8749571268],[231951.2191409187,1503661.0004993237],[232185.7653492317,1503652.8750819697],[232395.2808633202,1503702.000435613],[232697.6404111295,1503457.9996989898],[233020.6407629104,1503455.8748754882],[233269.4378976852,1503631.9997754823],[233420.8598381028,1503574.0004610773],[233298.60959977578,1503288.9997091545],[233493.09388186192,1503078.0004609888],[233816.6870477852,1503093.8755227982],[234054.06150813642,1502628.9999639085],[234255.23456362737,1502424.1251977168],[234360.5939049553,1502099.0001014448],[234665.92202706286,1502268.0000122697],[235039.4372863088,1502196.0005500366],[235424.76434561494,1502022.125388799],[235834.858994908,1501765.0000172772],[236160.7500168495,1501266.1245960125],[236289.85905870722,1500751.2502248168],[236374.23461243144,1500140.2498908255],[236231.76548503633,1499772.2498652728],[236614.40658982133,1499242.3749970743],[236830.96831982833,1498503.374609537],[236860.75029733358,1498299.376462419],[236929.6409420188,1498165.3747878869],[236851.96846256033,1497956.3753689574],[236959.12497175232,1497847.3746017737],[237058.70281473844,1497599.5000700564],[237621.18704336722,1496533.499672266],[238120.3440572755,1496371.6257777438],[238435.20358469733,1496082.5003730832],[238655.96874069286,1495928.6259535262],[238749.20292718394,1495661.6251659247],[238880.81248643203,1495475.62477084],[239025.85900822145,1495392.6254181997],[239260.20350328565,1495358.6245286907],[239486.1091472088,1495096.6249338903],[239585.7197794618,1494847.6249797228],[239870.46856759686,1494769.6248446268],[240160.85963795768,1494634.624796177],[240257.68697502263,1494481.7497776714],[240263.2811399869,1494282.7497419538],[240319.64107006014,1494206.8744303593],[240469.9529950323,1493998.2497571954],[240582.68723505,1493846.6250763952],[240620.26594713813,1493732.7500859327],[240639.06249311782,1493543.124778141],[240601.48480816334,1493277.6251068783],[240469.9529950323,1493031.1237738545],[240376.0153009943,1492917.3747257804],[240150.54689996922,1492803.6247295833],[239906.28092583077,1492670.875447024],[239812.3432317928,1492632.8748200324],[239436.56290579552,1492424.2501468682],[239154.7191676923,1492329.5004641667],[238760.1566755866,1492158.7504756055],[238140.10926930694,1492007.1247676718],[237651.59367615834,1491533.0005022553],[237520.07829716586,1491305.3744884618],[237388.5465630451,1491002.0001325964],[237275.8123230274,1490319.2502458924],[237369.76534506003,1489712.499479894],[237482.4995850777,1489276.2498990803],[237463.703039098,1488991.874829577],[237332.18758109526,1488536.6249352675],[237181.87462898943,1488309.1248638628],[237069.140467982,1488062.6245579724],[237050.34494913596,1487834.9995713127],[237050.34494913596,1487436.7495903568],[237050.34494913596,1487228.124996203],[237181.87462898943,1486336.87527258],[237313.39206224922,1485748.9999838325],[237801.90662826417,1484857.6253449542],[238121.32813033214,1484193.8747446125],[238628.62486245556,1483795.7496789119],[238985.6250766117,1483321.6254134953],[239267.45340771,1483094.0014539692],[239417.76533268217,1482335.4990376483],[239492.9218087351,1481861.3747722318],[239591.70299105239,1481498.4999066119],[239872.9374808746,1481325.3752640388],[240028.15641839243,1481242.999618561],[240195.42165848613,1481126.3752283212],[240390.17212621082,1481035.6252831025],[240550.09328162455,1480902.5001486337],[240690.0781677473,1480600.9996796157],[240730.8128665215,1480524.12496697],[240847.24992338382,1480406.7489519217],[240928.56264354393,1480335.6250026184],[241068.54752966668,1480179.249986661],[241200.35888117383,1480126.8754141992],[241352.7341596486,1480134.6250586542],[241449.593337857,1480192.2496272938],[241618.01568352393,1480299.3754014864],[241752.10956305463,1480407.249719086],[241854.67233546727,1480429.3752842685],[241914.70332025195,1480338.87516956],[242004.89110731753,1480196.8750471962],[242127.96874131288,1480135.3746291953],[242291.07859366926,1480255.2502135104],[242374.796781851,1480410.4998860278],[242582.18747243792,1480614.9998274439],[242708.68735776815,1480648.999689819],[242922.53129211057,1480702.3746904659],[243108.67200945521,1480741.2498032534],[243373.60944355442,1480852.6251454388],[243585.14019388403,1480965.6246229718],[243743.21914557327,1481010.3754143568],[243890.71917363553,1481006.6245592611],[244088.156623015,1480980.875029495],[244253.2182663564,1481062.5001563085],[244417.37468890208,1480977.6248625536],[244417.14018638647,1480845.499129136],[244392.65632232057,1480646.6250358073],[244544.76541515678,1480523.500311684],[244629.24952900782,1480489.3745069199],[244803.8128697976,1480463.126264257],[244986.3121612864,1480419.374873923],[245167.78131672437,1480362.748679201],[245368.89084794896,1480417.1251351663],[245652.14049500198,1480644.5002913158],[245779.64080851717,1480693.8754754695],[245833.73464470537,1480652.7495967916],[245872.6415196263,1480462.7504913579],[245848.28154368186,1480256.374529817],[245836.3120390997,1480141.7500478234],[245834.10939047075,1479976.4999649606],[245885.1097371056,1479894.7500019025],[246000.42239865125,1479768.2501165722],[246122.73402796703,1479605.1248572108],[246181.31398893113,1479526.1253210637],[246257.42182778416,1479461.249820866],[246433.640908034,1479413.4996411728],[246547.141073721,1479318.8748737264],[246654.5003232954,1479211.3753809023],[246828.1092988944,1479167.3751081815],[247092.96890786628,1479137.7498080647],[247249.64092347203,1479117.6250992522],[247408.64050296182,1479110.1253643176],[247505.10944938968,1479117.0004439661],[247697.04699307078,1479187.7496475042],[247899.45292499496,1479240.8748176408],[248095.1249686436,1479316.7501292352],[248236.2198702118,1479387.875105672],[248435.46878831624,1479476.5002273894],[248631.10906983167,1479553.6248495555],[248764.9520127082,1479603.0001127196],[248988.1092839878,1479706.1251222957],[249224.62458653748,1479843.7496552675],[249378.40585297233,1479916.3747999202],[249544.531448765,1480009.5004262845],[249835.60959253414,1480006.999829884],[249993.54727383997,1479914.374970684],[250085.54645062023,1479886.750526937],[250292.14055954857,1479845.8755059028],[250549.40617432,1479814.7499585599],[250763.18769053998,1479799.3746367814],[250964.40570288117,1479775.000359976],[251118.84338673507,1479736.9997329845],[251492.57774149172,1479804.4997177043],[251612.98482797085,1479823.1252854345],[251889.21907311518,1479652.625206394],[251966.75020317995,1479578.8746392909],[252110.7655617849,1479483.5003013033],[252342.18746653473,1479331.2499380838],[252506.2660639531,1479177.7502642924],[252674.84413888498,1479130.9995646607],[252901.8752052585,1479084.1249769076],[253087.59298056603,1479002.250019584],[253375.92164554764,1479011.1250074792],[253505.07777753318,1479038.7504783599],[253714.21846684604,1479142.8748889873],[253963.13956875255,1479226.0001840163],[254171.0156985093,1479330.1245946437],[254271.0307843935,1479352.2491326923],[254465.39109934788,1479356.8745525947],[254570.21901752215,1479321.8752101578],[254640.46848102938,1479229.0004414376],[254670.43787092244,1479186.2494792885],[254778.35927865005,1479046.9998628458],[254844.4062642922,1478977.0002298488],[254921.76538897402,1478913.4988764678],[255005.59411253966,1478843.750180125],[255140.01556869768,1478787.6247525674],[255278.56278373743,1478786.249499607],[255461.60993251845,1478856.8748150235],[255682.76532029454,1478928.1247067156],[255841.7812549126,1478991.8748634732],[256015.76600341062,1479072.500510225],[256154.64087408793,1479198.2497188703],[256296.12490129273,1479392.7503560847],[256361.90664941972,1479482.874618884],[256425.5472189168,1479549.9999368484],[256510.2811632781,1479573.1249030821],[256701.047300525,1479638.7499738208],[256767.21920142224,1479633.6248928981],[256856.73421594044,1479602.1245997897],[256991.46902687504,1479600.624431574],[257112.2027418581,1479674.0001739014],[257230.84339547274,1479720.5000158893],[257400.09416394166,1479780.7500961847],[257487.4066088412,1479802.4998884678],[257895.59347587608,1479861.8754829671],[257985.67167568114,1479943.4995826469],[258029.9371069068,1479883.250450475],[258039.0302421893,1479871.9997814342],[258255.9533652241,1479894.8749171575],[258274.34340330525,1479933.2503689248],[258263.6405915568,1480109.8750089498],[258288.18790087878,1480232.2501625319],[258360.65636814325,1480303.5000542242],[258458.28147202096,1480316.6246891224],[258529.6235687117,1480378.8746776644],[258593.24975833754,1480447.3751695794],[258737.3122070703,1480566.8749019853],[258842.23438451046,1480671.7509374209],[258878.01600774485,1480805.875472941],[258818.01575795969,1480893.74904886],[258735.40655808971,1481039.7499358403],[258741.82811872233,1481108.6251735205],[258762.40642556114,1481167.3751646106],[258802.74994443142,1481258.3749403395],[258851.23428766074,1481320.2501041058],[258902.2817244234,1481380.8750091768],[258946.89021829152,1481446.5001589258],[259055.98413859727,1481531.1245160266],[259132.39087334537,1481594.749757529],[259192.42185813002,1481650.3754450558],[259257.3280933272,1481717.6245721315],[259367.4214146842,1481817.5004418998],[259450.42171544785,1481940.9999907985],[259525.9222812769,1482056.7498162321],[259601.640915483,1482159.749910553],[259655.25041864536,1482219.2504993177],[259744.17048574353,1482367.0003578903],[259780.10981349988,1482492.1249902598],[259814.95342667177,1482607.2502394177],[259844.1252077726,1482684.0000368082],[259863.71841442114,1482726.250310803],[259880.76590979824,1482768.5005057876],[259926.46909111715,1482844.3747902482],[259981.2654077186,1482908.8755446805],[260042.37464581552,1482974.7505249397],[260095.01540391584,1483017.6253752103],[260182.85927196906,1483081.500447223],[260284.92341049487,1483131.6252809279],[260361.0464983322,1483139.2499311178],[260484.4999842369,1483128.7498597517],[260573.23469321456,1483141.7495003846],[260650.82824140173,1483283.0001312178],[260657.81298732123,1483319.875335759],[260659.14012302033,1483389.874968756],[260656.84329413582,1483448.3750503254],[260653.9996350927,1483538.5004192686],[260721.53138194562,1483600.7503288002],[260809.67217063688,1483647.9997413289],[260920.49973454032,1483706.0001618778],[260949.57923163232,1483714.1245520983],[261055.35946073005,1483770.6248044316],[261250.64040348504,1483868.1249930542],[261388.14104833544,1483926.3751651032],[261531.15597875547,1483960.749852254],[261736.7188454891,1483979.6252504948],[261875.54662603862,1483961.625365184],[262042.5477347611,1483932.749635608],[262142.82805816043,1483939.6247152567],[262255.5622191678,1483960.624936999],[262278.06260912586,1483982.6245597925],[262303.8120598815,1484036.5002485935],[262329.09361174994,1484115.7496942612],[262338.21748203196,1484177.0002027415],[262357.93765820295,1484284.1239226668],[262381.6565447229,1484381.125398392],[262430.84336836543,1484474.8746529086],[262497.1248565232,1484536.9997261954],[262698.875398162,1484555.750209181],[262817.59387690393,1484526.124830054],[262914.156055464,1484527.7499135246],[262998.1250222794,1484594.1235276707],[263047.8423209522,1484658.5003939813],[263048.3122741069,1484704.2496382946],[263035.2808713407,1484868.1254953304],[263072.7500751786,1484978.1245574215],[263104.65584905184,1485115.8751117925],[263051.4375257934,1485617.2501023244],[263077.78097584576,1485781.6235661134],[263120.8125035045,1485864.9997187865],[263226.6880190018,1485842.7502654826],[263355.9373041092,1485791.6250035926],[263427.9377934761,1485815.7503980112],[263460.84399553423,1485897.75027059],[263411.93678927806,1486004.8750176488],[263361.1873002871,1486072.624911889],[263321.46843670274,1486163.4997723629],[263298.0004078267,1486271.1252865861],[263284.9372429273,1486363.750145786],[263305.12539699586,1486444.2499291592],[263361.71880245104,1486550.7500209322],[263423.0000459309,1486607.7499342859],[263525.8127278641,1486688.374553904],[263542.81218499003,1486734.374655861],[263555.9060058786,1486858.0001471485],[263582.156302809,1487101.2503651073],[263612.9377603758,1487230.2497406944],[263655.62519825844,1487332.6251797294],[263713.96860243956,1487412.5002288066],[263763.15645321575,1487433.7502810592],[263860.9064723486,1487511.7504161552],[263880.56217612984,1487623.8753288814],[263865.99987014843,1487729.2500772143],[263884.6560938681,1487826.1245834173],[263919.030781019,1487895.3746458734],[263965.7497185175,1487912.7498758982],[264002.84417659004,1487971.8746127537],[263994.5937649705,1488081.1251314376],[263994.24975420465,1488245.1248765949],[264041.65576511144,1488295.4995408102],[264125.0933877834,1488321.1251824547],[264226.84519866627,1488316.4997625526],[264368.875028896,1488261.7495089453],[264445.06266813335,1488193.2501231742],[264544.7808333795,1488085.624608951],[264598.0933368935,1488016.6254831492],[264690.2502181957,1487980.124945363],[264869.0620998448,1487929.875275413],[264925.12510927994,1487921.8746943038],[265186.312715417,1487884.4997497317],[265302.4691277593,1487927.249684747],[265378.84417938447,1487920.8752932525],[265484.1871655841,1487855.375137769],[265530.68795569526,1487812.999948519],[265554.5297822133,1487757.500203381],[265698.84419473395,1487716.750097602],[265840.0937194231,1487780.2504238493],[265934.6877518699,1487821.2503601385],[266052.3433052942,1487852.624710858],[266068.84404952306,1487852.8745413683],[266150.21926681587,1487850.4998873565],[266200.2191062555,1487825.9996681623],[266228.8122950646,1487789.625151775],[266231.0937169442,1487731.1249911955],[266229.5946548725,1487672.624909626],[266219.9373071694,1487643.250467153],[266178.4683658488,1487543.3745973848],[266151.7501700311,1487471.624965662],[266136.28161612037,1487412.8750535822],[266134.15576548513,1487315.0001191942],[266209.4689189263,1487297.2500643935],[266274.3433919903,1487293.250326911],[266341.46863094467,1487307.1245323503],[266397.0626353486,1487325.8750153359],[266458.74943860364,1487358.7504823944],[266539.40582035494,1487398.3751657233],[266639.06251560204,1487440.7503549731],[266688.50019688846,1487374.2497713047],[266709.5311536303,1487335.2496642515],[266765.781496443,1487243.3754027265],[266792.3440420061,1487177.7503319876],[266817.7812441291,1487104.3745896602],[266834.62505100045,1487011.8745667054],[266857.65583697846,1486931.000116577],[266871.2186628983,1486882.8751911183],[266875.43757490197,1486858.7497176896],[266887.06204158464,1486776.3750993456],[266862.3436750031,1486662.7500184034],[266849.5621027472,1486593.8747017127],[266872.4690006037,1486520.4999865189],[266989.2808032314,1486452.6251770235],[267183.1250230268,1486415.3751477066],[267287.96826919564,1486451.4998335836],[267383.75014221517,1486497.7497660508],[267714.2502289307,1486422.126339234],[267837.5941275748,1486345.5004299649],[267928.7495535585,1486219.8751094409],[267983.000067135,1486096.2496181533],[268000.18788477214,1485986.0006465416],[268025.812499283,1485827.499779949],[268204.56291093305,1485562.374933462],[268303.00008248445,1485529.7503240472],[268375.4060526162,1485530.9995556087],[268465.34400917153,1485547.8751246133],[268548.2183675464,1485533.9998920402],[268673.09411752917,1485514.624832779],[268795.00034509035,1485448.1251972339],[268887.18898852577,1485335.2496868328],[268975.78139998636,1485212.2498779648],[269016.4372464996,1485211.625222679],[269150.68772440834,1485238.1253501195],[269305.7489574042,1485237.0000066794],[269436.1871102181,1485190.9998257123],[269492.62486541865,1485089.0002385864],[269568.2810815023,1484906.0001799334],[269605.8434384622,1484792.250183736],[269685.46865702904,1484671.6250288798],[269902.96831808833,1484588.8745586264],[270058.4995832491,1484488.6248912164],[270045.3125302283,1484370.2494751168],[269905.8754223875,1484205.000498398],[269875.56296985195,1484121.875203369],[269912.65640079085,1484034.751277001],[269988.4999502521,1483985.2500714483],[270150.71896168403,1484010.9996012142],[270294.46908277384,1484077.000444852],[270487.3436093838,1484093.1254161817],[270650.2190382348,1484009.5004601323],[270736.8432245718,1483924.6251663773],[270783.0318450605,1483827.4998025303],[270788.59416888136,1483727.1252988754],[270783.843833724,1483635.4998407268],[270779.25017595495,1483535.0003428063],[270805.37547861994,1483421.000516099],[270875.1252811067,1483357.3752745965],[270967.4060505304,1483313.2500866207],[271080.0942275539,1483264.3745634872],[271222.90633858123,1483163.875065567],[271382.00009832665,1483151.3761920985],[271447.687666198,1483172.8750477275],[271478.78145140776,1483211.6252452603],[271488.4060098439,1483243.500284134],[271509.53114684136,1483343.1252962581],[271520.4377261059,1483373.7500764364],[271533.6565412599,1483418.499840688],[271541.9684228785,1483451.7502115325],[271546.3746682597,1483489.9996419006],[271560.7823511201,1483538.5004192686],[271569.28156611626,1483561.5004702471],[271577.84422636847,1483580.7495871196],[271601.3440173777,1483616.7503848749],[271660.031511335,1483676.2498674956],[271668.7190868423,1483689.1246718836],[271737.99988429784,1483724.6247024748],[271796.34328847897,1483730.7502115823],[272062.3129919066,1483637.499669963],[272200.0624401336,1483536.9992239194],[272287.84381105413,1483458.375460671],[272373.46867535013,1483359.500098098],[272519.4388273308,1483224.7498801586],[272660.8440022746,1483059.3748820405],[272728.6563936476,1482961.3750323975],[272792.81203117006,1482851.8746041933],[272846.75021710363,1482674.8751393924],[272859.99976725713,1482570.8746168865],[272868.3433319986,1482385.3739618328],[272879.96977393836,1482229.124888264],[272949.6253171592,1482096.876293859],[273049.5626569264,1482050.3754247376],[273204.4057425349,1482063.2502291256],[273326.5003306073,1481911.4995269265],[273375.9687468933,1481698.7502010246],[273372.7503420848,1481519.5000493438],[273365.5935907824,1481420.1249467402],[273379.78115099843,1481262.7505297314],[273416.18845665234,1481143.8753736012],[273451.0935398233,1481036.3747746332],[273526.87459215184,1480918.2502951878],[273606.9063976275,1480848.500492701],[273751.1562587481,1480739.1250587623],[273825.3122276058,1480712.3751008112],[274007.81365237216,1480668.5007704792],[274141.84400763654,1480707.749680909],[274252.7185826575,1480763.1245107919],[274463.6246777012,1480839.249731907],[274714.3746305947,1480744.4999701951],[274726.09327753296,1480655.749933223],[274724.84404597146,1480509.5001638557],[274689.3440153805,1480358.8748841072],[274622.46860693634,1480186.0001510545],[274619.970064803,1480111.0003523899],[274643.4063315459,1480005.8755135776],[274697.84425751027,1479945.750269527],[274874.24869588064,1479958.9998196806],[274989.030882396,1480009.3744838957],[275080.3748269114,1480018.6253237003],[275215.46905561676,1480070.5001561313],[275337.8442091989,1480120.9997356017],[275516.31208008213,1480163.4998401068],[275629.46918312664,1480160.3745884201],[275782.81217952975,1480112.2496629616],[275836.9684338404,1479994.8746750471],[275845.50043810334,1479870.4996132185],[275868.96846697945,1479691.6252344367],[275893.9376912049,1479498.8746749586],[275939.40637000813,1479368.624961666],[276015.56224711234,1479302.6250661518],[276075.96900479606,1479336.7498437823],[276186.8754209605,1479463.2497291125],[276276.4375256065,1479572.875072572],[276396.9060030744,1479661.500194289],[276455.7184122868,1479713.37502672],[276532.84406158666,1479809.9996234025],[276621.06267540524,1479852.2498973974],[276721.2815288055,1479862.8748840184],[276820.6873664087,1479919.2502210967],[276840.1874199353,1480040.3750369733],[276869.5311274088,1480250.7497088632],[276890.7187615389,1480347.7491303214],[276953.78073874424,1480449.2500835604],[277014.624739326,1480458.0001562005],[277157.37545936456,1480433.7497675165],[277233.2190878361,1480385.499926803],[277361.5621250142,1480167.7504352333],[277385.5626041776,1480030.8753937923],[277431.34361062385,1479884.2498515262],[277470.90484869655,1479800.9997202521],[277527.905789184,1479667.2499304977],[277623.8125774586,1479488.3745245822],[277683.2814040901,1479357.124383105],[277740.1564021887,1479229.7500119784],[277765.4379540571,1479165.3752789453],[277888.31284767005,1479041.6248724025],[277958.1558032787,1479045.374779375],[278049.469960918,1479129.6253388338],[278095.15670809837,1479205.4997023048],[278147.4371003045,1479267.3748660712],[278238.3129879121,1479304.624895388],[278310.4066304009,1479323.6252088838],[278450.5933087827,1479302.000410866],[278478.31295991904,1479242.6248163667],[278467.0622908784,1479087.3751438493],[278418.3127101339,1478966.9998195034],[278361.5933622899,1478868.125484064],[278306.62504030555,1478741.2498258348],[278287.53149467753,1478596.000563663],[278294.93815550045,1478463.8748302455],[278304.2811212932,1478364.8745524175],[278381.4374265823,1478241.624834029],[278441.5626706329,1478218.6247830505],[278520.468974648,1478212.375306811],[278608.3753398339,1478272.3745294625],[278677.50040802447,1478316.749626959],[278784.75007033837,1478361.8752431197],[278907.84413847234,1478371.624716811],[279009.6870482098,1478362.000158375],[279070.5935459243,1478368.1247193592],[279128.0624643093,1478425.124632713],[279192.40654135327,1478524.1249895513],[279243.34336372174,1478663.6254636378],[279285.2813100736,1478809.2495505854],[279317.1870839468,1479019.6252496091],[279358.5935281347,1479123.2499202057],[279488.09367088607,1479347.9994856892],[279573.0610906293,1479359.748867627],[279653.3755158821,1479344.625430626],[279726.71846894274,1479293.7500782567],[279841.3747130693,1479204.2493645994],[279877.4062458242,1479105.6248596704],[279924.12518332264,1479050.4998602977],[280030.2811853194,1478940.499771073],[280049.5938264582,1478925.6251374485],[280097.03167850844,1478901.0000029993],[280241.2805124954,1478792.8747487452],[280318.43792392843,1478740.8750010591],[280383.9063172788,1478703.8748812627],[280491.40581010294,1478661.2497824924],[280571.8748584767,1478638.4996410343],[280692.6566117109,1478635.5003317366],[280868.03099304077,1478635.999992757],[281021.874677598,1478632.37508005],[281141.5629285357,1478619.2504451517],[281260.18714801176,1478594.6253107022],[281416.43724871404,1478526.1248187874],[281461.8127743954,1478474.7486992534],[281518.31294771837,1478367.7498945836],[281620.9689522632,1478239.874835303],[281789.53162019013,1478120.7488215289],[281860.7498287594,1478118.1243370068],[281987.9378146317,1478111.5000359917],[282110.0938727031,1478103.4995338926],[282272.5934496448,1478112.625458442],[282398.4378656793,1478112.2496065327],[282515.4063456953,1478109.2502972349],[282735.0625133791,1478120.7488215289],[282831.56227381673,1478126.2497543609],[282923.12523483264,1478122.749756909],[283062.21825289726,1478089.6254074634],[283197.8439837666,1478038.5001455734],[283291.5625032836,1477984.249631997],[283403.8748283978,1477884.4997046178],[283845.7809922982,1477708.000058858],[284824.187431556,1478024.9997377761],[285020.87531039445,1478434.0006477418],[285156.4692791306,1478385.0002093534],[285294.43790187855,1478219.1245230811],[285469.56237368786,1477892.9999467474],[285753.3742579044,1477720.0002984398],[286188.9684484326,1477507.000114894],[286581.3120157914,1477415.1247472249],[286854.59404176584,1477528.000257626],[287100.4687442468,1477316.1254965304],[287429.7809903895,1477300.999926252],[287941.15639126685,1477050.1250581034],[288204.2496463845,1476609.1251421324],[288384.4378081278,1476131.2499426098],[288824.53147616953,1475696.1246781026],[289074.0628534907,1475154.249491312],[289414.71900080633,1474948.250408814],[289699.84364085074,1474897.3749774343],[290155.2502125485,1474816.2495906518],[290574.2812407255,1474908.249873576],[290654.18702480214,1474925.2503578356],[290724.65668996406,1474685.3741949399],[290936.3747736712,1474162.3754335237],[291003.59427189146,1473824.37458474],[291147.84413301205,1473607.3745847011],[291361.9062147418,1473441.3750103076],[291704.65637154924,1473502.374661144],[291994.4995846178,1473296.500493901],[292145.5314512754,1473155.3748573335],[292315.43761002977,1472995.499764914],[292695.7184406741,1472993.3750204225],[292950.6248084386,1473188.3753186574],[293102.18699210597,1473108.5002695804],[293256.9062686033,1473209.500455655],[293347.40638331184,1473232.5005066332],[293686.6872776668,1473002.8746636035],[293754.5313521627,1472888.1251873448],[293935.49981944653,1473002.8746636035],[294048.592371091,1473071.749901284],[294139.06277793366,1473163.625268953],[294478.3436722887,1473163.625268953],[294953.3435296453,1473048.8747655605],[295134.2812619296,1472934.125368312],[295496.18738248746,1472865.2500516213],[295948.5629617646,1472727.4995762608],[296333.0933604019,1472520.8748113432],[296898.56259746745,1472268.3747807136],[297328.31287153147,1472038.8748800724],[297622.37491759344,1472038.8748800724],[298165.21782231226,1471923.9995404352],[298368.8125429326,1471740.374826496],[298662.8439330053,1471671.4984826718],[298979.49849501357,1471625.6253502374],[299228.31206392695,1471510.874925855],[299771.1559957794,1471464.874744888],[299997.3749944792,1471327.250211916],[300540.21789919795,1471212.3747932685],[300834.25023739407,1470913.999654947],[301037.84400989104,1470776.25012771],[301218.78174217534,1470569.6253627923],[301399.75020945916,1470385.9996217196],[301761.62361976044,1470225.374958759],[302010.43710966356,1470202.3749077804],[302462.81268894067,1470087.625510532],[302734.2495087998,1469949.874956161],[303050.9061250754,1469835.1245317787],[303254.4998975723,1469651.4998178398],[303706.8753978392,1469352.999685253],[304068.7815974073,1469008.7503873636],[304294.9688339739,1468618.4998813733],[304634.24972832896,1468136.376061981],[304792.56223441043,1467837.999896526],[304905.6558131886,1467631.3751316085],[304973.5316498176,1467378.875179989],[305064.000002393,1467195.25046605],[305244.9684696768,1466828.000011038],[305425.9062019611,1466552.501035574],[305606.8439342454,1466391.8753454797],[305878.2817812382,1466345.8752435227],[306081.8437125917,1466483.6246917497],[306308.03102816857,1466644.3752970991],[306556.8435699483,1466896.8752487185],[306669.9371487264,1467332.9999142769],[306873.53092122334,1467631.3751316085],[307258.03161199484,1467883.875083228],[307506.8442327848,1468159.3750858258],[307687.8126210584,1468274.1245620847],[307891.3746314221,1468457.7503031574],[308343.7502106992,1468549.6245646826],[308590.8751718754,1468622.3747036008],[308912.0937627971,1468716.8744767816],[309272.781386793,1468857.7502828392],[309544.8120479283,1468978.750262471],[309677.15584972274,1469220.750063714],[309752.40658504155,1469456.7503772487],[309790.5935972873,1469538.6253345723],[309872.3118772226,1469755.7501708558],[309865.18791518704,1470034.750249916],[310061.31252972834,1470117.749523546],[310269.78155263775,1470372.6251563109],[310516.7508635593,1470398.6245165872],[310737.4065113046,1470679.6255310273],[311216.34360901115,1470730.3749410082],[311419.9373024978,1470615.6254647493],[312053.2495869256,1470179.4997720572],[312302.0621287053,1470064.6254595534],[312618.71874498087,1469972.8739800057],[312912.78087005316,1469972.8739800057],[313478.2500281084,1469926.8749051825],[313998.50041688094,1469835.1245317787],[314925.8747473707,1469880.9997184807],[315536.56275371904,1470156.4997210787],[316350.84342642035,1470408.999672698],[316758.00015740446,1470661.4997033277],[317233.000014761,1470913.999654947],[317481.8125565407,1470913.999654947],[318296.0942563757,1470936.9997059256],[318635.3751507307,1470799.2501786884],[319765.3120115227,1472124.7495748787],[319901.0309745242,1472216.500975416],[319940.09349969984,1472269.874948929],[319984.43778318644,1472345.875254789],[320038.84394701757,1472440.37502797],[320085.1881387507,1472548.1254574482],[320130.4059599101,1472697.8752242671],[320167.6252542275,1472802.2494654048],[320211.9685895907,1472938.1251057948],[320250.4688776028,1473042.4993469324],[320273.8119912238,1473149.125381094],[320304.4377985359,1473229.8749949776],[320302.3129750343,1473296.2496362573],[320306.2185322614,1473317.6256308986],[320325.5311734001,1473360.8753059446],[320381.47021570354,1473399.249651568],[320456.9063091428,1473464.250146031],[320527.9063703248,1473519.5000606587],[320583.9376176268,1473579.500310444],[320642.34343993035,1473636.7501333181],[320671.12506826094,1473648.875288155],[320804.62494849495,1473785.2495624318],[320895.5940682347,1473854.498597754],[321070.4062124011,1473960.1252308644],[321230.5935534534,1474036.250372969],[321346.5932884073,1474158.4995841624],[321416.2192027726,1474291.4998033762],[321473.56217876886,1474451.8745568162],[321602.4376662343,1474755.2499398154],[321694.18709151464,1474975.8748525612],[321722.1565731612,1475194.1251112951],[321730.6875502905,1475347.6247060762],[321726.12462752097,1475555.249978189],[321736.0307786006,1475730.2495347431],[321750.0001914293,1475908.7501158828],[321781.1881568946,1476058.1250579262],[321796.46827128384,1476118.2503019767],[321860.531782818,1476303.749929897],[322024.7495963525,1476602.2499834734],[322129.9697215644,1476774.8748860157],[322183.0948126905,1476908.8745062805],[322227.0622961445,1477058.6253002333],[322407.21877476486,1477427.4998115823],[322507.4683631647,1477502.3746949916],[322661.24955058924,1477597.999890623],[322763.5000743692,1477663.8748708821],[322985.9374829736,1477777.9996128448],[323348.99976098136,1477801.5004309877],[323540.09347485553,1477724.1249511775],[323681.4372588106,1477645.0004997752],[323904.4685086911,1477608.8747867646],[324121.21859920933,1477613.8749524322],[324282.96860561,1477614.875380617],[324349.9689293093,1477527.7504271157],[324514.9374195287,1477459.7496752315],[324729.9999294434,1477458.5003646598],[324824.0625387365,1477516.0000180444],[324925.21837506565,1477545.124630007],[325073.3123234143,1477531.6252493432],[325204.8134015458,1477497.625386968],[325314.3752207389,1477419.2493999626],[325422.12462308357,1477332.125473595],[325548.3745988933,1477295.8748453292],[325667.4063534016,1477285.6235773398],[325952.1562476806,1477418.6248236871],[326338.3127569224,1477425.2500728255],[326466.65579410054,1477441.1251346348],[326497.0941890249,1477459.499765711],[326554.40643002157,1477579.2504347712],[326591.15679831797,1477636.6251729005],[326674.46839959087,1477704.9997224268],[326725.40624909307,1477745.0002576648],[326989.40575214004,1477832.251153555],[327129.71829390037,1477936.3745370486],[327225.12542115455,1477974.6250735607],[327313.3440349731,1478000.750376226],[327437.46926629153,1478010.4998499171],[327547.2195250061,1478233.7502743187],[327518.9058745731,1478388.250376295],[327547.0310854846,1478629.4996588738],[327604.96900890087,1478739.0000870782],[327739.43763419695,1478851.1249998044],[327841.71881396614,1478897.8747513127],[327935.4690956163,1478950.375187153],[328077.7191275007,1479004.7495888511],[328163.40640991915,1479030.999806771],[328314.4996675655,1479124.250427401],[328382.3755041946,1479270.0003777267],[328357.8127878677,1479323.7502031492],[328331.6874852027,1479353.5004185212],[328298.8764905338,1479397.6245793635],[328282.9686394577,1479427.8756409104],[328457.4684559811,1479405.6250814626],[328481.68708253186,1479406.624561524],[328527.7179194884,1479409.999643721],[328579.3121864096,1479420.7496246074],[328606.90589515714,1479434.250032405],[328628.312624798,1479450.6248342448],[328691.0305912375,1479416.0003165836],[328801.2816171165,1479408.8753274144],[328847.4691314612,1479373.9998730992],[328889.7500614453,1479338.1250967428],[328934.9371476052,1479267.6246965814],[328960.5627102394,1479230.2497520093],[328971.6250187689,1479203.9995340891],[328993.09416653216,1479160.500028533],[329016.7813699292,1479092.6252190375],[329130.65628138155,1478799.7499074042],[329167.90638970875,1478683.7501724502],[329180.78111508663,1478545.2500475384],[329199.09332804044,1478431.8748761169],[329235.06236366264,1478316.1249716731],[329309.3432477755,1478182.5000971735],[329365.12466456724,1478078.1248289023],[329594.2498194428,1477776.3745293738],[329704.1567555457,1477702.9998141802],[329830.9063923759,1477674.3749422482],[329935.00014701404,1477670.1253742552],[330179.3121841466,1477729.4999416207],[330303.4066804655,1477658.9995414594],[330383.6247921851,1477518.6245025664],[330456.6564447364,1477485.751089775],[330620.7811051489,1477444.5002168315],[330665.0629705131,1477419.9999976375],[330711.2187227247,1477385.1246223324],[330839.1870141375,1477295.2501900434],[331036.8753211609,1477100.0000612983],[331113.9692083276,1477010.8751995503],[331311.6564882173,1476936.874801937],[331508.4058370548,1476867.9994852464],[331655.3437069638,1476836.751155926],[331741.56241253595,1476851.4997681512],[331862.4691600356,1476871.7504193524],[332017.90624494076,1476874.3749038745],[332186.2815004799,1476900.5002855498],[332298.06240244047,1476897.0002090877],[332532.00031059585,1476852.5002753465],[332570.3122380967,1476834.7502205458],[332602.24977410305,1476836.5002192718],[332623.81215399853,1476835.000051056],[332773.2813553077,1476924.7495680898],[332841.21858292556,1476972.6246630382],[332899.6562463726,1477031.3736269944],[332921.6251341666,1477056.625470997],[332935.09377983084,1477088.875255636],[333100.4995129484,1477269.3747178887],[333151.62477483833,1477313.2500753542],[333196.1872057123,1477333.3747841667],[333249.34508610534,1477348.9999364554],[333442.7500087353,1477388.7496140497],[333526.2807845292,1477421.5001658532],[333693.93720452685,1477415.7504296445],[333725.37500050245,1477389.5002117243],[333818.49865160964,1477352.874758683],[333876.1866655054,1477379.624716634],[333974.12512415973,1477479.1247344927],[333990.1558362236,1477511.249682887],[334035.8753726708,1477550.3747051952],[334129.1566492897,1477555.7496956384],[334227.4371434529,1477641.1246504139],[334278.4999082101,1477704.1252366304],[334314.187351189,1477745.250088175],[334377.65583629283,1477863.4995618856],[334456.6871345733,1478026.6248212468],[334482.0629457076,1478065.749764545],[334522.0316398022,1478093.7500602014],[334646.9995947835,1478158.3747027551],[334696.84386297886,1478161.4999544416],[334761.0312626345,1478190.5005992725],[334787.2189834219,1478221.8749499922],[334844.49954129575,1478262.7499710263],[334909.9689617797,1478291.749667734],[334971.3127023923,1478295.374580441],[335025.9686967337,1478294.3751793897],[335089.3440287156,1478310.6250659747],[335250.0628719319,1478255.6249818571],[335429.5629331332,1478215.8753832732],[335536.687680192,1478118.3751946506],[335656.968745272,1478027.750164687],[335722.06239285704,1477990.3752201148],[335860.3443703817,1477922.75024113],[336021.8435191384,1477859.8745701683],[336146.7182419876,1477802.1250862735],[336198.8122489396,1477740.124928242],[336230.5623725581,1477698.500415677],[336368.5002603066,1477605.3747103023],[336501.28130499914,1477612.000038451],[336772.5942367368,1477776.7503812832],[336842.9378804997,1477862.7499913448],[336869.812832716,1477905.624841615],[336942.5003954912,1477968.3745701876],[337041.03174729826,1478037.2498078682],[337119.3749450367,1478108.6246938256],[337212.7504019112,1478176.5005304548],[337255.7809024363,1478213.2497926073],[337324.6879022498,1478255.9998066328],[337339.969122783,1478276.6252035995],[337366.9678841105,1478341.1248518878],[337382.37496802217,1478403.8745804604],[337407.2182498588,1478454.6250175748],[337455.03084767447,1478506.2500194954],[337504.1869363175,1478579.6247346892],[337535.40666391596,1478590.3747155757],[337607.93762831314,1478630.2502565484],[337695.9063326112,1478673.0001915637],[337755.03106946655,1478681.8752584693],[337914.7187494983,1478651.124535902],[338034.65580381255,1478656.1247015696],[338049.1566397949,1478643.6247219571],[338104.937029453,1478640.0007573734],[338184.43733276473,1478589.0004897488],[338249.03021318524,1478523.6262766542],[338319.3442280925,1478447.625022671],[338392.09326086676,1478390.6250303069],[338532.7191574037,1478380.249874196],[338739.7811652194,1478434.3754725175],[338806.4364510191,1478381.501239035],[338929.0624622452,1478368.5004922582],[339002.1566119292,1478396.8745065462],[339046.18761964946,1478489.6253871452],[339118.6560869139,1478569.1246633232],[339195.7816572035,1478621.5001839085],[339252.90656482265,1478618.9995875077],[339335.6877700756,1478599.62547637],[339411.3122240261,1478567.8753527515],[339500.71867841744,1478512.3745804797],[339655.3436956489,1478461.5001762337],[339712.7501169012,1478443.7502004434],[340034.8442207527,1478505.7502794648],[340127.43739682966,1478581.3747334152],[340232.781410163,1478737.6248341175],[340329.31285372353,1478673.9996716252],[340426.46895257005,1478741.6245716002],[340513.74955632613,1478793.374488776],[340525.28086988686,1478875.5003037436],[340522.8754808755,1478917.748523471],[340573.96898063226,1479021.50016359],[340581.2813821893,1479056.7503636708],[340623.8439048168,1479206.9998705206],[340722.8442616551,1479242.6248163667],[340880.40609105164,1479339.5003497032],[340975.31245114136,1479552.6254485042],[341067.6250617085,1479583.500059193],[341124.34338241885,1479675.5003421172],[341236.43756014574,1479757.500214696],[341280.65590124356,1479792.8753300318],[341452.59373037756,1479814.7499585599],[341500.4688253259,1479847.374646985],[341544.624669291,1479861.1248852925],[341710.34375718515,1479925.499697336],[341775.93706579064,1479936.6254511215],[341858.75003317674,1479958.0004186293],[341931.6250083397,1480043.7501981803],[341985.93801904895,1480097.6248598476],[342062.6560543063,1480143.6249618046],[342176.2504002489,1480249.7503078121],[342312.2816908934,1480368.3745272881],[342410.0941281487,1480405.3747260948],[342600.7496510014,1480461.874978428],[342679.1870289955,1480474.6247885507],[342863.81217111956,1480516.1254920044],[342941.31359331845,1480554.4998376279],[342999.0313940903,1480581.249795579],[343089.43724953296,1480622.624556644],[343141.06217244343,1480653.6251097212],[343263.7497326788,1480722.2494897577],[343321.7500742175,1480754.1246076417],[343394.5308691249,1480797.874970842],[343476.3126733265,1480843.5003270335],[343525.84350773494,1480761.249596811],[343545.03123361856,1480762.6247707612],[343612.53129734856,1480783.7499077586],[343647.90633367415,1480819.624763125],[343672.1874573576,1480861.375297089],[343709.4374866745,1480907.5003143013],[343765.28132158867,1480985.3745070086],[343895.59353201377,1481073.8747134705],[343960.59402647684,1481035.2504583267],[343975.9386132558,1480895.2502442093],[343946.53138151596,1480772.2504353414],[343946.09413861786,1480684.2498898997],[344065.1249450028,1480654.8754474267],[344243.87638378644,1480562.876191636],[344337.00003489363,1480485.4996846924],[344513.71885517426,1480442.1250943912],[344605.37607545604,1480442.4998401566],[344725.4370178917,1480489.5004493087],[344801.56215999636,1480566.2502466994],[344912.7501688042,1480613.8755111373],[345028.8748190133,1480578.2495381576],[345115.0628685962,1480572.6246381938],[345184.06199439795,1480577.125142841],[345263.7814722307,1480690.5003932728],[345298.15608037135,1480791.4995522136],[345338.62459350703,1480888.2501702954],[345509.6254397122,1480915.4997892666],[345571.56104634376,1480908.8745401283],[345698.68756221695,1480966.8748816669],[345802.593825457,1481040.500533515],[345887.2817068242,1481111.4985404294],[346043.99978542404,1481235.1250588507],[346118.34324567986,1481283.874560585],[346243.78115381586,1481335.6255048944],[346353.65640679584,1481402.499886205],[346447.34419131326,1481455.0003220453],[346594.8442193755,1481553.8747364949],[346672.40608443983,1481451.8750703586],[346759.62529720715,1481442.3754271776],[346911.00014749693,1481622.500143665],[346980.4375433305,1481653.749500119],[347080.65647574107,1481648.5005310748],[347253.03146876284,1481616.8753227114],[347400.6247289573,1481616.2496402918],[347529.59344855504,1481623.1247989507],[347657.6251852239,1481635.2499537875],[347763.84368435334,1481704.874762009],[347938.4049708758,1481828.6251685517],[347971.40638032317,1481908.1254718634],[347978.9379564012,1482128.1247021896],[348081.40654855827,1482259.2499284118],[348177.31230969925,1482306.5003680743],[348305.968701654,1482328.7498213782],[348451.781228123,1482380.499738554],[348559.0933085594,1482426.9995805416],[348681.5627214074,1482512.1247048068],[348770.5001707675,1482570.1251253558],[348849.1249611494,1482626.2495257799],[349158.09340296895,1482802.5003681628],[349233.281641155,1482844.749615024],[349341.0319916231,1482918.1253573515],[349454.53113017645,1482982.1253446192],[349581.62493579305,1483040.1247380346],[349629.062708833,1483085.5001847057],[349676.40638062765,1483170.5003937157],[349719.2504958986,1483244.1249394198],[349765.0939994775,1483304.874759746],[349799.9058505162,1483352.375108929],[349840.87505180604,1483396.8750426702],[349872.9375820778,1483440.7504001358],[350010.9062048258,1483308.1249266877],[350052.9690664328,1483268.3753281038],[350103.4696730369,1483201.3750044045],[350229.34379693726,1483078.3741684027],[350349.6249410276,1482987.749138439],[350472.5940148962,1482919.8753560774],[350551.65604817617,1482881.49990431],[350641.6870788431,1482856.6249393506],[350760.37482258555,1482861.6251050183],[350798.5935969645,1482882.124559596],[350824.74963462906,1482893.1253981264],[351080.0932452916,1482805.1249316952],[351284.4385635866,1482816.1246640817],[351374.93765116145,1482858.6247685868],[351458.8441998544,1482877.5001668273],[351627.1253541482,1482982.5000903846],[351717.06220455957,1483016.2501222496],[351817.0640167165,1483027.6247584221],[352028.4688246573,1483069.8749534066],[352105.5002146913,1483100.6246488402],[352275.31219319004,1483270.6250668603],[352425.68764242856,1483454.624526565],[352611.5937782473,1483415.750440911],[352677.09393373085,1483606.6250592743],[352705.9687151834,1483681.2501121736],[352770.5933577371,1483757.375254278],[352850.6558192021,1483815.8753358477],[352949.7810912955,1483833.7503059034],[353160.74968347186,1483929.625411055],[353345.5621589735,1483994.1250593434],[353437.031018744,1484173.000465259],[353344.4685776666,1484218.6247943167],[353262.7810327308,1484315.7501581637],[353222.90643988154,1484389.6246133884],[353208.93702705286,1484491.2504818824],[353248.12446748355,1484547.3748823064],[353526.31255788024,1484478.3746503606],[353693.00125994947,1484477.7490469513],[353768.12502574583,1484498.3754710515],[353819.4683560129,1484605.8749638759],[353765.09395431494,1484772.6252149544],[353857.2498874938,1484922.249987508],[353973.0314750604,1484961.874749847],[354113.6246613408,1485011.374849256],[354170.6870718272,1485068.8745026405],[354279.4061673573,1485198.2497301367],[354364.53129162255,1485336.7498550485],[354422.78154268174,1485473.2490445804],[354482.2810253025,1485609.6253731244],[354549.2189308793,1485702.125317069],[354815.18752816296,1485822.4996142813],[354868.87485645263,1485886.6245168042],[354839.5003349693,1486005.8744977103],[354799.469143742,1486077.251358925],[354706.34351737774,1486255.500055287],[354682.3123032148,1486338.625350316],[354603.7816930885,1486525.9998922173],[354678.8747238853,1486627.0000782919],[354891.0311566345,1486620.8745691841],[354991.71901506605,1486602.8746838733],[355105.43622199644,1486629.875499468],[355223.0948568217,1486638.7504873634],[355364.71920628654,1486604.1249425686],[355458.031217905,1486590.3747042608],[355600.5310012893,1486650.0001292704],[355606.34323463065,1486701.8749617015],[355595.9373435203,1486859.3754001092],[355598.93665281805,1486947.1250088965],[355659.3434105017,1487097.500458135],[355779.1565766945,1487140.750133181],[355907.5937941283,1487058.3754358268],[356165.2496406802,1486986.8746864907],[356227.8129049884,1487030.0003944049],[356220.96856033924,1487103.1252790885],[356196.7499337885,1487163.2504441289],[356182.9064633486,1487266.124596061],[356351.18753863213,1487290.9995610206],[356459.93736916175,1487239.249722855],[356600.00008041185,1487240.375066295],[356715.37413294625,1487273.6253581292],[356815.5623303573,1487328.374584603],[356903.6560289208,1487433.500450549],[357021.9065297651,1487492.1254473734],[357109.2813927871,1487565.5001625672],[357217.03071612155,1487679.62498354],[357227.03112646705,1487737.625404089],[357150.56292171986,1487796.1254856584],[357080.49976445653,1487896.3750740583],[357060.530784909,1488003.4998211171],[357088.28219817847,1488120.2501537458],[357292.8753717267,1488256.1246879916],[357400.5315419392,1488247.8743553823],[357525.8435076864,1488237.1254016296],[357591.780906068,1488273.6258604054],[357698.5309073614,1488391.6244764721],[357777.0000474887,1488545.9996631935],[357796.9690270362,1488660.6251723205],[357780.99978497135,1488710.1253507396],[357695.25000542024,1488803.749690001],[357666.156128457,1488967.4995256378],[357858.7807455464,1489014.875907689],[357980.46882572025,1489027.374860168],[358080.5627638654,1489080.8747760698],[358165.9684536404,1489183.6249608702],[358202.0316695182,1489391.6249787484],[358342.1251157678,1489554.6253228546],[358461.21841928543,1489586.5003617282],[358722.53086166736,1489612.87454678],[358774.5009804979,1489689.7502865593],[358806.00024647254,1489886.624550652],[358826.40646891814,1490068.8750387642],[358804.81240589975,1490210.5004153627],[358777.3128774078,1490319.3751611474],[358724.12528914894,1490464.374592809],[358657.1249654497,1490633.249588379],[358607.9371146735,1490761.3744781697],[358553.87504061847,1490912.7503555932],[358517.6878576089,1491045.1248923873],[358509.2183504786,1491072.499505624],[358498.90671863407,1491150.875413619],[358493.74987557816,1491250.7502562536],[358491.40587755555,1491294.2497618098],[358503.68778879096,1491428.5002397187],[358538.93790986144,1491523.125007165],[358559.2500310617,1491562.6247752386],[358654.3754866622,1491638.0004258126],[358737.1249297819,1491678.624589203],[358893.40576548374,1491755.1245560832],[359097.9057068997,1491789.0004513266],[359193.6251617968,1491813.374728132],[359229.4682550303,1491836.499773376],[359249.3748164554,1491849.2495834986],[359266.3128035823,1491855.8748326371],[359304.31240344024,1491892.8750314438],[359305.65589426766,1491914.499908472],[359303.4686526436,1491960.500010429],[359313.49971897836,1491998.1258916552],[359316.5307904093,1492026.0001659126],[359310.2813141699,1492048.0008158397],[359301.5629246527,1492071.6244949703],[359265.6563861632,1492127.5000920177],[359244.9060739415,1492161.9996944238],[359218.71827414376,1492190.3746568353],[359170.18786792026,1492227.9995109278],[359166.3120185591,1492247.3746491992],[359172.34334741114,1492282.6247702697],[359186.3434952393,1492322.6253055078],[359210.9379736994,1492369.374978006],[359230.2812708274,1492413.9999060126],[359234.25035232084,1492436.7501264806],[359223.71851882164,1492552.1252061487],[359225.3436022925,1492598.0003928505],[359227.43761178426,1492630.9998270408],[359222.4692082498,1492653.0004769682],[359227.8749336926,1492698.499890771],[359247.3749082089,1492725.2498487218],[359268.78163784975,1492741.749565817],[359281.4065327174,1492760.1252240269],[359301.46874439716,1492795.750169873],[359531.3751529367,1492639.3751539155],[359544.3123754472,1492671.1252775341],[359586.84424208547,1492743.374649288],[359603.56202755764,1492769.9996919837],[359616.4060969463,1492789.0000054794],[359626.74949092395,1492810.4998882422],[359647.6565595443,1493053.750027191],[359630.5311600296,1493142.9998832042],[359620.93733659294,1493219.4998500845],[359608.6554253575,1493277.0004515925],[359614.53015583154,1493377.6238376342],[359597.7191382271,1493508.8750852556],[359618.87493121374,1493783.8753478227],[359706.937973788,1494165.3747540393],[359740.6879266427,1494255.6250382375],[359813.93772658135,1494358.124365394],[359952.53100461524,1494358.375223038],[360061.81233730883,1494347.250496386],[360177.81104512914,1494383.2501879975],[360257.6553592067,1494516.3753224663],[360268.5937796147,1494616.8748203865],[360301.9986945699,1495168.249650358],[360366.4687140027,1495284.9999829868],[360453.40625511634,1495346.6253162427],[360513.87550993275,1495439.250254453],[360550.25010533014,1495542.1253545084],[360550.3432584521,1495722.9995625264],[360539.71921995434,1495832.6249059858],[360514.75007473916,1496227.7497142653],[360581.3120493964,1496454.000396088],[360671.0933285634,1496556.4997232445],[360745.15614429914,1496596.6251737378],[360856.0307983304,1496630.1253750925],[361121.93800462526,1496650.8746601806],[361218.5309181849,1496642.499333306],[361299.9061354777,1496641.749841775],[361426.2186084201,1496700.62466911],[361471.40664270334,1496789.4997003477],[361449.2186593986,1496882.625326712],[361365.18719545053,1497036.2499157584],[361302.43746687786,1497147.5003426888],[361111.87517615734,1497507.125041367],[361091.6245249561,1497686.8749330784],[361122.68757516635,1497759.2512743548],[361238.99963776325,1497838.4996138786],[361316.6249480836,1497843.0001185257],[361366.218358635,1497845.1249420273],[361396.81240381394,1497856.3745839342],[361453.0627466267,1497896.6249496825],[361491.56208651536,1497939.624715208],[361578.71880215,1498033.2500816032],[361716.59427177603,1498103.4985179768],[361797.406303782,1498199.6244807725],[361957.1871369357,1498307.8735441377],[362091.6557622318,1498395.874089579],[362126.53113753686,1498506.4998612236],[362104.65642999846,1498640.4994814885],[362088.0932676472,1498802.3755092882],[362102.9689284052,1498919.4995605485],[362142.8434422442,1498981.6246338352],[362231.03140007355,1499039.5000601187],[362299.2185372119,1499144.6239508078],[362344.46906862786,1499242.3749970743],[362373.9377703668,1499439.6240069321],[362377.0630220533,1499516.000085691],[362380.75043189304,1499670.1253628917],[362390.12618695264,1499733.7495772606],[362411.40594707103,1499855.8758484558],[362444.1564988745,1499981.7500513666],[362504.0000712713,1500160.8752877922],[362548.1252592472,1500277.7495875526],[362673.68713451497,1500404.125505751],[362786.75005730387,1500387.873564899],[362877.9690075539,1500346.3749947227],[363016.8438782312,1500215.3746047453],[363047.15633076674,1500185.7513588958],[363067.5308700894,1500191.9998080016],[363132.81287818565,1500246.250321578],[363172.9373015452,1500342.7500030054],[363182.81279663555,1500467.4998105993],[363173.59371896426,1500593.749786409],[363189.37452150765,1500666.2500158066],[363294.4379693312,1500769.7497711482],[363293.53172140184,1500819.4998590879],[363299.2190394881,1500898.3755071138],[363310.8127711712,1500917.499708731],[363368.4066048114,1500968.000315335],[363441.2191618519,1501176.2501637235],[363497.5002396642,1501221.6246622712],[363587.81294198486,1501224.7498349475],[363803.62502244057,1501178.374987225],[363878.5624029828,1501166.374668633],[363925.43801786954,1501146.8746941169],[364097.65641251334,1501048.6249349532],[364201.43776049826,1500984.1252076547],[364257.1249180241,1500951.7504287502],[364407.96834516025,1500888.125266258],[364478.96840634214,1500862.124878848],[364560.15621124714,1500837.2498348781],[364619.96912765474,1500840.6259442086],[364735.59403783304,1500828.1249374626],[364771.5313903324,1500873.7502936542],[364771.68696157675,1500895.3751706823],[364767.2182980731,1500978.2495290572],[364752.905822602,1501101.8750203447],[364733.15593856515,1501179.7501611754],[364720.87513347366,1501238.5001522654],[364694.8747460638,1501329.125182229],[364669.9372049612,1501394.3755072022],[364644.84306548064,1501441.6249197312],[364637.34333054605,1501458.2495520813],[364596.81239928794,1501477.7495265976],[364703.6248187038,1501648.8752880578],[364674.1878790981,1501790.5006646565],[364670.12461734907,1501926.8749389332],[364670.4062099925,1501961.2495470739],[364668.06229098013,1501987.9995050246],[364686.0939384242,1502019.7497076534],[364697.68767010735,1502040.0002798445],[364733.62494359637,1502083.0001243802],[364807.4686638214,1502093.875020522],[364845.37503154716,1502061.7500721277],[364903.62528260634,1502029.3752932234],[364979.8129218437,1502017.374026508],[365092.25016221305,1502087.7504595376],[365090.1878358442,1502152.7498478568],[365057.8745269388,1502252.374859981],[365003.4376281081,1502450.2495522585],[365003.00038521003,1502561.125154413],[365025.2191825246,1502638.624601355],[365100.68798622047,1502697.875280599],[365155.68696419406,1502742.1253838302],[365214.50040054007,1502783.62498114],[365253.2189149498,1502859.7502022549],[365295.21825229045,1503031.3746766124],[365314.3128250521,1503204.500267309],[365555.2814631108,1503119.7499678193],[365607.21879267454,1503095.1247543597],[365655.0938876229,1503036.1250117696],[365678.1573838574,1503057.6248945324],[365729.90627389966,1503007.5000608275],[365936.2187111743,1502881.0002545074],[365976.71890743286,1502855.1247823527],[365992.0307839553,1502862.6245962975],[366025.53098531003,1502920.999762612],[366031.28174865234,1503007.6249760825],[366055.71852259047,1503045.6246549508],[366160.6877111481,1503136.4995154247],[366193.9062408492,1503160.3750793329],[366232.5940202594,1503230.1248818196],[366249.59237124136,1503292.4997856168],[366206.7810452373,1503347.6247849893],[366142.0939055509,1503367.2497537711],[366054.21835437475,1503352.624950657],[365972.90658233804,1503359.625024571],[365964.906080239,1503480.7498404477],[365943.8434403743,1503552.2496416604],[365914.84374366666,1503586.8751864552],[365844.21842825005,1503662.6245556609],[365802.74956593977,1503729.2501335947],[365786.93794938654,1503823.6249915205],[365810.21856587485,1503875.6247392066],[365902.9684193401,1503866.0001807704],[366022.12516811374,1503815.3746589113],[366061.28084641125,1503779.3748882895],[366143.37489924557,1503706.1250883508],[366233.18794054573,1503645.5001832799],[366318.1871224222,1503617.9996276542],[366366.6254026574,1503635.4998519446],[366431.74970623164,1503671.8753954654],[366453.71859402565,1503715.0011033798],[366427.74996874895,1503813.374750665],[366395.1560943338,1503877.2498226776],[366422.7815652145,1503999.3751457494],[366504.15575537365,1503998.7494633298],[366639.03088856826,1504007.750472624],[366695.3754116366,1504060.8745366167],[366771.7187801389,1504233.5004662927],[366671.4374296059,1504426.6248234129],[366607.18753281754,1504507.500300675],[366555.9691178056,1504626.375456805],[366499.5620976046,1504732.499775679],[366478.31204535207,1504783.6250375689],[366442.220148742,1504887.1247929104],[366454.56242383254,1505005.5012361435],[366530.3128201718,1505101.750059927],[366567.71952687704,1505341.000461393],[366589.06273225154,1505471.9998242366],[366605.0002911935,1505560.9997707296],[366645.5004874521,1505702.125328287],[366684.4360431052,1505806.2498179246],[366737.71883875335,1505958.7500116543],[366787.96858771355,1506047.5000486267],[366811.5625589784,1506138.9996433968],[366841.78083125834,1506268.7496166583],[366857.0937349144,1506443.1245179267],[366849.12491593824,1506566.7500092143],[366837.68786164344,1506737.6249130308],[366922.84372090816,1506899.9995747174],[367001.15618364717,1506996.1254585027],[367073.03073062527,1507083.5003215247],[367117.0935004787,1507195.2504884857],[367144.2817284614,1507260.0000462944],[367220.0003626675,1507351.124816289],[367306.9686387806,1507419.1245410393],[367470.0938981419,1507463.7504171694],[367640.96880195825,1507528.5000539885],[367708.71869619854,1507575.1248112314],[367776.4685904388,1507621.7495684745],[367926.18762225827,1507749.1248877242],[367949.3750856246,1507789.750078248],[367977.84328016825,1507852.00006679],[367978.43720045465,1507930.8746876821],[367957.4370577226,1508012.6247297507],[367927.75020859635,1508123.7501624154],[367896.84383577446,1508238.6245539293],[367887.74975236855,1508382.6245845398],[367919.31246359926,1508520.000314135],[367960.96881730773,1508646.9998604858],[368088.3123744243,1508842.2500682413],[368156.2189460529,1508906.6248012744],[368216.40660822584,1508962.1246254228],[368267.59334011486,1509008.8753250544],[368394.1238814344,1509090.625367123],[368483.78119346965,1509179.1245464513],[368708.65772847563,1509488.124750404],[368747.3752157517,1509562.9996338133],[368773.3120788953,1509630.2497880228],[368816.09377604374,1509740.7496172783],[368775.4993205193,1509920.7513937675],[368661.12466903613,1510095.0003526472],[368531.0623681316,1510218.2500710357],[368401.96873327874,1510296.9996976624],[368267.68752037047,1510364.3748461374],[368174.43800588476,1510476.000018833],[367978.74952809757,1510663.6244702546],[367908.2502340801,1510754.6253521277],[367873.4997740301,1510869.4997436416],[367922.59336554044,1510970.9995907366],[367951.21823747247,1511057.4999679625],[367920.2504736618,1511165.9999679818],[367904.6877394955,1511290.999606086],[367873.84378479596,1511417.374497151],[367890.25034876924,1511570.1246004014],[367917.4375496182,1511634.875185344],[367988.56252605526,1511789.6251178305],[367970.0936357131,1511868.8745634982],[367865.530955054,1512000.8753026503],[367791.4691664519,1512125.0005339687],[367731.40641953406,1512255.5000777713],[367785.8750014877,1512396.4997719503],[367829.68786182057,1512471.2497401047],[367864.7189663906,1512565.249852265],[367894.9064246607,1512689.8747446039],[367847.4379166212,1512801.125171534],[367778.468419675,1512931.624794347],[367755.7817234731,1513124.125523315],[367837.7815960518,1513206.2503111488],[367893.93775860895,1513235.125013591],[367970.37522835657,1513251.1250696657],[368119.43792176724,1513291.8750964345],[368246.99962627114,1513344.3745841514],[368437.06225597113,1513591.2497148174],[368468.5000519467,1513710.7495262336],[368515.1248091896,1513826.2495211568],[368553.2504304466,1513991.6245192748],[368580.90655731654,1514117.4996703088],[368611.15659172967,1514247.2497225807],[368629.6561380611,1514342.6250877017],[368701.81227768253,1514466.8752342751],[368771.031605139,1514538.8746965085],[368854.03095777927,1514585.3745384961],[369055.4374096419,1514650.0002081837],[369071.9995448595,1514656.249684423],[369127.71846451855,1514792.1252458026],[369128.65647458105,1514916.8750533964],[369135.15578133066,1515104.1247590529],[369076.1559597305,1515205.2498603826],[369011.59381430945,1515242.7497202097],[368880.8433338526,1515270.5001853558],[368770.5001819853,1515308.3748699587],[368680.81213495054,1515389.3752624758],[368617.99998825544,1515490.5004428157],[368597.21894103417,1515600.2496743966],[368649.90576212865,1515839.3751606075],[368783.7189971393,1515881.6254346024],[368892.5313248016,1515808.1246980093],[369009.7495563176,1515839.0014419758],[369036.5620114012,1515855.2502224168],[369127.50039614143,1515941.2498324781],[369185.87453532213,1516090.9985721635],[369199.2510549981,1516180.1254881786],[369303.15629110445,1516298.9996171752],[369338.4689883179,1516431.250265848],[369343.87463475036,1516473.2496031884],[369345.8120458642,1516559.8748956693],[369346.9374683145,1516708.8750919474],[369333.8743034151,1516829.999907824],[369330.53090434126,1516892.4998058865],[369333.6254210283,1516967.6245198061],[369349.50048283755,1517046.500167832],[369363.6245187872,1517065.5004813278],[369495.1563319182,1517140.8751047682],[369506.7183014682,1517154.750258331],[369587.0941177097,1517190.999859463],[369615.2183014876,1517208.624919998],[369653.8435837651,1517270.749993285],[369665.7495640809,1517333.1248970819],[369672.56325274083,1517394.1246269285],[369666.8442515317,1517478.3752653976],[369623.0621261983,1517575.4996021108],[369575.3437086383,1517652.3753418904],[369550.62534205674,1517749.3747633484],[369533.1876939094,1517797.8745135826],[369519.74970423436,1517870.6245734906],[369637.78110956796,1518006.0004738497],[369720.9063255867,1518067.749695227],[369724.9060630694,1518093.125427351],[369815.5935901658,1518145.9996608333],[369833.592448343,1518172.499788274],[369827.78124213533,1518247.7504445824],[369786.3440629479,1518316.8745646498],[369765.3120790724,1518391.0009046518],[369762.93742506055,1518582.0004382704],[369767.4379297077,1518673.7498635508],[369780.56248559576,1518728.3761500262],[369826.68758181814,1518775.1247953905],[369886.71959373646,1518810.3749954712],[369948.03157221584,1518845.5002012867],[370082.0629546139,1518913.250095527],[370108.8436475643,1518922.0011953006],[370181.50047533994,1518946.875212137],[370267.3434870233,1519034.0001656383],[370331.21855903603,1519238.6251013195],[370298.8120179984,1519326.7495348826],[370285.250140202,1519382.9998776955],[370283.09458170086,1519432.6249713695],[370277.24963810295,1519502.7495196217],[370271.3124895065,1519556.3753779123],[370322.50016951887,1519601.7497974497],[370339.09414587996,1519608.0003008228],[370398.90595614363,1519616.499515819],[370415.49985349434,1519621.3747662315],[370571.00038365566,1519669.8745164657],[370610.53088672884,1519686.125351174],[370699.96910325333,1519745.2500880293],[370730.5938834318,1519757.7500676417],[370744.68718438194,1519772.8745317764],[370806.1251842604,1519825.8747866577],[370852.1560212169,1519856.1247420607],[370867.56105086126,1519876.375393262],[370880.46856550593,1519903.0003569473],[370915.5313531988,1520000.8752913354],[370915.87544297497,1520046.6246146585],[370920.1875081006,1520109.1254608445],[370923.18784453196,1520172.7486480796],[370929.9369817919,1520222.3746898773],[370927.62482491275,1520251.6242961055],[371017.0936974265,1520505.7503583294],[371030.18759732536,1520600.874786796],[371021.43752468535,1520682.3749983544],[370976.8433316782,1520819.1260726638],[370974.4697048,1520973.0004922205],[371061.81383282243,1521031.2497161462],[371142.344272185,1521062.8749245096],[371223.90587473195,1521081.8752380053],[371301.65617931774,1521099.625292806],[371393.8120334863,1521143.7504807818],[371438.9377286574,1521183.7499888863],[371465.3128618327,1521311.6250481668],[371440.09380709694,1521394.7502641855],[371240.03084606177,1521787.1245665438],[371217.3133358501,1521941.2498437446],[371237.40628252935,1522145.6248699054],[371259.312752201,1522237.9999776052],[371237.3438644069,1522361.6253898826],[371186.9067030589,1522452.750159877],[371092.0003429692,1522543.3751898406],[370998.1876431966,1522622.4996412431],[370761.3128438659,1522796.8745425113],[370635.25028044404,1522847.3751491155],[370505.375312917,1522899.1260934249],[370409.7183551526,1522945.2500835033],[370243.6245214931,1523103.1253466867],[370274.9691643467,1523224.6249873391],[370298.4074853569,1523404.749624816],[370273.06248823245,1523480.12527539],[370255.7814384631,1523580.8746038205],[370295.28120653675,1523807.7499409292],[370292.00038360583,1523909.4996975446],[370268.56198358536,1524021.7496045365],[370219.62506946333,1524126.7495280937],[370206.6560848196,1524256.625443744],[370257.9369969642,1524358.7500251352],[370320.4685781495,1524450.500398539],[370383.2183067222,1524554.8747186868],[370427.37517782097,1524685.125459113],[370463.00012366707,1524834.5004011563],[370491.8749051196,1525033.6254311393],[370499.2190688098,1525164.3748844624],[370511.81220154423,1525376.4995550783],[370525.5952291187,1525512.250201203],[370551.87515490473,1525707.500329948],[370540.936813507,1525809.375080829],[370500.9373054026,1525916.874573653],[370459.40594595956,1526010.3749457828],[370417.24985222035,1526140.7496533406],[370595.2815073391,1526812.6247229131],[370634.56217990204,1526881.874785369],[370639.1558376711,1527000.000291948],[370625.6563779971,1527098.1251358564],[370285.7191452332,1527332.7501174202],[370114.53088664025,1527415.7504971942],[370039.2494953322,1527466.6248224298],[369946.8437316431,1527554.6253678715],[369928.6247508215,1527600.6254698285],[369889.3440782586,1527677.6251767396],[369829.0939979632,1527716.7501200375],[369729.1873931956,1527738.874658086],[369349.7810483473,1527747.8746402469],[369202.09368690755,1527796.1244809604],[369117.34330840764,1527886.4996804139],[369078.375042498,1527981.250390249],[369042.2810126103,1528095.0003864462],[369014.4692354857,1528174.2508592478],[368984.3748513273,1528195.125059591],[368960.31187503116,1528198.1253960223],[368846.96838673245,1528178.3755119855],[368783.781494272,1528194.7503138254],[368701.624944305,1528287.6250035355],[368699.125375038,1528361.3735163715],[368693.2813795635,1528463.2502425094],[368662.280826486,1528579.3748927184],[368605.93725154107,1528623.6249959494],[368428.37460145354,1528705.375038018],[368347.5011784588,1528727.1248303012],[368257.8734952791,1528755.374956468],[368179.0316636538,1528820.2504566654],[368147.281461025,1528892.0000883883],[368127.12506908964,1529046.125365589],[368102.6873470282,1529173.6246519706],[368025.8750525049,1529281.7498272143],[367995.7500123572,1529301.3747959961],[367944.8438459779,1529293.2504057756],[367830.78152213775,1529233.0002464699],[367671.15633923863,1529104.750441424],[367604.1560155394,1529048.7499291215],[367505.49974847725,1528995.7496742401],[367400.6871582976,1528955.5003356256],[367386.87442285725,1528963.3748953356],[367303.93764635996,1529084.3748749676],[367238.49990899884,1529118.499652598],[367173.4369964134,1529099.2505357256],[367094.21836475533,1529070.1248966292],[367049.8125322594,1529072.1247258654],[366987.81245323806,1529083.3754739163],[366932.31262908975,1529103.3751884634],[366828.09403820673,1529168.7504286917],[366766.62538233906,1529211.6252789623],[366731.68648276763,1529245.3742836935],[366686.68886326294,1529285.4997341868],[366586.90622562706,1529387.6252637014],[366526.09390816814,1529467.5003917888],[366509.5000108174,1529533.8750330685],[366501.1564460759,1529568.2496412091],[366510.56293613504,1529596.1239944766],[366518.6248292228,1529621.3748113455],[366530.7500630699,1529660.624748909],[366537.6558777181,1529693.5002159674],[366593.24988212204,1529750.999869352],[366636.9685621994,1529783.3746482565],[366657.40654677816,1529790.6245526809],[366732.0940177998,1529851.6253096613],[366811.4376437233,1529959.6245425162],[366923.28096380626,1530112.7504186656],[366974.24954830797,1530197.1249452562],[367001.7808389331,1530246.2502988996],[367023.06265331875,1530303.000381743],[367039.43737614853,1530367.6250242968],[367047.5311103798,1530467.8746126967],[367054.34377190605,1530566.874969535],[367035.3752205434,1530644.7491622423],[367018.3123181614,1530685.7501256652],[366929.78137669986,1530777.5004990688],[366868.68746659753,1530840.749888662],[366842.49966679985,1530867.9995866437],[366779.71928223793,1530907.1245299417],[366701.4999726209,1531007.6250549958],[366626.7500044665,1531087.7489074494],[366523.7182270227,1531149.2503525838],[366397.2490766919,1531249.2501104735],[366360.28166715207,1531313.3750920068],[366360.49981453945,1531326.1249021294],[366351.37491712376,1531384.749898954],[366334.7502847735,1531449.876335806],[366336.53101849894,1531551.5000710224],[366351.43741425645,1531606.0004941195],[366361.25041221414,1531659.124558112],[366383.65654290625,1531707.1245683155],[366417.74955840345,1531768.7499015713],[366457.9375060293,1531817.6254247045],[366554.62459984457,1531901.2503807542],[366612.6250203935,1531952.3746155105],[366715.31270806125,1532016.6254604221],[366765.40577963315,1532050.1246346433],[366849.4690057144,1532211.3749010132],[366858.0941630993,1532269.7500673276],[366860.15648946824,1532315.5003387742],[366856.8735332597,1532346.0002036977],[366808.62369254604,1532416.7504343693],[366744.59399741236,1532457.2496034943],[366697.21864249476,1532507.6252948432],[366645.9377303502,1532550.5001451136],[366416.7501573522,1532729.7503758047],[366229.56294882845,1532842.2500342964],[366086.406748025,1532932.3764303732],[365975.9058916358,1533074.1245889491],[365895.34369014006,1533186.1245864206],[365829.12469911505,1533318.1254045828],[365764.1253107959,1533448.874857906],[365675.56260720117,1533611.8751230019],[365606.4692221335,1533726.123832096],[365536.21873149264,1533846.8749293413],[365439.78146818763,1533994.624866924],[365360.65598965157,1534116.7501899959],[365295.1568613017,1534218.374952346],[365188.93733503856,1534315.5003952032],[365145.0937397061,1534348.0000893627],[365063.21878238255,1534385.0002881694],[364836.5297515178,1534391.8754468283],[364721.9062966581,1534401.125180489],[364612.3751334543,1534410.6248236701],[364513.062448973,1534413.7500753566],[364411.2185121019,1534418.124637615],[364250.71884340665,1534433.4999593934],[364125.71912629216,1534465.6249077877],[363994.15665717184,1534520.7499071602],[363811.531344284,1534599.4996127973],[363586.2503556467,1534754.3754876726],[363514.43719965743,1534823.875380639],[363443.7504932521,1534906.0001684728],[363357.5000255468,1535028.7501468305],[363338.03276128706,1535233.3761096455],[363349.46878844826,1535393.749835952],[363369.97029729345,1535536.3746136017],[363386.4996432442,1535699.2499634426],[363359.4691197835,1535892.5003419619],[363342.31203714584,1535969.8747946383],[363311.90635247814,1536110.8764640742],[363271.90589625033,1536177.9997277716],[363110.31256723794,1536330.7497520116],[363048.7496521044,1536387.6247501103],[362930.8125060366,1536492.3748431571],[362764.4370797337,1536605.6251783338],[362673.65639951546,1536658.3755236948],[362525.4999540341,1536719.6250050415],[362402.9374670744,1536768.3735586521],[362289.40553925425,1536799.3752178736],[362171.96908134065,1536840.6249846732],[361980.49951555714,1536906.6248801877],[361872.1245098032,1536928.7504453699],[361663.4998366391,1536914.6253822867],[361582.187116479,1536896.1247298112],[361528.874612965,1536877.9999292453],[361499.6875038695,1536868.87511084],[361414.43746434915,1536865.7498591533],[361211.250278761,1536807.1247833185],[361170.75000349217,1536778.7497418968],[361032.81314287736,1536677.374810057],[360954.46891800524,1536608.1247476009],[360868.84310558584,1536490.4999291762],[360800.96829609043,1536381.8750139016],[360715.53084418224,1536243.8746290205],[360569.2821019488,1536068.625241956],[360502.4374285042,1535991.8754445654],[360439.1870117774,1535944.3750953826],[360331.53084156493,1535876.1245129881],[360113.3748420969,1535781.749576052],[359868.31212827936,1535708.874600889],[359658.4996935528,1535680.625501856],[359296.31292847486,1535770.8746799103],[359172.5297326653,1535808.2497034927],[359039.78147723956,1535855.6250584102],[358817.7188934108,1535931.6252852597],[358664.53154726233,1535986.5004541222],[358208.3129078908,1536212.2514749244],[358093.21839373256,1536280.125257286],[357943.43789191404,1536388.375347785],[357821.5317433631,1536509.625157927],[357722.4689684024,1536641.25012418],[357651.4995632097,1536761.6254485259],[357576.594023811,1536897.124209873],[357519.125105426,1537077.3758168723],[357494.15588120057,1537176.375146577],[357440.65699243237,1537340.1249822138],[357420.90608126187,1537421.3752842515],[357397.43702525215,1537491.1250867383],[357362.50017994805,1537563.3754066152],[357278.7503086434,1537688.7498694952],[357199.25000533165,1537764.5003448448],[357119.7189670204,1537841.4999727455],[357009.6563806629,1537914.499942174],[356879.37490523735,1537970.8752002418],[356737.6563755169,1538024.5000313988],[356606.2188216517,1538065.6248829432],[356449.1873882752,1538125.5002174734],[356276.7816602539,1538199.3736455643],[356013.7191401358,1538303.1253646936],[355857.81202306564,1538383.375159536],[355734.87573846395,1538476.624753032],[355616.93756526255,1538578.8751978017],[355528.28170854587,1538682.4999474087],[355429.187171452,1538817.8747416236],[355355.3752133601,1538975.1253495212],[355271.15633702424,1539161.5004903711],[355234.71829637076,1539259.1245671152],[355138.1253828111,1539558.625127887],[355108.00034266344,1539666.5004726204],[355065.5627352911,1539878.6251432365],[355022.9673443865,1540112.3746118702],[355005.46822624,1540230.6251127147],[354994.50017697643,1540329.750384808],[354976.71843905293,1540481.0002408323],[354976.03128663433,1540570.0001873253],[354989.53169443173,1540788.8751013451],[354982.2500278742,1540903.250779962],[354966.4692253308,1540965.49974137],[354943.0308253103,1541032.7498955796],[354915.71768207254,1541103.7499567615],[354898.6558068242,1541168.4995145705],[354890.65633185883,1541215.5001237225],[354872.03076412843,1541314.6243686823],[354865.28162686847,1541521.8747370092],[354852.8113551219,1541649.000304759],[354806.90646055416,1541817.875300329],[354778.249826489,1541900.249918673],[354736.1562298825,1542067.8746555478],[354539.5626103099,1542460.8745613154],[354437.8127746841,1542606.3747601414],[354403.0316586449,1542659.4998512676],[354301.3432930182,1542802.5004018163],[354212.6874363015,1542906.2500666783],[353984.84335413086,1543064.8748213924],[353849.43774590595,1543126.2503241382],[353778.0926468245,1543132.1250546123],[353589.6253927295,1543146.000208175],[353482.8437083131,1543126.2503241382],[353404.12473767565,1543101.5002744338],[353313.93797774374,1543081.750390397],[353188.2808950867,1543035.1246060205],[353090.6241080861,1542992.3756191286],[353027.218989228,1542961.499981306],[352956.1247477905,1542940.6247538293],[352879.99952667556,1542909.50023362],[352776.0932634355,1542851.6248073364],[352674.7182525853,1542793.6254139212],[352616.3124302818,1542775.3746709663],[352467.31223400385,1542787.1250800379],[352392.0625258187,1542804.3753948077],[352273.24986682116,1542861.9989363137],[352173.46928345255,1542923.6252967033],[352078.905906995,1542968.7498857304],[352007.25053453795,1543016.6249806788],[351971.3439170382,1543048.125273787],[351897.68760920095,1543186.2495467898],[351872.15725395596,1543354.0002260532],[351880.4372944311,1543434.1251056406],[351897.75010633364,1543495.3746659975],[351932.43704211724,1543615.1253350575],[351969.874483822,1543709.49924486],[352008.6246813546,1543797.6246265464],[352054.96887308767,1543889.4999942153],[352116.6249413432,1543978.9996017287],[352159.40663849167,1544040.2501892194],[352229.7810962643,1544152.7499267214],[352259.7187240242,1544231.7504900023],[352276.84412353893,1544317.1254447778],[352286.34376672003,1544401.125225603],[352318.09389033855,1544568.0003129265],[352319.9688833299,1544653.250431457],[352324.8441337424,1544678.7500517026],[352326.6872855903,1544766.4996604898],[352336.2504530377,1544846.7495343427],[352334.5936074337,1544893.750143495],[352332.4063658097,1545006.8754844062],[352340.56251816335,1545102.3747376485],[352346.2815193725,1545182.4996962463],[352317.09346215357,1545328.6254984816],[352310.25109276146,1545388.374890623],[352280.000110225,1545510.2503041741],[352252.6879151106,1545582.499675928],[352235.78169011686,1545628.2499473747],[352173.74984896235,1545746.1245963096],[352146.43773285823,1545817.1247365018],[352133.53124534717,1545838.6246192646],[352091.12532109773,1545891.7497103908],[352044.90604461974,1545939.7497205944],[352015.31242762576,1545978.9996581578],[351970.2185735981,1546048.6265206463],[351910.74974696664,1546162.6253992305],[351816.62471955107,1546312.1252565288],[351752.2499075076,1546401.998661684],[351722.65636952384,1546442.4999640868],[351691.6557374361,1546500.7511632694],[351674.8754548311,1546529.8747480984],[351651.46992308774,1546589.500252118],[351633.2498361222,1546639.0004305374],[351598.2813076952,1546717.6251419089],[351581.43750082393,1546754.3734559382],[351553.00004127977,1546807.6245684633],[351520.56276524265,1546885.0000482735],[351488.43781684845,1546922.8747328762],[351411.0940991715,1547041.873777128],[351363.3746544778,1547120.374600378],[351310.4062407399,1547217.999704256],[351296.1245002683,1547253.4997348469],[351279.00012788724,1547324.624711284],[351269.8128123491,1547358.8755103133],[351248.87508773955,1547430.0004867504],[351232.0620158678,1547465.5005173413],[351207.0314006536,1547570.8752656742],[351198.3765354028,1547696.7504167084],[351198.46866139106,1547843.0001860755],[351194.1249131425,1547910.37525554],[351192.2191851517,1547989.2498764321],[350902.2807646938,1548099.0001351468],[350795.37519215606,1548223.6250274857],[350741.6561017332,1548254.7495476948],[350687.9063553211,1548288.4995795598],[350671.24996083765,1548300.999480162],[350599.59253411327,1548347.1245763844],[350488.1249869293,1548427.249534982],[350285.8440492705,1548562.1246681768],[350124.5620207674,1548668.249935174],[350040.12499704416,1548719.375197064],[349976.87458031735,1548803.8746389097],[349933.9679679138,1548887.374679704],[349879.28123857285,1548996.1245102338],[349832.90733897383,1549155.9996026533],[349841.7178544793,1549265.6249461127],[349898.43822945695,1549403.8751615041],[349950.59260026406,1549497.6254431542],[350016.7184381671,1549698.3745294744],[350081.18743046623,1549823.9988228646],[350183.6877847564,1549956.625244436],[350249.8750136483,1550046.625619114],[350437.592618192,1550376.3751081547],[350496.03130877274,1550477.7501190049],[350567.62529024103,1550644.250460563],[350680.43632825237,1550868.625280281],[350793.7501086852,1551049.6254306878],[350902.1558494387,1551217.874743838],[350948.12529540644,1551301.2498693774],[351000.21922334813,1551401.249627267],[351101.12522916705,1551560.5000644007],[351176.0932656985,1551659.6253364943],[351257.31283273664,1551767.6245693492],[351309.74982332083,1551839.625058716],[351329.59396662354,1551878.1254257383],[351340.71869327547,1551902.4997025437],[351404.562003155,1552081.625966103],[351409.0317728026,1552131.3749478988],[351424.3129143255,1552230.8749657576],[351383.84337405616,1552321.9997357521],[351313.6564076816,1552349.125466602],[351239.93760271167,1552355.749767617],[351162.34397551423,1552367.5011248118],[351050.24979778734,1552396.624709641],[350916.5000080327,1552430.499656761],[350785.12495130027,1552478.4996669646],[350718.9049331416,1552494.1248982635],[350613.21888429945,1552519.499603254],[350491.06282622804,1552539.5003449346],[350367.7497415936,1552553.249635119],[350231.6560328267,1552571.876229983],[350105.74904064916,1552588.0000951688],[349963.4059346531,1552598.8749913105],[349804.5937675512,1552605.7501499695],[349713.24990204605,1552599.374652331],[349500.37463375536,1552563.4998759746],[349349.3437942314,1552557.7501397661],[349155.7505110903,1552604.8745580295],[349086.37553337915,1552671.375220708],[348892.8753243497,1553021.6251914604],[348884.2809019643,1553309.3753431607],[348915.6245176842,1553446.0004750811],[348951.9376430826,1553694.8755139937],[348965.9060287776,1553798.25035408],[348941.1559000629,1554159.6250514842],[348918.2490022063,1554164.3753866416],[348887.3436565181,1554198.3752490168],[348857.90679592267,1554218.375042574],[348825.9692599163,1554233.249597188],[348687.1875423609,1554265.7503974917],[348582.21827479295,1554230.0004573802],[348478.8444618403,1554170.12512285],[348398.3120472207,1554110.3747825855],[348339.1565753658,1554067.6247685598],[348220.9060745215,1553976.8748233411],[348041.593425708,1553895.6245213035],[347869.9996863501,1553911.1248373473],[347833.8750004732,1553957.8745098454],[347718.09341290663,1554181.7495895328],[347699.6880468309,1554233.7503643527],[347695.968874858,1554331.7502139958],[347728.1552142409,1554502.7500330673],[347759.4383870955,1554641.9997285202],[347772.81285250414,1554793.750351709],[347794.96812555235,1554852.6252580541],[347853.00022922416,1554985.875307778],[347869.0627034213,1555021.7500841343],[347966.7810394312,1555233.1251842093],[347988.9372606028,1555290.7498318593],[348019.7504803027,1555366.2503186779],[348036.9690329394,1555515.5004244763],[348007.56282833323,1555740.4998204703],[347965.6566441145,1555843.1250900156],[347885.78159503744,1555938.8752009019],[347784.5622344419,1556011.500424565],[347582.5936244261,1556120.8748313703],[347455.49981880945,1556236.3749053036],[347353.81255932664,1556348.374902775],[347282.6558207564,1556454.3752545172],[347236.09348163597,1556525.1254851888],[347159.9058423986,1556629.874551102],[346863.7814699677,1556962.1246365434],[346830.0948833588,1557016.5000653751],[346779.65574675374,1557092.2504617143],[346713.71834837215,1557291.3754916973],[346682.8754998166,1557424.6255414211],[346653.00029017916,1557582.124873685],[346646.8122049285,1557675.1245576604],[346558.8127656309,1557704.5001062774],[346499.8129440307,1557754.6248609722],[346467.5938153809,1557895.6245551512],[346446.40618125076,1557966.624616333],[346405.1871494507,1558117.6246418473],[346391.9375992972,1558266.4999228702],[346361.43773437385,1558374.3752676037],[346277.40627042577,1558701.7501026324],[346227.9378541398,1558801.749860522],[346147.1872921329,1558863.1253632677],[346015.6565061355,1558923.750268339],[345887.7486575881,1558896.6254856123],[345740.71968882444,1558875.6253428804],[345631.624741385,1558867.8746712916],[345563.1877737364,1558855.4996069341],[345438.15637349896,1558800.3746075614],[345329.6246113464,1558746.6248611494],[345206.03088219196,1558677.6247082138],[344744.03082348895,1558350.625646084],[344584.844858745,1558284.7496386913],[344497.0317256913,1558301.5002924406],[344408.8438468722,1558348.7497049693],[344268.7811356221,1558484.3754358387],[344259.9061477269,1558689.3751172854],[344271.12505463447,1558811.7502708675],[344322.7500565552,1558950.0004862589],[344349.0934275973,1559078.9999408561],[344350.28126817005,1559189.749600622],[344346.56209619716,1559286.5002187036],[344340.2184397021,1559389.6252282797],[344312.7189112102,1559561.1247083717],[344302.5618234764,1559664.1248026928],[344251.8749106284,1559760.2497383547],[344190.7185033934,1559777.376085993],[343969.62466462667,1559791.000460922],[343667.25073694607,1559699.1250932529],[343644.3438390895,1559704.0003436655],[343591.78090611653,1559746.5004481704],[343566.09387348325,1559770.3749849452],[343518.37545592326,1559829.6247160658],[343438.687819234,1559907.6247721515],[343351.9683464974,1560042.7498148668],[343338.68600707705,1560090.8747403254],[343285.7186204728,1560267.24954984],[343224.65647250373,1560381.125488426],[343149.7190919615,1560487.1248130347],[343088.06199657236,1560543.625065368],[343050.9379096442,1560567.2497716323],[343034.4689275486,1560564.5002928446],[343021.8122705478,1560563.1251188945],[342997.5004908751,1560576.750441947],[342978.4376802466,1560577.749842998],[342978.5309123788,1560570.1262199422],[342954.40646608366,1560590.7495626414],[342922.03168717923,1560619.6252922174],[342824.2499059132,1560678.0004585318],[342783.8746249098,1560690.3744957554],[342665.2504054337,1560725.1249558053],[342587.90660874645,1560733.375367425],[342468.5942097181,1560738.7502788578],[342429.125176644,1560735.999851947],[342404.96904722595,1560735.2502814059],[342232.7496254485,1560761.124726427],[342218.8130018867,1560762.749809898],[342107.9373207218,1560748.8745773248],[341949.53174052865,1560711.8754056518],[341835.09356477915,1560654.8765194318],[341735.3437164101,1560626.7502813865],[341594.03169458825,1560616.1252947655],[341508.8748081898,1560614.3752960395],[341330.3752541837,1560698.874737885],[341254.74977309955,1560780.999525719],[341166.0621542497,1560902.8750182807],[341027.12478643964,1561104.8753904297],[340966.12513560324,1561269.2498813525],[340923.9373587411,1561368.3751534459],[340901.4687309163,1561496.2502127264],[340854.8439736735,1561678.2498431946],[340840.28166769206,1561763.8746284805],[340838.78149947635,1561808.4985293534],[340836.9690036177,1561840.3745953608],[340831.8121605618,1561892.625279701],[340822.53066476807,1561985.8747941868],[340816.4685219062,1562053.499773172],[340813.499947608,1562090.4999719786],[340812.68795894453,1562165.6246858984],[340812.49951942306,1562211.4998726002],[340813.8747723836,1562271.250291875],[340815.3442055998,1562334.8755333775],[340812.2496889128,1562366.8754875064],[340811.43762123905,1562385.8747738686],[340802.03113117995,1562419.250059968],[340780.46883029473,1562475.8751485462],[340751.15680594416,1562582.250325064],[340556.28142296436,1562783.000438518],[340469.8128078717,1562890.8747561176],[340399.81214774103,1562995.6248491646],[340361.6241083616,1563048.7499402908],[340321.62467926746,1563132.4998115955],[340291.62447536463,1563209.6254608952],[340254.9376313346,1563381.1249409872],[340249.84328541136,1563436.0001098497],[340250.43720569776,1563516.2499837026],[340254.9376313346,1563877.7495963618],[340262.53162553505,1564096.6245103816],[340278.3750042214,1564232.5000717612],[340283.3761970227,1564339.2499940444],[340286.6550446965,1564425.75037127],[340274.40592272795,1564556.0000845625],[340245.1246333769,1564663.6245716522],[340175.8746499312,1564801.5010684119],[340133.62540307,1564898.1246379607],[340114.81250196206,1564964.7502158945],[340089.5934472264,1565027.7497749776],[340052.93623205187,1565201.74985147],[340035.4688760386,1565270.999913926],[340024.03079461015,1565325.99897091],[340000.37535334623,1565401.750394383],[339959.7502418325,1565513.4995342104],[339918.1246231236,1565636.7502007224],[339889.5314343145,1565720.2502415166],[339798.56239358505,1565962.999692311],[339849.2503335667,1566122.2501294448],[339855.09330190753,1566155.249484625],[339876.3126191605,1566248.999766275],[339917.2807933167,1566372.7501728178],[339955.2497371854,1566420.251470124],[340021.9059711085,1566445.3753174706],[340109.34230412956,1566490.3749912425],[340294.5316586741,1566530.374499347],[340437.53118208924,1566559.9998784743],[340491.53083802183,1566586.749836425],[340655.65652556805,1566706.249568831],[340683.0935569273,1566738.7502901242],[340726.5316714948,1566803.8746727088],[340760.81209937984,1566857.7503615096],[340815.7496863647,1566926.4987086777],[340860.2496991162,1566982.750078624],[340946.8124944645,1567153.7498976956],[341048.0932460488,1567468.3749226017],[341075.6562197968,1567560.6250360364],[341095.81269074243,1567663.2503055816],[341108.09246870026,1567810.750333644],[341101.50000882865,1568021.0000112685],[341080.9687921176,1568122.0002763532],[341054.71849518723,1568251.2494824505],[341019.74893962656,1568388.3753815356],[340988.53126629535,1568466.8752566623],[340875.09359774104,1568507.7492505629],[340840.28166769206,1568485.7496277695],[340763.18778052536,1568393.3745990798],[340744.65647206083,1568362.0002483602],[340702.03145230067,1568276.3753840642],[340599.75019352115,1568138.8747392138],[340441.5934167046,1568058.624865361],[340348.2189079535,1568087.6245620688],[340276.37509597494,1568166.9999501253],[340221.5000061228,1568267.7502266793],[340175.2817567785,1568358.0005108775],[340103.343685534,1568489.6254771305],[339945.09367658524,1568569.750356718],[339716.40584361803,1568571.500434454],[339473.9062233338,1568470.5001693694],[339380.5307664593,1568333.8750374487],[339324.71964180167,1568283.1246003343],[339200.71837761503,1568195.6248220573],[339072.12550992664,1568129.9997513187],[338993.593951677,1568086.1254209867],[338884.8123590142,1568053.1249596628],[338777.9067864764,1568045.500309473],[338653.34328512626,1568043.3754859713],[338497.6246075776,1568068.8751062169],[338402.0311740796,1568111.8749507526],[338317.7815627441,1568150.8749787956],[338201.75006565696,1568188.1250081125],[338125.5316914201,1568244.6252604458],[338107.8748687517,1568250.2500813992],[338049.40654931543,1568249.1247379591],[337985.6553654242,1568240.3746653192],[337872.59346976894,1568241.874833535],[337798.4999190336,1568279.374693362],[337740.7186730057,1568308.7501629686],[337649.6246380108,1568380.9995347224],[337584.4685723034,1568476.874639874],[337556.7816314236,1568543.749969308],[337550.2188004076,1568644.5003248723],[337561.84326709027,1568762.6248833279],[337577.7808260323,1568902.2503516797],[337598.06213322276,1569011.2500127198],[337631.2816900575,1569128.8748311445],[337669.37452204764,1569237.499746419],[337732.0627806212,1569365.8745457304],[337771.99979159294,1569499.8751931288],[337760.71838755277,1569617.2501810433],[337721.2503816123,1569723.8751880713],[337667.7504657105,1569773.6251970008],[337513.21860160097,1569904.6244808342],[337400.49976858817,1570032.1247943493],[337285.5629589518,1570116.5003480737],[337153.4372255344,1570227.8746631253],[337075.93785760284,1570284.4998307137],[336944.7183721147,1570324.6252812068],[336861.1559131979,1570338.1246618708],[336751.9995747697,1570343.3747370588],[336658.0936428649,1570349.3753309113],[336510.0621126387,1570377.249684179],[336339.1565528331,1570405.4997313353],[336192.56277270016,1570495.6251002785],[336136.6564406533,1570550.5001901307],[336047.18748912925,1570637.9999684077],[335979.5932451436,1570737.6249805319],[335936.7183948732,1570862.2498728707],[335884.09399190114,1571115.62533742],[335829.7810602022,1571295.2503138764],[335797.3437841651,1571376.24967926],[335726.31196084997,1571547.2494983315],[335652.2809072474,1571642.0002081664],[335545.9067578633,1571713.375094124],[335405.1876291941,1571782.9999023455],[335208.0942695908,1571832.3751655095],[335128.59396627906,1571857.250130469],[335006.87523011595,1571867.7502808452],[334917.8127864905,1571863.624600974],[334794.40646972385,1571857.6249552446],[334667.62601888384,1571869.6251948264],[334586.9379540096,1571897.1247233183],[334495.4066761167,1571951.50015215],[334456.00006116496,1572005.874553848],[334416.46853095817,1572109.999991609],[334406.25005223555,1572271.99982852],[334403.0623034163,1572354.8752140284],[334398.7809732902,1572444.1260971755],[334409.59337229916,1572582.6251159434],[334433.31233782944,1572729.7503982403],[334467.2814652052,1572825.6254243818],[334528.3436131743,1572938.7498171697],[334559.43739838403,1573019.5003791766],[334600.12500703044,1573130.6238365844],[334632.34413568024,1573205.000086107],[334688.7501287476,1573337.2496286358],[334754.28101923066,1573478.2503499484],[334804.5307681908,1573618.3745311974],[334831.906329551,1573759.1253429896],[334867.7186877849,1573879.124815426],[334880.0937521423,1573919.625090695],[334897.8744629322,1574028.74966699],[334913.8120218741,1574114.87521944],[334896.56273423793,1574522.7498378423],[334913.2816258541,1574642.1256821267],[334926.15635123197,1574704.124813025],[334936.78133785306,1574780.2499551293],[334946.7817481986,1574827.1246218928],[334947.967534504,1574879.375227223],[334941.6566672759,1574991.5001399494],[334956.5937190226,1575197.500249581],[334972.9377858631,1575300.249486258],[334974.12459930225,1575352.375176333],[334985.500183598,1575459.1250986161],[334996.7816666485,1575563.2495092435],[334998.7497337515,1575648.499548764],[334993.6246528288,1575702.1254070546],[334957.7190624627,1575742.374745669],[334983.96833225945,1575772.4998648271],[334978.9691147152,1575808.1248106733],[334957.53172908514,1575878.250386059],[334914.5001224161,1575948.374934311],[334871.50035689055,1576018.500509697],[334844.9060491943,1576061.8750999982],[334714.3122461258,1576171.7502739679],[334650.9061791443,1576217.7503759246],[334581.0939585351,1576243.3749904355],[334395.65572160366,1576257.8747992844],[334321.968678767,1576250.3750643497],[334217.7183257508,1576213.6236689196],[334098.28101146733,1576198.7500624289],[333938.18785067066,1576185.1247393764],[333870.8127021958,1576172.4998445087],[333785.6875779305,1576158.7495271908],[333672.5622370192,1576129.624915228],[333593.7501132597,1576106.9996890253],[333504.7501667669,1576075.3755077955],[333436.0940245973,1576044.8746157384],[333368.6871929995,1576015.748976642],[333251.687977984,1575966.3747406118],[333165.24907075724,1575937.3751229143],[333010.25033489405,1575930.0002242245],[332885.7503578103,1575927.7484312006],[332823.5003692684,1575921.6249763602],[332752.31289569865,1575901.3753522926],[332657.00002771034,1575886.3747762796],[332574.43791796814,1575886.4996915346],[332491.9066222358,1575903.2502662737],[332357.3745516836,1575960.8748349133],[332326.96886701585,1575990.2503835303],[332305.49971925264,1576052.7502025825],[332304.37429680227,1576112.6245099788],[332314.5938816688,1576141.8750643304],[332363.0311347703,1576206.7495373944],[332388.4682578831,1576225.7498508901],[332481.3440537371,1576286.6256926153],[332496.62519526,1576301.875072005],[332511.9995689151,1576360.5000688296],[332481.65638138005,1576424.2502255873],[332453.84349811147,1576480.2507378897],[332429.781548949,1576515.9995718573],[332390.56234638515,1576578.5004970534],[332376.68719282234,1576620.624749649],[332369.31229413266,1576730.1251778533],[332439.56278477353,1576898.1246604933],[332393.0629427858,1577119.7500014242],[332348.6561621665,1577149.1244438973],[332273.8120137565,1577192.6249765872],[332156.96852800593,1577205.6246962305],[332056.6564424734,1577217.3751053018],[331871.37488293025,1577308.2499657758],[331818.1566386821,1577357.9999747053],[331748.4058090617,1577414.2503965283],[331690.124823003,1577478.125468541],[331583.7497254955,1577623.499645968],[331498.9072210074,1577739.6253233107],[331467.4376628986,1577865.7503838653],[331409.2190949623,1577970.3745345233],[331298.9998312165,1578089.1246963881],[331188.624917216,1578156.8745906285],[331021.18767173943,1578262.999936636],[330885.40629061544,1578325.6246709432],[330725.4062829407,1578357.8745345925],[330612.40577827423,1578387.4999137197],[330494.37547908456,1578432.3746722366],[330397.8747705235,1578449.1252469758],[330189.81225551263,1578560.3746467724],[330079.5622567673,1578687.9998755427],[330011.21852125094,1578792.6250533345],[329816.1874090062,1579059.2500680373],[329717.31204643333,1579144.874853323],[329632.40609668905,1579240.6250432197],[329557.6253935352,1579306.9996844993],[329510.74977864843,1579369.4995035515],[329406.90593353077,1579503.50015095],[329351.18701387173,1579580.0001178302],[329313.2498321362,1579657.750422416],[329260.0622438773,1579736.8748738184],[329161.2503265605,1579854.249861733],[329043.3439154923,1579958.9999547799],[328948.2194080152,1580016.4996081644],[328785.78130107257,1580098.5005078767],[328676.59422764485,1580122.8747846822],[328613.06221827463,1580111.6250637649],[328524.06227178185,1580073.625463907],[328433.74956946116,1580029.2504454209],[328282.5313965596,1579999.1254052732],[328184.7496152936,1580019.6248598509],[327781.3120562824,1580252.4998426887],[327653.43802413554,1580436.1245566278],[327568.5309682474,1580527.9998452866],[327475.96852716996,1580600.87489946],[327427.78118358896,1580635.3754499892],[327325.03099878854,1580700.624747829],[327276.8435761972,1580741.374853608],[327181.7190687202,1580801.5000186483],[327057.43723902374,1580898.6253824953],[326929.4372644881,1581025.0003525703],[326861.0309528287,1581118.124951801],[326777.53091203433,1581258.3749964286],[326706.62511011824,1581361.7499155253],[326658.5001846597,1581423.0004240056],[326637.03095788613,1581484.2499843626],[326625.84373410157,1581588.6252526338],[326678.2500686965,1581728.6245186278],[326748.4063000715,1581852.000100395],[326994.37423468474,1582200.3751571663],[327024.905782731,1582224.4996034612],[327091.06235563365,1582265.124714975],[327168.687665954,1582328.5001259672],[327242.49962404586,1582387.0002075366],[327351.9375551175,1582465.6249189083],[327514.7812218353,1582574.7495742135],[327680.28113520844,1582733.6251865716],[327760.46851192845,1582807.2498112859],[327794.9998764677,1582908.9995679015],[327795.3122041106,1583035.1256555896],[327748.62494973507,1583183.0004294175],[327652.31260168523,1583276.125028648],[327497.5002510762,1583356.7497272764],[327429.0314422842,1583401.499491528],[327353.1561306897,1583562.125181622],[327341.9689859154,1583667.8746757205],[327357.6248732037,1583844.8751676548],[327373.18760736997,1583983.6251230768],[327361.9687004625,1584085.6247102027],[327418.24977827474,1584252.2499670158],[327457.9379858699,1584385.8748415154],[327495.1245699307,1584534.8750377933],[327537.28161179327,1584643.000213037],[327612.68791835645,1584844.000157001],[327733.96846349805,1585098.4999378568],[327757.09342973167,1585220.6252609286],[327761.12492934754,1585312.374686209],[327736.06255200016,1585465.2496257043],[327480.96877184784,1585567.7499799943],[327395.78115044994,1585528.5001214412],[327266.1253574439,1585503.2503317061],[327196.31210970104,1585525.1249602342],[327025.2191375076,1585696.249694561],[326987.40584389353,1585832.500080716],[326919.1245264996,1585962.625905887],[326821.5004497556,1586053.2488815833],[326648.81210195716,1586077.8750431663],[326538.281537702,1586081.9997749142],[326412.53019577917,1586077.2504668906],[326291.81291493465,1586065.9997188398],[326186.3439863462,1586048.4995735595],[326091.0311183579,1586039.7495009196],[326023.6877320162,1586025.8752954802],[325937.2498519231,1586004.5003279725],[325902.9376619049,1585999.5001623048],[325822.87520043994,1585986.8752674372],[325735.2187447746,1585976.9997723468],[325651.34395821474,1585960.625049517],[325528.062477693,1585943.1248252268],[325486.12563748506,1585938.1246595592],[325383.2811934187,1585953.624975603],[325343.9688377329,1585989.3748367042],[325307.3127287024,1586058.2500743845],[325264.46956155484,1586212.3754305956],[325264.7183649314,1586323.2500846267],[325320.9062896217,1586454.250395594],[325347.7504278282,1586525.500287286],[325362.0629032994,1586675.7497941358],[325343.125007926,1586729.2496310272],[325295.12507673283,1586850.3745259144],[325283.8753558155,1586925.6251822228],[325271.40611120255,1587028.750191799],[325216.0620163192,1587272.125325013],[325297.7495612549,1587433.7504161585],[325416.06248022174,1587516.1250345027],[325534.28129794315,1587552.875402799],[325821.6566248677,1587678.2498656788],[326179.03158478916,1587855.6251033787],[326261.7810279089,1587930.6249020433],[326336.9067689623,1588013.2504570414],[326429.9371879373,1588138.9996656869],[326483.56201909424,1588256.1258502249],[326525.68737783394,1588351.5001882121],[326557.68733196275,1588454.6251187779],[326582.0319009023,1588542.3748065755],[326583.4686238619,1588622.6246804283],[326553.25035158196,1588727.1248639547],[326290.25032859656,1588718.8745313454],[326107.00036042277,1588570.2501079666],[326035.78120373015,1588534.7500773754],[325831.18700304825,1588503.4996147775],[325686.4374018969,1588534.3753316102],[325649.6871126108,1588575.2492465004],[325544.6246919209,1588735.9998518499],[325480.03078436665,1588829.1254782141],[325453.56241905916,1588919.4996505338],[325439.781445752,1589001.1247773473],[325419.687471939,1589101.750138646],[325414.84398365975,1589199.8749825545],[325415.09381417,1589313.125238721],[325395.06233748974,1589438.0000405805],[325350.7814992592,1589518.374750678],[324993.84378223575,1589524.3754235408],[324902.2183240872,1589463.3747455708],[324858.9676219075,1589438.0000405805],[324772.5624520709,1589423.0004126907],[324630.3124991968,1589441.1252132566],[324554.1566220926,1589468.1250807282],[324438.71904529183,1589532.0001527409],[324412.15649972874,1589578.0002546979],[324364.0939923926,1589673.6254503292],[324349.03099825705,1589756.3748934488],[324386.12537731935,1589871.0004815862],[324453.7810122937,1590005.749672392],[324485.7185483001,1590083.3749827123],[324516.50000586687,1590218.250115907],[324524.3745655771,1590330.3750286333],[324520.74965287006,1590406.7500802586],[324409.375258808,1590585.3746285301],[324255.84390189376,1590667.2495068433],[324159.43840072193,1590725.9984707998],[324040.2191548156,1590817.9997808575],[323919.7189942248,1590893.5002676763],[323777.6563747282,1590988.0001198675],[323704.12498214614,1591044.2504626801],[323641.9999088594,1591099.124604409],[323592.5622275729,1591151.5001249942],[323534.2812415142,1591217.8738181505],[323454.4379545703,1591302.1254837532],[323415.2187520064,1591369.7514108617],[323365.90598597506,1591464.1253206641],[323330.53087063925,1591550.7495860115],[323284.99969470326,1591640.0003901483],[323238.21826007206,1591736.9998116062],[323154.7182192777,1591880.9998422167],[323114.21905015275,1591949.875079897],[323077.5629411222,1592034.1246912323],[323044.7191571865,1592109.2504322857],[322980.0945146328,1592178.2496370978],[322895.093278489,1592234.4999799107],[322834.18780790817,1592270.2498410118],[322714.9379060126,1592327.8754367852],[322605.8123025839,1592389.2499123972],[322509.37503927894,1592434.1246709141],[322354.50011252693,1592484.1245103537],[322277.15639485,1592546.750350805],[322113.49971233506,1592637.5002960237],[322001.8437256296,1592702.7495938633],[321872.53099526605,1592811.2495148724],[321835.8748862355,1592887.7494817527],[321810.6250965003,1592954.1252291764],[321789.2183668595,1593045.8745754464],[321769.0005049251,1593094.250358549],[321767.7809022191,1593113.3736120427],[321962.4688728111,1593810.3745042188],[321480.68716793804,1593916.4998502263],[321132.2189580449,1593971.3750190886],[320923.62501988036,1594081.3751083135],[320740.9065538706,1594241.3751159883],[320591.7814423375,1594555.2495432198],[320461.02993474697,1594849.375113548],[320210.43768637546,1595182.2498542755],[320104.1874251128,1595336.3752104864],[319876.59420058614,1595433.2496376792],[319610.84367167955,1595544.250234099],[319351.9375664324,1595693.2504303772],[319111.43785439467,1595771.2495383394],[318991.062609059,1595788.3749378542],[318870.2500418149,1595806.2498288997],[318617.93742357305,1595954.1246817375],[318435.5620202057,1596160.2497066243],[318375.68771280936,1596523.2495665096],[318316.53121382085,1596925.1244601724]]]},"properties":{"FID":2,"ZONE_":"W"}}]}