{"type":"FeatureCollection", "features": [
{"type":"Feature","geometry":{"type":"Polygon","coordinates":[[[38.72371841800003,13.41277636500007],[38.72433479700004,13.412182507000068],[38.72506508600003,13.411935755000059],[38.725913837000064,13.411585175000027],[38.72664576400007,13.411165493000055],[38.72942989200004,13.411361773000067],[38.729989835000026,13.41140193800004],[38.73004905500005,13.411368094000068],[38.73014317500008,13.41134558300007],[38.73029620500006,13.411311838000074],[38.73042522800006,13.411313106000023],[38.73070824200005,13.411200380000025],[38.73082638300008,13.411121385000058],[38.73101465600007,13.411053770000024],[38.73133319400006,13.410917349000044],[38.73143919200004,13.410860943000046],[38.73160601600006,13.410620368000025],[38.731667866000066,13.410286995000035],[38.731636931000025,13.409814504000053],[38.73152270300005,13.409479815000054],[38.731374247000076,13.409041106000075],[38.73100236200003,13.408611197000027],[38.730630130000065,13.408238935000043],[38.730210827000064,13.407890355000063],[38.72996663300006,13.40762335100004],[38.72975831700006,13.407287430000054],[38.72951639300004,13.406801148000056],[38.72955487400003,13.406467750000047],[38.729699665000055,13.406042920000061],[38.72985337100005,13.405917620000025],[38.73031376600005,13.405657018000056],[38.73070208100006,13.405579441000043],[38.731195713000034,13.405537013000071],[38.73184078400004,13.40558856000007],[38.73247459100003,13.405640094000034],[38.733049863000076,13.40564524000007],[38.73353167600004,13.405591480000055],[38.734060545000034,13.405527611000025],[38.734777965000035,13.405406300000038],[38.73511890100008,13.405363704000024],[38.736013685000046,13.405118241000025],[38.73609564800006,13.40512962200006],[38.73610651800004,13.405222320000064],[38.73631878100008,13.405120818000057],[38.736578751000025,13.404949283000064],[38.73670808900005,13.404927945000054],[38.737317578000045,13.405048387000022],[38.737506481000025,13.404934425000022],[38.737706873000036,13.404866818000073],[38.73800173300003,13.404731483000035],[38.738379198000075,13.404538595000076],[38.73853354100004,13.404344345000027],[38.73877437900006,13.403712764000034],[38.73897707900005,13.403380665000043],[38.73905077500007,13.403023571000062],[38.73894871500005,13.402642553000021],[38.738902309000025,13.40258486600004],[38.73844812400006,13.402189920000069],[38.73833132100003,13.402095983000038],[38.738050902000055,13.401966839000067],[38.73765334400008,13.401791239000033],[38.73734959400008,13.401615727000035],[38.73684736200005,13.401346192000062],[38.73677858600007,13.401150581000024],[38.73680324600008,13.401035319000073],[38.73698226700003,13.400725799000043],[38.737279072000035,13.400371196000037],[38.73750546000008,13.400016521000055],[38.73785163800005,13.399396355000022],[38.737971393000066,13.39915572700005],[38.738127045000056,13.398823579000066],[38.73821287900006,13.398455192000029],[38.73811053800006,13.398074174000044],[38.73791372000005,13.397773319000066],[38.73756613900008,13.397298231000036],[38.73731174100004,13.396858285000064],[38.737070139000025,13.39634939900003],[38.73693223300006,13.396025993000023],[38.73665513200007,13.395504643000038],[38.73640233400005,13.394926799000075],[38.73631343900007,13.394396598000071],[38.736025813000026,13.393737337000061],[38.73581810200005,13.39337768100006],[38.735631855000065,13.39318081700003],[38.735294503000034,13.392867368000054],[38.735182604000045,13.392255772000055],[38.73553103000006,13.39141746100006],[38.73577056800008,13.390923771000075],[38.73603282700003,13.39047757700007],[38.73634373700003,13.389892404000022],[38.73662872800003,13.389526494000052],[38.736879126000076,13.389114194000058],[38.737439797000036,13.388174377000041],[38.73755291800006,13.387391199000035],[38.73767565400004,13.386793402000023],[38.73797538700006,13.386127965000071],[38.738820014000055,13.384948816000076],[38.739342839000074,13.38429717200006],[38.73998185900007,13.383749647000059],[38.74057219200006,13.383385156000031],[38.74129179200003,13.383034380000026],[38.741610011000034,13.38289906500006],[38.742497110000045,13.382192405000069],[38.74275966300007,13.381733779000058],[38.74291724900007,13.381193654000072],[38.742921470000056,13.380744931000038],[38.74285657000007,13.380168422000054],[38.74264955900003,13.379694613000026],[38.74233657900004,13.379264780000028],[38.74185939800003,13.378812177000043],[38.74094621000006,13.378551267000034],[38.74047696000008,13.378512360000059],[38.73973821300007,13.378413266000052],[38.73912848000003,13.378316572000074],[38.73783888600008,13.378109514000073],[38.73753675100005,13.377796123000053],[38.73738801800005,13.377357407000034],[38.73742681700003,13.376977665000027],[38.73758240900003,13.37667942400003],[38.73801441400008,13.375658091000048],[38.73831313800008,13.375106820000042],[38.73848190700005,13.374636784000074],[38.73869937500007,13.37397013900005],[38.738764450000076,13.373302198000033],[38.73865188600007,13.372771964000037],[38.73836458400007,13.372101417000067],[38.73804073800005,13.371591317000025],[38.737562954000055,13.371183919000032],[38.73700187500003,13.370949361000044],[38.73620395100005,13.370885233000024],[38.73534743000005,13.370831218000035],[38.734690632000024,13.370768363000025],[38.733742292000045,13.370483659000058],[38.733440847000054,13.370090013000038],[38.73294159100004,13.368218833000071],[38.73276450000003,13.367077057000074],[38.732705863000035,13.365809933000037],[38.73267916800006,13.36489888400007],[38.73257053900005,13.363953840000022],[38.73254184800004,13.363274495000041],[38.73268921600004,13.362584049000077],[38.733234723000066,13.36200139400006],[38.73369506800003,13.361705736000033],[38.733836867000036,13.361614338000038],[38.73449494500005,13.361539296000046],[38.73513886200004,13.361752464000062],[38.73590094700006,13.361840289000043],[38.735995056000036,13.361817785000028],[38.736266503000024,13.361658696000063],[38.736679743000025,13.361420631000044],[38.736715272000026,13.361385631000076],[38.737439108000046,13.360551093000026],[38.73755819200005,13.360379418000036],[38.73761773200005,13.36029921900007],[38.737810178000075,13.359805486000027],[38.73816749900004,13.359232792000057],[38.73837176100005,13.358750367000027],[38.73848097800004,13.358360530000027],[38.738665498000046,13.357451957000023],[38.73853510600003,13.356332835000046],[38.738294550000035,13.355686050000031],[38.73793617000007,13.35510696700004],[38.737587362000056,13.354747175000057],[38.73683251400007,13.353864759000032],[38.73643800200006,13.35334328600004],[38.73624349500005,13.352811845000076],[38.736223722000034,13.352419606000069],[38.73629837500005,13.35197095500007],[38.73632632700003,13.35147592100003],[38.73635161900006,13.351304140000025],[38.73723668300005,13.350793034000048],[38.73779171900003,13.350440955000067],[38.73855995200006,13.349870954000039],[38.739269267000054,13.349347223000052],[38.740260559000035,13.348791001000052],[38.74126271700004,13.34832747300004],[38.74273731400007,13.347545684000067],[38.74332982000004,13.346951748000038],[38.74401511600007,13.346473193000065],[38.74468822600005,13.346053402000052],[38.74530216200003,13.345655023000063],[38.74587031600004,13.345152613000039],[38.74614530000008,13.34462503800006],[38.746471901000064,13.343591145000062],[38.74657055800003,13.343062263000036],[38.74642569000008,13.342231345000073],[38.746258434000026,13.341297552000071],[38.74628831100006,13.340594535000037],[38.74699579400004,13.34012616900003],[38.74714241500004,13.339817746000051],[38.74725031600008,13.339571442000022],[38.747456224000075,13.339136483000061],[38.747284738000076,13.33865933100003],[38.74696394700004,13.338280358000077],[38.74644657700003,13.337979179000058],[38.746089176000055,13.337854495000045],[38.745583063000026,13.33754089000007],[38.744861196000045,13.337420358000031],[38.74374811400003,13.337510783000027],[38.74290965400007,13.337117725000041],[38.74246522900006,13.336882169000035],[38.741925328000036,13.33660469800003],[38.741482861000065,13.336414347000073],[38.74097144000007,13.335962837000068],[38.74059517300003,13.33566632700007],[38.740472691000036,13.335244603000035],[38.74049670200003,13.334655738000038],[38.740534496000066,13.334124536000047],[38.74054414700004,13.333178485000076],[38.740767308000045,13.332282384000052],[38.74089831900005,13.331735453000022],[38.74123692200004,13.331076834000044],[38.74144483400005,13.330387572000063],[38.74173667100007,13.329742460000034],[38.741738386000065,13.329489282000054],[38.74177842300003,13.329014593000068],[38.74197592000007,13.328361477000044],[38.74216635400006,13.327823653000053],[38.742283841000074,13.327230364000059],[38.74231208000003,13.32645726900006],[38.74227130300005,13.325721409000039],[38.74204998300007,13.325177500000052],[38.74191654200007,13.324479973000052],[38.74175268600004,13.323897704000046],[38.74156968800003,13.32313343100003],[38.74149593200008,13.32275584000007],[38.741301142000054,13.321692031000055],[38.741183471000056,13.321097373000043],[38.74131982500006,13.320677032000049],[38.74141759200006,13.320177540000032],[38.74143033900003,13.319311751000043],[38.74169202600007,13.318794333000028],[38.74219479100003,13.318129100000021],[38.74255391100007,13.31769994800004],[38.743373501000065,13.317021460000035],[38.74411703800007,13.316507933000025],[38.745632568000076,13.315294377000043],[38.74615108300003,13.314732006000042],[38.74635077600004,13.314434942000048],[38.74635871000004,13.313743205000037],[38.74637056600005,13.313443684000049],[38.746484105000036,13.312747535000028],[38.74646249600005,13.311607030000062],[38.74616067800008,13.310512607000021],[38.746020464000026,13.30994166000005],[38.74538093800004,13.309518289000039],[38.74481519300008,13.30918315100007],[38.744218457000045,13.308954233000065],[38.74364875300006,13.308815758000037],[38.743013132000044,13.308794773000045],[38.74238766600007,13.308727453000074],[38.74142168100008,13.308974005000039],[38.74062102100004,13.30923655500004],[38.73967364300006,13.309355394000022],[38.73903493900008,13.309254144000022],[38.73840357300003,13.309037612000054],[38.73810366200007,13.308888096000032],[38.737700707000045,13.308501118000038],[38.73726257900006,13.307827006000025],[38.73694725800004,13.306986868000024],[38.73654265500005,13.306265316000065],[38.73655513800003,13.305388221000044],[38.737357548000034,13.304572971000027],[38.73835309100008,13.304187435000074],[38.73939003900006,13.303661777000059],[38.74056187800005,13.303268506000052],[38.74188097000007,13.303042650000066],[38.742717654000046,13.302801614000032],[38.74358504500003,13.302444187000049],[38.744109138000056,13.30231925000004],[38.74456256700006,13.301898105000078],[38.74477239600003,13.301554708000026],[38.74485354500007,13.300929731000053],[38.74487895000004,13.300087675000043],[38.74485989600004,13.29871660200007],[38.745036011000025,13.297222519000059],[38.745640982000054,13.296171947000062],[38.746142287000055,13.295472786000062],[38.74645264800006,13.294998373000055],[38.74658278000004,13.294428825000068],[38.74670280500004,13.293593650000048],[38.74670255700005,13.29299459200007],[38.74531882300005,13.29218617600003],[38.744607538000025,13.29172995500005],[38.743969753000044,13.29135291800003],[38.74323790200003,13.29097805200007],[38.74247651600007,13.290443782000068],[38.74180608100005,13.289837258000034],[38.74095655800005,13.289157085000056],[38.74058770000005,13.288745275000053],[38.74012847200004,13.288129924000032],[38.73926551300008,13.286815627000067],[38.738823739000054,13.286338184000044],[38.73835410400005,13.285756726000045],[38.73808380300005,13.285456924000073],[38.73767049300005,13.284816755000065],[38.737698730000034,13.284043648000022],[38.73797308700006,13.283248193000077],[38.73813793100004,13.282066071000031],[38.73780120400005,13.281572909000033],[38.737374912000064,13.281197212000052],[38.73674898300004,13.280819048000069],[38.73623118300003,13.28050541400006],[38.73539662400003,13.279905490000033],[38.73463499700006,13.279371187000038],[38.73397559400007,13.278740921000065],[38.73359101200003,13.278226232000065],[38.733217498000045,13.277100059000077],[38.73294640100005,13.27648828100007],[38.732794488000025,13.275318256000048],[38.73255863300005,13.274405860000059],[38.73273813900005,13.27329269300003],[38.73338054100003,13.272298698000043],[38.73395812000007,13.271745457000065],[38.734578259000045,13.270786464000025],[38.73486298500006,13.270256657000061],[38.73506048200005,13.26930401800007],[38.734765184000025,13.268669614000032],[38.73449153400003,13.268289544000027],[38.73395263800006,13.268034662000048],[38.73371391500007,13.267639942000073],[38.733567823000044,13.26721931700007],[38.733581155000024,13.26636594300004],[38.733938773000034,13.266189989000054],[38.73461992400007,13.265886656000077],[38.73521825600005,13.265862407000043],[38.73590695400003,13.266042838000033],[38.73666265500003,13.26642679500003],[38.737307144000056,13.266678391000028],[38.73779224800006,13.267062055000054],[38.73820051200005,13.267276109000022],[38.73870870600007,13.267647370000077],[38.73916819900006,13.267974495000033],[38.73981045000005,13.268168444000025],[38.74052732600006,13.268173684000033],[38.74127150900006,13.26827051600003],[38.741982472000075,13.26841478600005],[38.74280292700007,13.268958164000026],[38.74407984800007,13.269149342000048],[38.74491694000005,13.269518662000053],[38.74590810700005,13.26931845300004],[38.746421129000055,13.269216110000059],[38.746717380000064,13.26868629200004],[38.747409223000034,13.268346758000064],[38.74786877500003,13.267786580000063],[38.74848517300006,13.267323763000036],[38.749429020000036,13.266825107000045],[38.75024446100008,13.266642792000027],[38.75081493000005,13.266504319000035],[38.75133190400004,13.266207550000047],[38.75220535200003,13.265711074000023],[38.75299151100006,13.265379524000025],[38.75339809900004,13.265260100000035],[38.75398378300008,13.264913658000069],[38.75472825200006,13.264722232000054],[38.75498869900008,13.264768826000022],[38.75565488800004,13.264972915000044],[38.75648185400007,13.26478947000004],[38.75737584600006,13.264512271000058],[38.75757210200004,13.264423159000046],[38.75823914500006,13.264050793000024],[38.759046682000076,13.263672900000074],[38.75941666800003,13.263519534000068],[38.76021490800008,13.263498803000061],[38.760511386000076,13.263568037000027],[38.76115167900008,13.264002676000075],[38.761656248000065,13.26428233100006],[38.76208395000003,13.264403677000075],[38.76267073500003,13.264379353000038],[38.763628349000044,13.264226527000062],[38.76404563600005,13.264082234000057],[38.76457355900004,13.263761714000054],[38.764852321000035,13.263382185000069],[38.76501673900003,13.262786665000021],[38.76502095700005,13.262302899000076],[38.76499702600006,13.261993166000025],[38.764629581000065,13.261615309000035],[38.76415514400003,13.261507488000063],[38.76329805200004,13.261230901000033],[38.76310631000007,13.261134646000073],[38.76285796900004,13.26079984300003],[38.76278307800004,13.260387218000062],[38.76304238800003,13.260111665000068],[38.76399267200003,13.260074110000062],[38.76443669100007,13.260010084000044],[38.76496462000006,13.259987978000026],[38.76583042500005,13.25929702600007],[38.76623333300006,13.259084901000051],[38.76693047500004,13.258583674000022],[38.76737676100004,13.258577295000066],[38.768454828000074,13.257911399000022],[38.76925868600006,13.258029685000054],[38.770149281000045,13.25825881000003],[38.77057302900005,13.258276146000071],[38.77086444300005,13.258217628000068],[38.771668841000064,13.257759450000037],[38.77239158900005,13.25731475200007],[38.772598526000024,13.257203036000021],[38.772946545000025,13.257385322000061],[38.773336811000036,13.257738326000037],[38.77384980700003,13.257637057000068],[38.774252414000046,13.257125382000027],[38.77466825000005,13.256647628000053],[38.775365934000035,13.256157694000024],[38.77571053100007,13.255660670000054],[38.77627250000006,13.255315275000044],[38.776680476000024,13.255229733000021],[38.777166701000056,13.254748646000053],[38.77735785600004,13.254534058000047],[38.77770753100003,13.254162492000034],[38.77797557200006,13.25410507600003],[38.77843366600007,13.254098696000028],[38.778927227000054,13.254101374000072],[38.77918569600007,13.25410273700004],[38.77956264100004,13.253234986000052],[38.780119822000074,13.253062527000054],[38.78053797800004,13.253529704000073],[38.78092908900004,13.253905300000042],[38.78145620500004,13.254460738000034],[38.78191372500004,13.254441916000076],[38.78239292400008,13.254077233000032],[38.78260547100007,13.25380387000007],[38.78330734900004,13.253429217000075],[38.783950694000055,13.253357418000064],[38.784545896000054,13.25325280800007],[38.785096054000064,13.253195622000021],[38.785850882000034,13.252970196000035],[38.786429170000076,13.252738971000042],[38.78689626400006,13.252662498000063],[38.78771225600008,13.253090430000043],[38.788558081000076,13.253379362000032],[38.788938760000065,13.253490449000026],[38.78968342500008,13.253010681000035],[38.79027576400006,13.25253757300004],[38.790484107000054,13.25245975200005],[38.79095402400003,13.252452229000028],[38.79111424200005,13.252642245000061],[38.79148256700006,13.253042677000053],[38.79159916900005,13.25331404800005],[38.79182644000008,13.253708715000073],[38.79228257900007,13.253955492000046],[38.792852194000034,13.254093857000043],[38.79322188300006,13.254228660000024],[38.79329230900004,13.254524854000067],[38.79343991400003,13.254980494000051],[38.793825671000036,13.255229470000074],[38.79421754100008,13.254741496000065],[38.794316913000046,13.254576554000039],[38.794596410000054,13.253918938000027],[38.79487598700007,13.253862643000048],[38.795229911000035,13.253893447000053],[38.79548809600004,13.253883478000034],[38.79603631100008,13.25408059700004],[38.796705528000075,13.253765772000065],[38.796761229000026,13.253393955000035],[38.79689711100008,13.25267404400006],[38.79693052300007,13.252038841000058],[38.797664000000054,13.252159232000054],[38.79825225400003,13.252768936000052],[38.79852231000007,13.253058509000027],[38.79921639200006,13.25337554600003],[38.79982958700003,13.25313187300003],[38.800454039000044,13.252875782000046],[38.80119080600008,13.252489782000055],[38.80178906000003,13.252165869000066],[38.802518579000036,13.252193555000076],[38.80288912100008,13.25235208600003],[38.80340022200005,13.252792168000042],[38.804044082000075,13.252432099000032],[38.80492269500007,13.25177380100007],[38.80519424200003,13.250921754000046],[38.805388951000054,13.250198504000025],[38.80558145200007,13.249718267000048],[38.80583991700007,13.249719585000037],[38.80637376100003,13.249847725000052],[38.80703768500007,13.249994037000022],[38.80740478300004,13.249771642000042],[38.80764882900007,13.249404474000073],[38.80810877600004,13.24885549000004],[38.80849975500007,13.248344881000037],[38.809017984000036,13.247781245000056],[38.80933846100004,13.24816127300005],[38.80945450400003,13.248421329000053],[38.809836605000044,13.248567424000044],[38.81036252800004,13.248499998000057],[38.810731546000056,13.248023278000062],[38.81126357100004,13.247518427000045],[38.81175474200006,13.246864336000044],[38.81207978900005,13.246171696000033],[38.812367160000065,13.245722044000047],[38.81343368300003,13.24446818000007],[38.814176503000056,13.243642458000068],[38.814968048000026,13.242861993000076],[38.81540771500005,13.242394363000074],[38.81601583100007,13.242323587000044],[38.81658373000005,13.242415553000058],[38.81730471700007,13.242225046000044],[38.817370856000025,13.242118850000054],[38.81774629800003,13.241516657000034],[38.818223413000055,13.241104430000064],[38.81885375300004,13.24099863400005],[38.81924881000003,13.241178623000053],[38.819582542000035,13.24159142600007],[38.819939559000034,13.241703598000072],[38.820621748000065,13.241722152000023],[38.82089705200008,13.241550535000044],[38.82094760700005,13.241052103000072],[38.82085874300003,13.240295862000039],[38.82080202000003,13.239755530000025],[38.820892585000024,13.239372425000056],[38.82142662500007,13.239212294000026],[38.82168358300004,13.238879029000032],[38.82174881200007,13.238449553000066],[38.82178045100005,13.237768000000074],[38.821910744000036,13.23749794500003],[38.82253173200007,13.23716154300007],[38.823301213000036,13.237303367000038],[38.82365065500005,13.237519495000072],[38.82421408300007,13.237796808000041],[38.82449647000004,13.23780830800007],[38.824891154000056,13.237688770000034],[38.825391987000046,13.237576082000032],[38.825919863000024,13.237554960000068],[38.82650969900004,13.237611881000078],[38.82719074000005,13.237595389000035],[38.827794106000056,13.237697531000038],[38.828123591000065,13.23800744700003],[38.828407758000026,13.238353518000054],[38.82882568000008,13.238820617000044],[38.829135490000056,13.239223216000028],[38.829352388000075,13.239651753000032],[38.829979696000066,13.23976519300004],[38.83077182400007,13.239294382000026],[38.83110292600003,13.239351121000027],[38.831426177000026,13.239499403000025],[38.831533172000036,13.239528864000022],[38.83195264300008,13.239443230000063],[38.832561885000075,13.239395027000057],[38.83268969400007,13.239355555000031],[38.83311077500008,13.239015616000074],[38.833580676000054,13.239007997000044],[38.83390526200003,13.238903094000023],[38.83442490600004,13.238673981000034],[38.834853191000036,13.23791920800005],[38.83539527200003,13.237366829000052],[38.83563339700004,13.23714996600006],[38.83624452400005,13.236859869000057],[38.83697465000006,13.23631212600003],[38.83784489900006,13.235446867000064],[38.83856207200006,13.23486407300004],[38.83929815700003,13.234465553000064],[38.84004521900005,13.23404326800005],[38.84103151700003,13.233439172000033],[38.84182956600006,13.233118658000024],[38.842845468000064,13.232662632000029],[38.84376194400005,13.23207203800007],[38.84401358200006,13.231900389000032],[38.84421383000006,13.23132743900004],[38.84435240800008,13.230676467000023],[38.844411715000035,13.230397310000058],[38.84452692700006,13.229747453000073],[38.844574315000045,13.22916876100004],[38.84468650400004,13.228738177000025],[38.84468629100007,13.228150409000023],[38.844739539000045,13.227421400000026],[38.84487566100006,13.227000998000051],[38.84529433000006,13.226303851000068],[38.845906177000074,13.225737926000022],[38.846794137000074,13.225021845000072],[38.84747266100004,13.224359888000038],[38.848003704000064,13.223831215000075],[38.848325430000045,13.223646030000054],[38.849003012000026,13.223549225000056],[38.84936446800003,13.22347710300005],[38.84963387500005,13.223454649000075],[38.850253199000065,13.223371371000042],[38.85056712700003,13.222702405000064],[38.85055878800006,13.22219489300005],[38.85059631200005,13.22166366700003],[38.850651077000066,13.221269215000063],[38.85136031800005,13.220790382000075],[38.851941889000045,13.220640390000028],[38.85219407000005,13.22048002200006],[38.85239430000007,13.21990706400004],[38.852283398000054,13.219185867000022],[38.85227401900005,13.218955271000027],[38.85270204200003,13.218488698000044],[38.853427303000046,13.218701611000029],[38.85372933600007,13.218620402000056],[38.854152053000064,13.218314329000066],[38.85464033400007,13.217891862000045],[38.855190167000046,13.217246774000046],[38.85565320000006,13.217066187000057],[38.85663024200005,13.21681919200006],[38.85745754200008,13.216647843000032],[38.857733659000075,13.216497668000045],[38.85828859600008,13.21598029300003],[38.858454024000025,13.215707978000069],[38.858733424000036,13.21535095400003],[38.858811408000065,13.214655855000046],[38.85925702500003,13.214638007000076],[38.86006693500008,13.214616978000038],[38.86071300000003,13.214613942000028],[38.86159970500006,13.214450529000032],[38.862219734000064,13.214091417000077],[38.862700422000046,13.21377179500007],[38.86327598500003,13.213472575000026],[38.86390255400005,13.213273967000077],[38.86456913600006,13.213200855000025],[38.86507560000007,13.213225985000065],[38.86575099200007,13.213372151000044],[38.86611311900003,13.213610839000069],[38.86679877200004,13.214009070000031],[38.86730705600007,13.214380078000033],[38.86790893300008,13.215035976000024],[38.86802686400006,13.215630583000063],[38.86801785400007,13.216288424000027],[38.86829320600003,13.217002922000063],[38.86866529900004,13.217494805000058],[38.869325021000066,13.218412959000034],[38.869872342000065,13.219175069000073],[38.87034403500007,13.219513273000075],[38.87075545300007,13.21980737000007],[38.87121305800008,13.220089045000066],[38.87173033800008,13.22038997200002],[38.87210716100003,13.220697606000044],[38.87258698800008,13.220943122000051],[38.87328647900006,13.221398993000037],[38.87381174400008,13.221896583000046],[38.874223468000025,13.22220197200005],[38.87482823600004,13.222339041000055],[38.87498452700004,13.222425018000024],[38.87523455000007,13.22250652200006],[38.87602666500004,13.22292399500003],[38.876386109000066,13.223393249000026],[38.87670024600004,13.22389978700005],[38.877430109000045,13.224226797000028],[38.87786421200008,13.224210051000057],[38.87828649100004,13.224192168000059],[38.878556745000026,13.224193426000056],[38.878878873000076,13.224317916000075],[38.87922079000003,13.22463908800006],[38.87983384000006,13.224982990000058],[38.88044888300004,13.225372106000066],[38.880834684000035,13.225622099000077],[38.881384049000076,13.225841630000048],[38.88194011100006,13.225934566000035],[38.88230840600005,13.22603421100007],[38.88281160100007,13.22627858900006],[38.882995540000024,13.226467439000032],[38.88334829900003,13.227064406000068],[38.88357185000007,13.227654526000038],[38.88388500100007,13.227849074000062],[38.88442781500004,13.227908118000073],[38.88499428700004,13.227964885000063],[38.88543165900006,13.227740147000077],[38.88639518200006,13.227446689000033],[38.88692888000003,13.227862883000057],[38.88749420900007,13.22789817100005],[38.888405886000044,13.228068122000025],[38.888929906000044,13.228243550000059],[38.889824342000054,13.228275587000041],[38.89076521900006,13.228295204000062],[38.891177801000026,13.228036538000026],[38.89145786700004,13.227402545000075],[38.89178666300006,13.226812665000068],[38.89211903200004,13.22660369700003],[38.89272154200006,13.226681944000063],[38.89338717600003,13.226874386000077],[38.89405280300008,13.22706566900007],[38.89440914700003,13.227454653000052],[38.894795103000035,13.22740507900005],[38.89505353700008,13.227406315000053],[38.89583967300007,13.227085626000076],[38.89608216700003,13.227272222000067],[38.89636584700003,13.227605782000069],[38.89663542000005,13.227882817000022],[38.89677006800008,13.228016246000038],[38.897055883000064,13.22810792000007],[38.89741903300006,13.228082074000042],[38.89766677700004,13.228105906000053],[38.89822771300004,13.228325415000029],[38.89870088500004,13.228697476000036],[38.89913704000003,13.229313668000032],[38.89952316000006,13.229563625000026],[38.899980235000044,13.22983281200004],[38.900367206000055,13.230105370000047],[38.90080348500004,13.230433338000068],[38.90105724800003,13.230607507000059],[38.90159081500008,13.230724133000024],[38.90251416800004,13.230605798000056],[38.90328436300007,13.230470456000035],[38.903625985000076,13.230202698000028],[38.903776976000074,13.229862531000038],[38.90384232800005,13.229445467000062],[38.903860837000025,13.229317748000028],[38.903959832000055,13.229151632000026],[38.90435886600005,13.228847726000026],[38.904717908000066,13.229006105000053],[38.90520675400006,13.229181487000062],[38.90579362200003,13.229457500000024],[38.90643093800003,13.229823959000043],[38.90705757600006,13.23021301500006],[38.90759810600008,13.230214341000021],[38.908030042000064,13.229850531000068],[38.90812429300007,13.229270722000024],[38.90828520500003,13.228594841000074],[38.90875232500008,13.228231053000059],[38.909158681000065,13.228398481000056],[38.909558452000056,13.228405400000042],[38.910150686000065,13.228231548000053],[38.91060683100005,13.227890345000048],[38.91099516500003,13.227609036000047],[38.91125943800006,13.227459929000076],[38.91165263100004,13.227305208000075],[38.912027427000055,13.226978678000023],[38.912221600000066,13.226844232000076],[38.91242644600004,13.226674759000048],[38.912705678000066,13.226605899000049],[38.91307397800006,13.226705500000037],[38.91340278800004,13.226703343000054],[38.91368546100006,13.226714745000038],[38.914303809000046,13.226898070000061],[38.91462271100005,13.227230484000074],[38.91500473100007,13.227675959000067],[38.91552571100004,13.228357709000022],[38.91579388300005,13.228599685000063],[38.91625582200004,13.22898527500007],[38.91687713600004,13.228948180000032],[38.91735854700005,13.228939290000028],[38.91799911900006,13.229086446000053],[38.91853841600005,13.229352238000047],[38.919054069000026,13.22960785500004],[38.91955864700003,13.230175431000077],[38.91991504500004,13.231440371000076],[38.921031321000044,13.232316709000031],[38.92088702800004,13.232530301000054],[38.92087034900004,13.233279690000074],[38.92103638700007,13.233607539000047],[38.92137723700006,13.23390491300006],[38.921726189000026,13.234109610000075],[38.92213427000007,13.234323362000055],[38.92228390900004,13.234535906000076],[38.922591571000055,13.234880751000048],[38.923049164000076,13.235450565000065],[38.923184029000026,13.23588238800005],[38.92335092500008,13.236232838000035],[38.92373850700005,13.236516667000046],[38.92445206900004,13.236730497000053],[38.924781377000045,13.237027872000056],[38.925117570000054,13.237498190000053],[38.925608649000026,13.238019406000035],[38.92622731500006,13.238213999000038],[38.92683510200004,13.238131661000068],[38.92726570600007,13.238320549000036],[38.927798729000074,13.238425815000028],[38.928341586000045,13.238484748000076],[38.92901451700004,13.238560670000027],[38.92954439700003,13.23858567800005],[38.93034712800005,13.238679716000036],[38.93115845900007,13.238980604000062],[38.93181498700005,13.238942343000076],[38.93275691400004,13.239572187000022],[38.93306192500006,13.240147591000039],[38.93375930600007,13.24053321200006],[38.93400663700004,13.241134609000028],[38.93473376400004,13.241392508000047],[38.935205376000056,13.241431055000021],[38.93563865200008,13.241390479000074],[38.93608058500007,13.241279818000066],[38.936609618000034,13.24128220800003],[38.937534276000065,13.24177411900007],[38.93845765400005,13.241655664000064],[38.93911927400006,13.242032223000024],[38.939614402000075,13.242657398000063],[38.94050739000005,13.24294358000003],[38.94119532800005,13.243099725000036],[38.94157512700008,13.243487510000023],[38.94222866300004,13.243956729000047],[38.94311959000004,13.24448479800003],[38.943968796000036,13.244565238000064],[38.94505028800006,13.244279501000051],[38.94545159000006,13.244032052000023],[38.94627755600004,13.243537146000051],[38.94681933700008,13.243272770000033],[38.94751026200004,13.242921383000066],[38.94828598500004,13.24263669800007],[38.94888166900006,13.242543001000058],[38.94974591400006,13.242415446000052],[38.950351983000076,13.242286708000051],[38.95134545700006,13.242153525000049],[38.951787968000076,13.242055273000062],[38.95237038500005,13.24192765500004],[38.952950789000056,13.241753693000021],[38.95367396700004,13.241620450000028],[38.954241927000055,13.241712102000065],[38.95491143000004,13.241707703000031],[38.955600281000045,13.241599310000026],[38.95636589000003,13.241348517000063],[38.95693733500008,13.241244621000021],[38.957279148000055,13.241265031000069],[38.95768728000007,13.241478726000025],[38.958260739000025,13.241421170000024],[38.95905660100004,13.241342176000046],[38.959754403000034,13.241163697000047],[38.96057712100003,13.240876724000032],[38.96083299000003,13.240808947000062],[38.961255841000025,13.240974035000022],[38.96108603400006,13.240382860000068],[38.96092280900007,13.240125123000041],[38.96071170500005,13.239844767000022],[38.96009970800003,13.239236560000052],[38.959910871000034,13.238632946000052],[38.959811467000065,13.237923093000063],[38.95912186800007,13.237432420000061],[38.95855942500003,13.237179136000066],[38.95804572900005,13.236968815000068],[38.95713229800003,13.236464544000057],[38.95671063700007,13.236205631000075],[38.95633282800003,13.235875510000028],[38.95616037600007,13.235675418000028],[38.956018795000034,13.235369079000066],[38.95604513400008,13.234861567000053],[38.95622152800007,13.233988994000072],[38.95619511500007,13.233333413000025],[38.95609778100004,13.232380531000047],[38.956221138000046,13.23136100000005],[38.95626303600005,13.230945058000032],[38.956387531000075,13.229948140000033],[38.95640577100005,13.229533314000037],[38.95635202600005,13.228485501000023],[38.95653162800005,13.227407209000035],[38.956453872000054,13.226648744000045],[38.95720713700007,13.225800010000057],[38.958357575000036,13.224899336000021],[38.95893190900006,13.224576150000075],[38.95934125100007,13.224237121000044],[38.95961674000006,13.22407552900006],[38.95998055600006,13.223484428000063],[38.96020504100005,13.222934000000066],[38.96025478200005,13.22212470200003],[38.960144135000064,13.22142614300003],[38.95999490400004,13.220348926000042],[38.95981331100006,13.219630021000057],[38.95954237600006,13.218454448000045],[38.95924492800003,13.217198608000047],[38.958993589000045,13.21620615300003],[38.95876532200003,13.215212564000069],[38.95880903400007,13.214254057000062],[38.95896606800005,13.213486602000046],[38.95977236300007,13.212509002000047],[38.96072219400003,13.212170054000069],[38.96158661000004,13.212042459000031],[38.962677419000045,13.211997406000023],[38.96375986100003,13.21203372900004],[38.96461388300003,13.211941161000027],[38.965741036000054,13.21191758200007],[38.96644477800004,13.21188941400004],[38.96793966600006,13.211955164000074],[38.968691284000045,13.21194734900007],[38.969895751000024,13.211805072000061],[38.97078956400003,13.211826649000045],[38.97192422300003,13.21169905000005],[38.97312867800008,13.21155675700004],[38.974035220000076,13.211312703000033],[38.97538996700007,13.210818885000037],[38.97567205900003,13.210530689000052],[38.97632311000007,13.20977795500005],[38.97682125400007,13.209307781000064],[38.97760348300005,13.208895289000054],[38.978612672000054,13.208577753000043],[38.979167938000046,13.207782059000067],[38.97970414400004,13.207379708000076],[38.98047018700004,13.207152565000058],[38.98140035200004,13.206906228000037],[38.98186528100007,13.206784182000035],[38.982872720000046,13.20670739700006],[38.983547903000044,13.206553714000052],[38.98427241300004,13.206454293000036],[38.98532945300008,13.20644530900006],[38.98626361400005,13.20659117200006],[38.987052712000036,13.206639817000053],[38.98798167800004,13.206947317000072],[38.98879557200007,13.207316969000033],[38.989366619000066,13.207489925000061],[38.990030551000075,13.207635763000042],[38.990588341000034,13.207773686000053],[38.99160269200007,13.207870929000023],[38.992444876000036,13.207778267000037],[38.99344163500007,13.207726302000026],[38.99418200200006,13.207729709000034],[38.99505446000006,13.207808850000049],[38.99639098000006,13.20744264700005],[38.997425530000044,13.207458484000028],[38.99867148300007,13.207764810000072],[38.99962872700007,13.207898197000077],[39.000237293000055,13.207838288000062],[39.00084122900006,13.207951318000028],[39.00138172000004,13.207952445000046],[39.00191990600007,13.207895931000053],[39.00259508600004,13.207452835000026],[39.00312922100005,13.207004091000044],[39.003689320000035,13.206912525000064],[39.00438526600004,13.206975812000053],[39.00506275200007,13.206878593000056],[39.00537395300006,13.206727127000022],[39.005860504000054,13.206557564000036],[39.006280427000036,13.206482960000073],[39.00688292600006,13.206273834000058],[39.00723997000006,13.206097495000051],[39.00773834900008,13.205926798000064],[39.008132024000076,13.205784364000067],[39.00861713200004,13.205579767000074],[39.009310181000046,13.205285853000078],[39.00963549900007,13.205192023000052],[39.01062068900006,13.204574832000048],[39.01079171300006,13.204441450000047],[39.011231820000035,13.203997211000058],[39.01148299600004,13.203524730000026],[39.011703037000075,13.203158494000036],[39.011757543000044,13.203053367000052],[39.01199112300003,13.202444112000023],[39.012363425000046,13.201771562000033],[39.01270601300007,13.200950932000069],[39.012844132000055,13.200588089000064],[39.01294705600003,13.19964992000007],[39.013045626000064,13.198607758000037],[39.01309404300008,13.197775836000062],[39.013134093000076,13.197025298000028],[39.01322344100004,13.196041915000023],[39.01349304800004,13.19515460100007],[39.01379438400005,13.194185902000072],[39.01402159100007,13.193416139000021],[39.014237845000025,13.192668980000064],[39.01459136500006,13.19182461400004],[39.014706997000076,13.191485513000032],[39.014850039000066,13.191249264000021],[39.01492901200004,13.19058915200003],[39.01494772700005,13.190184497000075],[39.01492348700003,13.189874793000058],[39.014856835000046,13.189393279000058],[39.01506904100006,13.188543264000032],[39.01502342200007,13.187703439000074],[39.01503638200006,13.18744911400006],[39.01527628100007,13.186701952000021],[39.015724394000074,13.185875663000047],[39.01610993000003,13.18523814300005],[39.01712905100004,13.184584748000077],[39.017433856000025,13.18428405900005],[39.01814987800003,13.18368946000004],[39.018493904000024,13.183480325000062],[39.019173608000074,13.183152476000032],[39.01991531700003,13.182902623000075],[39.02056994800006,13.182817791000048],[39.02171367500006,13.182632329000057],[39.02248220600006,13.182462719000057],[39.023276993000025,13.182360913000025],[39.02392008500004,13.182287388000077],[39.02459893500003,13.182225155000026],[39.02526799100008,13.18220926500004],[39.02583612500007,13.18231206400003],[39.02665024600003,13.18239449300006],[39.02732562800003,13.182250870000075],[39.027964387000054,13.182063174000064],[39.028346190000036,13.181920710000043],[39.02893909100004,13.181769175000056],[39.029731551000054,13.181609717000072],[39.030294189000074,13.181575734000035],[39.03071262100008,13.18146605000004],[39.030967254000075,13.181374461000075],[39.03131590100003,13.181279471000039],[39.03180064700007,13.181063523000034],[39.03226464000005,13.18091765400004],[39.03275488400004,13.180839599000024],[39.033319264000056,13.180850823000071],[39.03407073500006,13.18055458300006],[39.03546982700004,13.17942520400004],[39.03583110200003,13.17906457500004],[39.036353881000025,13.17862819800007],[39.03710936500005,13.178135275000045],[39.037562587000025,13.177436656000054],[39.03778772900006,13.176908770000068],[39.03790038400007,13.176212477000036],[39.03791554400004,13.175428029000045],[39.037872797000034,13.17495669300007],[39.03789114400007,13.174253627000041],[39.03783710100004,13.173506496000073],[39.03795173000003,13.172568305000027],[39.038133336000044,13.172122928000022],[39.03845281300005,13.171890037000026],[39.038769158000036,13.171865119000074],[39.03908984700007,13.171956629000022],[39.04035272600004,13.172534029000076],[39.040382804000046,13.173053970000069],[39.04048637200003,13.173239331000048],[39.040937489000044,13.173911803000067],[39.04125044500006,13.174294934000045],[39.04198587800005,13.17471755300005],[39.04273227400006,13.175186513000028],[39.04328053900008,13.175514211000063],[39.044225373000074,13.176099562000047],[39.04429234000003,13.176457860000028],[39.04433650800007,13.176723483000046],[39.04432802000008,13.177599480000026],[39.04435639400003,13.178268629000058],[39.044373810000025,13.178891436000072],[39.04453110400004,13.179595593000045],[39.044866306000074,13.180117739000025],[39.045426693000024,13.180422837000037],[39.04551985100005,13.180481600000064],[39.04571799300004,13.18063302400003],[39.04590234900007,13.18099243100005],[39.045990119000066,13.181603919000054],[39.04634585600007,13.182402995000075],[39.04664531000003,13.182994102000066],[39.04688734800004,13.18343487900006],[39.04721412500004,13.183633753000038],[39.04755130800004,13.183936618000075],[39.04793494200004,13.184309560000031],[39.04825889500006,13.184796665000022],[39.04838470200008,13.185132349000071],[39.04835935300008,13.185305295000035],[39.048204819000034,13.185499738000033],[39.04765930100007,13.18608195400003],[39.047644941000044,13.186346448000052],[39.047752966000076,13.187281212000073],[39.04772451600007,13.187788726000065],[39.047497340000064,13.188201340000035],[39.04694842200007,13.189129428000058],[39.04658893100003,13.189874382000028],[39.04642930000006,13.19057633500006],[39.04588907500005,13.191803967000055],[39.045931266000025,13.19228886600007],[39.046122626000056,13.193109444000072],[39.04635873500007,13.194136865000075],[39.04662556000005,13.194462346000023],[39.04725126400007,13.195298669000067],[39.047353420000036,13.195634357000074],[39.04765291100006,13.196224332000043],[39.047893533000035,13.196791695000059],[39.04829800300007,13.197430263000058],[39.04898509100008,13.197978337000052],[39.04920548100006,13.198246184000027],[39.04930849700003,13.198511784000061],[39.04943233100005,13.199055447000035],[39.04974166000005,13.199830784000028],[39.04998287400008,13.200339385000063],[39.05011066700007,13.200490819000038],[39.050459990000036,13.200782372000049],[39.05087855000005,13.201179035000052],[39.051191274000075,13.201608497000052],[39.05143305000007,13.202071882000041],[39.051627272000076,13.202626825000038],[39.05317516200006,13.203955768000071],[39.05380373700007,13.204481238000028],[39.05421386200004,13.204543312000055],[39.05479964500006,13.204675441000063],[39.05543019000004,13.204992918000073],[39.05604581800003,13.205656280000028],[39.056568828000024,13.206179507000058],[39.05710564700007,13.206497010000021],[39.05787638700008,13.206907138000076],[39.05842783600008,13.206936403000043],[39.059625889000074,13.206844577000027],[39.06023927900003,13.206527941000047],[39.06139565900003,13.205904858000054],[39.06183591400003,13.205310194000049],[39.06234682000007,13.204680492000023],[39.062927254000044,13.20413327600005],[39.06334133200005,13.20382685800007],[39.06390881500005,13.20339380300004],[39.064454054000066,13.202869195000062],[39.06484532700006,13.20246897100003],[39.065824906000046,13.201926165000032],[39.06603770700008,13.20175542800007],[39.06673438300004,13.201335899000071],[39.067042050000055,13.201073588000042],[39.06803092200005,13.200783956000066],[39.06834844400004,13.200728490000074],[39.06888861600004,13.20068765800005],[39.06963542900007,13.20113393500003],[39.06993524400008,13.201689965000071],[39.07015991700007,13.202729801000032],[39.070189224000046,13.203328860000056],[39.070272309000075,13.204436552000061],[39.07075623600008,13.205340672000034],[39.071007362000046,13.206068535000043],[39.07107073800006,13.206784005000031],[39.07151780800007,13.207894984000063],[39.07225428300006,13.209377754000059],[39.072564819000036,13.210049078000054],[39.07287226300008,13.210997329000065],[39.07313103300004,13.212152442000047],[39.07320400300006,13.213098500000058],[39.07338504200004,13.213780026000052],[39.07328598300006,13.214310175000037],[39.07293836100007,13.215032549000057],[39.07268587600004,13.215640734000033],[39.072397660000036,13.216329181000049],[39.07222905700007,13.216765531000021],[39.07201288400006,13.217259543000068],[39.07216999700006,13.217987422000022],[39.07230207400005,13.218875812000022],[39.072742111000025,13.219503015000043],[39.07313793600008,13.219840866000027],[39.07403739600005,13.22028821500004],[39.07439635500003,13.220786582000073],[39.07458272100007,13.220926689000066],[39.07509567200003,13.22130067200004],[39.075374391000025,13.221603526000024],[39.075758120000046,13.221987712000043],[39.07612043700004,13.222141323000073],[39.076623236000046,13.222341244000063],[39.07709168900004,13.222449616000063],[39.07780619000005,13.222618942000054],[39.078403293000065,13.222774746000027],[39.07922307800004,13.222955352000042],[39.07973827600006,13.223110039000062],[39.080488513000034,13.22320927100003],[39.08104988300005,13.223422721000077],[39.08147160300007,13.223507368000071],[39.08186995700004,13.223580705000074],[39.08237247900007,13.223804347000055],[39.08272214900006,13.224073253000029],[39.08302480800006,13.224341034000076],[39.08356197200004,13.224622303000046],[39.08398313600003,13.224753290000024],[39.084123059000035,13.224847062000038],[39.08497777500003,13.225097713000025],[39.08562302100006,13.225138184000059],[39.08610328900005,13.225223924000034],[39.08644282000006,13.225319886000023],[39.08693492700007,13.225416927000026],[39.08718125200005,13.225419112000054],[39.087546366000026,13.225295779000021],[39.08805252900004,13.22516223100007],[39.08840582200003,13.225050207000038],[39.08875911500007,13.22493931200006],[39.08902991900004,13.224837483000044],[39.08934746800003,13.22478312100003],[39.089841516000035,13.224684611000043],[39.09011149300005,13.224675469000033],[39.09069901400005,13.224623269000062],[39.09107539400003,13.22453497500004],[39.09142839200007,13.224446680000028],[39.09179351600005,13.224334647000035],[39.09235738700005,13.224282451000022],[39.09277939300006,13.22435577300007],[39.093479589000026,13.224765818000037],[39.094062939000025,13.225128450000057],[39.09462266100007,13.225537404000022],[39.09506498800005,13.225922679000064],[39.09535361300004,13.226421041000037],[39.095464897000056,13.227032501000053],[39.09558607300005,13.227851936000036],[39.09559097400006,13.228567430000055],[39.09555818000007,13.22952368500006],[39.09570465400003,13.23015887300005],[39.09584181900004,13.230552168000031],[39.09614116400007,13.231131907000076],[39.09658406600005,13.231481011000028],[39.09680343000008,13.231864107000035],[39.09686882400007,13.232382895000057],[39.09702767700003,13.232926519000046],[39.09735207600005,13.23339095600005],[39.097584091000044,13.233657608000044],[39.09813007500003,13.23425082500006],[39.09858479500008,13.234589744000061],[39.09899195100007,13.234962589000077],[39.09936502100004,13.235231462000058],[39.09974742800006,13.235753524000074],[39.09999183000008,13.235974963000047],[39.10018977300007,13.236138789000051],[39.100399260000074,13.236313906000078],[39.10067913600005,13.236512729000026],[39.10084188500008,13.236664123000025],[39.10108573600007,13.236943221000047],[39.10127020200008,13.237290149000046],[39.10141975200003,13.237614507000046],[39.10159322100003,13.237881178000066],[39.10163941300004,13.237973848000024],[39.10185962200006,13.238264251000032],[39.101870062000046,13.238390843000047],[39.10197314800007,13.23866885700005],[39.10214352100007,13.239103960000023],[39.102184503000046,13.239167242000065],[39.10213970400008,13.239649905000022],[39.102079221000054,13.239834175000055],[39.10200717400005,13.240006006000044],[39.101836657000035,13.24061531500007],[39.101764340000045,13.240822193000042],[39.101598815000045,13.240935290000039],[39.101487434000035,13.241534399000045],[39.10109228500005,13.242325784000059],[39.100949298000046,13.242542857000046],[39.10074553800007,13.242979238000032],[39.10056625400006,13.243311624000057],[39.10017387800008,13.243826073000037],[39.09972236300007,13.244375581000043],[39.09955546800006,13.244639006000057],[39.09935142100005,13.245097998000062],[39.09919551300004,13.245465412000044],[39.09887379200006,13.245945922000033],[39.09859907600003,13.246427544000028],[39.098443720000034,13.246714705000045],[39.09822534600005,13.247426885000039],[39.09769957200007,13.248378810000077],[39.09752277800004,13.248458001000074],[39.09741636700005,13.248537164000027],[39.096964580000076,13.249131882000029],[39.09675119800005,13.249337682000032],[39.09633736600006,13.249632848000033],[39.09598348700007,13.249802533000036],[39.09542944100008,13.250038970000048],[39.094909751000046,13.250368091000041],[39.094779962000075,13.25042465000007],[39.09444890700007,13.250687012000071],[39.09437462500006,13.251066820000062],[39.09439218600005,13.251700925000023],[39.094389396000054,13.251965416000075],[39.094375623000076,13.252184705000047],[39.09442504200007,13.253142068000045],[39.09434855000006,13.253751328000021],[39.094344669000066,13.254154850000077],[39.09434899900003,13.25491555700006],[39.09434734000007,13.255100924000033],[39.09427223600005,13.255583596000065],[39.09426945400003,13.255871828000068],[39.09439147100005,13.256587277000051],[39.09437436700006,13.257141134000051],[39.09441335300005,13.257982080000033],[39.09433296100008,13.258996001000071],[39.094294717000025,13.259295542000075],[39.094288074000076,13.259987297000066],[39.094281411000054,13.260679061000076],[39.09426347700003,13.261312030000056],[39.094212302000074,13.261760785000035],[39.093995850000056,13.262277427000072],[39.093770637000034,13.262505831000055],[39.09359271400007,13.262677698000061],[39.093330079000054,13.263135576000025],[39.09318762800007,13.26329613300004],[39.09287685400005,13.26384557800003],[39.092829288000075,13.263925847000053],[39.09280063500006,13.264444670000046],[39.09279870100005,13.264652649000027],[39.09280524900004,13.265194070000064],[39.09277771300003,13.265620203000026],[39.09269272200004,13.26589603800005],[39.09266352100008,13.266495122000038],[39.09260134200008,13.266852312000026],[39.092609555000024,13.267198190000045],[39.092791532000035,13.267810753000049],[39.092825892000064,13.26790341900005],[39.093056826000065,13.268285383000034],[39.093345516000056,13.26880748700006],[39.09336832900004,13.268865119000054],[39.093586893000065,13.269328469000072],[39.093676767000034,13.26975569900003],[39.09374438300006,13.270043905000023],[39.09410290200003,13.270601011000053],[39.09435777600004,13.27096036200004],[39.09462447900006,13.271298227000045],[39.09487906600003,13.271668874000056],[39.09494502200005,13.272131141000045],[39.09497273100004,13.272914441000069],[39.09492128100004,13.273386936000065],[39.09483405800006,13.273882038000067],[39.094806521000066,13.274296875000061],[39.09470943000008,13.274629226000059],[39.09455321000007,13.275009073000035],[39.094480313000076,13.275249848000044],[39.09454627700006,13.275734735000071],[39.09461167400008,13.276242216000071],[39.09460973600005,13.276438889000076],[39.09481869500007,13.276682967000056],[39.09516957200003,13.276835423000023],[39.09555618600007,13.276920049000069],[39.09583638000004,13.277072541000052],[39.095918048000044,13.277142587000071],[39.09609209300004,13.277351629000066],[39.09626642200004,13.27753806800007],[39.09657026100007,13.277667929000074],[39.09698026400008,13.277775165000037],[39.09733140000003,13.27788240500007],[39.09747108900007,13.278011207000077],[39.09760994000004,13.27821913200006],[39.097700932000066,13.278508457000044],[39.09762115900003,13.278850979000026],[39.09726007900008,13.279154033000054],[39.09736647900007,13.279748537000046],[39.09771314000005,13.280172277000077],[39.09835040000007,13.28081405000006],[39.09871489500006,13.28109874100005],[39.09921901000007,13.28135512600005],[39.09899565400008,13.281928285000049],[39.098917750000055,13.282612158000063],[39.09890790500003,13.283234966000066],[39.09828577900004,13.28296053300005],[39.09815699600006,13.282689306000066],[39.09782507700004,13.282334517000038],[39.09731950100007,13.282044221000035],[39.09690372400007,13.281934738000075],[39.09628522300005,13.282041225000057],[39.09568640400005,13.282343247000028],[39.095077798000034,13.282690475000038],[39.09459465600003,13.282952894000061],[39.094088836000026,13.283515977000036],[39.09368249200003,13.283924166000077],[39.09326344200008,13.284310886000071],[39.09288646300007,13.284580041000027],[39.09252161100005,13.284849190000045],[39.092229659000054,13.284895630000051],[39.091771117000064,13.284603047000076],[39.09160480600008,13.284275321000052],[39.09102418600003,13.283873138000047],[39.090551591000064,13.283812268000077],[39.09011401400005,13.284038485000053],[39.08966547400007,13.284276011000031],[39.08908197100004,13.284668430000067],[39.08882154200006,13.28491040800003],[39.08834071100006,13.28521801900007],[39.08815842900003,13.28536390100004],[39.08767003400004,13.285488397000051],[39.087452632000065,13.285058960000072],[39.08720672900006,13.284792287000073],[39.08694928800003,13.284538053000063],[39.086564053000075,13.284312123000063],[39.08635567500005,13.284101956000029],[39.086066834000064,13.283940419000032],[39.085829373000024,13.283881720000068],[39.08545199800005,13.283851327000036],[39.08517041300007,13.283862728000031],[39.08479914900005,13.283981531000052],[39.084568381000054,13.28408334200003],[39.084232894000024,13.284212308000065],[39.08379502200006,13.284427209000057],[39.08341774400003,13.28468504400007],[39.08322711100004,13.284911168000065],[39.083003329000064,13.285185907000027],[39.08282715400003,13.285480982000024],[39.08257339900007,13.285883455000032],[39.08221260700003,13.28625657300006],[39.081805649000046,13.286653447000049],[39.08146996800008,13.287070640000024],[39.08106795200007,13.287582792000023],[39.08082341000005,13.287927620000062],[39.08056675200004,13.288261146000025],[39.08016182600005,13.288704351000035],[39.07984107600004,13.288913559000036],[39.079416467000044,13.28916123700003],[39.07927945400007,13.289259615000049],[39.079264032000026,13.289744523000024],[39.079352751000044,13.290189841000029],[39.07943564800007,13.290497259000063],[39.07948888400006,13.290933541000072],[39.079485195000075,13.291129085000023],[39.079203611000025,13.291141608000032],[39.078942194000035,13.291071604000024],[39.07854309100003,13.290799322000055],[39.078287690000025,13.290591422000034],[39.07800746200007,13.290349622000065],[39.07759129100003,13.289940580000064],[39.07718482700005,13.290060513000071],[39.077127516000076,13.290386067000043],[39.077018612000074,13.290885697000022],[39.07690215400004,13.291202213000076],[39.07676668700003,13.291622739000047],[39.07672352600008,13.292004790000021],[39.076632474000064,13.29236538300006],[39.07659309600007,13.292840130000059],[39.07657611900004,13.293001769000057],[39.07651910000004,13.293327324000074],[39.07643210700007,13.293791917000021],[39.07629527100005,13.294466746000069],[39.07609144800006,13.294947182000044],[39.07592911300003,13.29528859100003],[39.07576911100006,13.295686502000024],[39.07559814900003,13.296109296000054],[39.07545520300005,13.296633806000045],[39.07531450100004,13.296927726000035],[39.07510795500008,13.297050985000055],[39.074755968000034,13.29706578400004],[39.07436013900008,13.297163106000028],[39.074112386000024,13.297426547000043],[39.07379684700004,13.297762333000037],[39.07316654500005,13.298156998000024],[39.07283937500006,13.298205695000036],[39.072540048000064,13.297779658000024],[39.072579818000065,13.29760557700007],[39.07260048300003,13.297247256000048],[39.07266062000008,13.296703566000076],[39.07255776000005,13.296200600000077],[39.07231089900006,13.29562308100003],[39.07196309500006,13.295164278000072],[39.07146122000006,13.294678387000033],[39.07084201200007,13.294484148000038],[39.07037281000004,13.294216390000031],[39.06968543000005,13.293794975000026],[39.068981088000044,13.293523892000053],[39.068473201000074,13.29317701900004],[39.06817194200005,13.292992863000052],[39.067575145000035,13.292487768000058],[39.067351760000065,13.292197337000061],[39.067182288000026,13.291789343000062],[39.06703074400008,13.291530542000032],[39.06685808300006,13.291042287000039],[39.06660638300008,13.290637703000073],[39.06646340000003,13.290009287000032],[39.066214821000074,13.289396724000028],[39.06593141800005,13.28907465900005],[39.06569359200006,13.288715284000034],[39.06533194900004,13.288211252000053],[39.06497989800005,13.287937806000059],[39.06447405400007,13.287636139000028],[39.06396655700007,13.287587664000057],[39.063546072000065,13.28822752800005],[39.06334534000007,13.288489808000065],[39.06294640600004,13.288795092000043],[39.06225870500003,13.28922704200005],[39.06175324000003,13.289224905000026],[39.06158617300008,13.28916164800006],[39.060917336000045,13.288901838000072],[39.06042275200008,13.288587735000021],[39.060209171000054,13.288250951000066],[39.05962053300004,13.287941378000028],[39.05920331600004,13.287796795000077],[39.058569102000035,13.287523406000048],[39.058338251000066,13.28733696300003],[39.05786472200003,13.286965199000065],[39.05758626000005,13.286768581000047],[39.05707956200007,13.28644429700006],[39.05671140800007,13.28635509000003],[39.05630260100003,13.286418479000076],[39.05560844900003,13.286400538000066],[39.055182890000026,13.286338472000068],[39.05478760400007,13.286158830000034],[39.05440558000004,13.286013102000027],[39.053939884000044,13.285835742000074],[39.053408148000074,13.285765769000022],[39.053026197000065,13.285908279000068],[39.05276427700005,13.28611518200006],[39.052552572000025,13.286400058000027],[39.05246612500008,13.286877071000049],[39.05226398900004,13.287392534000048],[39.05202172400004,13.287793846000056],[39.05166929200004,13.288373767000053],[39.051507223000044,13.288726458000042],[39.05135617500008,13.28934363600007],[39.05127922300005,13.289761867000038],[39.05134162300004,13.290139383000053],[39.05136221600003,13.290645755000071],[39.05128902600006,13.291155543000059],[39.05119098000006,13.291344328000037],[39.050766054000064,13.291591947000029],[39.050301872000034,13.291737849000071],[39.050026081000055,13.291888242000027],[39.04959737100006,13.292044302000022],[39.04891132600005,13.292221902000051],[39.04829450700004,13.292374608000046],[39.047707384000034,13.292387145000077],[39.04716323000008,13.292305874000022],[39.04678868700006,13.292056139000067],[39.04655087800006,13.29169674700006],[39.04628565400003,13.291246931000046],[39.045987541000045,13.290855891000035],[39.045878180000045,13.29076888000003],[39.04550276700007,13.290495412000041],[39.045045723000044,13.290237782000077],[39.044462313000054,13.29005477800007],[39.04398025800003,13.290339694000068],[39.04374685700003,13.290383818000066],[39.043134975000044,13.290650680000056],[39.042763681000054,13.290770553000073],[39.042467413000054,13.291001183000049],[39.04241121300004,13.291349331000049],[39.042433181000035,13.291602520000026],[39.04261903100007,13.291836458000034],[39.04275181300005,13.292211706000046],[39.04299593700006,13.292432069000029],[39.04330558000004,13.292823112000065],[39.043567618000054,13.293192679000072],[39.04362995400004,13.293269531000021],[39.04375285000003,13.293227685000033],[39.044116108000026,13.293299958000034],[39.04472349500003,13.293650250000042],[39.04489780500006,13.293881949000024],[39.04503691600007,13.29410118900006],[39.045069855000065,13.294366811000032],[39.04505633100007,13.29459739400005],[39.044854429000054,13.29490600400004],[39.04465083100007,13.295412424000062],[39.04459956300008,13.295941420000077],[39.04493832300005,13.296127856000055],[39.04546462600007,13.296362871000042],[39.045640340000034,13.29639787800005],[39.04610892300008,13.296516481000026],[39.04634320500003,13.296552606000034],[39.04702326900008,13.296662124000022],[39.04749156300005,13.296792022000034],[39.047770908000075,13.297081329000036],[39.04796773500004,13.297416996000038],[39.048350998000046,13.297926688000075],[39.04857177200006,13.298193403000028],[39.04902880900005,13.298278086000039],[39.049368978000075,13.298291586000062],[39.04990768700003,13.298445207000043],[39.05005805700006,13.298723231000054],[39.05045568300005,13.298887046000061],[39.050488072000064,13.299244216000034],[39.05046441700006,13.299290565000035],[39.050319674000036,13.299761940000053],[39.05003413800006,13.300243500000022],[39.05035938800006,13.300660512000036],[39.05052131700006,13.300949849000062],[39.05062325700004,13.301422305000074],[39.05004625600003,13.301659787000062],[39.05025492300007,13.30197283800004],[39.05041685700007,13.30228476800005],[39.05051907700005,13.302688268000054],[39.050600176000046,13.302815977000023],[39.05086939700004,13.30293348300006],[39.05112678900008,13.30303854500005],[39.05121662400006,13.30352343800007],[39.05123662600005,13.303960863000043],[39.05134025600006,13.304226460000052],[39.05137490300007,13.304296538000074],[39.05145599800005,13.304400507000025],[39.05159371000008,13.304792702000043],[39.051285359000076,13.30519401600003],[39.051612024000065,13.305460707000066],[39.05180915200003,13.305727424000054],[39.05176015700005,13.305991923000022],[39.05172439300003,13.306049580000035],[39.05151065700005,13.306381929000054],[39.051427868000076,13.306450901000062],[39.05142450500006,13.30686571800004],[39.05152841200004,13.307096287000036],[39.051524190000066,13.307602663000068],[39.05131045100006,13.307936150000046],[39.05170809400005,13.308099963000075],[39.05196435500005,13.308331629000065],[39.05224370900004,13.30862206200004],[39.05226232100006,13.309221120000075],[39.052456920000054,13.309845013000029],[39.05253635100007,13.31020217300005],[39.05280528800006,13.310319667000044],[39.052964694000025,13.31091983500005],[39.05303453300007,13.310988767000026],[39.05312269900003,13.311726842000041],[39.05318071200003,13.311808212000074],[39.05326125600004,13.312016172000028],[39.05342263700004,13.312385750000033],[39.05352542700007,13.31272030200006],[39.05373214800005,13.313275245000057],[39.05384901800005,13.313356594000027],[39.05407009900006,13.313599553000074],[39.054395086000056,13.31404032000006],[39.054382702000055,13.31413187100003],[39.05415545100004,13.314672220000034],[39.05398986100005,13.314820315000077],[39.05379950200006,13.315152670000032],[39.05351338500003,13.315704319000076],[39.05343876300003,13.316210718000036],[39.05342159800006,13.316878730000042],[39.05348862400007,13.317304848000049],[39.05372181700005,13.317491294000035],[39.05420003000006,13.317898111000034],[39.05459656000005,13.318211117000033],[39.054876499000045,13.318432600000051],[39.05519080000005,13.31874563200006],[39.055541437000045,13.318932051000047],[39.05600753300007,13.319373905000077],[39.05638208700003,13.319491371000026],[39.05695408400004,13.319899282000051],[39.05718643200004,13.320165986000063],[39.05759396500008,13.320594285000027],[39.05794460000004,13.320793137000067],[39.05817778900007,13.320979579000038],[39.05863179000005,13.321454209000024],[39.059006633000024,13.321537763000038],[39.059415853000075,13.321725302000061],[39.05975521600004,13.321866513000032],[39.060105289000035,13.322110566000049],[39.06010165200007,13.322583042000076],[39.06028697900007,13.322906266000075],[39.060635379000075,13.323369611000032],[39.06107755800008,13.32383406300005],[39.06149945100003,13.32394021500005],[39.06238828800008,13.324315257000023],[39.06296281700003,13.324412322000057],[39.063173765000045,13.324448437000058],[39.06379504500006,13.324555664000059],[39.064145962000055,13.324708172000044],[39.064754857000025,13.324885476000077],[39.06523505500007,13.325027763000037],[39.06534038700005,13.325062784000067],[39.06580427700004,13.325769107000042],[39.06596680200005,13.32599964600007],[39.06637407000005,13.326440356000035],[39.06640788300007,13.32661441600004],[39.06651014900007,13.32705181700004],[39.066601416000026,13.327375060000065],[39.066691580000054,13.32784864100006],[39.066757523000035,13.328401342000063],[39.06681247800003,13.328886228000044],[39.06684181700007,13.329600581000022],[39.06673537300003,13.329726075000053],[39.06655740700006,13.329955572000074],[39.066153849000045,13.330493700000034],[39.06599952800008,13.330711894000046],[39.06566639300007,13.331285050000076],[39.06555967000003,13.331434276000039],[39.06535859000007,13.331617434000066],[39.065028519000066,13.331775764000042],[39.06466380900008,13.331888887000048],[39.064227849000076,13.332103762000031],[39.06400310500004,13.332309528000053],[39.06378909600005,13.332665637000048],[39.06348127200005,13.332974296000032],[39.06329091300006,13.333306639000057],[39.06298253500006,13.333707976000028],[39.06247559900004,13.333969209000031],[39.06214608400006,13.334069885000076],[39.06187515100004,13.33418411200006],[39.06152170200005,13.33435373900005],[39.06123950500006,13.334420503000047],[39.06102659900006,13.334638698000049],[39.06078918600008,13.334947328000055],[39.06051770700003,13.335153111000068],[39.060105090000036,13.335357798000075],[39.05949225100005,13.335651810000059],[39.059081063000065,13.335707306000074],[39.058585667000045,13.336026160000074],[39.05815899000004,13.336517947000061],[39.057838495000055,13.336953188000052],[39.05751800200005,13.337400864000074],[39.05726905200004,13.337733225000022],[39.057102318000034,13.33801924200003],[39.05673535200003,13.338408149000031],[39.05643822700006,13.338844522000045],[39.05618870100005,13.33923339200004],[39.05603296800007,13.339624510000021],[39.05574794800003,13.34003713800007],[39.055449139000075,13.340691655000057],[39.05503317200004,13.341356364000035],[39.05467492500003,13.342079838000075],[39.05439976900004,13.342734349000068],[39.05427895300005,13.343170672000042],[39.05408660000006,13.343733607000047],[39.05382242500008,13.344458189000022],[39.053477143000066,13.345088972000042],[39.053110436000054,13.345442835000028],[39.05266007700004,13.345958349000057],[39.05219985100007,13.346243285000071],[39.05171682100007,13.346469444000036],[39.05118674700003,13.346696743000052],[39.05073892100006,13.346924023000042],[39.050231101000065,13.347311818000037],[39.04972298900003,13.347722225000041],[39.049143912000034,13.348201599000049],[39.04849524900004,13.348565668000049],[39.048259227000074,13.348736393000024],[39.04795221100005,13.348930864000067],[39.047775614000045,13.349021316000062],[39.04756296100004,13.349169433000043],[39.04724440000007,13.349374081000065],[39.04711371700006,13.349580953000043],[39.04673347200003,13.350131481000062],[39.04657912300007,13.35035982900007],[39.04648250300005,13.350681985000051],[39.046231542000044,13.351233617000048],[39.046110706000036,13.351669937000054],[39.046036912000034,13.352084774000048],[39.04552625500003,13.352829745000065],[39.04556934000004,13.353290896000033],[39.04560313600007,13.353486432000068],[39.04564481600005,13.354120532000024],[39.04563918000008,13.35482244800005],[39.04579944100004,13.355331060000026],[39.04593717700004,13.355746989000068],[39.04601349100005,13.356438723000053],[39.045900259000064,13.357393858000023],[39.04587208300006,13.357969182000033],[39.04586728800007,13.358568252000055],[39.045990940000024,13.359248671000046],[39.04609290600007,13.359722248000026],[39.04619373300005,13.36032129800003],[39.046176270000046,13.361035651000066],[39.04612386700006,13.361714972000073],[39.046073722000074,13.362083462000044],[39.04631117400004,13.363236333000032],[39.04568810200004,13.363335912000025],[39.045229541000026,13.36343658900006],[39.04448844900003,13.363604012000053],[39.043678062000026,13.36364370900003],[39.043325405000076,13.363686724000047],[39.042914721000045,13.36367210000003],[39.04252742500006,13.363669905000052],[39.042175049000036,13.363701613000046],[39.041904070000044,13.363792077000028],[39.04164408100007,13.364009144000022],[39.04126578100005,13.364351685000031],[39.040803536000055,13.36490107800006],[39.04054296900006,13.365175802000067],[39.04015227600007,13.365575984000031],[39.03964609600007,13.365756920000024],[39.039304413000025,13.365903912000022],[39.03911512500008,13.366087047000065],[39.03898441200005,13.36627018300004],[39.03880355800004,13.366868140000065],[39.03869509700007,13.367224202000045],[39.03835057900005,13.36770576500004],[39.03788945600007,13.368128566000053],[39.037439867000046,13.368540068000073],[39.03699114300008,13.368870179000055],[39.036649168000054,13.369063520000054],[39.036355092000065,13.369130249000023],[39.035850322000044,13.369126923000067],[39.035623541000064,13.369574557000021],[39.03525903600007,13.36962999800005],[39.034503537000035,13.370153429000027],[39.03432294500004,13.370693753000069],[39.03402461100006,13.37130189000004],[39.03403190600005,13.37186704000004],[39.034099198000035,13.372235511000042],[39.034095517000026,13.37268537400007],[39.034302524000054,13.373216589000037],[39.03428671800003,13.373722963000034],[39.034106413000075,13.374240666000048],[39.03383456800003,13.374469031000046],[39.033432868000034,13.374799129000053],[39.033090025000035,13.375085143000035],[39.03259452300006,13.375392649000048],[39.03212267500004,13.37564251200007],[39.03174576500004,13.375800794000043],[39.031168001000026,13.37610717800004],[39.03081419100005,13.376311809000072],[39.03035388200004,13.37660801000004],[39.029987093000045,13.376951663000057],[39.02965437600005,13.377433213000074],[39.02935886500006,13.377695475000053],[39.02921603200008,13.37794755300007],[39.02927706600008,13.379089154000042],[39.029649446000064,13.379494887000021],[39.02969363400007,13.37982945400006],[39.02997248600008,13.380199031000075],[39.030205144000035,13.380454453000027],[39.030437525000025,13.380767516000049],[39.03062144000006,13.38125240200003],[39.03071211300005,13.381655909000074],[39.03091912000008,13.382175820000043],[39.03127938200004,13.382651638000027],[39.03146414500003,13.383009920000063],[39.03166046000007,13.38340323600005],[39.03175313100007,13.383587470000066],[39.03187959200005,13.383899414000041],[39.032064637000076,13.384235101000058],[39.032578166000064,13.38464192400005],[39.03261167100004,13.384826173000022],[39.03290123100004,13.385347203000038],[39.03293303700008,13.385762022000051],[39.03258062700007,13.385782410000047],[39.032356384000025,13.385919211000044],[39.032191014000034,13.386044706000064],[39.03211775500006,13.386400751000053],[39.032267312000045,13.386770342000034],[39.03210979800008,13.387379597000063],[39.032048075000034,13.387725473000046],[39.03204580700003,13.388025007000067],[39.03209001100004,13.388370870000074],[39.03234322000003,13.388971036000044],[39.032454733000066,13.389721536000025],[39.032451897000044,13.390077591000022],[39.03234313400003,13.390457372000071],[39.03227128700007,13.390629199000045],[39.032267311000055,13.391101663000029],[39.03226361800006,13.391562830000055],[39.03226133600003,13.391827318000026],[39.03214273700007,13.391999142000031],[39.032000743000026,13.392124625000065],[39.03178776800007,13.392331499000022],[39.031667162000076,13.392710161000025],[39.031605151000065,13.393112556000062],[39.03147329800004,13.393481053000073],[39.03124762900006,13.393767049000076],[39.03114170500004,13.393812276000062],[39.03085885100006,13.393936647000032],[39.03048221000006,13.394061019000048],[39.03024639800003,13.394174078000049],[39.030046664000054,13.394184278000068],[39.02977592800005,13.394262302000072],[39.02958860500007,13.394203545000039],[39.02937816800005,13.394087151000065],[39.02908604600003,13.393911987000024],[39.02888688400003,13.393875842000057],[39.02853475000006,13.393851011000038],[39.028264583000066,13.393860088000054],[39.027958358000035,13.394007060000035],[39.02789777800007,13.394237645000032],[39.02801183100007,13.39464115100003],[39.02803123100006,13.395137353000052],[39.02780498000004,13.395514904000038],[39.02772999500007,13.39607893300007],[39.02762065600007,13.396550279000053],[39.02800658600006,13.396715258000029],[39.02828716100004,13.396877999000026],[39.02878857700006,13.39729615400006],[39.02904435500005,13.397620520000032],[39.02911250600005,13.397897434000072],[39.02912179100008,13.39818566100007],[39.02891919500007,13.398575636000032],[39.028612993000024,13.398953198000072],[39.02866785400005,13.399138556000025],[39.02893545400008,13.399440319000064],[39.02932226000007,13.399535220000075],[39.02953325900006,13.399571372000025],[39.02990879300006,13.399608616000023],[39.02998820700003,13.399931882000033],[39.02999861400008,13.400104810000073],[39.03003070500006,13.400484591000065],[39.03027692100005,13.400544471000046],[39.03027407800005,13.400877904000026],[39.03024841300004,13.401143532000049],[39.030245871000034,13.40146566900006],[39.03027738600008,13.401915526000039],[39.03028808400006,13.402076027000021],[39.030423246000055,13.402768886000047],[39.03049255600007,13.40290789900007],[39.03061674700007,13.403530683000042],[39.030765743000075,13.403957923000064],[39.030810805000044,13.40419980200005],[39.03083134800005,13.404568279000046],[39.03078117200005,13.404948070000046],[39.03068508000007,13.40521256900007],[39.03050616300004,13.405579940000052],[39.030281900000034,13.405716729000062],[39.02947081100007,13.405825336000078],[39.02908372600007,13.405776778000075],[39.02853182300004,13.405772322000075],[39.02817910500005,13.405839049000065],[39.02775538000003,13.405974728000047],[39.02774297800005,13.406043684000053],[39.027727724000044,13.406469806000075],[39.027936743000055,13.406759140000077],[39.02815930100007,13.406829200000061],[39.02847566100007,13.406912805000047],[39.028744424000024,13.407064222000031],[39.02902529900007,13.407181757000046],[39.02916388300008,13.40747109800003],[39.02889115500005,13.407790997000063],[39.028268241000035,13.407855494000046],[39.02800961100007,13.407899608000037],[39.02778619500003,13.407944846000078],[39.02744559400003,13.407965226000044],[39.027305015000024,13.407906472000036],[39.02682496600005,13.407752798000047],[39.02661366900003,13.407727950000037],[39.026425188000076,13.407819527000072],[39.026235288000066,13.408071607000068],[39.026478094000026,13.40854517400004],[39.02657076400004,13.408672889000059],[39.02659102400003,13.409099016000027],[39.026483091000046,13.409351078000043],[39.02650390800005,13.40968564700006],[39.02670137600006,13.40994108500007],[39.02685407600006,13.409942189000049],[39.027360929000054,13.409703639000043],[39.027443479000056,13.409658426000021],[39.027939066000044,13.409350921000055],[39.028327008000076,13.409319229000062],[39.02845575500004,13.409365558000047],[39.02846617100005,13.40953849500005],[39.028226938000046,13.410067505000029],[39.02778624200005,13.410823726000046],[39.02756054900004,13.411156062000032],[39.027379911000025,13.411696360000064],[39.02744721700003,13.412088574000052],[39.02755786500006,13.412919327000054],[39.02761447700004,13.41318381700006],[39.02779869200003,13.413646092000022],[39.02801898100006,13.413993065000057],[39.02793444100007,13.414257570000075],[39.02786928800003,13.415074787000037],[39.02835833900008,13.415563020000036],[39.02828563500003,13.415861422000035],[39.02804611500005,13.416413043000034],[39.02799677400003,13.416711452000072],[39.02806323500005,13.417218945000059],[39.028045134000024,13.417979636000041],[39.028005646000054,13.41849731700006],[39.02779120900004,13.418898608000063],[39.02745900700006,13.419299892000026],[39.027257828000074,13.41950563100005],[39.027077752000025,13.419964556000025],[39.02721691200003,13.420207555000047],[39.02723830700006,13.420449437000059],[39.027329560000055,13.42079642400006],[39.02735152300005,13.420958054000039],[39.027396579000026,13.421222545000035],[39.02736949700005,13.421637371000031],[39.02722805600007,13.421728934000043],[39.02694461500005,13.421910959000058],[39.02678006700006,13.421932439000045],[39.026592433000076,13.421907597000029],[39.02640479000007,13.421883876000038],[39.02619006400005,13.422285155000054],[39.02595366400004,13.42247959100007],[39.02571897100006,13.422466050000025],[39.025623444000075,13.422649174000071],[39.025645120000036,13.422868444000073],[39.02598318400004,13.423170202000051],[39.02621673800007,13.423321634000047],[39.02667228900003,13.423636945000055],[39.02678836100006,13.423798564000037],[39.02660799200004,13.424303833000067],[39.02660771400008,13.424350168000046],[39.02652202400003,13.424798907000024],[39.02622758700005,13.424888235000026],[39.02603937300006,13.424933469000052],[39.025968368000065,13.42498998700006],[39.02588353600004,13.425335872000062],[39.02579785000006,13.425738268000032],[39.025537772000064,13.425955298000076],[39.02542056900006,13.42593045700005],[39.02522023100005,13.426022025000066],[39.02512584200008,13.426067258000046],[39.02513425700005,13.426493376000053],[39.02528582800005,13.426621085000022],[39.025271426000074,13.426931916000058],[39.02518516300006,13.427449610000053],[39.025240635000046,13.427830509000046],[39.02534485900003,13.42801587200006],[39.02534342900003,13.428187672000035],[39.02529496200003,13.428395652000063],[39.02460070700005,13.428551705000075],[39.02449305500005,13.428781164000043],[39.024077989000034,13.429284186000075],[39.023967766000055,13.429836919000024],[39.02390403600003,13.430481196000073],[39.02375802200004,13.43107913600005],[39.02369485200006,13.431654467000044],[39.02365821300003,13.43182740900005],[39.023728076000054,13.431873737000046],[39.02388022000008,13.431943807000039],[39.02423069800005,13.43216531400003],[39.024073704000045,13.432694310000045],[39.02430755700004,13.432823142000075],[39.024362179000036,13.433329506000064],[39.024230841000076,13.433594005000032],[39.02400483900004,13.433937644000025],[39.02388677400006,13.434040499000048],[39.02355681800003,13.434164875000022],[39.023202344000026,13.434427135000021],[39.02263769500007,13.434572994000064],[39.02231956900005,13.434686062000026],[39.022400135000055,13.434870290000049],[39.022645812000064,13.434987816000046],[39.022901051000076,13.43538114200004],[39.02241752600003,13.435630977000073],[39.02205406100006,13.435558674000049],[39.02167533800008,13.435913620000065],[39.021472146000065,13.436361238000075],[39.02146985300004,13.436637031000032],[39.02145345500003,13.437224782000044],[39.021615430000054,13.437502829000039],[39.02197461500003,13.438115419000042],[39.02211092300007,13.438657944000056],[39.02241407900004,13.438948413000048],[39.02268058100003,13.439365470000041],[39.02277326600006,13.439538391000042],[39.02271151700006,13.439895569000043],[39.022710378000056,13.440056072000061],[39.02263508400006,13.44062010600004],[39.022807757000066,13.441047339000022],[39.022946072000025,13.441371720000063],[39.02296574800005,13.441866792000042],[39.02250559400005,13.442105328000025],[39.02222211700007,13.442298634000053],[39.021878325000046,13.442722523000043],[39.02184196400003,13.442849121000052],[39.02183910200006,13.443217600000025],[39.021846940000046,13.44369006900007],[39.02165529200005,13.444126381000046],[39.021215658000074,13.444768428000032],[39.02080953500007,13.445594707000055],[39.02076888600004,13.446262722000029],[39.02091932600007,13.446550927000033],[39.02111767000008,13.446702376000076],[39.021306475000074,13.446600636000028],[39.02160265100008,13.44627960500003],[39.02180470900004,13.445969879000074],[39.02212055800004,13.446145049000052],[39.02229353300004,13.446527077000042],[39.02244168100003,13.447069610000028],[39.02251882200005,13.447703697000065],[39.02248829800004,13.448567250000053],[39.02247189900004,13.449119964000033],[39.02263132300004,13.449742747000073],[39.022897261000026,13.450263777000032],[39.023186304000035,13.450807435000058],[39.02347591100005,13.451293444000044],[39.02381316300006,13.451710484000046],[39.024241403000076,13.452473399000041],[39.02486128500004,13.452788696000027],[39.02511767400006,13.453021507000074],[39.025280818000056,13.453206864000038],[39.02536081300008,13.453461166000068],[39.025288954000075,13.453656722000062],[39.02527369000006,13.45405911000006],[39.025423570000044,13.454417397000043],[39.025629491000075,13.455098942000063],[39.02571904200005,13.45561774600003],[39.02557531100007,13.455985100000078],[39.02532475300006,13.456455336000033],[39.02520382500006,13.456869031000053],[39.02501102700006,13.457478282000068],[39.02486586300006,13.458007276000046],[39.02479371000004,13.458214129000055],[39.02453160600004,13.458684356000049],[39.02439969200003,13.459005374000071],[39.02434778600008,13.459604444000036],[39.02433395200006,13.459857635000049],[39.024306574000036,13.460341394000068],[39.02423071100003,13.461009412000067],[39.02398072600005,13.461421998000048],[39.02368510400004,13.461672946000022],[39.023460777000025,13.461809737000067],[39.023095279000074,13.46197931100005],[39.02287152200006,13.462047148000067],[39.02257676800008,13.462182815000062],[39.022293829000034,13.462308305000022],[39.02166964500003,13.462570586000027],[39.023388477000026,13.463456584000028],[39.023950626000044,13.463656599000046],[39.024512214000026,13.463914252000052],[39.02512286100006,13.463930016000063],[39.025664762000076,13.463737810000055],[39.026420002000066,13.463283346000026],[39.02680888700007,13.46312393200003],[39.02717496300005,13.462896704000059],[39.02751849600003,13.462519152000027],[39.02774394900007,13.46223316000004],[39.02818273400004,13.461729001000037],[39.028585443000054,13.461294922000036],[39.02888220500006,13.460904929000037],[39.029251110000075,13.46033183000003],[39.02945458600004,13.459837864000065],[39.02948082700004,13.459504421000076],[39.02962598600004,13.459010471000056],[39.02992416700005,13.45842493500004],[39.03009014700007,13.458230505000074],[39.03023217300006,13.458116329000063],[39.03051566900007,13.457899273000066],[39.03071603300003,13.457820146000074],[39.03122240500005,13.45766296000005],[39.03167016400005,13.457458318000022],[39.03200157300006,13.457161012000029],[39.03259079500003,13.456900960000041],[39.03293175500005,13.456868138000061],[39.03350829500005,13.456723393000061],[39.03375542500004,13.456679276000045],[39.03406229400008,13.456473518000053],[39.03433480100006,13.456198820000054],[39.03567106200006,13.455045727000027],[39.03628367400006,13.454808275000062],[39.036625197000035,13.454707631000076],[39.036778490000074,13.454616052000063],[39.03770839100008,13.454380818000061],[39.039357378000034,13.453771334000066],[39.040286697000056,13.453593730000023],[39.04087505900003,13.453447827000048],[39.041424531000075,13.453751789000023],[39.04165698400004,13.454041106000034],[39.041925235000065,13.454273899000043],[39.04228449500005,13.454875154000035],[39.04245834500006,13.45517578700003],[39.04288834000005,13.455709212000045],[39.04328564000008,13.45596572200003],[39.04361306700008,13.456129567000062],[39.04417635300007,13.456190497000023],[39.04454238900007,13.455940632000022],[39.04478106400006,13.45546925800005],[39.04494957600008,13.454975295000054],[39.04505947700005,13.454468897000027],[39.045169663000024,13.453917295000053],[39.04522067100004,13.453399620000027],[39.045398755000065,13.45315882500006],[39.045989091000024,13.45277102700004],[39.04628580700006,13.452393448000066],[39.046570968000026,13.451992139000026],[39.046902619000036,13.451614562000032],[39.04727991900006,13.45144494300007],[39.047620030000076,13.451516093000066],[39.04829910500007,13.451739763000035],[39.04880321200005,13.451870779000046],[39.049761826000065,13.452430081000045],[39.050896273000035,13.452991613000052],[39.05167991500008,13.453411932000051],[39.052544143000034,13.454005151000047],[39.05324494300004,13.454494428000032],[39.05390967000005,13.455052656000078],[39.054528764000054,13.455494465000072],[39.054926085000034,13.455750956000031],[39.05548684100006,13.456111404000069],[39.05612876200007,13.45660067600005],[39.05657286600007,13.456891063000057],[39.05694708200008,13.457078610000053],[39.057521086000065,13.457267233000039],[39.05821539300007,13.457076061000066],[39.05888518300003,13.457023904000039],[39.059507937000035,13.457016980000049],[39.06010644500003,13.457055264000076],[39.060727507000024,13.457243877000053],[39.06104311900003,13.457430303000024],[39.06146215500007,13.457883449000065],[39.062098768000055,13.459039587000063],[39.06223687100004,13.45939785400003],[39.06237469300004,13.459801336000055],[39.06252378600004,13.46025228700006],[39.06283520200003,13.460945081000034],[39.06313535500004,13.461615274000053],[39.06351637700004,13.462413171000037],[39.064048752000076,13.46341899500004],[39.06442046500007,13.463917362000075],[39.064652969000065,13.464219093000054],[39.06513008700006,13.464786376000063],[39.065351031000034,13.465053073000036],[39.06595749200005,13.465587542000037],[39.06656480300006,13.466040629000076],[39.067135749000045,13.46659771700007],[39.067835778000074,13.467167195000059],[39.06815085000005,13.467422557000077],[39.06839463600005,13.467781931000047],[39.06873085900003,13.46834924500007],[39.06891548500005,13.468765146000067],[39.069227495000064,13.469411587000025],[39.069749193000064,13.470268204000035],[39.07002874900007,13.470534881000049],[39.07006286200004,13.470685197000023],[39.070211690000065,13.471158755000033],[39.07034898500007,13.471631177000063],[39.070520645000045,13.472208710000075],[39.07100029600008,13.472442551000029],[39.071292811000035,13.472560015000056],[39.071715245000064,13.472609628000043],[39.07186992800007,13.47236883100004],[39.07278036200006,13.471625965000044],[39.07312243700005,13.471409984000047],[39.07340701800007,13.47107759000005],[39.073631317000036,13.470940754000026],[39.07408019700006,13.470610581000074],[39.07429153800007,13.470611649000034],[39.07460856200004,13.470625120000022],[39.07507750100007,13.470756093000034],[39.075440472000025,13.470873532000041],[39.07583867200003,13.47103730300006],[39.07653133800005,13.471054047000052],[39.07682552400007,13.470975975000044],[39.07706221700005,13.470758881000052],[39.077205337000066,13.470505648000028],[39.077278283000055,13.470184621000044],[39.07735178200005,13.469792390000066],[39.07739062100006,13.469354955000028],[39.07742807000005,13.469067848000066],[39.07753651000007,13.468711772000063],[39.077773758000035,13.468437038000047],[39.07847935900003,13.468303437000031],[39.079195957000024,13.468273832000023],[39.07970010900004,13.468381044000068],[39.080439557000034,13.468467847000056],[39.08109644700005,13.46857613800006],[39.081541696000045,13.468682254000043],[39.08218757700007,13.468687683000041],[39.08278613400006,13.468772265000041],[39.08309076300003,13.468843370000059],[39.08375865700003,13.469055642000058],[39.08409796900003,13.469230725000045],[39.084330762000036,13.46946235400003],[39.084446082000056,13.469762977000073],[39.08440835700003,13.470073827000022],[39.08428863000006,13.470349648000024],[39.08406103400006,13.470912630000043],[39.083903588000055,13.471521904000042],[39.08373763800006,13.471705064000048],[39.08345223900005,13.472151628000063],[39.08323756900006,13.472565389000067],[39.082916391000026,13.473080910000022],[39.082525857000064,13.473447247000024],[39.08217111400006,13.473755941000036],[39.081898927000054,13.474006950000046],[39.081622321000054,13.47484571800004],[39.08144998500006,13.475823481000077],[39.08151573600003,13.47642365300004],[39.081380574000036,13.477182123000034],[39.08160730000003,13.478232091000052],[39.081793326000025,13.47847504300006],[39.08217499500006,13.479192659000034],[39.08238552200004,13.47930900800003],[39.082960436000064,13.479404885000065],[39.08354882300006,13.47924871600003],[39.08394980800006,13.479044006000038],[39.084668659000044,13.478737455000044],[39.08517505900005,13.478580171000033],[39.08542162700007,13.478571040000077],[39.08591425100008,13.478678253000055],[39.08628935100006,13.478773070000045],[39.086570890000075,13.478820446000043],[39.08674674200006,13.478856553000071],[39.087098455000046,13.478927635000048],[39.08746199600006,13.478999853000062],[39.08756768000006,13.479000946000042],[39.08788527200005,13.478956751000055],[39.088191308000034,13.478878652000049],[39.08842660000005,13.478822059000038],[39.08959015800008,13.47867584000005],[39.09071503600006,13.477799453000046],[39.09145701400007,13.47761156100006],[39.09171710600003,13.477440788000024],[39.09242442100003,13.477216729000077],[39.09275384600005,13.477173654000069],[39.093153459000064,13.477166728000043],[39.09358661300007,13.477331588000027],[39.09376165400005,13.477471682000044],[39.09386316500007,13.477911325000036],[39.094046422000076,13.478397290000032],[39.09412398600006,13.478882147000036],[39.09424889600007,13.479320661000031],[39.09454772300006,13.48001567800003],[39.09466162700005,13.480373945000053],[39.09483027400006,13.481159428000069],[39.094956016000026,13.481517691000022],[39.095129099000076,13.481842018000066],[39.09535997300003,13.482282741000063],[39.09545244200007,13.482456773000024],[39.09554129300005,13.482975542000077],[39.09550467100007,13.483102150000036],[39.09518346400006,13.483513703000028],[39.095039781000025,13.483800853000048],[39.09454215300008,13.484211333000076],[39.09436352300003,13.484462329000053],[39.09418894700008,13.485498870000072],[39.09427808000004,13.485995037000066],[39.09465124800005,13.48628651100006],[39.095293585000036,13.486707875000036],[39.09564420400005,13.486895365000066],[39.095796679000046,13.486943909000047],[39.096440114000075,13.487214934000065],[39.09687497900006,13.48723059100007],[39.09778101300003,13.487101378000034],[39.09839338900008,13.48695760000004],[39.09924136500007,13.486780939000028],[39.09986557000008,13.486625857000035],[39.10017133800005,13.486594077000063],[39.100605072000064,13.48671371100005],[39.10075284900006,13.487222287000066],[39.100948507000055,13.48765058400005],[39.10136931000005,13.48788551900003],[39.101886181000054,13.487901134000026],[39.10221506100004,13.487904380000032],[39.10248506200003,13.487954011000056],[39.102848073000075,13.488072549000037],[39.103128801000025,13.488225019000026],[39.10333906200003,13.488342480000028],[39.103550159000065,13.488402301000065],[39.10389199100007,13.488290261000031],[39.104055181000035,13.488406611000073],[39.10421702100007,13.48870833500007],[39.10450625000004,13.489171636000037],[39.10471485700003,13.489462034000042],[39.10498346700007,13.489637118000076],[39.10527714300008,13.48966299500006],[39.10556117500005,13.48944698500003],[39.10572879600005,13.489114614000073],[39.106063488000075,13.488541411000028],[39.10681239300004,13.487649287000067],[39.10664342900003,13.48688754400007],[39.106588944000066,13.486449016000051],[39.10658346400004,13.485803622000049],[39.10634100900006,13.48535160800003],[39.10594801900004,13.484679249000067],[39.10573117700005,13.48403167500004],[39.10579393800003,13.48360553200007],[39.10598963500007,13.482800681000072],[39.10613690800005,13.48216764800003],[39.10630258400005,13.482031947000053],[39.10669285300003,13.48178198200003],[39.10732969700007,13.48153418000004],[39.10779702100007,13.481838030000063],[39.107957998000074,13.482197391000057],[39.10823431700004,13.482799723000028],[39.10839309000005,13.483365930000048],[39.10871425900007,13.484198820000074],[39.10923606400007,13.484929889000057],[39.10957430500008,13.485197624000023],[39.10970006600007,13.48554570300007],[39.10979692900003,13.486467976000029],[39.10979278600007,13.486882798000067],[39.10981369900003,13.487159709000025],[39.10996370000004,13.487461434000068],[39.110079006000035,13.48768065400003],[39.11040541500006,13.487949523000054],[39.11088568800005,13.48812676700004],[39.11117823600006,13.488234018000071],[39.11161089600006,13.48846780100007],[39.11213739000004,13.488703791000034],[39.11253536700008,13.488881069000058],[39.11293031400004,13.489356749000024],[39.112925903000075,13.489795302000061],[39.11294737600008,13.490025869000021],[39.11339129600003,13.49027208800004],[39.113766990000045,13.490321641000037],[39.114002577000065,13.490254848000063],[39.11419276400005,13.490049046000024],[39.11449055700007,13.489637481000045],[39.114872013000024,13.489052947000062],[39.11529971400006,13.488584811000067],[39.11558621100005,13.48810317400006],[39.11594482600003,13.487472307000075],[39.11595031600007,13.486908289000041],[39.11595168500003,13.485547412000074],[39.115733162000026,13.485061489000032],[39.11545766000006,13.484390219000034],[39.11531096600004,13.483755057000053],[39.11532856900004,13.48313339300006],[39.11562745500004,13.482616713000027],[39.11609282200004,13.481860332000053],[39.11670903900006,13.481336726000052],[39.11681610000005,13.481211202000054],[39.117241576000026,13.48094990800007],[39.11807904800003,13.480612688000065],[39.11853727600004,13.480616991000034],[39.118866721000074,13.480596492000075],[39.119701150000026,13.48055879900005],[39.12025351500006,13.480575489000046],[39.120769823000046,13.480649835000065],[39.12161555600005,13.480681075000064],[39.12254137800005,13.480931554000051],[39.12349527900005,13.480733288000067],[39.124070740000036,13.480749958000047],[39.12468253600008,13.480663747000051],[39.125059856000064,13.480552799000066],[39.125730264000026,13.480466556000067],[39.12622483200005,13.480379279000033],[39.126495082000076,13.480370097000048],[39.12669488300003,13.480360959000052],[39.12727145800005,13.48028606500003],[39.12785794800004,13.480406713000036],[39.12834895000003,13.480676594000045],[39.12927287500003,13.481135024000025],[39.12952857100004,13.481436683000027],[39.12969067600005,13.481669426000053],[39.12999371600006,13.481948467000052],[39.13095313300005,13.482360519000054],[39.13165906300003,13.482275381000022],[39.13223836800006,13.481912248000071],[39.132546311000056,13.481673593000039],[39.13289085500003,13.481273295000051],[39.13329427300005,13.480850345000022],[39.13368533200003,13.480508790000044],[39.13396906500003,13.480349267000065],[39.134484275000034,13.480516281000064],[39.13489244900006,13.480854019000049],[39.13527695200003,13.481191779000028],[39.135650447000046,13.481471877000047],[39.136175869000056,13.481823115000054],[39.13717107200006,13.482189921000042],[39.13726411000005,13.482294982000042],[39.13760319600004,13.48247112200005],[39.13825905200008,13.482695690000071],[39.13870437300005,13.48283899200004],[39.13916179700004,13.48293480500007],[39.139569711000036,13.48329628600004],[39.13983806300007,13.483483759000023],[39.140246793000074,13.48376385000006],[39.14080854500003,13.484011065000061],[39.141654292000055,13.484042238000029],[39.14228839700007,13.484095000000025],[39.14282972900003,13.483985062000045],[39.14353701600004,13.483760860000075],[39.144260477000046,13.483075485000029],[39.14450175400003,13.482398302000036],[39.14514698900007,13.481286853000029],[39.14541002800007,13.480805196000063],[39.14582772400007,13.480140345000052],[39.146172783000054,13.479693677000057],[39.14654040900007,13.479328375000023],[39.14721353600004,13.478988895000043],[39.14750961900006,13.478726496000036],[39.14758361300005,13.478381708000029],[39.14777511200003,13.478015378000066],[39.148416793000024,13.47725996400004],[39.148771227000054,13.477056308000044],[39.14924562700003,13.47658808600005],[39.14969337000008,13.476465744000052],[39.15025808400003,13.476378379000039],[39.15086933300006,13.476373484000021],[39.15117453300007,13.476387995000039],[39.151702674000035,13.476473586000054],[39.15245238800003,13.476722921000032],[39.15282643000006,13.476932928000053],[39.15300900200003,13.477511526000058],[39.153332996000074,13.478033538000034],[39.15351529000003,13.478646035000054],[39.153638416000035,13.47929248500003],[39.153691895000065,13.479846301000066],[39.15362543200007,13.480652239000051],[39.153321764000054,13.481697945000064],[39.15353874600004,13.482369198000072],[39.15374822100006,13.482589480000058],[39.154193544000066,13.482721449000053],[39.15499276500003,13.482693836000067],[39.15539400200004,13.48252517000003],[39.15588075800008,13.481987984000057],[39.15672303500003,13.481131830000038],[39.15723563200004,13.480375344000038],[39.15788965100006,13.479540777000068],[39.15847296900006,13.478761634000023],[39.15891238800003,13.478270814000041],[39.159528214000034,13.47775727000004],[39.16046080600006,13.47729438500005],[39.16108496900006,13.477173048000054],[39.161719868000034,13.47713307500004],[39.16274279900006,13.477062340000032],[39.163271217000045,13.477101553000068],[39.16356405200003,13.477185002000056],[39.16435976500003,13.477549570000065],[39.16503606400005,13.478098447000036],[39.16535017000007,13.47845767900003],[39.165769399000055,13.47885412900007],[39.16644813800008,13.479159989000038],[39.16677756100006,13.479116825000062],[39.16820439700007,13.478565414000059],[39.16868278700008,13.477671039000029],[39.16908751100004,13.477145169000039],[39.16957530600007,13.476503973000035],[39.169731537000075,13.476125225000033],[39.170019266000054,13.475528237000049],[39.17038524900005,13.475335839000024],[39.17090263100005,13.475306098000033],[39.17201860200004,13.475327938000078],[39.172300145000065,13.475377468000033],[39.17318030200005,13.47551251300007],[39.17384909700007,13.475621691000072],[39.174234725000076,13.475856528000065],[39.174443652000036,13.476111821000075],[39.174583496000025,13.476251883000032],[39.174836818000074,13.476784072000044],[39.17474027900005,13.477048624000076],[39.174608256000056,13.477347117000022],[39.17433050600005,13.47816225300005],[39.17427700200005,13.478841593000027],[39.17431738000005,13.479568340000071],[39.17431416000005,13.479902910000021],[39.17455431800005,13.480608047000032],[39.17494991800004,13.481038414000068],[39.17538152900005,13.481364764000034],[39.176081270000054,13.481924900000024],[39.176503205000074,13.482044410000071],[39.176985100000024,13.482025988000032],[39.17759876700006,13.481766719000063],[39.17841115400006,13.481589817000042],[39.17891803900005,13.48140974200004],[39.17976405500008,13.481418175000044],[39.18011956400005,13.481121788000053],[39.180617564000045,13.480642186000068],[39.18096228300004,13.480219211000076],[39.18109189000006,13.480162599000039],[39.18155199300003,13.479971246000048],[39.18187172000006,13.479720096000051],[39.18239043500006,13.47952870000006],[39.182767726000066,13.479406350000033],[39.18328511500005,13.47937659400003],[39.18406145600005,13.479279951000024],[39.18425725700007,13.479696885000067],[39.18369583600003,13.480682907000073],[39.18387286700005,13.481859408000048],[39.18364432200008,13.482422461000056],[39.18359591800004,13.482560395000064],[39.183261978000075,13.483109958000057],[39.183071331000065,13.483384757000067],[39.182820451000055,13.483821231000036],[39.18274573300005,13.484281318000058],[39.18274251500003,13.484603452000044],[39.18283076400007,13.485227310000028],[39.182933508000076,13.485539192000033],[39.18356361600007,13.486017977000074],[39.18403236700004,13.48616005100007],[39.18430183000004,13.48625479900005],[39.18473295000007,13.486639892000028],[39.18504546200006,13.487149445000057],[39.185255770000026,13.487278133000075],[39.18559463200006,13.487489246000052],[39.18603784900006,13.48785061500007],[39.18644743800007,13.48803907200005],[39.187307160000046,13.487828199000035],[39.18766184200007,13.487589441000068],[39.18798158300007,13.487338274000024],[39.18869148600004,13.486815552000053],[39.188999909000074,13.486506743000064],[39.189498453000056,13.485980789000052],[39.189995656000065,13.485593854000058],[39.19023173800008,13.485458036000068],[39.190646127000036,13.485150284000042],[39.19107074200008,13.484981552000022],[39.19144799900005,13.484824152000044],[39.192061126000056,13.48462248800007],[39.19242658200005,13.484486577000041],[39.19334598000006,13.484196517000044],[39.19357396500004,13.483679800000061],[39.19375196800007,13.48349655000004],[39.19411899600004,13.483188829000028],[39.19439139700006,13.482972737000068],[39.194781556000066,13.482700034000061],[39.195348151000076,13.482450925000023],[39.195783239000036,13.482408771000053],[39.19626567200004,13.482343968000066],[39.196382655000036,13.482402646000025],[39.197004682000056,13.482489187000056],[39.19734406800006,13.48263134800004],[39.197659808000026,13.482807424000043],[39.19786505900004,13.483454916000028],[39.19831985800005,13.483850163000056],[39.19860742600008,13.484521321000045],[39.19889711400003,13.484961909000049],[39.199279586000046,13.485518833000071],[39.19960236700007,13.486191100000042],[39.199809241000025,13.486688263000076],[39.19992279600007,13.487127862000023],[39.20000006600003,13.487681638000026],[39.20016957000007,13.488396980000061],[39.200350395000044,13.489171082000041],[39.20051126900006,13.489564290000033],[39.20081199100008,13.490074942000035],[39.20120818200007,13.490435183000045],[39.20165301500003,13.490636022000047],[39.20193405200007,13.49073074100005],[39.202074967000044,13.490743063000025],[39.202556369000035,13.490805962000024],[39.203038004000064,13.490810102000069],[39.20399131800008,13.490646568000045],[39.20446141100007,13.490662009000062],[39.20483656500005,13.490734038000028],[39.20530745900004,13.490669226000023],[39.20593001000003,13.490675504000023],[39.20641192900007,13.490668320000054],[39.20651761800008,13.490669363000052],[39.20690567500003,13.490649830000052],[39.20729345800004,13.490641603000029],[39.20822337900006,13.490478064000058],[39.20905891900003,13.49035869200003],[39.210106351000036,13.490183751000075],[39.21127130900004,13.490010967000046],[39.212318485000026,13.489882370000032],[39.213096446000065,13.489635301000021],[39.21345136900004,13.489373905000036],[39.214350522000075,13.488713052000037],[39.21503539300005,13.488350768000032],[39.215802833000055,13.487965820000056],[39.216332032000025,13.48790206800004],[39.21689651600008,13.487872192000054],[39.21786978600005,13.48808948900006],[39.218575163000025,13.488049321000062],[39.21928212500006,13.487859944000036],[39.21986104600006,13.487519231000022],[39.220371088000036,13.487016929000049],[39.220751233000044,13.48655995300004],[39.22140374500003,13.485874430000024],[39.222075724000035,13.48563873300003],[39.222518980000075,13.485987602000023],[39.22287997300003,13.486371580000025],[39.223239877000026,13.486824504000026],[39.223481253000045,13.48742672800006],[39.22373471800006,13.487992784000028],[39.22408176400006,13.488584737000053],[39.224360201000025,13.488978963000022],[39.22476953000006,13.489178654000057],[39.225309579000054,13.48926407700003],[39.225803822000046,13.489165299000035],[39.22642794800004,13.48900988400004],[39.22704106300006,13.48880699600005],[39.22789920400004,13.488792672000045],[39.228373428000054,13.488289257000076],[39.228785662000064,13.488189418000047],[39.22957491500006,13.488001066000038],[39.230397793000066,13.487950581000064],[39.23136211700006,13.48785588800007],[39.23212717400003,13.487736495000036],[39.232915889000026,13.487593347000029],[39.23381344000006,13.487129094000068],[39.234875540000075,13.486631914000043],[39.23533874800006,13.486105894000048],[39.235578444000055,13.485542787000043],[39.23584080900008,13.485153723000053],[39.23650482700003,13.48447944700007],[39.23713418500006,13.483805202000042],[39.237774013000035,13.483188593000023],[39.23828084400003,13.482998222000049],[39.23920840100004,13.483097934000057],[39.23949918300008,13.483424307000064],[39.239787928000055,13.484002738000072],[39.240214458000025,13.484929169000054],[39.24059466500006,13.485727920000045],[39.24097540300005,13.486480327000038],[39.24135773800003,13.487094834000061],[39.24180898900005,13.487893505000045],[39.24243426400005,13.488890953000066],[39.24329411200006,13.489993275000074],[39.24423696400004,13.490936151000028],[39.24457514900007,13.491273776000071],[39.245474880000074,13.491823345000057],[39.246362533000024,13.492419265000024],[39.24757884100006,13.493064598000046],[39.24920737700006,13.493597609000062],[39.24999452600008,13.49360473300004],[39.25093419500007,13.493671611000025],[39.25194222600004,13.493945268000061],[39.25262266400006,13.494077955000023],[39.253582367000035,13.494513275000031],[39.25424920000006,13.494876556000065],[39.254903882000065,13.495228541000074],[39.25542875600007,13.495694814000046],[39.256011439000076,13.496207370000036],[39.256243881000046,13.49647387500005],[39.256826595000064,13.497021466000035],[39.25744404400007,13.497637974000043],[39.25808617600006,13.498116547000052],[39.258648289000064,13.498294561000023],[39.25949439900006,13.49832533600005],[39.26023631500004,13.498158409000041],[39.261282160000064,13.498122285000022],[39.262128777000044,13.498106708000023],[39.263535938000075,13.498407021000048],[39.26471015100003,13.49852220200006],[39.26556522800007,13.498841169000059],[39.266421308000076,13.499021104000064],[39.26691559100004,13.498957282000049],[39.26743355700006,13.498892304000037],[39.26794942300006,13.499024004000034],[39.26873555000003,13.499135043000024],[39.269358673000056,13.49911743000007],[39.26991031500006,13.499214041000073],[39.27061337600003,13.499416737000047],[39.27120022100007,13.499490706000074],[39.27161245600007,13.499390797000046],[39.27214402200008,13.499096340000051],[39.272749100000055,13.498444645000063],[39.27351824600004,13.497852667000075],[39.27387725400007,13.497163932000035],[39.27411793600004,13.49653184400006],[39.27428605500006,13.496084066000037],[39.27458563300007,13.495441737000021],[39.27471806600005,13.495096860000046],[39.27488467500007,13.494844621000027],[39.275477661000025,13.494250571000066],[39.275964446000046,13.49369054500005],[39.27650962400003,13.493210703000045],[39.276982270000076,13.492915181000058],[39.278010624000046,13.492267524000056],[39.27860153800003,13.491881441000032],[39.27916725400007,13.491667192000023],[39.279695177000065,13.491752503000043],[39.280326280000054,13.492162095000026],[39.28053562700006,13.492417298000078],[39.28067297300004,13.492821793000076],[39.28092555500007,13.493492891000074],[39.28091993900006,13.49412699100003],[39.28087004500003,13.494425436000029],[39.28082871400005,13.495128521000026],[39.280990761000055,13.495430127000077],[39.281494036000026,13.495653359000073],[39.282517228000074,13.495524487000068],[39.28310869100005,13.49511465300003],[39.28370217100007,13.494451639000033],[39.28424782700006,13.493891530000042],[39.28480346600003,13.493470436000052],[39.285087875000045,13.493219196000041],[39.28555999100007,13.492981298000075],[39.28581017600004,13.492603494000036],[39.28638951000005,13.492204981000043],[39.286791693000055,13.49192081700005],[39.28747727600006,13.491512005000061],[39.28813912800007,13.491056866000065],[39.288684757000055,13.490496757000074],[39.28905372500003,13.489969618000032],[39.28923343500003,13.489579457000048],[39.28925061500007,13.488980390000052],[39.28931609700004,13.488208332000056],[39.28936951900005,13.487493936000021],[39.28959654000005,13.487069812000072],[39.28981099200007,13.486760999000069],[39.290257858000075,13.486672325000029],[39.29063540100003,13.486561120000033],[39.29099125500005,13.48618318900003],[39.29108791200008,13.485884678000048],[39.291244412000026,13.485413172000051],[39.291294822000054,13.485068381000076],[39.29104422300003,13.484144096000023],[39.29083643600006,13.483749873000022],[39.29065127100006,13.483448300000077],[39.290489716000025,13.483078884000065],[39.29051849000007,13.482525017000057],[39.29069761900007,13.48214616100006],[39.291030370000044,13.481758089000039],[39.29161121800007,13.481209229000058],[39.292107937000026,13.480810790000021],[39.29278289800004,13.480251642000042],[39.29338585900007,13.479842910000059],[39.293744263000065,13.47920049000004],[39.29381776300005,13.478855671000076],[39.29392695400003,13.478429423000023],[39.294120762000034,13.477774759000056],[39.29421847700007,13.477394876000062],[39.29446059600008,13.47658983100007],[39.29461608500003,13.476246037000067],[39.29477268200003,13.475855908000028],[39.29489193200004,13.475626323000029],[39.29496341600003,13.475522248000061],[39.29518886400007,13.475259761000075],[39.29541336900007,13.475146469000038],[39.29559003300005,13.47511348300003],[39.29584871600008,13.47510413200007],[39.29615262400006,13.475233765000041],[39.29658695900008,13.475306716000034],[39.296809936000045,13.475366360000066],[39.297244231000036,13.475405402000035],[39.29758749500007,13.475142773000073],[39.298072157000036,13.474813291000032],[39.29832174000006,13.47444678100004],[39.29926590400004,13.474460352000051],[39.299614434000034,13.474257613000077],[39.30017553500005,13.474108878000038],[39.300538689000064,13.47405645300006],[39.30083262200003,13.474061750000033],[39.30126869700007,13.474134700000036],[39.30155108200006,13.474151315000029],[39.30235874500005,13.473986446000026],[39.302709710000045,13.473887689000037],[39.30320037700005,13.473751468000046],[39.303552592000074,13.47372165400003],[39.30382221000008,13.473681763000059],[39.30431471000003,13.473626917000047],[39.30474829100007,13.473560836000047],[39.30496870400003,13.47341814300006],[39.30551394500003,13.473062582000068],[39.30577740900003,13.472723177000034],[39.30594547700008,13.472293463000028],[39.30646452900004,13.471776292000072],[39.30670616900005,13.471529590000046],[39.30687794700003,13.471296556000027],[39.30725859700004,13.470932136000044],[39.307513576000076,13.470730630000048],[39.30789610200003,13.47048150300003],[39.30817602500008,13.470372651000048],[39.30866604400006,13.47019007800003],[39.30921311600008,13.469914747000075],[39.30961085200005,13.469826091000073],[39.30998738200003,13.469853886000067],[39.310235169000066,13.469895404000056],[39.31060137700007,13.46998085000007],[39.31086071900006,13.470032520000075],[39.311368462000075,13.470161873000052],[39.31173529200004,13.470281234000026],[39.31214827500003,13.470365490000063],[39.312877652000054,13.470408667000072],[39.313277233000065,13.470401390000063],[39.31357055400008,13.47038406200005],[39.31393368300007,13.470319183000072],[39.31424945200007,13.470255492000035],[39.31476626800003,13.470245808000072],[39.315130004000025,13.470204648000049],[39.315492525000025,13.470117175000041],[39.31581012400005,13.470122425000056],[39.31642664200007,13.470409871000072],[39.31665198600007,13.470521486000052],[39.317069322000066,13.47083518200003],[39.31727529400007,13.471142358000066],[39.31766397100006,13.47118142200003],[39.31809322100003,13.470908481000038],[39.318212678000066,13.470409885000038],[39.318311539000035,13.47006275900003],[39.31832776600004,13.469670526000073],[39.318401711000035,13.469254487000057],[39.318391175000045,13.468713102000038],[39.31821732700007,13.468244248000076],[39.318278460000045,13.467747985000074],[39.31823766900004,13.467472240000063],[39.31801706400006,13.467014750000033],[39.318292650000046,13.466687763000039],[39.31870849500007,13.466322152000032],[39.319225876000075,13.466323755000076],[39.319366787000035,13.466332622000039],[39.31979066300005,13.466359203000025],[39.32015504300006,13.466374564000034],[39.32053403200007,13.46651762700003],[39.320830417000025,13.46663819400004],[39.32122592800005,13.467045717000076],[39.32140760900006,13.467319013000065],[39.32162577100007,13.467671382000049],[39.321818989000064,13.46793335700005],[39.32193144200005,13.468253083000036],[39.322194495000076,13.468490108000026],[39.322513370000024,13.46858803200007],[39.32276238800006,13.46868717600006],[39.323105557000076,13.468818984000052],[39.323520399000074,13.468983469000023],[39.32378158900008,13.469127809000042],[39.32418178900008,13.469154423000077],[39.32443990300004,13.469149562000041],[39.32473319700006,13.469120924000038],[39.32507327400003,13.469091105000075],[39.32533198200008,13.469098678000023],[39.32573032500005,13.46903261500006],[39.326258015000064,13.468965237000077],[39.326609003000044,13.46888904900004],[39.32692538500004,13.468849082000077],[39.32721804900007,13.468774100000076],[39.327390458000025,13.468597551000073],[39.32767692700003,13.468211752000059],[39.32778666000007,13.467806970000026],[39.327883040000074,13.46734342800005],[39.327831693000064,13.466527430000042],[39.327680858000065,13.466011089000062],[39.327745091000054,13.465687737000053],[39.32795209000005,13.465464810000071],[39.32833394000005,13.465158006000024],[39.328580473000045,13.465141859000028],[39.32886162700004,13.465101937000043],[39.32915433200003,13.465060859000062],[39.329366245000074,13.465057192000074],[39.329495604000044,13.465066069000045],[39.32986305900005,13.465220430000045],[39.33009934100005,13.465296981000051],[39.33040853600005,13.465497769000024],[39.33076259300003,13.46556060000006],[39.33101161800005,13.465671032000046],[39.33143802300003,13.465858099000059],[39.33168950000004,13.466072518000033],[39.331857813000056,13.466276879000077],[39.33201520800003,13.466515162000064],[39.33223151300007,13.466764672000068],[39.33249765000005,13.467139570000029],[39.332545923000055,13.467807497000024],[39.332390049000026,13.468247388000066],[39.33230337700007,13.468629539000062],[39.33214500500003,13.46893265600005],[39.33193928700007,13.469247150000058],[39.33167710300006,13.469655523000029],[39.331356639000035,13.470076409000058],[39.331162439000025,13.470368285000063],[39.33073385200004,13.470698886000037],[39.33044178100005,13.470785168000077],[39.329985126000054,13.470863759000054],[39.329741668000054,13.47102910700005],[39.32953346000005,13.471206833000053],[39.32915467600003,13.47165151400003],[39.328925266000056,13.471955870000045],[39.32871952100004,13.472247750000065],[39.328559883000025,13.472480802000064],[39.32840215900006,13.472841563000031],[39.32827902300005,13.473166113000048],[39.32816800000006,13.473479350000048],[39.32785189800006,13.474153411000032],[39.32776333800007,13.474420267000028],[39.32772651800008,13.47495041600007],[39.327744265000035,13.475261226000043],[39.327751686000056,13.47561838300004],[39.327966393000054,13.476386686000069],[39.32822699500008,13.476508420000073],[39.32848568400004,13.476503563000051],[39.32887252900008,13.476461232000077],[39.329119098000035,13.476456391000056],[39.329377796000074,13.476451533000045],[39.32971848300008,13.476445438000042],[39.32996444200006,13.476416856000071],[39.33064455200008,13.476311972000076],[39.33100834000004,13.476304715000026],[39.331360561000054,13.476286167000069],[39.33201763000005,13.476227651000045],[39.332311583000035,13.47624535600005],[39.332784127000025,13.476374702000044],[39.33302658800005,13.47673833400006],[39.33310200100004,13.47699028900007],[39.33310822800007,13.477312410000025],[39.33303118900005,13.47756795600003],[39.332870343000025,13.477754660000073],[39.33256984600007,13.478013891000046],[39.33241024100005,13.478270676000022],[39.33220449400005,13.478562559000068],[39.33192893200004,13.478902015000074],[39.33174624800006,13.479171257000075],[39.331575712000074,13.479461963000062],[39.33118416100007,13.47986146900007],[39.330959706000044,13.480407691000039],[39.33090825000005,13.480788665000034],[39.33088952800006,13.48103057000003],[39.33092499900005,13.481629568000074],[39.33094275000008,13.48194036800004],[39.33098354900005,13.482216110000024],[39.33106397700004,13.482743836000054],[39.331330741000045,13.483142475000022],[39.331570147000036,13.483379520000028],[39.33195290200007,13.483718097000065],[39.33210967600007,13.483922472000074],[39.332364305000056,13.484308690000034],[39.332532024000045,13.484490440000059],[39.33272339000007,13.484647297000038],[39.33300892500006,13.484837937000066],[39.33358650900004,13.484919680000075],[39.33393875100006,13.484901128000047],[39.334325593000074,13.484847493000075],[39.334689379000054,13.484828916000026],[39.33494871000005,13.484857959000067],[39.335245142000076,13.48499094300007],[39.335495424000044,13.485159015000022],[39.33573236700005,13.485280773000056],[39.335994810000045,13.485471440000026],[39.33634109900004,13.485741105000045],[39.33674259600008,13.485849076000022],[39.33719333400006,13.486059840000053],[39.337454544000025,13.486192860000074],[39.33784202000004,13.486185552000052],[39.33811476500006,13.486306119000062],[39.33841303000003,13.486508041000036],[39.33871879600008,13.487124756000071],[39.338911463000045,13.487374292000027],[39.33913024700007,13.487726644000077],[39.33937339000005,13.488149036000038],[39.339603744000044,13.488512677000074],[39.33996592700004,13.488990297000043],[39.34019564000005,13.48930759600006],[39.340449697000054,13.489683630000059],[39.34062301100005,13.490141152000035],[39.34071058200004,13.490404394000052],[39.34076793200006,13.490933287000075],[39.34128692200005,13.491625440000064],[39.341466764000074,13.491794733000063],[39.34152228700003,13.492254684000045],[39.34136764300007,13.49275334500004],[39.34145489800005,13.493604326000025],[39.34110294100003,13.49423323800005],[39.34073569100008,13.494666633000065],[39.34049287600004,13.494889629000056],[39.34018079700007,13.495137580000062],[39.33995013500004,13.495384298000033],[39.339546419000044,13.495761224000034],[39.339315749000036,13.495995507000032],[39.33897092900003,13.49637122200005],[39.338801670000066,13.496743310000056],[39.338445328000034,13.49714165100005],[39.33845031800007,13.497406125000055],[39.338705599000036,13.497827372000074],[39.338943734000054,13.497972855000057],[39.33939389300008,13.498171181000032],[39.33977234300005,13.498291603000041],[39.34004509300007,13.498412178000024],[39.340281395000034,13.498477413000046],[39.34064828100003,13.498596710000072],[39.34120411500004,13.498782463000055],[39.341737452000075,13.498990839000044],[39.34208378200003,13.499271810000039],[39.34233722600004,13.499612806000073],[39.34259127000007,13.499976392000065],[39.34285627500003,13.500328686000046],[39.34308598600006,13.50063467700005],[39.34337340500008,13.500905550000027],[39.34361344200005,13.501166323000064],[39.343842546000076,13.50144970100007],[39.34405703300007,13.50160764800006],[39.34458198500005,13.502000259000056],[39.34507237400004,13.502451693000069],[39.34550378800003,13.502858005000064],[39.34578157200008,13.503255481000053],[39.34591652200004,13.503518646000032],[39.34616935400004,13.503835906000063],[39.34634984400003,13.504051536000077],[39.34651941000004,13.504289792000066],[39.34664661100004,13.504794854000068],[39.346819297000025,13.505194724000035],[39.34687168800008,13.505481743000075],[39.34738950000008,13.506116245000044],[39.34762888600005,13.506319357000052],[39.34786050900004,13.506740635000028],[39.34797493200006,13.507188067000072],[39.34786643800004,13.50763919700006],[39.34778944900006,13.507917348000035],[39.347583705000034,13.50822167900003],[39.347088960000065,13.50876037100005],[39.34683707000005,13.509099801000048],[39.34659731700003,13.50945052000003],[39.34638005700003,13.509776337000062],[39.346139065000045,13.510069409000039],[39.34589931000005,13.510420127000032],[39.34566081600008,13.510838658000068],[39.34544477700007,13.511211953000043],[39.345160779000025,13.511724360000073],[39.34496840400004,13.512085179000053],[39.34468626900008,13.512690268000028],[39.34459895800006,13.51302607200006],[39.34435328600006,13.51367519300004],[39.34425197400003,13.513908164000043],[39.34417930600006,13.514393160000054],[39.344198961000075,13.514796640000043],[39.34426348100004,13.51508250300003],[39.34437666200006,13.515483596000024],[39.344609529000024,13.515952338000034],[39.34470868600005,13.516226866000068],[39.34477508700007,13.516616717000034],[39.34482151700007,13.517180660000065],[39.34487574900004,13.517536620000044],[39.34489662300007,13.517996616000062],[39.34495213300005,13.518445260000021],[39.34502475000005,13.519135758000061],[39.34507959900003,13.519525624000039],[39.34519214200003,13.519869069000038],[39.34523425200007,13.520237481000038],[39.34549984300003,13.520577326000023],[39.34577326100003,13.520734059000063],[39.34621316100004,13.520990023000024],[39.346557037000025,13.521144399000036],[39.346959853000044,13.521321294000074],[39.347458016000076,13.521530834000032],[39.34770590200003,13.521606211000062],[39.34813801000007,13.522058858000037],[39.34828110300003,13.522759423000025],[39.34834810600006,13.523160578000045],[39.348414501000036,13.52354026100005],[39.34855390700005,13.524079202000053],[39.34874186900004,13.524650863000033],[39.348960730000044,13.52501563800007],[39.349107908000065,13.525346598000056],[39.34930305200004,13.525688805000073],[39.34961545600004,13.526039885000046],[39.34985616300003,13.526334547000033],[39.35016853600007,13.526663015000054],[39.35033751800006,13.526889962000041],[39.35058197500007,13.527380164000022],[39.35074437900005,13.527850127000022],[39.35090622200005,13.528318961000025],[39.351069891000066,13.528857877000064],[39.351139430000046,13.529409349000048],[39.351085503000036,13.529663738000067],[39.350943667000024,13.53023133000005],[39.35101192600007,13.530690130000039],[39.35117252400005,13.53110244800007],[39.351307537000025,13.53139952500004],[39.351454053000055,13.531661539000027],[39.35176769000003,13.532057827000074],[39.35200654500005,13.532272239000065],[39.352433648000044,13.532449091000046],[39.35268278500007,13.53258211900004],[39.35341357900006,13.532671504000064],[39.35404585200007,13.532544018000067],[39.354488598000046,13.532362550000073],[39.35485304000008,13.53234395100003],[39.35531105100006,13.532335394000029],[39.35581833600003,13.532440913000073],[39.356542571000034,13.532783491000032],[39.35700996400004,13.53324735800004],[39.357271866000076,13.533415399000035],[39.357798151000054,13.533865625000033],[39.35798119900005,13.534219138000026],[39.35800583900004,13.534863357000063],[39.35797688200006,13.535199090000049],[39.357842840000046,13.535558705000028],[39.35768384600004,13.535838115000047],[39.357536991000075,13.536128803000054],[39.357333105000066,13.536524685000074],[39.35711581900006,13.536839214000054],[39.35692217800005,13.537131099000021],[39.35670926000006,13.537666018000039],[39.356439300000034,13.53829257500007],[39.35637446100003,13.538582016000078],[39.35626784700003,13.539137136000022],[39.35602404300005,13.539878940000051],[39.35599506300008,13.540202228000055],[39.355785250000054,13.540886354000065],[39.355724156000065,13.54136002100006],[39.35577779000005,13.541693376000069],[39.35583082800008,13.542014298000026],[39.355913127000065,13.54258948100005],[39.35598800200006,13.542830123000044],[39.35600577400004,13.54312849300004],[39.35608247500005,13.54343807600003],[39.35612770700004,13.54394437700006],[39.356160128000056,13.544381744000077],[39.356142704000035,13.544705025000042],[39.356019537000066,13.545006985000043],[39.35574457200005,13.545380364000039],[39.35535297300004,13.54579121300003],[39.35501839800003,13.546096861000024],[39.354620598000054,13.546220620000042],[39.354293805000054,13.54631828600003],[39.35396456800004,13.546325539000065],[39.353694216000065,13.546307838000075],[39.353097759000036,13.546469180000031],[39.35272299900004,13.546545431000027],[39.35245331600004,13.546596672000021],[39.35199841900004,13.546778162000066],[39.351659476000066,13.54686566600003],[39.351319310000065,13.54690683900003],[39.35100283000003,13.546946839000043],[39.35020902000008,13.54723843100004],[39.35004872900004,13.547437598000045],[39.34995956400007,13.547693147000075],[39.349896597000054,13.548085445000027],[39.34996237400003,13.548430081000049],[39.35005124300005,13.548762260000046],[39.35017535500003,13.549105685000029],[39.350239283000064,13.549370083000042],[39.35027108100007,13.54978372100004],[39.350410457000066,13.550287622000042],[39.350463459000025,13.550587074000077],[39.35047471000007,13.551173664000032],[39.350519288000044,13.551633625000022],[39.350524277000034,13.551886791000072],[39.350543318000064,13.55226766800007],[39.35045602800005,13.552614788000028],[39.35025273700006,13.55303327300004],[39.35008468800004,13.553463005000026],[39.349946561000024,13.554202386000043],[39.35010653000006,13.554568381000024],[39.35083046900007,13.555455755000025],[39.35090215900004,13.555499738000037],[39.351171892000025,13.555482405000078],[39.35142581700006,13.555314772000031],[39.35192390000003,13.555025852000028],[39.352221513000075,13.554719129000034],[39.35257808100005,13.554433796000069],[39.352796761000036,13.55426734100007],[39.35318976800005,13.554015862000028],[39.35338473400003,13.553826829000059],[39.353786238000055,13.553460060000077],[39.35408568100007,13.553222277000032],[39.35447018700006,13.553086095000026],[39.354915507000044,13.553051565000032],[39.35521138800004,13.55313704200006],[39.355435657000044,13.55362612500005],[39.35553594500004,13.553865601000041],[39.355648373000065,13.554116365000027],[39.355800963000036,13.554561467000042],[39.35590186400003,13.55482468200006],[39.35604894200003,13.555062952000071],[39.35641598800004,13.555606090000026],[39.35680307000007,13.556035042000076],[39.35710927800005,13.556061734000025],[39.357519946000025,13.556039657000042],[39.35787170100008,13.556019950000064],[39.35816512200006,13.556001446000039],[39.358717340000055,13.555988219000028],[39.35915171200003,13.555977428000062],[39.35965289000006,13.555826375000038],[39.359932324000056,13.555727641000033],[39.360320509000076,13.55574064600006],[39.360641333000046,13.55588259800004],[39.36096028500003,13.555944304000036],[39.36138372400006,13.555957266000064],[39.361751284000036,13.556074269000021],[39.362129193000044,13.556157360000043],[39.362542320000045,13.556227964000072],[39.36286191000005,13.556323573000043],[39.36323253300003,13.556555884000034],[39.36352177300006,13.556825590000074],[39.363902746000065,13.557023960000038],[39.36413909800007,13.557086911000056],[39.36437605400005,13.557161166000071],[39.36477036800005,13.557393422000075],[39.36496302300003,13.557585286000062],[39.365229802000044,13.557901375000029],[39.36537627000007,13.55810460300006],[39.365679500000056,13.558465850000061],[39.36592984200007,13.558609028000035],[39.366333283000074,13.55876101900003],[39.36664069300008,13.55882160300007],[39.36690749500008,13.559150134000049],[39.366963456000065,13.559482335000041],[39.366934979000064,13.559747994000077],[39.36692170600003,13.560127779000027],[39.366870747000064,13.56042850700004],[39.366766994000045,13.560949719000064],[39.36668143900005,13.561285526000063],[39.366591682000035,13.561898271000075],[39.36639916300004,13.56216868000007],[39.366080933000035,13.562590744000033],[39.36577422200003,13.562990170000035],[39.36558231500004,13.563283198000022],[39.36534425200006,13.56362262600004],[39.365069694000056,13.563894293000033],[39.36474777700005,13.564167158000032],[39.36441372500008,13.564440041000069],[39.36402316500005,13.564784209000038],[39.36372307800008,13.564986958000077],[39.363308834000065,13.565331169000046],[39.362881171000026,13.565595139000038],[39.362613887000066,13.565705166000043],[39.362393989000054,13.565837724000062],[39.36218626500005,13.565991746000066],[39.361980336000045,13.566193227000042],[39.361677807000035,13.566304434000074],[39.36137406000006,13.566380604000074],[39.36087042200006,13.566438979000054],[39.36058912200008,13.566457469000056],[39.360330332000046,13.566464620000033],[39.36003688200003,13.566471831000058],[39.35972219100006,13.566571746000022],[39.35923010700003,13.566628964000074],[39.35891420200005,13.566683667000063],[39.35855334900003,13.56680738800003],[39.35813477500005,13.566978663000043],[39.35780792500003,13.567055991000075],[39.35753031200005,13.567223665000029],[39.35731225400008,13.567425170000035],[39.35708083800006,13.567580342000042],[39.356759501000056,13.567864502000077],[39.356511702000034,13.56827400900005],[39.356326522000074,13.568831499000055],[39.35631081200006,13.569143471000075],[39.35631754100007,13.56939664400005],[39.35640209200005,13.569924361000062],[39.35670352500006,13.570227973000044],[39.35689798300007,13.57046506200004],[39.35718356900003,13.570607060000043],[39.357528064000064,13.570736547000024],[39.35794367900007,13.570911144000036],[39.35838235500006,13.571050661000072],[39.358899990000054,13.571071399000061],[39.35919468600008,13.571121835000042],[39.35957442100005,13.571251259000064],[39.359966358000065,13.57142589600005],[39.36041658100004,13.571564263000027],[39.36071184000008,13.571603392000043],[39.36108791800007,13.571605116000057],[39.361535110000034,13.571640635000051],[39.361993202000065,13.571629804000054],[39.36241543400007,13.571596414000055],[39.36273136300008,13.571554132000074],[39.36329578300007,13.571562348000043],[39.36373200400004,13.571609184000067],[39.36410992100008,13.57168096600003],[39.36456678700006,13.571623790000046],[39.36502185000006,13.571520275000069],[39.36529096900006,13.571467891000054],[39.36566520900004,13.571400658000073],[39.36598234600007,13.571393406000027],[39.36633892200007,13.571108063000054],[39.36676236900007,13.571108571000025],[39.36713783400006,13.571087667000029],[39.367382676000034,13.571024011000077],[39.36766152200005,13.570902667000041],[39.36798650000003,13.570745079000062],[39.368242843000075,13.57064636900003],[39.368500468000036,13.570629035000024],[39.36878236600006,13.570621832000029],[39.36935831200003,13.570618721000073],[39.36974235800005,13.570919936000053],[39.36989621300006,13.57141137800005],[39.369857427000056,13.571735820000072],[39.36974813000006,13.57203776600005],[39.369588527000076,13.572675466000021],[39.369502331000035,13.572976247000042],[39.36934751500007,13.573349462000067],[39.36926073300003,13.573638940000023],[39.36918607600006,13.57392838800007],[39.36911336900005,13.574725348000072],[39.36916703900005,13.575438463000069],[39.36918838400004,13.575794464000069],[39.36918792500006,13.57624431000005],[39.369138183000075,13.576578945000051],[39.36911091500008,13.576879639000026],[39.36913597500006,13.577397262000034],[39.369142726000064,13.577650434000077],[39.369145908000064,13.578214431000049],[39.36915266800003,13.57847889900006],[39.36919171000005,13.579065455000034],[39.369065489000036,13.57963303200006],[39.36899881800008,13.580233299000042],[39.368884757000046,13.580812164000065],[39.36880349100005,13.581309601000044],[39.36859584900003,13.581902169000045],[39.36849086600006,13.58237704000004],[39.36868486600008,13.583051522000062],[39.36912419200007,13.583224935000032],[39.369407340000066,13.58326407100003],[39.36979558100006,13.583278189000055],[39.37019540400007,13.583302457000059],[39.370559928000034,13.583294009000042],[39.37106606100008,13.583327163000035],[39.371359539000025,13.583331245000068],[39.37161959300005,13.583382866000022],[39.37215371000008,13.583576466000068],[39.372368847000075,13.583721948000061],[39.372530564000044,13.584063044000061],[39.37256592600005,13.584511707000047],[39.37240988600007,13.584848760000057],[39.372230744000035,13.585188106000032],[39.37207345000007,13.585456217000058],[39.371721767000054,13.585925800000041],[39.37143876400006,13.586347808000028],[39.371068319000074,13.587012952000066],[39.370851007000056,13.58769822000005],[39.37093559700003,13.588225929000032],[39.37108454200006,13.588521834000062],[39.37120796500005,13.588760137000065],[39.37152095300007,13.589041112000075],[39.37188981300005,13.589215744000057],[39.37238685600005,13.589341602000047],[39.37294224200008,13.589466224000034],[39.37340281100006,13.589535617000024],[39.373885286000075,13.589569930000039],[39.37421765500005,13.58968810600004],[39.37464362700007,13.589805011000067],[39.37497418400005,13.58986555000007],[39.37548771300004,13.590186902000028],[39.37582562700004,13.590513045000023],[39.37602921400003,13.59065741300003],[39.37637438000007,13.590821908000066],[39.376635056000055,13.59089610500007],[39.37706054900008,13.591437991000078],[39.37719613400003,13.591688709000039],[39.37730801600003,13.591927026000064],[39.37748064500005,13.592222890000073],[39.377904913000066,13.592718435000052],[39.37826655400005,13.593067139000027],[39.37848415500008,13.593303028000037],[39.378857337000056,13.593640410000035],[39.37910770600007,13.593772277000028],[39.37942857300004,13.593914203000054],[39.37986853100006,13.594098891000044],[39.38014200500004,13.594218278000028],[39.38041607700006,13.59436140400004],[39.38071264900003,13.594480764000025],[39.380981930000075,13.594877078000025],[39.381071950000035,13.595174195000027],[39.38113290200005,13.595714371000042],[39.38115183000008,13.595990125000071],[39.38120536500003,13.59623079000005],[39.381341579000036,13.596504104000076],[39.381548861000056,13.596787477000078],[39.38199545900005,13.596787922000033],[39.382371559000035,13.596778309000058],[39.382815709000056,13.596687202000055],[39.38336743000008,13.596672789000024],[39.38374477700006,13.596720809000033],[39.38405102200005,13.596748597000044],[39.38437066700004,13.596832880000022],[39.38471461000006,13.596951024000077],[39.38498682300008,13.59701276900006],[39.38541283100005,13.597140960000047],[39.38588081300003,13.59749739700004],[39.38634943900007,13.597901303000071],[39.38633680400005,13.59830482500007],[39.38620139400007,13.598526568000068],[39.385891600000036,13.598810748000062],[39.385601809000036,13.598955869000065],[39.385369740000044,13.599077162000071],[39.38502040100008,13.599200904000043],[39.384775527000045,13.599264577000042],[39.384205079000026,13.599485862000051],[39.38390249100007,13.599585790000049],[39.383423737000044,13.599711988000024],[39.38296559500003,13.599723998000059],[39.38261318200006,13.599732447000065],[39.38223704100005,13.59971833000003],[39.381990349000034,13.59972435700007],[39.38154558700006,13.599792852000064],[39.381100221000054,13.599850051000033],[39.38082196600004,13.599983836000035],[39.38042584400006,13.60012008700005],[39.38019254300008,13.600195034000023],[39.37974716700006,13.600240926000026],[39.37939780600004,13.600353355000038],[39.37901690500007,13.600616153000033],[39.37883530300007,13.600861703000021],[39.37856075700006,13.601157116000024],[39.378384047000054,13.601575581000077],[39.37846439900005,13.601965398000061],[39.37871124800006,13.60242052500007],[39.378967758000044,13.602770508000049],[39.37913734500006,13.602962396000066],[39.37945283500005,13.603346205000037],[39.37976648500006,13.603661074000058],[39.37999268900006,13.604208905000064],[39.38010703700007,13.604539901000066],[39.38022015800004,13.604824549000057],[39.380395907000036,13.605258301000049],[39.38057887900004,13.605506684000034],[39.38079403800003,13.605651029000057],[39.38103227900007,13.605772727000044],[39.38119032900005,13.60597593600005],[39.38132653000008,13.606236816000035],[39.38184068100003,13.606558152000048],[39.38228008900006,13.60674397400004],[39.382542011000055,13.606863385000054],[39.38298141100006,13.607049197000038],[39.383316266000065,13.607247605000055],[39.38374352200003,13.60742213900005],[39.38404316500004,13.607644339000046],[39.38426075000007,13.607857620000061],[39.384464999000045,13.608037024000055],[39.38471615000003,13.60864132000006],[39.385156850000044,13.608908515000053],[39.38540248000004,13.609317285000031],[39.38589109600008,13.609558403000051],[39.38619552100005,13.609516126000074],[39.386598900000024,13.609218228000032],[39.386922723000055,13.609025580000036],[39.38741122300007,13.608840592000035],[39.38774780700004,13.608682959000078],[39.387967729000025,13.608550378000075],[39.38825753000003,13.608405253000058],[39.388524232000066,13.608260163000068],[39.38880308900008,13.608137656000054],[39.38904733000004,13.60804007300004],[39.389442247000034,13.607868792000033],[39.389767911000035,13.607745089000048],[39.390371806000076,13.607464954000022],[39.39088460900007,13.60731382800003],[39.39145698200008,13.607185209000022],[39.39185620200004,13.607174414000042],[39.39211628600003,13.607225995000022],[39.39255568100003,13.60739936400006],[39.392747764000035,13.607556160000058],[39.39350266900004,13.608112190000043],[39.39382232200006,13.608196451000026],[39.394105513000056,13.608246873000041],[39.39449318800007,13.608237213000052],[39.394893008000054,13.608238838000034],[39.39542413100003,13.608329549000075],[39.39549479200008,13.608777022000027],[39.39564564600005,13.609164460000045],[39.395653641000024,13.60945266400006],[39.39555840300005,13.609858577000068],[39.39540727700006,13.610357262000036],[39.39524093800003,13.61074181500004],[39.39494760300005,13.611197773000072],[39.394053289000055,13.611600432000046],[39.39314020200004,13.612187357000039],[39.392712481000046,13.612440074000062],[39.39247072000006,13.61264277500004],[39.39225018900004,13.612751630000048],[39.39195192300008,13.613023355000053],[39.39191314100003,13.61333537300004],[39.39188836900007,13.613727609000023],[39.39169829100007,13.614089596000042],[39.39168629900007,13.614528153000037],[39.39167618000005,13.615046956000072],[39.39167572700006,13.615473069000075],[39.39164971400004,13.615818965000074],[39.39153939500005,13.616547033000074],[39.39148305300006,13.617067038000073],[39.391517226000076,13.617469357000061],[39.39178659100003,13.617889387000048],[39.39198173800003,13.618149048000078],[39.39230882800007,13.618532812000069],[39.39286614800005,13.618726336000066],[39.39322351000004,13.618900963000044],[39.39379298600005,13.619105772000069],[39.39432783600006,13.619334365000043],[39.394908247000046,13.619515422000063],[39.395524489000024,13.619696412000053],[39.39577365400004,13.619781903000046],[39.39627266700006,13.620000392000065],[39.39655770200005,13.620108444000039],[39.396937569000045,13.620259289000046],[39.39738298000003,13.620214496000074],[39.397598423000034,13.619471573000055],[39.397539891000065,13.619024082000067],[39.397459559000026,13.618668181000032],[39.39729945700003,13.61794733000005],[39.39711995300007,13.617364405000046],[39.39701098300003,13.616814145000035],[39.39688135200004,13.61634529500003],[39.396751719000065,13.615875308000057],[39.39657966500005,13.615603189000069],[39.39644036300007,13.615227029000039],[39.396976247000055,13.615040817000022],[39.39758157600005,13.615268170000036],[39.397976662000076,13.61554558000006],[39.398417934000065,13.615787878000049],[39.398765000000026,13.616021290000049],[39.399347430000034,13.61672111200005],[39.39976269600004,13.617309313000021],[39.399902025000074,13.617697896000038],[39.39997147400004,13.618110332000072],[39.399923638000075,13.618526346000067],[39.39979312100007,13.618909706000068],[39.399690650000025,13.619477267000036],[39.39979165600005,13.61975062700003],[39.399953409000034,13.620080397000038],[39.400145516000066,13.620248502000038],[39.400352233000035,13.62050812700005],[39.40062633800005,13.620639924000045],[39.40094910200003,13.620850762000032],[39.40122630700006,13.62110914300007],[39.40144212900003,13.621287375000065],[39.40165624500003,13.621823907000078],[39.401804008000056,13.622073450000073],[39.40197856800006,13.622449550000056],[39.40212573400004,13.622687798000072],[39.40231677400004,13.623246960000074],[39.402360040000076,13.623545282000066],[39.40243730900005,13.62379721700006],[39.40246245800006,13.624314823000077],[39.402623197000025,13.625059400000055],[39.40278681700005,13.62545811800004],[39.403006325000035,13.62576406100004],[39.403380205000076,13.626122873000043],[39.40359539800005,13.62626719800005],[39.404190044000075,13.626989588000072],[39.40423929200006,13.627068636000047],[39.404399854000076,13.627364507000038],[39.40451113600005,13.627568905000032],[39.40466200800006,13.62794503200007],[39.40482934500005,13.628482767000037],[39.405014865000055,13.628846401000033],[39.40516388900005,13.629153587000076],[39.40564598100008,13.629602644000045],[39.40609404300005,13.630086792000043],[39.40645086600006,13.63026252900005],[39.40679383200006,13.63078302100007],[39.40708196800006,13.631006341000045],[39.40739692500006,13.631367503000035],[39.40754348400003,13.631582017000028],[39.407671882000045,13.631981910000036],[39.40776197200006,13.632291459000044],[39.40795241700005,13.632828024000048],[39.408100174000026,13.633066258000042],[39.40839574700004,13.633576650000066],[39.40876803200007,13.634338957000068],[39.40905326400008,13.634884402000068],[39.40924601800003,13.63507622800006],[39.40986540500006,13.635382636000031],[39.410401541000056,13.635657532000039],[39.41077048200003,13.635820809000052],[39.410913365000056,13.635909866000077],[39.41129818700006,13.636233611000023],[39.411451535000026,13.636691116000065],[39.41156469900005,13.636975747000065],[39.41162201100008,13.637366727000028],[39.41185616700005,13.637775487000056],[39.41195718400007,13.638048841000057],[39.41229832400006,13.638501506000068],[39.41251598200006,13.63872606600006],[39.41268374800006,13.638836553000033],[39.41310572700007,13.639252917000022],[39.41338111300007,13.639441214000044],[39.413502712000025,13.639587943000038],[39.41372223800005,13.63989387600003],[39.41395208500006,13.640141025000048],[39.414322938000055,13.640396975000044],[39.41460819100007,13.640942413000062],[39.41486361200003,13.64127088600003],[39.41500048900008,13.641566781000051],[39.41519755500008,13.641906665000022],[39.41520311600004,13.642114624000044],[39.41521959600004,13.642286389000049],[39.41520517500004,13.64263227500004],[39.41527340600004,13.64298819000004],[39.415237131000026,13.643391751000024],[39.41511450000007,13.64364852400007],[39.41496091700003,13.644055669000068],[39.41496340800006,13.644159653000031],[39.41487559300003,13.64483003500004],[39.41463874900006,13.645204552000052],[39.41460597300005,13.645297280000023],[39.41444993600004,13.645623061000038],[39.414415328000075,13.645659284000033],[39.414257398000075,13.645893515000068],[39.414132933000076,13.646092643000031],[39.41404302500007,13.646232947000044],[39.413977472000056,13.646418414000038],[39.41396905100004,13.64655745300007],[39.41398431700003,13.646695312000077],[39.41405851500008,13.646830825000052],[39.414135197000064,13.64706013600005],[39.41417476600003,13.647219437000047],[39.41429072500006,13.647440775000064],[39.41396669100004,13.64819066900003],[39.41361878500004,13.649168920000022],[39.41341420300006,13.64982142100007],[39.41327460400004,13.650297477000038],[39.413098011000045,13.651099131000024],[39.41311276500005,13.651606595000032],[39.41294246100006,13.653030993000073],[39.41286055000006,13.653448193000031],[39.41269303400003,13.654157141000042],[39.41250490500005,13.654970110000022],[39.412136357000065,13.656053502000077],[39.41195668600005,13.656750044000034],[39.41171329300005,13.657691944000021],[39.41157981200007,13.658364668000047],[39.411546663000024,13.659242934000076],[39.41127170200008,13.660312605000058],[39.41106586800004,13.660917635000033],[39.41102720900005,13.661622979000072],[39.41084643900007,13.662689104000037],[39.41065396600004,13.663340445000074],[39.41039471000005,13.664144484000076],[39.41013976200003,13.665086411000061],[39.40992496200005,13.666200063000076],[39.40992570100008,13.666627301000062],[39.41001109900003,13.667548313000054],[39.41020776700003,13.66865111900006],[39.41037332600007,13.669477057000051],[39.41062772500004,13.670544729000028],[39.410730054000055,13.671234006000077],[39.41086160300006,13.672107479000033],[39.41080167400003,13.672882930000071],[39.41072887400003,13.673219866000068],[39.410898763000034,13.674207430000024],[39.41095613700003,13.674967983000045],[39.41096609200008,13.675707161000048],[39.41093590400004,13.676296067000067],[39.41082254100007,13.677245675000052],[39.410805251000056,13.678273095000065],[39.41098178500005,13.679087716000026],[39.411792958000035,13.680267488000027],[39.41238221400005,13.681117588000063],[39.412576897000065,13.681735498000023],[39.412938301000054,13.682834636000052],[39.41323830300007,13.683853627000076],[39.413578452000024,13.68502174200006],[39.41387920600005,13.686467961000062],[39.414415931000065,13.688335366000047],[39.414633869000056,13.68934544700005],[39.41502333200003,13.690616325000065],[39.41561028600006,13.691778365000062],[39.416263592000064,13.693204776000073],[39.416410272000064,13.693788865000045],[39.41650708700007,13.69428262300005],[39.41679542500003,13.694898121000051],[39.417517272000055,13.695848583000043],[39.41798185400006,13.696436653000035],[39.41856147800007,13.697356823000064],[39.419096136000064,13.698347151000064],[39.41943925000004,13.699203295000075],[39.41974528900005,13.700015430000064],[39.41999715900005,13.700585773000057],[39.42067948300007,13.701398397000048],[39.42102063100003,13.701793407000025],[39.421552692000034,13.70228755100004],[39.42193831800006,13.702993291000041],[39.42258970000006,13.703944985000021],[39.423057406000055,13.704648341000052],[39.42336211000003,13.705020791000038],[39.42367341700003,13.70520900200006],[39.424560479000036,13.705751132000046],[39.42506654700003,13.706569702000024],[39.42512933800003,13.70677190300006],[39.424570061000054,13.706905101000075],[39.42397376900004,13.707024796000042],[39.42341153500007,13.707120701000065],[39.42309669100007,13.707221838000066],[39.42242267600005,13.707516853000072],[39.421619175000046,13.707803049000063],[39.421012604000055,13.707991697000068],[39.42065153600004,13.708105336000074],[39.419516893000036,13.708758292000027],[39.41898878200004,13.70919998000005],[39.41843638600005,13.709630412000024],[39.41791017400004,13.710163647000059],[39.41753341500004,13.710554218000027],[39.417166509000026,13.711290631000054],[39.416692615000045,13.71199557600005],[39.41562132300004,13.713189790000058],[39.41492433600007,13.713912060000041],[39.414396225000075,13.714365045000022],[39.41370522200003,13.714879335000035],[39.41275819600003,13.715088885000057],[39.41209631700008,13.715406462000033],[39.411145601000044,13.715489422000076],[39.41034635500006,13.715925905000063],[39.409594999000035,13.715980270000045],[39.408650934000036,13.715901576000022],[39.407607203000055,13.71602198100004],[39.40683031800006,13.716018733000055],[39.405957982000075,13.715972696000051],[39.405486223000025,13.715927129000022],[39.40486069800005,13.715875036000057],[39.40389976100005,13.716407825000033],[39.40298355700003,13.716062339000075],[39.40255617100007,13.71593531700006],[39.40179021400007,13.715898129000038],[39.40105227000004,13.716021398000066],[39.40046491900006,13.715643713000077],[39.40008127100003,13.715400202000069],[39.399553522000076,13.715056343000072],[39.39897654500004,13.714656026000057],[39.39839347900005,13.714417353000044],[39.398040938000065,13.714449567000031],[39.397720046000074,13.71474620600003],[39.39735061600004,13.715391042000022],[39.39716361500007,13.716250338000066],[39.397050182000044,13.71719993000005],[39.39691428500004,13.718195900000069],[39.396941800000036,13.718749674000037],[39.39716327100007,13.719481724000048],[39.39755377900008,13.720360424000035],[39.397894413000074,13.721147660000042],[39.39803985400005,13.721697864000078],[39.39822423700008,13.722374585000068],[39.39857952400007,13.72327708000006],[39.39859067900005,13.724061458000051],[39.398566681000034,13.72525164800004],[39.398366303000046,13.72606461600003],[39.39823876500003,13.726529355000025],[39.39793320600006,13.727357195000025],[39.39723438600004,13.728426401000036],[39.39674822600006,13.72910759000007],[39.39619877700005,13.729630652000026],[39.39586388200007,13.729858359000048],[39.39547000300007,13.730077141000038],[39.39487918200007,13.73040359600003],[39.39443969000007,13.730657477000022],[39.393827001000034,13.731042740000078],[39.39336566000003,13.731366726000033],[39.392858131000025,13.731726950000052],[39.39231533800006,13.732087229000058],[39.39177743500005,13.732609134000029],[39.39129001100008,13.733245102000069],[39.39061477700005,13.733920931000057],[39.38987450600007,13.73477205000006],[39.38899377300004,13.73563695200005],[39.388336104000075,13.736104780000062],[39.388002405000066,13.736367520000044],[39.387283368000055,13.737136092000071],[39.386603888000025,13.738054928000054],[39.38596690800006,13.73880979300003],[39.38532023700003,13.739647188000049],[39.38479631600006,13.740260600000056],[39.38438422200005,13.740663611000059],[39.38363409100003,13.741168867000056],[39.38303291100004,13.741554086000065],[39.38208459400005,13.742120689000046],[39.380989191000026,13.742899991000058],[39.38045851500004,13.743271532000051],[39.37982144700004,13.743634188000044],[39.37907918900004,13.744011709000063],[39.378365546000055,13.744573410000044],[39.37772120100004,13.745086392000076],[39.376546071000064,13.74555612000006],[39.37544634900007,13.746185086000025],[39.37354884700005,13.746096413000032],[39.37242466300006,13.745883369000069],[39.371375227000044,13.745414760000074],[39.37044188100003,13.744873650000045],[39.36994456600007,13.744782852000071],[39.369293998000046,13.744660617000022],[39.36794366500004,13.744373299000074],[39.367292494000026,13.744228459000055],[39.36654767500005,13.743716432000042],[39.36565746200006,13.742644021000046],[39.364837210000076,13.74194899400004],[39.364354426000034,13.741534904000048],[39.36344851500007,13.741142916000058],[39.36229391100005,13.740676699000062],[39.36118617300008,13.740232992000074],[39.360110607000024,13.739660393000065],[39.358634420000044,13.73907594600007],[39.357305954000026,13.738313818000051],[39.35584805800005,13.73797120100005],[39.35489899800007,13.737695658000064],[39.35390375500003,13.73746877700006],[39.35207743400008,13.736996679000072],[39.35109797800004,13.736491715000057],[39.349550116000046,13.736278038000023],[39.348405928000034,13.736180194000042],[39.34736816100008,13.736114964000024],[39.346214290000034,13.736110937000035],[39.34474424300004,13.736137865000046],[39.343352638000056,13.736035816000026],[39.341300180000076,13.735465629000032],[39.34027210900007,13.734915478000062],[39.33832485800008,13.734735056000034],[39.337310795000064,13.734668631000034],[39.33634111600003,13.734914088000039],[39.335119132000045,13.735383674000047],[39.33440116600008,13.73580736100007],[39.333798072000036,13.736515717000032],[39.33309752800005,13.737000421000062],[39.33301097400005,13.737111294000044],[39.332752378000066,13.737396470000022],[39.33261742900004,13.737618184000041],[39.332458608000024,13.737730294000073],[39.33220572400006,13.737955555000042],[39.332001486000024,13.738248565000049],[39.33190178600006,13.738469101000021],[39.33174495900005,13.738760916000047],[39.33168721200008,13.738808466000023],[39.33145560000003,13.738953450000054],[39.33131154700004,13.739290460000063],[39.33144410400007,13.739413482000032],[39.33145632700007,13.739874604000022],[39.33143626300006,13.740001221000057],[39.331278207000025,13.74024782600003],[39.33106059600004,13.74048321400005],[39.33055418200007,13.74089869900007],[39.33015901700003,13.741081196000039],[39.32981852300003,13.741089568000064],[39.32961389400003,13.741100008000046],[39.32884864000005,13.740799258000038],[39.32809355200004,13.74032216200004],[39.32756889500007,13.74009342000005],[39.32651047600007,13.73973313600004],[39.326200769000025,13.739428376000035],[39.325985444000025,13.739230869000039],[39.325786994000055,13.739105670000072],[39.32569207200004,13.739031195000052],[39.32539303600004,13.738915175000045],[39.325252008000064,13.73893118500007],[39.32483524700007,13.738970159000075],[39.32455953600004,13.73899539200005],[39.324040927000055,13.739378103000035],[39.32381936100006,13.739690340000038],[39.32347458500004,13.739945101000046],[39.32319796000007,13.740147784000044],[39.322826503000044,13.740341544000046],[39.32254683700006,13.740440241000044],[39.322197851000055,13.74057519300004],[39.321891417000074,13.740548465000074],[39.321440890000076,13.740410036000071],[39.32121591900005,13.740345905000027],[39.32100313700005,13.740316793000034],[39.32054407800007,13.740282354000044],[39.32010877100004,13.74028178900005],[39.31983880000007,13.740287788000046],[39.31939316300003,13.740344882000045],[39.31901862600006,13.740400745000045],[39.318913466000026,13.740438176000055],[39.318785769000044,13.740486942000075],[39.318567537000035,13.740699719000077],[39.31844107400008,13.740806121000048],[39.318144999000026,13.741170449000037],[39.31796077800004,13.74131310000007],[39.31779967800003,13.74145571200006],[39.31754676000003,13.741669672000057],[39.317454964000035,13.741763594000076],[39.31745802300003,13.741890170000033],[39.317474428000025,13.742051785000058],[39.31747749700003,13.742178361000072],[39.31748114900006,13.742316252000023],[39.31747689800005,13.742592039000044],[39.31746900300004,13.742742379000049],[39.31746356600007,13.74299555600004],[39.31733955100003,13.743205943000078],[39.31719241800005,13.743417489000024],[39.31711095300005,13.743453769000041],[39.31687868700004,13.743552398000077],[39.31684525000003,13.74362138500004],[39.31676806100006,13.743830581000054],[39.316675650000036,13.743890606000036],[39.316467112000055,13.74401180600006],[39.316255529000045,13.74401660500007],[39.316019624000035,13.74398751900003],[39.31587856600004,13.743991089000076],[39.31564448800003,13.744032082000047],[39.31553018000005,13.744149771000025],[39.31538427500004,13.744417832000067],[39.315280908000034,13.74450160200007],[39.31508394700006,13.744632961000036],[39.31474770800003,13.744802924000055],[39.31461212600004,13.745013333000031],[39.31460789700003,13.745301545000075],[39.314672976000054,13.74554107800003],[39.31467906700004,13.74578294500003],[39.314684545000034,13.745990905000042],[39.314648086000034,13.74639445300005],[39.31459399400006,13.746579888000042],[39.31445781200006,13.746767687000045],[39.314367823000055,13.746919252000055],[39.31419273800003,13.74741904800004],[39.31411490800008,13.747583033000069],[39.31412164100004,13.74785881500003],[39.314139874000034,13.748100666000028],[39.31419218800005,13.748306299000035],[39.31424265100003,13.748431695000022],[39.31429435600006,13.748614736000036],[39.314308330000074,13.748694967000063],[39.31431139700004,13.748821534000058],[39.314245121000056,13.748984393000057],[39.31420198500007,13.74957330500007],[39.314169770000035,13.749701066000057],[39.314109588000065,13.750093347000075],[39.31412845400007,13.750369104000072],[39.31424339700004,13.750723858000072],[39.31427928900007,13.751195125000038],[39.31424281500006,13.75158736800006],[39.31402761100003,13.751915421000035],[39.31380810100006,13.752047939000022],[39.31382453500004,13.752232155000058],[39.31404528200005,13.752594681000062],[39.31403798600007,13.752756316000045],[39.31398388200006,13.752941751000037],[39.313881139000046,13.753496833000042],[39.31386656700005,13.75384271400003],[39.31403925600006,13.754149923000057],[39.31421134500005,13.754433401000028],[39.31450202600007,13.754772107000065],[39.314768343000026,13.755053196000063],[39.314938006000034,13.755256428000052],[39.31504867600006,13.755438255000058],[39.315184292000026,13.755687873000056],[39.31543300000004,13.75620069100006],[39.315539450000074,13.756682044000058],[39.315629441000056,13.756967876000033],[39.31581246600007,13.757216303000064],[39.31585262400006,13.757410654000068],[39.31584471200006,13.75754968900003],[39.315724974000034,13.757933001000026],[39.31566355900003,13.758267628000056],[39.31576388900004,13.758507115000043],[39.316052152000054,13.758754267000029],[39.31631725700004,13.758989024000073],[39.31663890800007,13.759142329000042],[39.31685297100006,13.759252820000029],[39.31717950900003,13.759601642000064],[39.31743185900007,13.759802507000074],[39.31761367100006,13.760005713000055],[39.31770064600005,13.760187578000057],[39.317864848000056,13.760621385000036],[39.317936030000055,13.761102782000023],[39.318084406000025,13.76137611200005],[39.31824250600005,13.76156805200003],[39.318376296000054,13.761737412000059],[39.31866575400005,13.762029772000062],[39.319003233000046,13.762332236000077],[39.31912487300008,13.762502760000075],[39.319440488000055,13.763312739000071],[39.319536593000066,13.763401909000038],[39.320015143000035,13.76371322500006],[39.32021948100004,13.76389154800006],[39.32046087400005,13.764116155000067],[39.320800202000044,13.764500001000044],[39.32097965000003,13.76508298400006],[39.32111346900007,13.765701055000022],[39.32109950300003,13.766059361000032],[39.32103508000006,13.766302449000023],[39.32086058900006,13.766813553000077],[39.32075907300003,13.766988875000038],[39.32056879100003,13.767362105000075],[39.32042164500007,13.76757252300007],[39.320261137000045,13.767737756000031],[39.32006776900005,13.76797309400007],[39.31997050000007,13.768298741000024],[39.31993100200003,13.768586998000046],[39.31990854500003,13.769083210000076],[39.31990737500007,13.769498017000046],[39.31987698100005,13.769682293000074],[39.319872126000064,13.769936598000072],[39.31997976700006,13.770014447000051],[39.32028202400005,13.770340704000034],[39.32031910200004,13.77039716400003],[39.320323382000026,13.770570090000035],[39.320280825000054,13.770732900000041],[39.32016833300003,13.770919543000048],[39.32005282800003,13.771014635000029],[39.31978589400006,13.771148349000043],[39.31971962500006,13.771311190000063],[39.319694104000064,13.771679687000073],[39.319737315000054,13.771990447000064],[39.31973853200003,13.77203565800005],[39.31964795400006,13.77217592900007],[39.31957922400005,13.772235915000067],[39.319328736000045,13.772552714000028],[39.31933055400003,13.772621655000023],[39.31934821200008,13.772852209000064],[39.31936404100003,13.773012685000026],[39.319367072000034,13.773116660000028],[39.31937074100006,13.773265856000023],[39.319292922000045,13.773441137000077],[39.31921448700007,13.773581394000075],[39.31902417200007,13.773942197000054],[39.31898953100006,13.773978407000072],[39.31894636800007,13.774128783000037],[39.319013263000045,13.774427088000039],[39.31913855600004,13.774723048000055],[39.319201219000036,13.77488233300005],[39.319216409000035,13.774997597000038],[39.31923285800008,13.775181813000074],[39.31931919500005,13.775328632000026],[39.319572196000024,13.775575826000022],[39.31969564900004,13.775792679000062],[39.31985499900003,13.776053558000058],[39.31993466500006,13.776385753000056],[39.31992801200005,13.776592599000026],[39.31994021200006,13.777065016000051],[39.32010260200008,13.777428759000031],[39.32023945000003,13.77771339800006],[39.320314250000024,13.77787379700004],[39.320381772000076,13.778206007000051],[39.32043836300005,13.778573275000042],[39.32054113800007,13.778892996000025],[39.32055151000003,13.779295342000069],[39.32053758200004,13.779676258000052],[39.32065434500004,13.780076217000044],[39.32071822900008,13.780281841000033],[39.32074863300005,13.780534981000073],[39.32075535900003,13.78079944700005],[39.320856323000044,13.781061541000042],[39.32100593500007,13.781381199000066],[39.32102298500007,13.781588014000022],[39.32099081500007,13.782164486000056],[39.32090753800003,13.782569224000042],[39.32082972300003,13.782755820000034],[39.320733043000075,13.783092762000024],[39.32072578200007,13.783276998000076],[39.32092405000003,13.783651990000067],[39.320997014000056,13.783742309000047],[39.32120806000006,13.784163616000058],[39.32132669200007,13.784667551000041],[39.32126163300006,13.784864306000031],[39.321205116000044,13.784969498000066],[39.321149167000044,13.785074680000037],[39.32113032500007,13.785247635000076],[39.321134606000044,13.785420561000024],[39.32112550200003,13.785524551000037],[39.32111943500007,13.785743831000048],[39.321121866000055,13.78582407600004],[39.321103624000045,13.786020762000021],[39.321074457000066,13.786251368000023],[39.32107872900008,13.786424293000039],[39.32111644500003,13.786515788000031],[39.32123749800007,13.786662571000022],[39.32127458000008,13.786719039000047],[39.32147952400004,13.786909776000073],[39.321611510000025,13.787021499000048],[39.32178118100006,13.787202124000032],[39.32190281900006,13.787360202000059],[39.322013526000035,13.787553330000037],[39.32202871700008,13.787667465000027],[39.32207799100007,13.787758945000064],[39.322071331000075,13.787965790000044],[39.32202575300005,13.788463162000028],[39.32205374600005,13.788634926000043],[39.32227513600003,13.789009877000069],[39.322348730000044,13.789122805000034],[39.32268322800007,13.789333722000038],[39.322948360000055,13.789557165000076],[39.32306818200004,13.789646292000043],[39.323307181000075,13.789790660000051],[39.32351457800007,13.790072945000077],[39.32336016800008,13.790480036000076],[39.32334195200008,13.790688035000073],[39.32332676800007,13.790998862000038],[39.32333471800007,13.791309677000072],[39.32349466100004,13.79157056200006],[39.32364185900008,13.791808844000059],[39.32370451500003,13.791957961000037],[39.32377203100003,13.792278864000025],[39.323834075000036,13.792403103000026],[39.32394661500007,13.792665180000029],[39.32416011300006,13.793179163000048],[39.323857918000044,13.793761639000024],[39.32362081800005,13.794159802000024],[39.32354540000006,13.794402904000037],[39.32354724600003,13.794484279000073],[39.32358502000005,13.795035789000053],[39.32350840000004,13.795244987000046],[39.323345421000056,13.795306236000044],[39.32305536000007,13.795463725000047],[39.322662534000074,13.795737761000055],[39.32253971100005,13.795983184000022],[39.32244912600004,13.796123457000022],[39.322350605000054,13.796391450000044],[39.32226612100004,13.796773588000065],[39.32226977100004,13.79690017200005],[39.32227709400007,13.797175942000024],[39.32228871700005,13.797637072000043],[39.32229846800004,13.798004392000053],[39.32219872700006,13.798226045000035],[39.322083219000035,13.798321139000052],[39.321619207000026,13.798551194000026],[39.32149030200003,13.798577353000042],[39.32106762300003,13.798599386000035],[39.320610325000075,13.798668926000062],[39.32017731600007,13.798737303000053],[39.319872642000064,13.798778393000077],[39.31962574100004,13.798785492000036],[39.31927362700003,13.798816467000051],[39.318933049000066,13.798824816000035],[39.318531077000046,13.79875413600007],[39.31824646900003,13.798669738000058],[39.31738226900006,13.798449324000046],[39.316779577000034,13.798325762000047],[39.31644999000008,13.798334113000067],[39.31589778100005,13.798347257000046],[39.31535955800007,13.798440622000044],[39.31475020200003,13.798525040000072],[39.31431661400006,13.798593417000063],[39.31404720100005,13.798634445000062],[39.31369508100005,13.798655246000067],[39.31354244700003,13.798670126000047],[39.31331681300003,13.798583388000054],[39.31291845900006,13.798190572000067],[39.312603430000024,13.797840593000046],[39.31227562500004,13.797457853000026],[39.31178724100005,13.79675545300006],[39.31154825700003,13.796623519000036],[39.311123155000075,13.796552855000073],[39.310452980000036,13.796558221000055],[39.30995917900003,13.796570149000047],[39.309477524000044,13.796582052000076],[39.30891195700008,13.796549986000059],[39.308286156000065,13.796438877000071],[39.30788236500007,13.796298099000069],[39.30760991400007,13.796224979000044],[39.30725354100008,13.796084141000051],[39.307111220000024,13.796030080000037],[39.30668493500008,13.795936790000042],[39.30626592500005,13.796096678000026],[39.30615036200004,13.796168024000053],[39.30595333300005,13.79627677600007],[39.30591928500007,13.796335595000073],[39.30571433600005,13.796582242000056],[39.30557934900003,13.796827673000053],[39.30553798100004,13.797035691000076],[39.30549787100006,13.797313780000025],[39.305499085000065,13.797358991000067],[39.30540725600008,13.797891453000034],[39.304951139000025,13.797983572000021],[39.30474620800004,13.798253958000032],[39.30466716300003,13.798381776000042],[39.30450721500006,13.798558294000031],[39.304403243000024,13.798642050000069],[39.30427672800005,13.798737158000051],[39.30398483400006,13.798824545000059],[39.30371237600008,13.798740106000025],[39.30361384400004,13.798569565000037],[39.303564590000065,13.798489378000056],[39.30341560000005,13.798194569000032],[39.30334017300004,13.798000260000038],[39.30317901700005,13.797681725000075],[39.302888936000045,13.79738934900007],[39.30269980300005,13.797347759000047],[39.30248695700004,13.797307337000063],[39.30222484300003,13.797175422000066],[39.302176804000055,13.797141574000023],[39.30185446300004,13.796941910000044],[39.30151818000007,13.796685755000055],[39.30111616800008,13.796592435000036],[39.300879629000065,13.79655204100004],[39.30045333100003,13.796447444000023],[39.299994785000024,13.796446875000072],[39.299771597000074,13.79645279500005],[39.299595854000074,13.79648013800005],[39.299375085000065,13.796577608000064],[39.298979777000056,13.79674876200005],[39.29878091300003,13.796787428000073],[39.298570521000045,13.796850978000066],[39.29837165600003,13.796889645000022],[39.29816245400008,13.796987110000032],[39.29783710100003,13.79714460200006],[39.29747645100008,13.797280674000035],[39.297150491000025,13.797415565000051],[39.29690600200007,13.797501766000039],[39.29656544900007,13.797521390000043],[39.296257136000065,13.797436985000047],[39.29584360500007,13.797366282000041],[39.295711625000024,13.797254545000044],[39.295505483000056,13.797029872000053],[39.295050600000025,13.796718472000066],[39.29490586800006,13.796583010000063],[39.294629764000035,13.796359550000034],[39.294306232000054,13.796125981000046],[39.29405569100004,13.795994033000056],[39.293771691000074,13.79593221700003],[39.293501665000065,13.795938188000036],[39.29322011600004,13.795980346000022],[39.292657580000025,13.79605108900006],[39.292517091000036,13.79606595100006],[39.29228174800005,13.796071869000059],[39.29175266300007,13.796073637000063],[39.291564153000024,13.796067083000025],[39.29131601100005,13.796004082000024],[39.29111472500006,13.795962497000062],[39.29094809800006,13.795885835000036],[39.29062397200005,13.795628520000037],[39.29019462500003,13.795397330000071],[39.28982671000006,13.795268915000065],[39.289259945000026,13.79519046400003],[39.288857343000075,13.795073393000052],[39.28824131700003,13.794904574000043],[39.287852101000055,13.794856429000049],[39.287356498000065,13.794810667000036],[39.287018954000075,13.794934263000073],[39.28652453500007,13.794912238000052],[39.28603255300004,13.794993059000035],[39.28580936600008,13.794998966000037],[39.28563300600007,13.795002560000057],[39.28529185300005,13.795010873000024],[39.28493366400005,13.794789756000057],[39.28460040600004,13.794636423000043],[39.28424407600005,13.794518162000031],[39.283914450000054,13.794492543000047],[39.28369186000003,13.794521059000033],[39.28337503900008,13.794563248000031],[39.28314089000003,13.794591767000043],[39.28290674500005,13.79463160000006],[39.28287208300003,13.794656501000077],[39.28258504300004,13.794939399000043],[39.28255157700005,13.794998214000032],[39.282390417000045,13.795139673000051],[39.282206133000045,13.795282298000075],[39.28197442000004,13.795414802000039],[39.28180048100006,13.795511083000065],[39.28161318300005,13.795550842000068],[39.28113577900007,13.795735625000077],[39.28083352800007,13.795880644000022],[39.28040596900007,13.796155792000036],[39.280084239000075,13.796452281000029],[39.27965304000003,13.79660083400006],[39.279432892000045,13.796733322000023],[39.27909355200006,13.796810567000023],[39.27862284200006,13.796787370000061],[39.27809314800004,13.796765359000062],[39.27769237800004,13.796729646000074],[39.27713594700003,13.796593518000066],[39.276826424000035,13.796440148000045],[39.276706029000025,13.796350989000075],[39.27667686700005,13.796132888000045],[39.27644886400003,13.795493418000035],[39.276355857000055,13.795080976000065],[39.27626830400004,13.79487537600005],[39.276037246000044,13.79459306700005],[39.27590649700005,13.794527659000039],[39.27557993600004,13.794650097000044],[39.275159674000065,13.794753427000046],[39.27497660900008,13.794953674000055],[39.27489452900005,13.794978635000064],[39.27463424600006,13.794915631000038],[39.27445303300004,13.794723689000023],[39.274368508000066,13.794634489000032],[39.274178171000074,13.794546547000039],[39.273906941000064,13.794518590000052],[39.273543259000064,13.794550642000047],[39.273240405000024,13.794661745000042],[39.27276301000006,13.794857808000074],[39.27244980100005,13.795026568000026],[39.272322065000026,13.795075311000062],[39.27217245500003,13.795206584000027],[39.27180752600003,13.795652312000072],[39.27175035800008,13.795723577000047],[39.271598905000076,13.795762170000046],[39.27135262100006,13.79580200600003],[39.271033948000024,13.795752626000024],[39.270742651000035,13.795863714000063],[39.27046712600003,13.796122844000024],[39.27016425900007,13.79623394400005],[39.26990701400007,13.79629865000004],[39.26975556000008,13.796336112000063],[39.26961567800004,13.796385996000026],[39.26934688600005,13.796462021000025],[39.26925384100008,13.796509594000042],[39.26895277300008,13.796678327000052],[39.26867424000005,13.796835740000063],[39.268432749000056,13.797025888000064],[39.26824605100006,13.797088257000041],[39.26796570300007,13.797175589000062],[39.26769869900005,13.797308117000057],[39.267399441000066,13.797545800000023],[39.267261380000036,13.79766462300006],[39.267145827000036,13.797748395000042],[39.26701991400006,13.797878510000032],[39.26677966400007,13.798137599000029],[39.26656071800005,13.798326591000034],[39.266402550000066,13.798560721000058],[39.266278475000036,13.798783508000042],[39.26612943900005,13.798924962000058],[39.26602605200003,13.799020017000032],[39.26574627900004,13.799107345000039],[39.26547685600008,13.799148330000037],[39.26521840500004,13.799165562000042],[39.26506575900004,13.79918155100006],[39.26486628200007,13.799197599000024],[39.26463152300005,13.799203490000025],[39.26428915500003,13.799165434000031],[39.264219205000074,13.799179064000043],[39.26361888200006,13.799608079000052],[39.26319743300007,13.799687649000077],[39.262998561000074,13.79972742600006],[39.262740112000074,13.799755952000055],[39.26247009400004,13.799774324000055],[39.26217634900007,13.79978142400006],[39.261753068000075,13.799780745000021],[39.26148303700006,13.799787820000063],[39.26131885500007,13.79982528100004],[39.26121362500004,13.799840086000074],[39.26060121300003,13.799797793000039],[39.260353112000075,13.79976866800007],[39.260185886000045,13.79965807900004],[39.25976328100006,13.799241451000057],[39.259536481000055,13.799120758000072],[39.25923789800004,13.798932327000045],[39.258808583000075,13.798701071000039],[39.25851122100005,13.798570276000078],[39.25814272400004,13.798418083000058],[39.25763733700006,13.798429909000049],[39.25739163900005,13.798482166000042],[39.25702916200004,13.79855939500004],[39.25692335400004,13.798574200000076],[39.256678246000035,13.798637751000058],[39.25626895500005,13.79872860200004],[39.25596425900005,13.798770752000053],[39.25564319500006,13.79863995900007],[39.25543888400006,13.79847176800007],[39.255236997000054,13.798396248000074],[39.25487150600003,13.798359341000037],[39.25465011400007,13.798434161000046],[39.25442814000007,13.79849654700007],[39.254111891000036,13.798551132000057],[39.25403098400005,13.79858738200005],[39.25372571100007,13.798629520000077],[39.25361865800005,13.798562938000032],[39.253293375000055,13.798270539000043],[39.25317237000007,13.798136166000063],[39.25294495900005,13.797980422000023],[39.25270479100004,13.797802089000072],[39.25263423700005,13.79779198600005],[39.252210958000035,13.797790161000023],[39.25197079000003,13.797611828000072],[39.25177744600006,13.797409715000072],[39.25163031900007,13.797182677000023],[39.25137677300006,13.796912802000065],[39.251266143000066,13.796742252000058],[39.251058826000076,13.796459896000044],[39.25086487200008,13.796234043000027],[39.25059735200006,13.795883943000035],[39.250300612000046,13.795787044000065],[39.25021970800003,13.795834598000056],[39.250010486000065,13.795932012000037],[39.24977816400008,13.796053181000048],[39.249546430000066,13.796185654000055],[39.249068384000054,13.796335340000041],[39.24864570900007,13.796357240000077],[39.24823340900008,13.796344092000027],[39.24772923800003,13.796390942000073],[39.24747019100005,13.796397980000052],[39.24721171900006,13.796403898000051],[39.246917979000045,13.796410970000068],[39.24668322100007,13.796416863000047],[39.246283067000036,13.796403700000042],[39.245915764000074,13.796296690000077],[39.24557279000004,13.796224692000067],[39.24521467000005,13.796037433000038],[39.24490635300003,13.795930363000025],[39.244633908000026,13.795844737000039],[39.24432741800007,13.795817913000064],[39.24404343900005,13.795754900000077],[39.24373636000007,13.795716780000078],[39.24351313900007,13.795710214000053],[39.24333859200004,13.79578385700006],[39.24318594500005,13.79579870300006],[39.242854528000066,13.795715393000023],[39.242557791000024,13.795618484000045],[39.242416096000056,13.795588106000025],[39.242188697000074,13.795443657000021],[39.242044587000066,13.795320598000046],[39.241814771000065,13.79508346700004],[39.241504048000024,13.794872416000032],[39.241347802000064,13.794749368000055],[39.24126330000007,13.794671471000072],[39.241062000000056,13.79460724300003],[39.24091912600005,13.79455312600004],[39.24075372000004,13.794522770000071],[39.24052990800004,13.794493601000056],[39.240400384000054,13.794495996000023],[39.240189343000054,13.794513155000061],[39.239909589000035,13.794623065000053],[39.23972288500005,13.794685403000074],[39.23955988400007,13.794747728000061],[39.23933970100006,13.794867754000052],[39.23924665100003,13.794916446000059],[39.239062930000046,13.795070335000048],[39.23889078900004,13.795246822000024],[39.23865772600004,13.795782797000072],[39.238614496000025,13.795921855000074],[39.238546384000074,13.796039475000043],[39.238408899000035,13.796169587000065],[39.23829392300007,13.796263502000045],[39.23801475700003,13.796385844000042],[39.23773439800004,13.796473142000025],[39.23768755100008,13.796474326000066],[39.237429090000035,13.796481354000036],[39.23718218600004,13.796487239000044],[39.236898809000024,13.796447958000044],[39.236473717000024,13.796365860000037],[39.23624874500007,13.796314077000034],[39.23614291400003,13.796316447000038],[39.23595560500007,13.796355052000024],[39.235827861000075,13.796404906000078],[39.23567523400004,13.79643105100007],[39.23556024800007,13.796514798000032],[39.23525857900006,13.796694797000043],[39.23508583300003,13.796837376000042],[39.235038994000035,13.796838550000075],[39.23480787300008,13.797004916000049],[39.23445994400004,13.797187226000062],[39.234320042000036,13.797224655000036],[39.23401416300004,13.797231724000028],[39.23383720000004,13.797213810000073],[39.233585478000066,13.79702416400005],[39.23346748800003,13.797003934000031],[39.233051583000076,13.796852878000038],[39.23269825400007,13.796826083000042],[39.232557162000035,13.796829606000074],[39.23219346800005,13.796850301000063],[39.231914897000024,13.796995237000033],[39.23168255200005,13.797105084000066],[39.23149644400007,13.797190035000028],[39.23138087700005,13.797272651000071],[39.231177039000045,13.797565578000047],[39.231109512000046,13.797694491000073],[39.23098359100004,13.797835894000059],[39.230779161000044,13.798105090000035],[39.230606400000056,13.798247657000047],[39.23034058400003,13.798427625000045],[39.229978722000055,13.79855115600003],[39.229803557000025,13.798589754000034],[39.22945382000006,13.798701976000075],[39.229153343000064,13.798917003000042],[39.22906027700003,13.798953256000061],[39.228801813000075,13.798960283000042],[39.22832918200004,13.799340493000045],[39.228099213000064,13.799529453000048],[39.22784676200007,13.799778340000046],[39.22719340800006,13.800450321000028],[39.226965258000064,13.800720665000028],[39.22674505500004,13.800841811000055],[39.22637281800007,13.80100038200004],[39.22619826300007,13.801085319000038],[39.22574271600007,13.801199893000046],[39.22553228800007,13.801250947000028],[39.225182251000035,13.801363163000076],[39.22482951600006,13.801360098000032],[39.22446252100008,13.801265491000038],[39.22415121700004,13.801054417000046],[39.22388554200006,13.80078452600003],[39.22346781600004,13.800552068000059],[39.22308806500007,13.80041226700007],[39.222886766000045,13.800359331000038],[39.22246112100004,13.800277208000068],[39.22205944700005,13.800206360000061],[39.22191744700007,13.800163535000024],[39.22151489000004,13.800070085000073],[39.22111562400005,13.800090796000063],[39.22094392500003,13.799818558000027],[39.22110347300003,13.800688713000056],[39.221155347000035,13.800823163000075],[39.221155586000066,13.801076343000034],[39.22113838200005,13.801227810000057],[39.221086815000035,13.801430177000043],[39.22101816300005,13.801598643000034],[39.220914848000064,13.801801056000045],[39.22086329700005,13.80202037600003],[39.22082905600007,13.802188811000065],[39.22074310200003,13.802407032000076],[39.22058844000003,13.802743989000021],[39.22050227400007,13.803048097000044],[39.22043370000006,13.803300200000024],[39.220330352000076,13.803468716000054],[39.22022732000005,13.803671119000057],[39.220141288000036,13.803805703000023],[39.219986419000065,13.804227426000068],[39.219900419000055,13.804395907000071],[39.219797044000074,13.80454745000003],[39.219780323000066,13.804901246000043],[39.219642720000024,13.805238187000043],[39.21959110500006,13.805389684000033],[39.21953948100003,13.805524227000035],[39.219453549000036,13.805777484000032],[39.219401926000046,13.805912037000041],[39.219333461000076,13.806282822000071],[39.21936803600005,13.806468149000068],[39.219437037000034,13.806670408000059],[39.21959265000004,13.807040993000044],[39.21967929200008,13.807546137000031],[39.21973130900005,13.807832048000023],[39.21973148200004,13.808017415000052],[39.21974917700004,13.808388124000032],[39.21985254300006,13.808539482000072],[39.21999062000003,13.808707771000059],[39.22011131800008,13.80884216100003],[39.22023230100007,13.808977679000066],[39.220456555000055,13.80916284500006],[39.22066338800005,13.809280212000033],[39.220922048000034,13.809448384000063],[39.221094607000055,13.809700270000064],[39.22118123800004,13.810189599000068],[39.22123314700008,13.810357956000075],[39.22145749800006,13.810643712000058],[39.22164738500004,13.810862814000075],[39.221785433000036,13.810997186000066],[39.22192352900004,13.811182428000052],[39.222234282000045,13.811721276000071],[39.22238961900007,13.812091859000077],[39.22261407000008,13.812479342000074],[39.22266601100006,13.812680477000072],[39.22270067900007,13.812950579000074],[39.222856301000036,13.813321162000022],[39.22309794600005,13.813843117000033],[39.22321899700006,13.81404532700003],[39.22337414900005,13.814229423000029],[39.22351216200008,13.814314055000068],[39.223719294000034,13.814431419000073],[39.22389179700008,13.814616620000038],[39.22402984800004,13.814751001000047],[39.22435741800007,13.815020835000041],[39.22451281800005,13.815155190000041],[39.22480630000007,13.815761872000053],[39.22491013700005,13.81608164100004],[39.224979217000055,13.816367526000022],[39.22501407500005,13.816535907000059],[39.22508344000005,13.817108878000056],[39.22508371500004,13.817394835000073],[39.225101306000056,13.81764799900003],[39.225136074000034,13.81801869000003],[39.225291620000064,13.81860742400005],[39.22530926100006,13.818911440000022],[39.22541301500007,13.819163385000024],[39.22549940000005,13.819382570000073],[39.22556857300003,13.819753240000068],[39.225637551000034,13.819921580000027],[39.22565504500005,13.820073024000067],[39.22570731800005,13.820309202000033],[39.22581050600007,13.820561158000032],[39.22586297400005,13.820999647000065],[39.22596682900007,13.82135332100006],[39.22605377300005,13.822161382000047],[39.225882237000064,13.822986615000048],[39.22581307000007,13.823222905000023],[39.225693067000066,13.823525926000059],[39.22576209500005,13.823745126000063],[39.22584844900007,13.823930413000028],[39.22583148900003,13.824333921000061],[39.22572840400005,13.824789515000077],[39.22569486800006,13.825395366000066],[39.22571250900006,13.825699390000068],[39.22576417200003,13.82590052300003],[39.22576436700007,13.826102843000058],[39.22576470800004,13.826456613000062],[39.22578262600007,13.827046594000024],[39.225782852000066,13.827281681000045],[39.22574836500007,13.827500986000075],[39.225748527000064,13.82766938900005],[39.22576615300005,13.827956459000063],[39.22586993900006,13.828225367000073],[39.22597368400005,13.828461498000024],[39.226025478000054,13.828798268000071],[39.22618076600003,13.829101034000075],[39.22647474900003,13.829908894000027],[39.227078877000054,13.83086905600004],[39.22725147500006,13.831137890000036],[39.22782161900005,13.83223257800006],[39.227994573000046,13.832855191000021],[39.22813257400003,13.833225786000071],[39.22820225100003,13.833512817000042],[39.22827123600007,13.833681156000068],[39.22842666100007,13.83411841800006],[39.22846173900007,13.834506063000049],[39.22844463700005,13.834759267000038],[39.228376069000035,13.835028316000034],[39.22834170800007,13.835365165000042],[39.22830737700008,13.835752864000028],[39.228291048000074,13.836207258000059],[39.22827396200006,13.836477407000075],[39.22823977100006,13.836999603000038],[39.22820591200008,13.83726864700003],[39.22820620700003,13.837571556000057],[39.22822325900006,13.837858618000041],[39.22825841900004,13.838329908000048],[39.228241413000035,13.838683693000064],[39.22822426100004,13.838886010000067],[39.22815571800004,13.839172030000043],[39.22812177700007,13.839357438000036],[39.22800151300004,13.839981452000075],[39.22803642500003,13.840199554000037],[39.228122762000055,13.84036788700007],[39.22819197800004,13.840772452000067],[39.22822634700003,13.841025590000072],[39.22827872600004,13.841362358000026],[39.22831309400004,13.841614376000052],[39.228382890000034,13.842018949000021],[39.22843463300006,13.842287895000027],[39.22834902000005,13.842861018000065],[39.22819429400005,13.843147109000029],[39.22797044600003,13.843720360000077],[39.228005550000034,13.844124957000076],[39.22826425200003,13.84431008200005],[39.228712734000055,13.844561704000057],[39.22886773100004,13.844561560000045],[39.22902335500004,13.84461228300006],[39.229264767000075,13.84484827500006],[39.22940261100007,13.845049335000056],[39.229385971000056,13.845184978000077],[39.22912740000004,13.845724355000073],[39.22900725900007,13.845892871000046],[39.22874898300006,13.846145162000028],[39.228524821000065,13.846398560000068],[39.22838746000008,13.846701589000077],[39.228301713000064,13.84713907500003],[39.228370760000075,13.847358274000044],[39.22842246400006,13.847594451000077],[39.22821616300007,13.847780010000065],[39.227888276000044,13.84783004600007],[39.22766444700005,13.847814430000028],[39.227440010000066,13.847797685000046],[39.22695752100003,13.847662497000044],[39.22681923700003,13.847612895000054],[39.22647462600003,13.847713804000023],[39.226405965000026,13.847882280000022],[39.22633749900007,13.84825306600004],[39.22626887100006,13.848455449000028],[39.22621699800004,13.848640844000045],[39.22616564500004,13.848775398000043],[39.22618277600003,13.849146114000064],[39.22625244900007,13.849415044000068],[39.226493755000035,13.849550456000031],[39.22683872700003,13.84981913100006],[39.226977161000036,13.850021323000021],[39.22697737400006,13.85024059500006],[39.22694299900007,13.850577443000077],[39.226822276000064,13.850745958000061],[39.22671891200008,13.850914467000052],[39.22647798600008,13.851183683000045],[39.22618513800006,13.851588583000023],[39.22592701700006,13.852009284000076],[39.22559988000006,13.852245802000027],[39.22534168300007,13.852599810000072],[39.22525568400005,13.852785255000072],[39.22525607400007,13.853189884000074],[39.225342510000075,13.853458807000038],[39.22548086200004,13.853880263000065],[39.22546378700008,13.854166235000037],[39.225188041000024,13.854317939000055],[39.22501563900005,13.854268366000042],[39.22486051100003,13.854149836000033],[39.224705037000035,13.853964613000073],[39.22454990400007,13.853830258000073],[39.224411830000065,13.853695879000043],[39.22422189800005,13.85345983600007],[39.22401497200008,13.853308575000028],[39.22372151400003,13.853072617000066],[39.223531998000055,13.85297219000006],[39.223255978000054,13.852837946000022],[39.222842015000026,13.852703826000038],[39.222462922000034,13.85273694700004],[39.22229050000004,13.852973320000046],[39.22225621000007,13.853107857000055],[39.22229082000007,13.85331014600007],[39.22232573000008,13.853529378000076],[39.222412116000044,13.853748572000029],[39.22248108600007,13.853899959000046],[39.22267126500003,13.854388053000037],[39.22274034700007,13.854656993000049],[39.222844069000075,13.854859218000058],[39.22287874500006,13.85512931900007],[39.222534377000045,13.855499225000074],[39.22237920800006,13.855634993000024],[39.221896764000064,13.855870527000036],[39.221724521000056,13.855989356000066],[39.221552315000054,13.85615791600003],[39.22139753300007,13.856393152000066],[39.221294138000076,13.856544704000044],[39.22119073700003,13.856680424000047],[39.22119102400006,13.856983334000063],[39.22139830000003,13.85720241000007],[39.22165691400005,13.857285822000051],[39.22177770300004,13.85748802300003],[39.22165721700003,13.857605685000067],[39.221329593000064,13.857639887000062],[39.22095051600007,13.85770804300006],[39.22079525800007,13.857742090000045],[39.220467728000074,13.857876882000028],[39.220192291000046,13.85806249500007],[39.22005446900005,13.858197116000042],[39.21993374600004,13.858365638000066],[39.219692853000026,13.858685717000071],[39.219623985000055,13.858955902000048],[39.21967588200005,13.859090361000028],[39.21981395700004,13.859224734000065],[39.22000382500005,13.859392977000027],[39.22014187000008,13.859494572000074],[39.22028002500008,13.859712591000061],[39.22031480900006,13.86010023600005],[39.22031501600003,13.86031949900007],[39.22029795000003,13.860622424000042],[39.22033282800004,13.860807758000021],[39.22041959500007,13.861430443000074],[39.22047123900006,13.861598810000032],[39.22047149400004,13.861868942000058],[39.22043746300005,13.862289426000075],[39.22045498400007,13.862458942000046],[39.22036931800005,13.863013979000073],[39.22036949200003,13.863199335000047],[39.22014579000006,13.863655035000022],[39.22031833500006,13.863840236000044],[39.22052517900005,13.863906734000068],[39.22069757300005,13.863940494000076],[39.220852956000044,13.864025130000073],[39.221197768000025,13.864108446000046],[39.221525762000056,13.864444965000075],[39.22161208700004,13.864596346000042],[39.22169845900004,13.864798578000034],[39.22178481700007,13.864983866000046],[39.22176770500005,13.865237051000065],[39.221665064000035,13.865876870000022],[39.221509886000035,13.866011506000063],[39.220975260000046,13.86582663300004],[39.22071644300007,13.865557864000039],[39.22035446700005,13.865675733000046],[39.22033772000003,13.865995611000073],[39.22044121400006,13.86626564200003],[39.22064851300007,13.866500560000077],[39.22082104500004,13.866668808000043],[39.22108000600008,13.867107119000025],[39.22116632400008,13.86724153800003],[39.22130447700005,13.867460685000026],[39.221408179000036,13.867628994000029],[39.221546111000066,13.86791482600006],[39.22158099100005,13.868100151000021],[39.22158115000008,13.868268563000072],[39.221443356000066,13.86843708200007],[39.22109842900005,13.868539132000024],[39.22077110400005,13.868606111000076],[39.22044348800006,13.86867422000006],[39.22021938200004,13.868708328000025],[39.22008145900003,13.868741229000022],[39.21975417700003,13.868843253000023],[39.219530046000045,13.868860407000057],[39.21930568700003,13.868624383000054],[39.21935709400003,13.868236661000026],[39.21937381500004,13.867865923000068],[39.21933914200008,13.867596952000042],[39.21928710100008,13.86731104200004],[39.21923508500004,13.86704095600004],[39.21914875200008,13.866889583000045],[39.218941733000065,13.866637720000028],[39.21863121000007,13.866418734000035],[39.21845882100007,13.866401935000056],[39.21821741300005,13.866485786000055],[39.217993404000026,13.866621604000045],[39.21788999700004,13.866756211000052],[39.217803987000025,13.866941644000065],[39.217735289000075,13.867093174000047],[39.21766634800008,13.86727858300003],[39.217546232000075,13.867800871000043],[39.21746019100004,13.867952398000057],[39.21725331400006,13.867851992000055],[39.21708081300005,13.867716509000047],[39.21670088600007,13.867194673000029],[39.216321537000056,13.866976866000073],[39.21585579500004,13.866858604000072],[39.215562814000066,13.866841909000073],[39.21516638300005,13.866927024000063],[39.21476979200003,13.867146645000048],[39.21432218500007,13.867550538000046],[39.21404654000003,13.867837864000023],[39.21392587400004,13.868090001000041],[39.213736797000024,13.868477851000023],[39.213650768000036,13.868646339000065],[39.21351304500007,13.868899639000063],[39.21337526000008,13.869085115000075],[39.21328921500003,13.869236650000062],[39.21278936700003,13.86945521900003],[39.21251368700007,13.86970863700003],[39.21242762600008,13.869843209000067],[39.212341596000044,13.870011697000052],[39.212117886000044,13.870483203000049],[39.21184222000005,13.870753574000048],[39.211635570000055,13.870905203000063],[39.21144598800004,13.871056827000075],[39.21125635200008,13.871158710000032],[39.21110142800006,13.871259434000024],[39.21094622500004,13.871377120000034],[39.21080834600008,13.871462006000058],[39.210619017000056,13.871579704000055],[39.21049820500008,13.871664592000059],[39.21030888100006,13.871799252000073],[39.21020543600008,13.87189993100003],[39.21010202100007,13.872035655000047],[39.20999898100007,13.872270831000037],[39.20991297900008,13.87247321500007],[39.209809660000076,13.872726492000027],[39.20974069600004,13.872894945000041],[39.209603265000055,13.873164075000034],[39.20953430600008,13.873349491000056],[39.20937965200005,13.873754252000026],[39.20901776300008,13.873989658000028],[39.20877644900003,13.874192183000048],[39.20860423000005,13.874360743000068],[39.20836286100007,13.874512399000025],[39.20819055100003,13.87458035900005],[39.20803559500007,13.874648304000061],[39.20772530200003,13.874698297000066],[39.207483866000075,13.874766315000045],[39.207225437000034,13.874917994000043],[39.207104936000064,13.875035640000021],[39.20694979800004,13.87522113700004],[39.206863783000074,13.875423520000027],[39.206829506000076,13.875575008000055],[39.20667450800005,13.875928909000038],[39.206399187000045,13.876282910000043],[39.20620960300005,13.876451473000031],[39.20593387200006,13.87665402500005],[39.20574426700006,13.87678868100005],[39.20539990100008,13.877227506000054],[39.204986391000034,13.877648306000026],[39.204762438000046,13.877867766000065],[39.20462459600003,13.878002378000076],[39.20424592200004,13.878575737000062],[39.20405637300007,13.878778214000022],[39.20367753600004,13.879166197000075],[39.20355671600004,13.879249943000048],[39.20314347900006,13.87965491600005],[39.20269562300007,13.880160516000046],[39.20248869400007,13.880346044000078],[39.20235092200005,13.880565431000036],[39.20223043000004,13.880700037000054],[39.20209277500004,13.88105390100003],[39.201938118000044,13.881474491000063],[39.20190352800006,13.881610155000033],[39.20183484000006,13.88177861500003],[39.201748784000074,13.881930146000059],[39.20174900200004,13.882182186000023],[39.20176651500003,13.88236753700005],[39.20174952700006,13.882789133000074],[39.20174974500003,13.883041183000046],[39.20173248900005,13.883176823000042],[39.201663867000036,13.883411976000048],[39.20161230600007,13.883648244000028],[39.20152629700004,13.883867578000036],[39.201440270000035,13.884053015000063],[39.201268095000046,13.884288243000071],[39.20107851600005,13.884473765000052],[39.200750880000044,13.884541848000026],[39.200147628000025,13.884642932000077],[39.19987194600003,13.884930244000032],[39.19976866300004,13.885233237000023],[39.199717296000074,13.885367776000066],[39.19956214600006,13.88555326900007],[39.199424589000046,13.88604164700007],[39.19930422300007,13.886328830000025],[39.19911473600007,13.886614941000062],[39.19889085400007,13.886934986000028],[39.19870135600007,13.887221096000076],[39.198615338000025,13.887423476000038],[39.19852930700006,13.887608912000076],[39.19840889500006,13.887845226000024],[39.19830570000005,13.888265771000022],[39.19823703600008,13.888468137000075],[39.198168087000056,13.888670512000033],[39.19804764600008,13.88887291900005],[39.19796162800003,13.88907530800003],[39.19775514400004,13.88946315100003],[39.197634503000074,13.889766158000043],[39.197479832000056,13.890186735000043],[39.19732480000005,13.890540629000043],[39.19725610200004,13.890693274000057],[39.19715271800004,13.890894537000065],[39.19708400900004,13.891046052000036],[39.196998018000045,13.891282338000053],[39.19691195400003,13.891433866000057],[39.196825896000064,13.89160233900003],[39.19673991800005,13.891855587000066],[39.196653533000074,13.891973200000052],[39.19655039500003,13.892107789000022],[39.19642988000004,13.89222655900005],[39.196171126000024,13.892361264000044],[39.19593013600007,13.892647413000077],[39.19579242200007,13.892951562000064],[39.19562034900008,13.893321292000053],[39.19562049100006,13.893489696000074],[39.195603411000036,13.893827654000063],[39.19560357900008,13.894028844000047],[39.195603721000055,13.894197247000022],[39.195535138000025,13.894501341000023],[39.19541430800007,13.894585083000038],[39.19524201200005,13.894702765000034],[39.195052359000044,13.894804635000071],[39.19493181300004,13.894888369000057],[39.19479389900005,13.894956301000036],[39.19444116400007,13.89512159700007],[39.19443186700005,13.89541885500006],[39.19446762600006,13.895644877000052],[39.19450346800005,13.895957933000034],[39.19453920800004,13.896148918000051],[39.19457495300003,13.896357987000044],[39.194646274000036,13.896548944000074],[39.19478908800005,13.896808786000065],[39.19493152200005,13.896965780000073],[39.19541206500003,13.897087457000055],[39.195803769000065,13.89717304900006],[39.19639096700007,13.897190660000035],[39.19710286900005,13.89727711200004],[39.19760141900008,13.897484676000033],[39.197779421000064,13.897623556000042],[39.197939888000064,13.897884512000076],[39.198064446000046,13.898093507000056],[39.19813620300005,13.898805505000041],[39.19813644000004,13.899083554000072],[39.19810122900003,13.899518729000022],[39.19804830500004,13.899866883000072],[39.197994968000046,13.900074893000067],[39.19776405600004,13.900649251000061],[39.19771105700005,13.90090925000004],[39.197622237000076,13.901222406000045],[39.19758692100004,13.90153551000003],[39.19764081900007,13.90198756600006],[39.19785465700005,13.902422539000042],[39.19879812000005,13.902664776000051],[39.199705780000045,13.902647082000044],[39.20032843300004,13.902524510000035],[39.20061295000005,13.902402205000044],[39.20104000300006,13.902193887000067],[39.20139568700006,13.902088486000025],[39.201733802000035,13.902054290000024],[39.20208988500008,13.902070958000024],[39.20253505800008,13.902418701000045],[39.20281992200006,13.902696512000034],[39.20331855000006,13.902974137000058],[39.203834742000026,13.903164720000063],[39.204030670000066,13.903286618000038],[39.20422657600005,13.903373489000046],[39.204796361000035,13.903651051000054],[39.20561519800003,13.90392840100003],[39.206309317000034,13.904135782000026],[39.20684343800008,13.904327473000023],[39.20739524800007,13.90455193400004],[39.20819641200006,13.904795375000049],[39.208623773000056,13.904934044000072],[39.20942470800003,13.905246433000059],[39.209869756000046,13.905437064000068],[39.21049300400006,13.905645614000036],[39.21065336500004,13.905766408000034],[39.211258514000065,13.906114014000025],[39.21134792500004,13.90646091800005],[39.21113489500004,13.90694824700006],[39.21109958100004,13.907244399000035],[39.21106428200005,13.90755637500007],[39.210957466000025,13.907782517000044],[39.21093994300003,13.907921556000076],[39.210940196000024,13.908200734000047],[39.21094040100007,13.908426774000077],[39.21106541700004,13.908808692000036],[39.21120789400004,13.908982629000036],[39.211314773000026,13.909138514000063],[39.21147515300004,13.909277389000067],[39.211670758000025,13.909347302000072],[39.21199128600006,13.909380929000065],[39.21263194800008,13.909328383000059],[39.21298761600008,13.90918904800003],[39.213218864000055,13.909014787000046],[39.213521279000076,13.908841591000055],[39.21371699200006,13.908719358000042],[39.214375173000064,13.908527777000074],[39.21526471100003,13.90828285300006],[39.215763149000054,13.908317449000037],[39.21603017800004,13.908369202000074],[39.21636835500004,13.908403938000049],[39.21686683900003,13.90850748400004],[39.21734751400004,13.908733105000067],[39.21802398300008,13.90892464500007],[39.21818436700005,13.909063525000022],[39.21907437600004,13.909322684000074],[39.21941265300006,13.909461394000061],[39.21980417000003,13.909618149000039],[39.220285094000076,13.90979177500003],[39.22097919000004,13.90996407800003],[39.22128188000005,13.910085865000042],[39.22147777400005,13.910155769000028],[39.221655732000045,13.910224550000066],[39.22190488900003,13.91032830100005],[39.22224317000007,13.910468147000074],[39.222386140000026,13.910850043000039],[39.22238645500005,13.911180071000047],[39.22231552100004,13.91171926800007],[39.222209047000035,13.911997404000033],[39.22181802400007,13.912362833000032],[39.22139103200004,13.912624316000063],[39.221142119000035,13.912780509000072],[39.22089305500003,13.913076856000032],[39.22075096400005,13.913319987000023],[39.220644390000075,13.913494144000026],[39.22060903700003,13.913737178000076],[39.220698318000075,13.913928110000029],[39.22089397800005,13.914050004000046],[39.221143408000046,13.914136803000076],[39.22181997900003,13.914414236000027],[39.22189130800007,13.914605176000066],[39.22214066300006,13.91490107900006],[39.22214084500007,13.915092092000066],[39.22214097800003,13.915231107000068],[39.22221296400005,13.916100202000052],[39.222213097000065,13.916239226000073],[39.22232028600007,13.916708180000057],[39.22249861100005,13.91684704000005],[39.22292575900008,13.917038794000064],[39.22324634200004,13.917107442000031],[39.22347784100003,13.917194265000035],[39.22369152400006,13.917403165000053],[39.22381638300004,13.91759406400007],[39.22397716800003,13.918446123000024],[39.22408401000007,13.918550003000064],[39.22460074900005,13.918949637000026],[39.224956700000064,13.919105277000028],[39.22511707700005,13.919227199000034],[39.22531311300003,13.919434985000066],[39.225437673000044,13.91960892000003],[39.22547347600005,13.919834945000048],[39.225616323000054,13.92007781500007],[39.225741052000046,13.920425819000059],[39.225883674000045,13.920738761000052],[39.22609736000004,13.920946529000048],[39.22620477000004,13.921329585000024],[39.22640058200005,13.921607442000038],[39.22663213200008,13.92172929800006],[39.22711300800006,13.92183282800005],[39.22748684800007,13.92193646800007],[39.22786070700005,13.922040097000036],[39.22823448100007,13.922074793000036],[39.229498113000034,13.922143678000054],[39.23033469300003,13.922142889000042],[39.23079759600006,13.922194440000055],[39.23106439400004,13.922281223000027],[39.23131381800005,13.922349928000074],[39.231491540000036,13.922454868000045],[39.231954589000054,13.922662394000042],[39.23236434700004,13.922801027000048],[39.23245368400006,13.923045074000072],[39.23254243500003,13.923271038000053],[39.23257847700006,13.923443933000044],[39.232614116000036,13.923792019000075],[39.232578981000074,13.923948020000068],[39.23252595500003,13.924157167000033],[39.23238403600004,13.924557410000034],[39.23229512300003,13.924748517000069],[39.232206219000034,13.924939606000066],[39.23208208500006,13.925200808000056],[39.23186829500003,13.925479050000035],[39.231726252000044,13.92575723300007],[39.23147781800003,13.926105578000033],[39.231513402000076,13.926400545000035],[39.23160289600003,13.926800559000071],[39.23163905900003,13.927095526000073],[39.23163942300005,13.92746059700005],[39.23163978600007,13.927825660000053],[39.231622181000034,13.928156843000068],[39.23156875800004,13.928538920000051],[39.231551626000055,13.928764985000043],[39.231623273000025,13.92925205000006],[39.23189004500006,13.929285703000062],[39.232352787000025,13.929181293000056],[39.23253089200006,13.929094080000027],[39.232886664000034,13.929041751000057],[39.23322451900003,13.929006392000076],[39.23359837400005,13.92911115100003],[39.23393691200005,13.929179777000058],[39.234239745000025,13.929422479000038],[39.23441751000007,13.929562471000054],[39.23456059500006,13.929735244000028],[39.234685167000066,13.92992726700004],[39.234916886000065,13.930205091000062],[39.235077311000055,13.930360903000064],[39.23536217800006,13.930569733000027],[39.23552276200007,13.93088152300004],[39.23578967800006,13.931073406000053],[39.23602124800004,13.931212196000047],[39.23637718200007,13.931315839000035],[39.23662660000008,13.931367586000022],[39.23700039900007,13.93140224900003],[39.237302990000046,13.93140195500007],[39.237498568000035,13.93141872700005],[39.23780122200003,13.931470430000047],[39.23812176700005,13.931488200000047],[39.238406406000024,13.931469839000044],[39.23881639600006,13.931817547000037],[39.23878067000004,13.931956605000039],[39.23876354400005,13.932182671000021],[39.238763723000034,13.932356730000038],[39.23879921100007,13.932547708000072],[39.23904911500006,13.93306963200007],[39.23952961300006,13.93332911500005],[39.23972586900004,13.933450993000065],[39.240135268000074,13.933780625000054],[39.24054524700006,13.934110257000043],[39.24097249400006,13.934353957000042],[39.24113294500006,13.934527857000035],[39.24175635200004,13.93478719500007],[39.242076559000054,13.935031008000067],[39.24216581200005,13.935169943000062],[39.24189956400005,13.935639258000037],[39.24159720200004,13.93586560600005],[39.241294786000026,13.936039965000077],[39.241116704000035,13.93616107300005],[39.241010466000034,13.93637028300003],[39.240743474000055,13.936683620000053],[39.24070832600006,13.936822678000055],[39.24069067900007,13.937100733000023],[39.24069087600003,13.937291746000028],[39.240709010000046,13.937482741000053],[39.240851527000075,13.937656659000027],[39.24120751800007,13.937813403000064],[39.24191974400003,13.93779461500003],[39.242613611000024,13.937915994000036],[39.24329011300006,13.938037380000026],[39.243877687000065,13.938331793000032],[39.24426972600003,13.938644473000068],[39.245088622000026,13.938817710000023],[39.24546245200003,13.938869322000073],[39.24574715400007,13.938904081000032],[39.24631712900003,13.938955494000027],[39.246690931000046,13.93899015200003],[39.246886645000075,13.939128977000053],[39.24713627700004,13.939371725000058],[39.24715452700008,13.939666697000064],[39.247083547000045,13.939840828000058],[39.247029944000076,13.940031895000061],[39.246958954000036,13.940206026000055],[39.24687020500005,13.940536143000031],[39.24678203500008,13.940867398000023],[39.24676445000006,13.941197442000032],[39.246746865000034,13.94152749500006],[39.24676506000003,13.941771608000067],[39.246712485000046,13.94239668800003],[39.24665890000006,13.94260583700003],[39.24653481800004,13.942900953000049],[39.24630364500007,13.943162272000052],[39.24596607600006,13.943475695000075],[39.24559258700003,13.943754110000043],[39.245378852000044,13.944084361000023],[39.24520148300007,13.94434562400005],[39.24505941800004,13.944588769000063],[39.24500612400004,13.94507595500005],[39.24495319500005,13.945371008000052],[39.245006656000044,13.945580040000038],[39.24555898600005,13.945892566000055],[39.24616441000006,13.946082967000052],[39.24673399900007,13.946308438000074],[39.247019409000075,13.946447172000035],[39.24760678900003,13.946533600000066],[39.248247538000044,13.946742043000029],[39.24835469800007,13.946845921000033],[39.24858625300004,13.946949662000065],[39.24894223600006,13.94707136900007],[39.24944062600008,13.947261870000034],[39.24952986000005,13.947383840000043],[39.24963780500008,13.948217850000049],[39.24933591100006,13.948896304000073],[39.24898006600006,13.94943579900007],[39.248820755000054,13.949801034000075],[39.248642836000045,13.950079252000023],[39.24857187300006,13.950270337000063],[39.248518828000044,13.950444450000077],[39.24850107800006,13.950618518000056],[39.248465381000074,13.950791484000035],[39.248305723000044,13.951365813000052],[39.24821776400006,13.95190502500003],[39.248217950000026,13.952079083000058],[39.24823569900008,13.952444127000035],[39.24829000200003,13.95289617700007],[39.24839668800007,13.953104034000035],[39.24853931400003,13.953364972000031],[39.248682434000045,13.953555838000057],[39.24887825400003,13.953781676000062],[39.249127980000026,13.95409451200004],[39.24939509100005,13.954424265000057],[39.249537616000055,13.954598178000026],[39.249769266000044,13.954771999000059],[39.24992967000003,13.954892766000057],[39.25016125500008,13.955014598000048],[39.25030368800003,13.955084523000039],[39.250481974000024,13.955153300000063],[39.25076673500007,13.955223069000056],[39.251522273000035,13.955074229000047],[39.251824224000075,13.954988012000058],[39.25217943300004,13.954917572000056],[39.252676963000056,13.954831161000072],[39.253014187000076,13.954725693000057],[39.25342253300005,13.954569302000039],[39.25388474700003,13.954464832000042],[39.25452423300004,13.954551189000028],[39.254613654000025,13.954829142000051],[39.25459604100007,13.955124150000074],[39.25456034700005,13.955297117000043],[39.25443647900005,13.955783249000035],[39.25429533700003,13.956356433000053],[39.25411813000005,13.956755595000061],[39.253994145000036,13.957136610000077],[39.253976513000055,13.957414675000052],[39.254012843000055,13.957831706000036],[39.25408371900005,13.958091577000062],[39.254119898000056,13.958369576000052],[39.25422681100008,13.958768441000075],[39.254369788000076,13.959340189000045],[39.25474269600005,13.95958280900004],[39.255240119000064,13.95939127500003],[39.25559506700006,13.959078950000048],[39.25594978400005,13.958557539000026],[39.25626923400006,13.95807233100004],[39.25683785000007,13.957897672000058],[39.25710408100008,13.957949389000078],[39.257228619000045,13.958071318000066],[39.25735332000005,13.958331140000041],[39.25760248100005,13.958642819000033],[39.25776236300004,13.958798626000032],[39.25785216500003,13.959423556000047],[39.25785239600003,13.959631530000024],[39.25753300700006,13.960169850000057],[39.257516053000074,13.96053493900007],[39.25760496800007,13.96088183300003],[39.25767631200006,13.961037715000032],[39.257889410000075,13.961176521000027],[39.258085168000036,13.96133229000003],[39.258813763000035,13.961400457000025],[39.25897349300004,13.961418370000047],[39.259507005000046,13.961417801000039],[39.25971994900004,13.961417574000052],[39.26002201000006,13.961417251000057],[39.26021757500007,13.961398959000064],[39.26046635500006,13.961364777000028],[39.26069719700007,13.961329504000048],[39.26096333500004,13.961294173000056],[39.26130120200003,13.961241821000044],[39.26144295600005,13.96122471600006],[39.261656595000034,13.961328473000037],[39.26179902500007,13.961397262000048],[39.26190561900006,13.96150112500004],[39.26204764700003,13.961727019000023],[39.26211896500007,13.961865966000062],[39.26217239500005,13.962038837000023],[39.26226186700006,13.962351813000055],[39.26231531600007,13.962542767000059],[39.26235082800008,13.962732611000035],[39.26242245200007,13.963132641000072],[39.26251206000006,13.963565427000049],[39.26254757300006,13.963756400000022],[39.26285000200005,13.964086099000042],[39.26315248000003,13.964449713000022],[39.26322386900006,13.964640647000067],[39.26322418400008,13.964918684000054],[39.26320644300006,13.965091632000053],[39.263189458000056,13.965421676000062],[39.263189616000034,13.965560699000036],[39.26315397700006,13.965768702000048],[39.26304781400006,13.966046853000023],[39.26294169800008,13.966358920000062],[39.26320794000003,13.96641063100003],[39.26367021200008,13.96634117800005],[39.26432751400006,13.966288466000037],[39.264753840000026,13.966165942000032],[39.26530453300006,13.965992412000048],[39.26596161400005,13.96574869400007],[39.26652978300007,13.965677991000064],[39.267009452000025,13.965643558000068],[39.26716998300003,13.965851346000022],[39.26727663200006,13.96600720500004],[39.26738347000003,13.966319031000069],[39.267437045000065,13.966613971000072],[39.267544454000074,13.966926924000063],[39.267810808000036,13.967065654000066],[39.26809521000007,13.967308341000034],[39.26836203300007,13.967360045000078],[39.26896614000003,13.967341285000032],[39.26921486500004,13.967255115000057],[39.26956979600004,13.966941640000073],[39.26987152100003,13.966646315000048],[39.270208654000044,13.966454930000054],[39.270599608000055,13.966263483000034],[39.27106119800004,13.96610699300004],[39.27143437600006,13.966054588000077],[39.27161196600008,13.966002400000036],[39.271789384000044,13.965811190000068],[39.27189572100008,13.96569014000005],[39.27200266700004,13.965602986000022],[39.272393184000066,13.965533607000054],[39.27260666700005,13.965498342000046],[39.27280165800005,13.96548116100007],[39.27308635600008,13.965480841000044],[39.27351290900003,13.965549303000046],[39.27367266400006,13.96558415900006],[39.27402814000004,13.965739735000056],[39.274277176000055,13.965912383000045],[39.27449032100003,13.966086191000045],[39.27457966700007,13.96627710200005],[39.27468634100006,13.96644991100004],[39.27475779000008,13.966675877000057],[39.27488240300005,13.966848675000051],[39.27502500500003,13.967057599000043],[39.275113764000025,13.967248510000047],[39.27522046900003,13.967438271000049],[39.27523859300004,13.967595347000042],[39.27522104600007,13.967924271000072],[39.27525714700005,13.968115242000067],[39.27534638100008,13.968705129000057],[39.27538271000003,13.96908710100007],[39.27538335000003,13.96962510000003],[39.27538365800007,13.969885053000041],[39.275384029000065,13.970196995000038],[39.275508882000054,13.970561923000048],[39.275767898000026,13.970853221000027],[39.27607790700006,13.971203254000045],[39.27646931100003,13.97139382100005],[39.27698444200007,13.971480259000032],[39.27780274700007,13.972017324000035],[39.27796279700004,13.972294048000037],[39.27796310800005,13.972554001000049],[39.27801703200004,13.973126973000035],[39.278035344000045,13.973438895000072],[39.278035533000036,13.973595999000054],[39.278053803000034,13.973872885000048],[39.27814272300003,13.974185864000049],[39.278249446000075,13.974393698000029],[39.27848106300007,13.974514372000044],[39.27862294900007,13.974601234000033],[39.27887184300005,13.974652947000038],[39.27917391200003,13.97465260000007],[39.27933350600006,13.974548430000027],[39.279493615000035,13.974392270000067],[39.27959960700008,13.973993181000026],[39.27963465400006,13.973785176000035],[39.27966995300005,13.973299135000047],[39.279704706000075,13.972847001000048],[39.27988202700004,13.972569871000076],[39.28016660800006,13.972465575000058],[39.28037959300008,13.972499236000033],[39.28057547000003,13.972725066000066],[39.280753348000076,13.972915862000036],[39.28094938300006,13.973279567000077],[39.281234364000056,13.973973212000033],[39.28134113100003,13.974216088000048],[39.28130650800006,13.974772200000075],[39.28123562900004,13.975015282000072],[39.28100494300003,13.975188478000064],[39.28056057800006,13.97524098100007],[39.28020543000008,13.975380413000039],[39.28002825500005,13.975779593000027],[39.28002848500006,13.975970604000054],[39.280100006000055,13.976248558000066],[39.28017143300008,13.97645644000005],[39.280384738000066,13.976751183000033],[39.28054477300003,13.977010951000068],[39.280705315000034,13.977218730000061],[39.28125657900006,13.97749612900003],[39.28152288000007,13.977582854000048],[39.28177184100008,13.977686552000023],[39.28212728800003,13.97779011700004],[39.28266038400005,13.977893485000038],[39.28310492500003,13.97797999100004],[39.28381561800006,13.978031151000039],[39.285006130000056,13.978150697000046],[39.285308384000075,13.978289355000072],[39.285717713000054,13.978444849000027],[39.285859593000055,13.978531707000059],[39.286091156000055,13.978601515000037],[39.28646411500006,13.978825993000044],[39.286802367000064,13.979068594000069],[39.287300568000035,13.979485063000027],[39.28749576000007,13.979622716000051],[39.287798106000025,13.97984841400006],[39.28799393200006,13.980022231000078],[39.28808324100004,13.980178101000035],[39.28824322300005,13.980385875000024],[39.288385910000045,13.980645658000071],[39.28847464100005,13.980801529000075],[39.28849275300007,13.980940530000055],[39.288528506000034,13.981305547000034],[39.28861819400004,13.981756405000056],[39.28860067800008,13.982103413000061],[39.28856585400007,13.982485476000022],[39.28851236100007,13.982745493000039],[39.28835548400008,13.983166126000071],[39.28863767300004,13.983456261000072],[39.288780159000055,13.983561208000026],[39.28894018600005,13.98380288800007],[39.28920729300006,13.984063653000021],[39.28934987400004,13.98423641100004],[39.289474443000074,13.984358323000038],[39.28988333600006,13.984617788000037],[39.29043461900005,13.98489517400003],[39.290790353000034,13.98522364200005],[39.29095023200006,13.985345521000056],[39.29112797300007,13.98539729600003],[39.29178587900003,13.985795482000071],[39.292017559000044,13.985951169000032],[39.29210625200005,13.986073132000058],[39.29248004900006,13.986488610000038],[39.292551556000035,13.98674847600006],[39.292622910000034,13.986887413000034],[39.292907240000034,13.987026074000028],[39.29326256400003,13.987025645000074],[39.29391996000004,13.98700790600003],[39.294364433000055,13.987024312000074],[39.29500393300003,13.987040497000066],[39.295234950000065,13.987127250000071],[39.29557310100006,13.987265861000026],[39.29582254500008,13.987734604000025],[39.295822833000045,13.987959530000069],[39.295662770000035,13.988150726000072],[39.295450378000055,13.988601949000042],[39.295255015000066,13.988793197000064],[39.29502432900006,13.988967526000067],[39.29484683600003,13.989105635000044],[39.29456250800007,13.989419051000027],[39.29442143400007,13.989974172000075],[39.29445711000005,13.990269127000033],[39.294510615000036,13.990477016000057],[39.29454684800004,13.990755017000026],[39.29465380100004,13.991118817000029],[39.294778774000065,13.991552676000026],[39.29515269500007,13.992055175000075],[39.295312617000036,13.992212085000062],[39.29597047000004,13.992540187000031],[39.296148207000044,13.992591958000048],[39.29632592300004,13.992626777000055],[39.29682353700008,13.992557228000067],[39.297037042000056,13.992521931000056],[39.29724994700007,13.992469672000027],[39.29746278500005,13.992365434000021],[39.29774733700003,13.992226062000043],[39.29820882400003,13.991965543000049],[39.29851076700004,13.991843112000026],[39.299043432000076,13.991582494000056],[39.299878285000034,13.991390453000065],[39.30057143700003,13.991268666000053],[39.301015851000045,13.99123307900004],[39.301477625000075,13.991197470000031],[39.301690663000045,13.991249194000034],[39.30183312400004,13.991319089000058],[39.30195772400003,13.991456826000046],[39.30224226000007,13.991751460000046],[39.30234888700005,13.991856444000064],[39.30254492700004,13.992185093000046],[39.30268756000004,13.99239287000006],[39.302883533000056,13.992670670000052],[39.303025529000024,13.992826468000032],[39.303132703000074,13.992913358000067],[39.303452348000064,13.993051981000065],[39.30377240200005,13.993068533000041],[39.304003314000056,13.993068244000028],[39.304305371000055,13.993033960000048],[39.30451889700004,13.993015609000054],[39.30480307300007,13.993033335000064],[39.30505217500007,13.99322290300006],[39.30508770600005,13.993396916000052],[39.30514126700007,13.993639848000043],[39.30517740800008,13.993830814000034],[39.30521293700008,13.994003687000031],[39.305302218000065,13.994125635000046],[39.305533222000065,13.994194295000057],[39.30569295400005,13.994194094000022],[39.30608410900004,13.994141612000021],[39.30638615600003,13.994106195000029],[39.30654586600008,13.994089041000052],[39.30686594600007,13.994123663000039],[39.30713234500007,13.994262357000025],[39.30723957400005,13.994383151000022],[39.307506181000065,13.994677811000031],[39.307595578000075,13.994885661000069],[39.307789239000044,13.995157794000022],[39.30783394000008,13.99569460400005],[39.30776819300007,13.995866486000068],[39.30754919700007,13.996123327000078],[39.30743940600007,13.99625231300007],[39.30717628100007,13.996402964000026],[39.30700060000004,13.996596456000077],[39.306825494000066,13.996788818000027],[39.306605957000045,13.997068260000049],[39.306452386000046,13.997347628000057],[39.30656281300003,13.997711418000051],[39.30700219300007,13.997796766000022],[39.307156133000035,13.997796571000038],[39.30750743400006,13.997796126000026],[39.307814833000066,13.997860160000073],[39.307990963000066,13.998010253000075],[39.30810066300006,13.998246336000022],[39.30823292900004,13.998481251000044],[39.308343093000076,13.998631438000075],[39.30858456500005,13.998738497000033],[39.30873865900003,13.99884567600003],[39.30887069800008,13.998909931000071],[39.30902414800005,13.998974159000056],[39.309310167000035,13.999059689000035],[39.30946367200005,13.999165739000034],[39.30959591300007,13.999380312000028],[39.30968413800008,13.999573468000051],[39.30979395500003,13.99989544500005],[39.30988215000008,14.00006600100005],[39.30999237300006,14.000259130000074],[39.31025590300004,14.000409111000067],[39.31045418000008,14.000666550000062],[39.31058595700006,14.000965896000025],[39.31056416100006,14.001116242000023],[39.31041119900004,14.001417083000035],[39.310279380000054,14.001524626000048],[39.310104197000044,14.001652568000054],[39.309818558000075,14.001846202000024],[39.30959947300005,14.00203975200003],[39.30955598200006,14.002403737000066],[39.30953429900006,14.002639986000077],[39.309512675000065,14.00291917800007],[39.30955693100003,14.003112391000059],[39.30966723100005,14.003368823000073],[39.30979880900003,14.003518963000033],[39.30999688700007,14.003626085000064],[39.31017232900007,14.003690284000072],[39.31039229000004,14.003711483000075],[39.31063379700004,14.00384002100003],[39.31076581000008,14.003882794000049],[39.311007268000026,14.003967259000035],[39.31116132900007,14.004052956000066],[39.31126390000003,14.004145505000054],[39.31134751400003,14.00434884300006],[39.31164054800007,14.004919230000041],[39.312225012000056,14.005284675000041],[39.31260032400007,14.005487628000026],[39.31280955200003,14.005711145000078],[39.312997765000034,14.00622063000003],[39.31287354800003,14.006810784000038],[39.31278204400007,14.007197442000063],[39.31272852700005,14.007422427000051],[39.31268713500003,14.008053148000045],[39.31266717500006,14.008705322000026],[39.31279312800007,14.008969629000035],[39.31341905200003,14.009173396000051],[39.31394107700004,14.009579601000041],[39.314357925000024,14.009680779000064],[39.31475499000004,14.010127837000027],[39.31500645600005,14.010759316000076],[39.31515344600007,14.011594368000033],[39.315175390000036,14.012408100000073],[39.31525929000003,14.01281601100004],[39.31515586200004,14.013365436000072],[39.315198262000024,14.013895469000033],[39.31542749600004,14.013915504000067],[39.31584447700004,14.01369117400003],[39.31630336600006,14.013629541000057],[39.31657429400008,14.013669880000066],[39.31670010600004,14.013832468000032],[39.31674219200005,14.014137575000063],[39.31655481700005,14.01466676900003],[39.31643069000006,14.015319070000032],[39.316472701000066,14.015563153000073],[39.31697421200005,14.016194294000059],[39.31735009600004,14.016376896000054],[39.31787206000007,14.016722067000046],[39.31828903400003,14.016904614000055],[39.31856152900008,14.017658120000021],[39.31862470600004,14.018147433000024],[39.318772136000064,14.019287633000033],[39.31856476000007,14.019999958000028],[39.31823151900005,14.020530475000044],[39.31785658000007,14.020612343000039],[39.31729325600003,14.020511355000053],[39.31679261100004,14.020512010000061],[39.31610380600006,14.020492568000066],[39.31541565500004,14.020513807000043],[39.31485273900006,14.020697642000073],[39.31495756700008,14.021165421000035],[39.31508366000003,14.021532583000067],[39.31552187500006,14.021999927000024],[39.31602328500003,14.022549694000077],[39.316607942000076,14.02301684500003],[39.31731834500005,14.023586687000034],[39.31771457200006,14.023830295000039],[39.318194875000074,14.024175519000039],[39.318612779000034,14.024602192000032],[39.31896818300004,14.025030085000026],[39.31915593700006,14.025192590000074],[39.319490003000055,14.02568040500006],[39.32065883100006,14.026249631000042],[39.32090974500005,14.026452733000042],[39.32105661700007,14.027186062000055],[39.32120324400006,14.027735158000041],[39.32149605800004,14.028102095000065],[39.32166291600004,14.028223942000068],[39.322038805000034,14.028386194000063],[39.32230979900004,14.02846721000003],[39.32278970200008,14.028507263000051],[39.323019662000036,14.028629016000025],[39.32335368400004,14.029076142000065],[39.32347936100007,14.029545018000022],[39.32310543600005,14.030360416000065],[39.32287661200007,14.031052421000027],[39.322961339000074,14.031623069000034],[39.323399522000045,14.032049715000028],[39.32417218900008,14.032416007000052],[39.32511072200003,14.03259784200003],[39.32557013300004,14.032882045000065],[39.326113097000075,14.03330853500006],[39.32688565600006,14.034000322000054],[39.327282643000046,14.034345640000026],[39.32745029900008,14.03501790100006],[39.32763975600005,14.035954592000053],[39.32789085100006,14.03668665400005],[39.32801659800003,14.037196210000047],[39.32801770000003,14.037970422000058],[39.32803952900008,14.038662093000028],[39.32810342700003,14.039232766000055],[39.32814586000006,14.039761656000053],[39.32835543600004,14.040596611000069],[39.32873176600003,14.041064013000039],[39.32883637200007,14.04134982100004],[39.32929571900007,14.041572982000048],[39.32975505600007,14.041796151000028],[39.33004738100004,14.042202613000029],[39.33031895900007,14.042671295000048],[39.33054996000004,14.043506218000061],[39.33055039800007,14.043811379000033],[39.33063565000003,14.045134756000039],[39.33026192600005,14.046499452000035],[39.33032526300008,14.04707013500007],[39.33065993400004,14.047537591000037],[39.331182409000064,14.048168670000052],[39.331287118000034,14.048534731000075],[39.33139277600003,14.049552908000067],[39.33176986900003,14.050530039000023],[39.33229243400007,14.051222150000058],[39.33298106600006,14.051465329000052],[39.33337773900007,14.051566509000054],[39.333774531000074,14.051749055000073],[39.33412897300008,14.051870633000021],[39.33481743200008,14.051991740000062],[39.33506846700004,14.052255870000067],[39.33538135600003,14.052460010000061],[39.33550759800005,14.052887055000042],[39.335382571000025,14.053294106000067],[39.33530001400004,14.053844649000041],[39.33498801200005,14.054251960000045],[39.33488408300008,14.054435197000032],[39.33461273300003,14.054538429000047],[39.33407035300007,14.054559521000044],[39.33396651100003,14.05480379100004],[39.33357062700003,14.055251909000049],[39.33321712400004,14.05578248300003],[39.33317536200008,14.056128384000033],[39.333406033000074,14.056718038000042],[39.33407481200004,14.057633727000052],[39.33453452200007,14.058081792000053],[39.33486892500008,14.058732343000031],[39.33514144900005,14.059445135000033],[39.335330992000024,14.06080905500005],[39.335312172000044,14.06219360600005],[39.335146311000074,14.062784946000022],[39.33481311700007,14.063355028000046],[39.33468890000006,14.063925978000043],[39.33468946200003,14.06431251400005],[39.33494107400003,14.064964300000042],[39.33477504600006,14.06584046000006],[39.33492210300005,14.066247134000037],[39.33550723700006,14.066939149000063],[39.33586271300004,14.067752420000033],[39.33605175800005,14.068363617000045],[39.33586503300006,14.06934151400003],[39.33605520800006,14.07072577300005],[39.336473934000026,14.072028338000052],[39.33668129500006,14.073290514000064],[39.33670636100004,14.073800203000076],[39.336769254000046,14.07404424300006],[39.33687389500005,14.074349257000051],[39.33670820900005,14.075062666000065],[39.33660413100006,14.075551064000024],[39.336229557000024,14.075939252000069],[39.336084121000056,14.076244615000064],[39.336021481000046,14.076570214000071],[39.33595952100006,14.076957966000066],[39.336064760000056,14.077262980000057],[39.33616956000003,14.077669712000045],[39.336294904000056,14.077874111000028],[39.33650373200004,14.07815862900003],[39.33690070200004,14.078422552000063],[39.33735998100008,14.078543969000066],[39.33777757200005,14.078665454000031],[39.33800710300005,14.078848224000069],[39.338236754000036,14.07911351000007],[39.33838368600004,14.07941846400007],[39.338613778000024,14.07998777000006],[39.33876075300003,14.080721082000025],[39.33853212100007,14.081149761000063],[39.33855377000003,14.081699018000052],[39.33874162400008,14.081881846000044],[39.338992516000076,14.08202390300005],[39.33940944600005,14.082084351000049],[39.33976447600003,14.082165227000075],[39.34011965900004,14.08236929900005],[39.34043279400004,14.082714701000043],[39.340787946000034,14.08287695000007],[39.34122641700003,14.083018740000057],[39.34164347900003,14.083160559000078],[39.34201946400003,14.083323907000022],[39.34214475400006,14.083486480000033],[39.34216586700006,14.08366955200006],[39.34210359000008,14.083832391000044],[39.341707522000036,14.08417879600006],[39.341583222000054,14.084688705000076],[39.34175078000004,14.08485121900003],[39.34189676900007,14.084912045000067],[39.342188656000076,14.084972666000056],[39.34248105200004,14.084992593000038],[39.34266870000005,14.085033018000047],[39.34296128700004,14.085175002000028],[39.34325337800004,14.085378030000072],[39.34369190600006,14.085541286000023],[39.34402656100008,14.085947696000062],[39.34406974500007,14.086945620000051],[39.34405003200004,14.087698377000038],[39.34415476200007,14.088045200000067],[39.34436363000003,14.088350062000075],[39.344823217000055,14.08865456500007],[39.34549119800005,14.08893955800005],[39.34563755700003,14.089244508000036],[39.34563789400005,14.08946829200005],[39.345471459000066,14.089671965000036],[39.345284082000035,14.089814642000022],[39.34501273400008,14.089937108000072],[39.34449144900003,14.090183099000058],[39.34407489900008,14.09038713700005],[39.34372071700005,14.090875895000067],[39.343700314000046,14.091161872000043],[39.34380509500005,14.091548249000027],[39.34399320500006,14.091893842000047],[39.34457851500008,14.092260329000055],[39.34497511300003,14.092646288000026],[39.345205272000044,14.09284940200007],[39.34537238200005,14.093093298000042],[39.34539366300004,14.093379197000047],[39.34528977700006,14.093603140000027],[39.34503996800004,14.094193476000044],[39.34458202800005,14.094602137000038],[39.34416504400008,14.094907893000027],[39.34370662100008,14.095376458000032],[39.34356113500007,14.095662613000059],[39.343540903000076,14.096069518000036],[39.34360383100005,14.09633390600004],[39.343958806000046,14.096761757000024],[39.344377035000036,14.097290094000073],[39.344753757000035,14.097921356000029],[39.34517237600005,14.098693828000023],[39.34541699700003,14.099274409000031],[39.34281035500004,14.101586037000061],[39.34197653700005,14.102325258000064],[39.341664843000046,14.102585649000048],[39.34127339500003,14.102941101000056],[39.34060553000006,14.103544450000072],[39.340427195000075,14.103927848000069],[39.340450403000034,14.104352775000052],[39.34057227000005,14.10492449800006],[39.34081839400005,14.105734515000051],[39.34095972400007,14.10615589400004],[39.34114249100003,14.106806638000023],[39.34122292400008,14.107161412000039],[39.34122115500003,14.107528738000042],[39.34115187100008,14.10843866700003],[39.341105662000075,14.108911161000037],[39.340998048000074,14.109742029000074],[39.34086842200003,14.110181865000072],[39.340717478000045,14.110691810000048],[39.34040216500006,14.111251708000054],[39.339960811000026,14.111940637000032],[39.33964306000007,14.112420301000043],[39.339182239000024,14.11325957300005],[39.33881466200006,14.11451011500003],[39.33856090200004,14.115585313000054],[39.33850674900003,14.115770740000073],[39.33847325900007,14.115840868000078],[39.33828271600004,14.116201671000056],[39.337436472000036,14.117199713000048],[39.33674110800007,14.117240250000066],[39.335961704000056,14.117225516000076],[39.33519873800003,14.117371247000051],[39.33473051900006,14.117521086000067],[39.33443822900006,14.117608515000029],[39.33379531500003,14.118279640000026],[39.33370344800005,14.118810961000065],[39.33367062600007,14.119341081000073],[39.333449667000025,14.11989858800007],[39.33327005700005,14.120224338000071],[39.332802482000034,14.12082287000004],[39.332642373000056,14.12102201600004],[39.33179362200008,14.121917186000076],[39.33135770300004,14.122387956000068],[39.33085301400007,14.123353867000048],[39.33057234100005,14.123878669000021],[39.33002132800004,14.124455840000053],[39.329715702000044,14.124934353000071],[39.32951970600004,14.125549450000051],[39.32945883600007,14.12590668100006],[39.329330420000076,14.126404154000056],[39.329150800000036,14.126731031000077],[39.32860345700004,14.127446083000052],[39.328209505000075,14.127720134000072],[39.32777170000003,14.128098220000027],[39.32741734800004,14.128532708000023],[39.327230447000034,14.129031389000033],[39.32714283300004,14.129724331000034],[39.32706862800006,14.13047264200003],[39.32703578300004,14.130991455000071],[39.326992638000036,14.132004191000021],[39.32697443300003,14.132637145000047],[39.32687586800006,14.13336287900006],[39.32672065100007,14.134161028000051],[39.32652340800007,14.134717358000046],[39.32647713700004,14.134764891000032],[39.32602594700006,14.135109086000057],[39.32577263100006,14.13533321400007],[39.32534280600004,14.136459495000054],[39.32533190000004,14.136930817000064],[39.32532463800004,14.137528711000073],[39.325297886000044,14.137851989000069],[39.325157853000064,14.138338171000044],[39.32509089500007,14.138489716000038],[39.32457757700007,14.139134634000072],[39.324195787000065,14.139431263000063],[39.32332743200004,14.140039362000039],[39.32265517600007,14.140504787000054],[39.32180688900007,14.140985139000065],[39.32095372800006,14.141293699000073],[39.32007316200003,14.141465530000062],[39.319531174000076,14.141502426000045],[39.31900321300003,14.141629713000043],[39.31879371100007,14.14172718900005],[39.31822923300007,14.142246706000037],[39.31798808900004,14.14249453900004],[39.31725738500006,14.143409853000037],[39.31681587600008,14.144087436000063],[39.31629403800008,14.144881544000043],[39.31597678700007,14.145372472000076],[39.315635161000046,14.145829535000075],[39.31485385800005,14.146608148000041],[39.31400860000008,14.14721505500006],[39.313643229000036,14.147673267000073],[39.31329976200004,14.148060249000025],[39.31276814100005,14.148488169000075],[39.31258239500005,14.148595775000047],[39.31216464000005,14.148870961000057],[39.31196061300005,14.14916283100007],[39.31167807800006,14.150067371000034],[39.310968614000046,14.150463862000038],[39.310678120000034,14.150632646000076],[39.310248767000076,14.150895409000043],[39.30979569100003,14.151171766000061],[39.309251851000056,14.151575963000028],[39.30860388100007,14.15206278900007],[39.30802960900007,14.152652365000051],[39.307425472000034,14.153437513000029],[39.306342666000035,14.154430103000038],[39.305800041000055,14.154880622000064],[39.30508443000008,14.155461334000051],[39.30426348800006,14.156103212000062],[39.303525354000044,14.15674158400003],[39.30302778500004,14.157110665000062],[39.30262399600008,14.157454766000058],[39.302152609000075,14.15791422500007],[39.30104358300008,14.158815273000073],[39.300475954000035,14.159209306000037],[39.30000275400005,14.159623551000038],[39.299721961000046,14.160135893000074],[39.29942719100006,14.160591745000033],[39.29901486600005,14.160613731000069],[39.29858915700004,14.16058939100003],[39.29814883900008,14.160450928000046],[39.29776698000006,14.160311252000042],[39.29748133600003,14.160214408000058],[39.297052002000044,14.16006462300004],[39.296668312000065,14.159843572000057],[39.29564148500003,14.160745624000072],[39.295127785000034,14.161197214000026],[39.294738503000076,14.161577450000038],[39.29397369600008,14.162671310000064],[39.29387419300008,14.163208283000074],[39.29384974100003,14.164013029000046],[39.293807566000055,14.16498959300003],[39.293780871000024,14.165850848000048],[39.29394354600004,14.166694927000037],[39.29394560600008,14.16739679400007],[39.293869845000074,14.167934867000042],[39.293668257000036,14.168354425000075],[39.29337393600008,14.168725496000036],[39.293054178000034,14.169130504000066],[39.29301774100003,14.16917575900004],[39.292760404000035,14.169478973000025],[39.29263883700003,14.169982076000053],[39.29267351500005,14.170385512000053],[39.292178783000054,14.170738744000062],[39.29209598700004,14.170759196000063],[39.29162286400003,14.170803843000044],[39.29116298100007,14.170790838000073],[39.29076384800004,14.170733686000062],[39.29030118700007,14.17081223300005],[39.28987332200006,14.17092690100003],[39.28958231200005,14.171171378000054],[39.28933935200007,14.171405631000027],[39.28926414400007,14.171932397000035],[39.28936893100007,14.172349323000049],[39.289419671000076,14.172627301000034],[39.28945711600005,14.172926759000063],[39.28900048700007,14.173201961000075],[39.28878126200004,14.173424870000076],[39.28837774500005,14.173565506000045],[39.28801823900005,14.173691394000059],[39.28642427800003,14.174117132000049],[39.28421064400004,14.175525764000042],[39.28390078900003,14.176000818000034],[39.28338108300005,14.17679032600006],[39.282711221000056,14.177472645000023],[39.28191162000007,14.178151716000059],[39.28119370200005,14.17885553900004],[39.28063149700006,14.179483480000044],[39.279845042000034,14.180508380000049],[39.27934847800003,14.181298981000054],[39.27898390300004,14.182036310000058],[39.27879050700005,14.182559832000038],[39.27805719700007,14.183010510000031],[39.27726146100008,14.183562977000065],[39.27664084000003,14.183797654000045],[39.27619898000006,14.184348578000026],[39.27559374600003,14.184848831000068],[39.27476990500003,14.185170760000062],[39.27435623800005,14.185561157000052],[39.27400055900006,14.186011391000022],[39.273672944000054,14.186679730000037],[39.273554122000064,14.187091260000045],[39.27356769900007,14.187793113000055],[39.27356925700008,14.188126529000044],[39.27350405000004,14.18833115700005],[39.27278676000003,14.188632625000025],[39.272316258000046,14.188975614000071],[39.27224768800005,14.189272944000038],[39.272138219000055,14.189764708000041],[39.27167527200004,14.190614030000063],[39.27118716600006,14.190761511000062],[39.27077529200005,14.19072581200004],[39.269980443000065,14.190117519000069],[39.269738121000046,14.189938090000055],[39.26958519800007,14.189921309000056],[39.26911354900005,14.190288033000058],[39.26916972300006,14.19077283200005],[39.26934169300006,14.191697154000053],[39.26935792300003,14.192687211000077],[39.26922903800005,14.193418612000073],[39.26881859400004,14.194108499000038],[39.26809122000003,14.194732067000075],[39.267459391000045,14.195323881000036],[39.266825322000045,14.195984635000059],[39.26667673400004,14.196221019000063],[39.266406043000075,14.196570552000026],[39.26620438900005,14.196990096000036],[39.266029685000035,14.197675197000024],[39.26584573700006,14.19789918600003],[39.26576124700006,14.197965960000033],[39.26494782800006,14.198334185000022],[39.26476332500005,14.198570607000022],[39.26450368600007,14.198954040000046],[39.26433958700005,14.199305711000022],[39.263906477000035,14.19994928400007],[39.263596559000064,14.20043449700006],[39.26332588900004,14.200795331000052],[39.26271232700003,14.201180280000074],[39.26217165300005,14.201486032000048],[39.26204024800006,14.201551728000027],[39.261850270000025,14.20158019400003],[39.261591328000065,14.201561265000066],[39.261257226000055,14.201679169000045],[39.26111029100008,14.201859033000062],[39.26089869200007,14.202208504000055],[39.260797583000056,14.20243578700007],[39.26059198400003,14.20297060200005],[39.26052788100003,14.203141338000023],[39.26043066600005,14.203230727000062],[39.260046844000044,14.203426679000074],[39.259905495000055,14.20342230600005],[39.259443875000045,14.203466887000047],[39.25929248500006,14.203795941000067],[39.25932112100003,14.204015175000052],[39.259418734000064,14.204282935000037],[39.259460078000075,14.20446824100003],[39.25927780100005,14.204635716000041],[39.25892163100008,14.204706172000044],[39.25874160400008,14.20481600000005],[39.25860178700003,14.205133744000022],[39.25857580600007,14.205212888000062],[39.25848780600006,14.205762269000047],[39.25800453700003,14.206128983000042],[39.25787463900008,14.206515657000068],[39.25785688900004,14.20669876900007],[39.25765910300004,14.206992835000051],[39.25756413300007,14.207013288000041],[39.257502826000064,14.207091332000061],[39.25738409100006,14.207111810000072],[39.25718254900005,14.207140276000075],[39.257051671000056,14.20718223800003],[39.25688041800004,14.207373429000029],[39.256768254000065,14.207565688000045],[39.25674884500006,14.207817741000042],[39.25675148400006,14.20810481500007],[39.25654044300006,14.208455411000045],[39.25644435500004,14.208510900000022],[39.25606875400007,14.208822109000039],[39.25588258200003,14.209126338000033],[39.255854353000075,14.209275555000033],[39.255757548000076,14.209733392000032],[39.25576394400008,14.210273634000032],[39.25592889100005,14.210657732000072],[39.25620362700005,14.211309588000063],[39.256408803000056,14.211925325000038],[39.25669345800003,14.212634796000032],[39.25689094400008,14.213111539000067],[39.25753820600005,14.214314517000048],[39.257783612000026,14.215149494000059],[39.25811295600005,14.21593011400006],[39.25833294700004,14.216821623000044],[39.25866511100003,14.217533299000024],[39.25897085100007,14.217933066000057],[39.259277731000054,14.218309092000027],[39.25965641800008,14.218664698000055],[39.25999318300006,14.21883611900006],[39.26037633100003,14.219031237000024],[39.26079760500005,14.219134763000056],[39.26103170500005,14.219198930000061],[39.26117251000005,14.21922590400004],[39.26153525700005,14.21931704900004],[39.26168822000005,14.219344019000062],[39.261935024000024,14.21936295100005],[39.262005146000035,14.219387753000035],[39.26213269200008,14.219472368000027],[39.26225518500007,14.219693758000062],[39.26223744400005,14.219889304000048],[39.26201257100007,14.220296425000072],[39.26190039200003,14.220477381000023],[39.26143958400007,14.221257739000066],[39.26143792700003,14.22132668200004],[39.26152061400006,14.221697302000052],[39.26169940500006,14.222012440000071],[39.26186170500006,14.22210946100006],[39.26217475000004,14.222291080000048],[39.26243037100005,14.22241286700006],[39.26270751800007,14.222617134000075],[39.26279356100008,14.222883766000052],[39.26251838200005,14.223381364000033],[39.26241000400006,14.223838096000065],[39.26267539600008,14.22439838400004],[39.26260499400007,14.225143289000073],[39.26234645000005,14.225492795000036],[39.26195813600003,14.22585037600004],[39.26176368800003,14.226028033000034],[39.26164816600004,14.226324272000056],[39.261614922000035,14.226633985000035],[39.26168659700005,14.22699220100003],[39.26164552800003,14.227553955000076],[39.261617725000065,14.228071623000062],[39.26155348100008,14.228620977000048],[39.26125343900003,14.22916493200006],[39.26073728700004,14.23019626100006],[39.26028651000007,14.230655624000065],[39.25995728200007,14.23101426900007],[39.25963137800005,14.231235008000056],[39.25905962300004,14.231792819000077],[39.25872759600003,14.232231700000057],[39.258562201000075,14.23299817000003],[39.25850184900003,14.233422063000035],[39.25858020900006,14.23355083100006],[39.25925421200003,14.234271171000046],[39.25974145400005,14.235296879000032],[39.26006930800003,14.23575539500007],[39.260566046000065,14.236471405000032],[39.26077070300005,14.237109756000052],[39.26097759500004,14.237666730000058],[39.260891822000076,14.238135861000046],[39.26057961400005,14.238702438000075],[39.260506134000025,14.238791809000077],[39.260246996000035,14.239152626000077],[39.25954042500007,14.239868826000077],[39.25933271200006,14.240104131000066],[39.25897258700007,14.240301177000049],[39.258489223000026,14.240655458000049],[39.25811023000006,14.241081964000045],[39.25796662100004,14.241146541000035],[39.25777439600006,14.241256382000074],[39.25750590700005,14.241547136000065],[39.257309218000046,14.24180616700005],[39.25705678300005,14.24194884700006],[39.25665905300008,14.24221261200006],[39.25649225800004,14.242265917000054],[39.25613044500005,14.242519467000022],[39.25560127000006,14.242838757000072],[39.25502795300008,14.243063153000037],[39.25474896600008,14.24330870500006],[39.254589871000064,14.243499882000037],[39.25427161700003,14.243858498000066],[39.25372693400004,14.244303255000034],[39.253423670000075,14.244581608000033],[39.25324901700003,14.244875656000033],[39.25308709500007,14.245147080000038],[39.252838988000065,14.245542913000065],[39.252823472000046,14.245657080000058],[39.25297055400006,14.246626656000046],[39.25285652700006,14.247245000000078],[39.25267199700005,14.247504014000071],[39.25244705800003,14.24789983100004],[39.252182865000066,14.248422265000045],[39.25194132200005,14.248989895000022],[39.251779397000064,14.249261309000076],[39.25141364000007,14.249630146000072],[39.251073888000064,14.249942458000078],[39.25041770800004,14.250177087000054],[39.24992943600006,14.250312110000039],[39.249044009000045,14.250711994000028],[39.24886112200005,14.250890758000025],[39.24845178700008,14.251155651000033],[39.24777071900007,14.251423093000028],[39.24700740700007,14.251700786000072],[39.24639814200003,14.251936503000024],[39.24603742200003,14.252156132000039],[39.245378423000034,14.252471015000026],[39.24463434900008,14.252875264000068],[39.243975344000035,14.253189014000043],[39.24344500500007,14.253542174000074],[39.243054925000024,14.253944928000067],[39.24265269700004,14.254358999000033],[39.242288606000045,14.254682609000042],[39.24197537900005,14.254892017000032],[39.24138930500004,14.255151430000069],[39.240649689000065,14.255405347000021],[39.24029511900005,14.255418139000028],[39.23977260800007,14.255518122000069],[39.239606922000064,14.255536371000062],[39.23925067700003,14.255618103000074],[39.23880278200005,14.255594822000035],[39.238537618000066,14.25578269700003],[39.23787691900003,14.256154067000068],[39.23717919000006,14.256583116000058],[39.23696526300006,14.25701394300006],[39.236886155000036,14.257264924000026],[39.23662623200005,14.258039388000043],[39.23657725400005,14.258854315000065],[39.236567156000035,14.259175307000078],[39.236629261000076,14.259833032000074],[39.23669920900005,14.260237568000036],[39.236871835000045,14.260760700000048],[39.23705287900003,14.261018200000024],[39.23723110200007,14.261345790000064],[39.23737007100004,14.261809042000039],[39.23721522500006,14.262230764000037],[39.236902549000035,14.262428869000075],[39.23630990200007,14.262515350000058],[39.23599234100004,14.262471584000025],[39.23532957100008,14.262544578000075],[39.234675571000025,14.262697797000044],[39.23403692100004,14.263127908000058],[39.23345622800008,14.263571526000021],[39.232521907000034,14.264407660000074],[39.23225821600005,14.264917646000072],[39.23190380500006,14.265677493000055],[39.231594863000055,14.266128759000026],[39.231409160000055,14.266411487000028],[39.23119576800008,14.266818569000066],[39.23089466400006,14.267017784000075],[39.23079797500003,14.267083429000024],[39.230712872000026,14.267161498000064],[39.23067584800003,14.267218040000046],[39.23063601100006,14.267354839000063],[39.230558021000036,14.267594521000035],[39.230418694000036,14.267889639000032],[39.23035790700004,14.267945065000049],[39.23029599800003,14.26803555500004],[39.23016005300008,14.26825042400003],[39.23012019400005,14.268374788000074],[39.23009309500003,14.268501400000048],[39.230077566000034,14.268615565000061],[39.23010561700005,14.268857404000073],[39.230240835000075,14.269057326000052],[39.23028440400003,14.269173694000074],[39.23032798300005,14.269290062000039],[39.23043064800004,14.269396207000057],[39.23064816100003,14.269620909000025],[39.230981632000066,14.269906523000031],[39.23123560200003,14.270085989000052],[39.23159393800006,14.27032637700006],[39.23196273600007,14.27060179800003],[39.23233265600004,14.270842165000033],[39.232799853000074,14.271005588000037],[39.23314940200004,14.271153303000062],[39.23364855700004,14.27140937300004],[39.23434597700003,14.271751140000049],[39.234645777000026,14.271978027000046],[39.23495493000007,14.272286269000062],[39.23486673600007,14.272727135000025],[39.23500656300007,14.272897673000045],[39.23523660200004,14.27346706000003],[39.23560245500005,14.274225071000046],[39.23592918800006,14.274728829000026],[39.23609845400006,14.275343495000072],[39.23599261900006,14.276099713000065],[39.23625297600006,14.276831838000021],[39.23632947700003,14.277396877000058],[39.236404314000026,14.27803196900004],[39.236553757000024,14.278542679000054],[39.23678213900007,14.279169720000027],[39.237107191000064,14.27970851300006],[39.237402915000075,14.280453026000032],[39.237637464000045,14.280873230000054],[39.23806035600006,14.281322633000059],[39.23850195700004,14.281921202000035],[39.23888781800008,14.282415850000064],[39.239257430000066,14.283427020000033],[39.23930571300008,14.284152567000035],[39.239103913000065,14.284560783000074],[39.23877532900008,14.285643853000067],[39.23882865200005,14.286197600000037],[39.23902731000004,14.28665174300005],[39.23936733700003,14.287087663000023],[39.24003881800007,14.287508563000074],[39.240673256000036,14.28797583000005],[39.24112386000007,14.288298614000041],[39.241900272000066,14.288758955000048],[39.24240771400008,14.289129149000075],[39.24289909700008,14.28966097700004],[39.24326497100003,14.290407678000065],[39.24353433600004,14.290852700000073],[39.24424886300005,14.29141368300003],[39.24477951700004,14.29180758700005],[39.24518971400005,14.292268294000053],[39.24534536400006,14.292583456000045],[39.245244178000064,14.292798307000055],[39.244433591000075,14.293442231000029],[39.244010170000024,14.294154696000021],[39.243730948000064,14.294779990000052],[39.243537942000046,14.295279750000077],[39.24336477700007,14.295919620000063],[39.24314170900004,14.297028586000067],[39.24304691200007,14.297784793000062],[39.24305442000008,14.298313716000052],[39.24313543200003,14.298741987000028],[39.24316724700003,14.299225684000078],[39.24294881900005,14.29980570500004],[39.242649750000055,14.300303304000067],[39.242393151000044,14.30096247800003],[39.24229349700005,14.301523166000038],[39.24216630700005,14.30180811100007],[39.24191867400003,14.302180201000056],[39.24166337500003,14.302425715000027],[39.241322952000075,14.302738004000048],[39.24087256800004,14.303184887000043],[39.24044928100005,14.303506295000034],[39.23986364900003,14.303754408000032],[39.239576905000035,14.303860932000077],[39.23912050800004,14.304112301000032],[39.23863867500006,14.304420201000028],[39.23795352900004,14.304826631000026],[39.23759382700007,14.304999915000053],[39.236944590000064,14.305383707000033],[39.23651026500005,14.305682518000026],[39.23611353300004,14.305912343000045],[39.23582398700006,14.306122849000076],[39.235246000000075,14.306485085000077],[39.23502602900004,14.306720389000077],[39.234773510000025,14.306874342000071],[39.234498933000054,14.30698198600004],[39.234242108000046,14.306894088000035],[39.23403165000008,14.30681856800004],[39.233908574000054,14.30659603600003],[39.23380494400004,14.306133879000072],[39.23394448500005,14.305459006000035],[39.23406774000006,14.305278053000052],[39.23444408700004,14.30495557200004],[39.234936582000046,14.30430295900004],[39.23530131700005,14.303956750000054],[39.23556880600006,14.30371122200006],[39.23602144600005,14.303195407000032],[39.23601320500006,14.30306883000003],[39.23586318300005,14.302581861000021],[39.235706427000025,14.30231189400007],[39.23551488900006,14.302019370000039],[39.23507325500003,14.301420778000022],[39.23496401300008,14.301140598000075],[39.23494251400007,14.301082966000024],[39.234842066000056,14.30089659400005],[39.23459476900007,14.300486567000064],[39.234198983000056,14.299945583000067],[39.23384153300003,14.300051048000057],[39.23366252900007,14.300114507000046],[39.23323325600006,14.30025168900005],[39.23280399300006,14.30040017500005],[39.23222993200005,14.300636944000075],[39.231764748000046,14.300784323000073],[39.23104107200004,14.300913881000042],[39.22972463000008,14.30111744900006],[39.22910979900007,14.30114517900006],[39.228639206000025,14.301109477000068],[39.227710124000055,14.30099055100004],[39.22713290400003,14.300962846000061],[39.22624517000003,14.30104054800006],[39.22597254800007,14.30107810100003],[39.22484790800007,14.301564045000077],[39.22472885500008,14.301594656000077],[39.22451618000008,14.301600514000029],[39.22411345800003,14.301646103000053],[39.22348254800005,14.301824140000065],[39.22306682300007,14.301903646000028],[39.22268590200008,14.302007978000063],[39.222517647000075,14.30210646300003],[39.22221762200007,14.302270623000027],[39.22210228300003,14.302554417000067],[39.221968342000025,14.303067659000021],[39.22172066500008,14.303440858000044],[39.221486293000055,14.303767705000041],[39.22121317600005,14.304196313000034],[39.220781987000066,14.304770864000034],[39.22051767600004,14.305303438000067],[39.220314141000074,14.305769275000046],[39.22013044100004,14.30636167700004],[39.22008187000006,14.306786678000037],[39.220031058000075,14.307279501000039],[39.21999437200003,14.307692065000026],[39.219971541000064,14.308048102000043],[39.220031291000055,14.308406331000072],[39.220049698000025,14.308567924000045],[39.22009552900005,14.308615351000071],[39.22031812400007,14.308667133000029],[39.220518078000055,14.30868502900006],[39.22075620000004,14.30862264500007],[39.22119821500007,14.308451578000074],[39.221696816000076,14.308361823000041],[39.222287341000026,14.30834431900007],[39.22257044300005,14.308353100000033],[39.22323084000004,14.308371692000037],[39.223841476000075,14.30846944600006],[39.224710892000076,14.30859859900005],[39.22495640400007,14.308674094000025],[39.22541206000005,14.308825107000075],[39.22585640300008,14.308953529000064],[39.22605580100003,14.308992902000057],[39.22605122200008,14.308763476000024],[39.22594367700003,14.308426775000044],[39.22579684500005,14.30821555700004],[39.22542966300006,14.307882508000034],[39.22506220900004,14.307550563000063],[39.224812120000024,14.307244512000068],[39.22454250700008,14.306810765000023],[39.22445674800008,14.306532817000061],[39.224593785000025,14.30592689100007],[39.224676921000025,14.305906471000071],[39.225429520000034,14.305996170000071],[39.22590809600007,14.30617090000004],[39.22666610600004,14.306457254000065],[39.22740496500006,14.306996793000053],[39.22833404000005,14.308231225000043],[39.22855307200007,14.308778037000025],[39.22875658600003,14.309450318000074],[39.22925002000005,14.310269246000075],[39.22956409500006,14.310808049000059],[39.22999356100007,14.311406643000055],[39.230452968000066,14.311810813000022],[39.230929607000064,14.312054483000054],[39.231676890000074,14.312317091000068],[39.23215855900003,14.31238895000007],[39.23286113900008,14.312557799000047],[39.23316660800003,14.31261287600006],[39.233623410000064,14.312729975000025],[39.23451266600006,14.312961918000042],[39.23499378200006,14.31305638200007],[39.23538044900005,14.313159983000048],[39.23556935600004,14.31314171400004],[39.236565057000064,14.312629868000045],[39.23694365400007,14.312227136000047],[39.23720627800003,14.311762357000077],[39.237556797000025,14.311117788000047],[39.23797633800007,14.310530784000036],[39.238473154000076,14.31012002400007],[39.238878664000026,14.309970423000038],[39.23902121300006,14.309952198000076],[39.239505122000025,14.309953970000038],[39.23976307500004,14.310007965000068],[39.24008108000004,14.310407740000073],[39.24051545200007,14.311236870000073],[39.24064117900008,14.31174647000006],[39.24072817800004,14.31235782500005],[39.24078001500004,14.312600767000049],[39.24089750100006,14.312995096000066],[39.24089397500006,14.313490133000073],[39.240867071000025,14.314351375000058],[39.24097504400004,14.315056518000063],[39.24114865700005,14.315911908000032],[39.24133971500004,14.317354994000027],[39.24138842200006,14.318461422000041],[39.24140360000007,14.319105625000077],[39.24103122100007,14.320452094000075],[39.24073553900007,14.321983816000056],[39.24065399800003,14.322694797000054],[39.24070532600007,14.32408829600007],[39.24071338400006,14.324583322000024],[39.24082847100004,14.325437642000054],[39.240908759000035,14.32626712800004],[39.24098082900008,14.326993787000049],[39.241170940000075,14.328092153000057],[39.24152943900003,14.329470645000072],[39.24186114300005,14.330182336000064],[39.24204917700007,14.33095746500004],[39.24225444000007,14.331584522000071],[39.24260110800003,14.33219222100007],[39.24286941500003,14.332683591000034],[39.24313138000008,14.333749106000027],[39.24302065000006,14.33426346400006],[39.24274753900005,14.334692096000026],[39.24243180000008,14.335361496000075],[39.242390657000044,14.335913086000062],[39.24245577200003,14.336098368000023],[39.24280807700006,14.336545563000072],[39.24303726200003,14.33677024900004],[39.24521734000007,14.33801801800007],[39.245646512000064,14.338260567000077],[39.245836420000046,14.338610737000067],[39.245634030000076,14.339041548000068],[39.24552274800004,14.339578518000053],[39.24564250100008,14.33990502100005],[39.24618431300007,14.340322636000053],[39.24674334000008,14.340579741000056],[39.24761665600005,14.340961973000049],[39.247915996000074,14.341200136000054],[39.248024720000046,14.341501790000052],[39.24796879400003,14.34177648800005],[39.247843285000044,14.342015094000033],[39.24737130900007,14.342391941000074],[39.24682261300006,14.342572214000029],[39.246173843000065,14.342944726000042],[39.24582889100003,14.343394896000063],[39.245632502000035,14.344021244000032],[39.245499703000064,14.344500591000042],[39.24535849700004,14.345231986000044],[39.24513009100008,14.345743068000047],[39.24469668800003,14.346409213000072],[39.244393235000075,14.346664953000072],[39.24357309000004,14.347228631000064],[39.24314150200007,14.34744607700003],[39.242672870000035,14.347708762000025],[39.24207927400005,14.348197624000022],[39.24189277900007,14.348871419000034],[39.24203836300006,14.34950757100006],[39.242280675000075,14.350066778000041],[39.24252916000006,14.35043044400004],[39.24312354400007,14.350677365000024],[39.24333289000003,14.350764173000073],[39.244381918000045,14.351195954000048],[39.24494320000008,14.351372826000045],[39.24568071500005,14.351566458000036],[39.24607456800004,14.351819209000041],[39.24651367800004,14.352119390000041],[39.24683009300003,14.352577929000063],[39.246846008000034,14.352819776000047],[39.246869606000075,14.353199485000061],[39.24669865000004,14.353769301000057],[39.246284090000074,14.354194686000028],[39.24591759100008,14.35457481900005],[39.24560744100006,14.355072432000043],[39.24554199800008,14.355656812000063],[39.24570072600005,14.35662749100004],[39.246096488000035,14.357559500000036],[39.24643834600005,14.357960368000022],[39.24731996400004,14.358456741000055],[39.247589574000074,14.358522010000058],[39.24806853700005,14.35867296300006],[39.248279026000034,14.358737163000058],[39.248758570000064,14.35888923400006],[39.249083950000056,14.359059557000023],[39.24929819400006,14.359375792000037],[39.249388045000046,14.359906893000073],[39.249307814000076,14.360215522000033],[39.24903844800008,14.360897315000045],[39.249041344000034,14.36194388000007],[39.249021181000046,14.362588127000038],[39.24899991600006,14.363266271000043],[39.24900368500005,14.363530731000026],[39.248866399000065,14.364147972000069],[39.24888118800004,14.364423725000051],[39.24887337900003,14.364688197000078],[39.248506872000064,14.365080768000041],[39.24785077100006,14.365682720000052],[39.24695815800004,14.366289445000064],[39.246413147000055,14.366722882000033],[39.24596376900007,14.367134738000061],[39.24539332400008,14.367624723000063],[39.24493514300008,14.367945036000037],[39.244356452000034,14.368331025000032],[39.24370519000007,14.369140929000025],[39.24331828800007,14.369439686000021],[39.24250365300003,14.369819154000027],[39.24173558600006,14.369831243000021],[39.24065917900003,14.36990466800006],[39.24020827000004,14.369983111000067],[39.23998057600005,14.370091844000058],[39.239517317000036,14.370561347000034],[39.23923927800007,14.370760540000049],[39.23864842300003,14.37115784100007],[39.23809964000003,14.37133697400003],[39.237734981000074,14.371304555000052],[39.23737367600006,14.371155733000023],[39.236800740000035,14.370966431000056],[39.23620351100004,14.370823490000078],[39.23559073700005,14.370782280000071],[39.23481874600003,14.370933370000046],[39.234594779000076,14.371294123000041],[39.23467973600003,14.371595806000073],[39.23484363800003,14.37201494900006],[39.23495836700005,14.37251212600006],[39.23500290000004,14.372974338000063],[39.235000471000035,14.373421903000065],[39.234724680000056,14.37356344400007],[39.234526912000035,14.37346644300004],[39.23417943900006,14.373249792000024],[39.23388717800003,14.373160791000032],[39.23381477600003,14.373216248000062],[39.23375770300004,14.373524848000045],[39.23375266700003,14.373696647000031],[39.23382189600005,14.374492239000062],[39.23393678900004,14.374599497000077],[39.234386992000054,14.37493472400007],[39.23474268900003,14.375266645000067],[39.23509108400003,14.375816716000031],[39.23525146000003,14.376729754000053],[39.23533081000005,14.377215671000044],[39.23558865900003,14.377659579000067],[39.23580627100006,14.377872977000038],[39.23632832900006,14.378175344000056],[39.23690276000008,14.378675458000032],[39.237392089000025,14.379263798000068],[39.23751391800005,14.379899984000076],[39.23748476600008,14.380842607000034],[39.23751602700003,14.38134890200007],[39.23765208800006,14.38228457300005],[39.237473410000064,14.382716491000053],[39.23739690700006,14.383278279000024],[39.23739353000008,14.383381128000053],[39.23737672100003,14.383932690000051],[39.23737917500006,14.384610808000048],[39.23782433700006,14.385095208000052],[39.238059177000025,14.385136802000034],[39.23834322500005,14.385121823000077],[39.23879081100006,14.385157536000065],[39.239003944000046,14.385508815000037],[39.23922868000005,14.385871378000047],[39.23923188100008,14.386148282000022],[39.23900455200004,14.386624321000056],[39.239173753000046,14.387641331000054],[39.23907684300008,14.38809803600003],[39.23864163200005,14.388799187000075],[39.23851496800006,14.389083008000057],[39.238641303000065,14.389581300000032],[39.23875058400006,14.389860356000042],[39.23886866500004,14.39023207200006],[39.23907957200004,14.39066359800006],[39.239073973000075,14.390846693000071],[39.23893008700003,14.391291012000067],[39.23903544900003,14.391696645000025],[39.23923212300008,14.391828678000024],[39.23961498600005,14.392047553000054],[39.239667405000034,14.392266753000058],[39.239650022000035,14.392818316000046],[39.239585100000056,14.393380093000076],[39.239564538000025,14.393667169000025],[39.23997291200004,14.39496649800003],[39.24024575200008,14.395296244000065],[39.24062077000008,14.395767154000055],[39.24069285200005,14.396482503000072],[39.24091200500004,14.397029298000064],[39.24128366000008,14.397603055000047],[39.24163829300005,14.397970009000062],[39.242399738000074,14.398176058000047],[39.242771547000075,14.398358775000077],[39.243026093000026,14.398917956000048],[39.243034726000076,14.399390377000032],[39.24336886800006,14.401171224000052],[39.24397802900006,14.402084930000058],[39.24428065600006,14.402599988000077],[39.24460761800003,14.40310372600004],[39.244832393000024,14.403478717000041],[39.24507156100003,14.403749718000029],[39.245321776000026,14.404055742000025],[39.245663696000065,14.40445660000006],[39.24602603000005,14.404961428000036],[39.24666330900004,14.406106794000038],[39.24692122300007,14.406550687000049],[39.24722889200007,14.406905248000044],[39.24761387700005,14.407433780000076],[39.247940277000055,14.407948808000071],[39.248230756000055,14.40847517800006],[39.24852067000006,14.409023021000053],[39.24867135900007,14.409487385000034],[39.248640170000044,14.410119197000029],[39.24862632000003,14.410188150000067],[39.24846764900008,14.410355583000069],[39.248394673000064,14.410422340000025],[39.24799778100004,14.410653324000066],[39.24767104800003,14.410907964000046],[39.247434344000055,14.411303777000057],[39.24727215100006,14.411966242000062],[39.24732609700004,14.412508684000045],[39.24750413900006,14.413605928000038],[39.24752720200007,14.414009375000035],[39.24750816300008,14.41461857400003],[39.247037711000075,14.414937785000063],[39.24647683500007,14.41474962500007],[39.24573646400006,14.414256506000072],[39.24538068900006,14.413924594000036],[39.24531105300008,14.413877197000033],[39.24494856600006,14.413774729000068],[39.24467944500003,14.413685718000067],[39.24433024600006,14.413538025000037],[39.243978225000035,14.413459283000066],[39.24358971800007,14.413424641000063],[39.24289335900005,14.41340501700006],[39.24249157400004,14.413416716000029],[39.24181619800004,14.413501051000026],[39.241785134000054,14.413729390000071],[39.24153722400007,14.414493654000069],[39.24144686500006,14.415111972000034],[39.241561442000034,14.415988884000058],[39.241652411000075,14.41647477500004],[39.241642169000045,14.417186819000051],[39.24144346500003,14.417883222000057],[39.24108997600007,14.418609171000071],[39.24055404400008,14.419513875000064],[39.240039069000034,14.420511235000049],[39.23958657600008,14.421371781000062],[39.23941106500007,14.422080594000022],[39.23935944500005,14.422607322000033],[39.239344860000074,14.423067323000055],[39.23931925100004,14.423514909000062],[39.239367738000055,14.423861844000044],[39.23951336400006,14.424486688000059],[39.239681639000025,14.425146563000055],[39.23973781400008,14.425620046000063],[39.239376813000035,14.425839675000077],[39.238742192000075,14.426120603000072],[39.23807557600003,14.426296458000024],[39.23773008300003,14.426379310000073],[39.23755267100006,14.42639758000007],[39.23692385600003,14.427241336000066],[39.236828237000054,14.427284383000028],[39.23664464400008,14.427486877000035],[39.23661959700007,14.427923157000066],[39.236776432000056,14.428191981000055],[39.237023298000054,14.428602000000069],[39.237145886000064,14.428834693000056],[39.237214780000045,14.429274269000075],[39.23697562700005,14.430130086000077],[39.23651057200004,14.43065720900006],[39.23628563500006,14.43180007500007],[39.23631299200008,14.432445390000055],[39.236343705000024,14.432975422000027],[39.23622019100003,14.433523691000062],[39.23584195900003,14.433915116000037],[39.23529846400004,14.434302186000025],[39.234732896000025,14.434642938000025],[39.23442483700006,14.435059159000048],[39.23416824800006,14.435328404000074],[39.234151034000035,14.435511509000037],[39.23411153400008,14.436004318000073],[39.23419914800007,14.436605494000048],[39.23431782700004,14.436977210000066],[39.23414957700004,14.437443019000057],[39.233866969000076,14.437791404000052],[39.23299762100004,14.438778924000076],[39.23238113000008,14.439244045000066],[39.232161596000026,14.439468042000044],[39.231650072000036,14.439959055000031],[39.23121323600003,14.440326801000026],[39.23056472400003,14.440675530000021],[39.23028603400007,14.44089731500003],[39.22988457900004,14.441288761000067],[39.229673837000064,14.441604296000037],[39.229470194000044,14.44207013600004],[39.229428658000074,14.442275875000064],[39.229365388000076,14.442780001000074],[39.229344808000064,14.443067093000025],[39.229404885000065,14.443414010000026],[39.22951680800003,14.44399257200007],[39.229758625000045,14.444551767000064],[39.22991267200007,14.444923470000049],[39.23021419300005,14.44547244100005],[39.230362068000034,14.446040782000068],[39.23040174700003,14.446283735000065],[39.23029394900004,14.446338096000034],[39.22978858700003,14.446622263000052],[39.22955256100005,14.446615707000035],[39.22924578800007,14.446606969000072],[39.22892966200004,14.44652816200005],[39.22868428900006,14.446441378000031],[39.22836048700003,14.44621339400004],[39.228163782000024,14.446092649000036],[39.22794160400008,14.446017138000059],[39.22764869100007,14.445939445000022],[39.22745085200006,14.445842449000054],[39.227087176000055,14.445773841000062],[39.22667747300005,14.446027403000073],[39.226536345000056,14.446390336000036],[39.22652285700008,14.44681643000007],[39.226554116000045,14.447334028000057],[39.22634991500007,14.447823605000053],[39.22614710900007,14.448265703000061],[39.22601982900005,14.448560813000029],[39.22581618100003,14.449026650000064],[39.22588983900005,14.449315901000034],[39.22606370600005,14.449803986000063],[39.22632330400006,14.450191393000068],[39.22672105300006,14.450697353000066],[39.226620730000036,14.45125801100005],[39.22655034700006,14.451624265000078],[39.22648670500007,14.451771250000036],[39.226360353000075,14.452412195000022],[39.22636184900006,14.452745605000075],[39.22643690800004,14.452989653000031],[39.22666223900006,14.453329625000038],[39.22681910000006,14.453598463000048],[39.22681742000003,14.453656109000065],[39.22670511100006,14.453848351000033],[39.22635902500008,14.453963963000035],[39.22615837400008,14.453958498000077],[39.22556063500008,14.453815544000065],[39.225036534000026,14.453949407000039],[39.224845334000065,14.454403936000062],[39.224488929000074,14.455221400000028],[39.22414844300005,14.456293155000026],[39.22424499700003,14.457745364000061],[39.22401942600004,14.458911938000028],[39.224072195000076,14.459488289000035],[39.224058514000035,14.460304307000058],[39.22390650700004,14.461392834000037],[39.223904995000055,14.46219753500003],[39.224093097000036,14.462985103000051],[39.22421148800004,14.463355695000075],[39.22431826700006,14.46371612200005],[39.22439584800003,14.463878805000036],[39.224679319000074,14.464634635000039],[39.22489372900003,14.46533062900005],[39.22502456600006,14.465679737000073],[39.22519648800005,14.466225458000054],[39.22527949700003,14.466594953000026],[39.22526966300006,14.466905754000038],[39.22516305500005,14.467293522000034],[39.22463846200003,14.467830863000074],[39.224159910000026,14.468023453000058],[39.223827097000026,14.468094978000067],[39.223322248000045,14.468379130000073],[39.22299961900006,14.468496983000023],[39.222545412000045,14.468666937000023],[39.22209634700005,14.469057277000047],[39.22208763300006,14.469333061000043],[39.22203286200005,14.469952455000055],[39.22215169100008,14.471059936000074],[39.22221353900005,14.471728958000028],[39.222202666000044,14.47245229300006],[39.222207887000025,14.47303998600006],[39.222147138000025,14.47347516800005],[39.22211437500005,14.473772445000066],[39.22206521800007,14.474208745000055],[39.22199397800006,14.47459759800006],[39.22194323000008,14.475470155000039],[39.221950142000026,14.475999081000055],[39.222018253000044,14.476841028000024],[39.22202826600005,14.477278393000063],[39.22203283700003,14.47750781600007],[39.22191834600005,14.478148746000045],[39.22194818200006,14.478712694000023],[39.22202903200008,14.479520696000066],[39.22219927500004,14.480122934000065],[39.22236296300008,14.480553386000054],[39.22258075800005,14.481146524000053],[39.22277983400005,14.481578081000066],[39.223000153000044,14.48208984200005],[39.22308410000005,14.48280518100006],[39.22281535500008,14.483464339000022],[39.222463031000075,14.483776603000024],[39.22220919000006,14.48396445000003],[39.221518970000034,14.484508736000066],[39.220569752000074,14.485021608000068],[39.21939748600005,14.485493993000034],[39.21887162500008,14.485685487000069],[39.218255326000076,14.486507711000058],[39.21803319700007,14.486811940000052],[39.21736166100004,14.487505371000054],[39.21679395600006,14.487915022000038],[39.21655395000005,14.488035048000029],[39.21592877000006,14.488384856000039],[39.21520714500008,14.489168737000057],[39.21496010900006,14.489518196000063],[39.21473797200008,14.489822422000032],[39.21455466200007,14.490392203000056],[39.21452899800005,14.490839785000048],[39.21462534800003,14.491532506000055],[39.21477546700004,14.492020619000073],[39.21479305400004,14.492216125000027],[39.214820846000066,14.49245796100007],[39.214815775000034,14.492619583000021],[39.21481409200004,14.492677228000048],[39.214721035000025,14.493007325000065],[39.21447631500007,14.493656287000022],[39.214193323000075,14.494015943000022],[39.21376035700007,14.494635679000055],[39.21349608700007,14.495156945000076],[39.21315055700006,14.495630806000065],[39.21267144300003,14.49621442700004],[39.212184671000045,14.49667259100005],[39.21158835600005,14.49723031800005],[39.21119527400003,14.497713265000073],[39.210771572000056,14.498034621000045],[39.21062385600004,14.498225758000046],[39.21037935000004,14.498494956000059],[39.21019427300007,14.498742640000046],[39.210120964000055,14.498820700000067],[39.20998400000008,14.49904685100006],[39.20981361400004,14.499202963000073],[39.20952126800006,14.499493684000072],[39.209154209000076,14.499897499000042],[39.209072836000075,14.500030931000026],[39.21913098400006,14.49908143700003],[39.220623991000025,14.501450061000071],[39.22304957700004,14.504547891000072],[39.22510226700007,14.507644914000025],[39.227341601000035,14.510559787000034],[39.23107391700006,14.515843180000047],[39.23350123100005,14.520580799000072],[39.23424836500004,14.522221091000063],[39.235370042000056,14.525320081000075],[39.235750954000025,14.533341785000061],[39.234636926000064,14.536988896000025],[39.23464135100005,14.541181893000044],[39.23389837800005,14.543552638000051],[39.235764681000035,14.546285821000026],[39.237629464000065,14.547012905000031],[39.24098683200003,14.54974452600004],[39.241362647000074,14.552296105000039],[39.241922534000025,14.553389547000052],[39.24266923600004,14.55448279500007],[39.24378899800007,14.555575661000034],[39.243976831000055,14.557033399000034],[39.243791800000054,14.558127612000021],[39.24341994300005,14.55922201900006],[39.24286382400004,14.561592602000076],[39.24156077600003,14.56323498100005],[39.24100266200003,14.564329576000034],[39.24119029700006,14.565605359000074],[39.241564150000045,14.566333949000068],[39.24342874100006,14.567244079000034],[39.242684584000074,14.568520837000051],[39.24212684300005,14.569433458000049],[39.24138306800006,14.571075265000047],[39.240452051000034,14.572352200000068],[39.23821533800003,14.572354490000066],[39.23635169500005,14.572356381000077],[39.232437394000044,14.572178348000023],[39.22926808700004,14.571998381000071],[39.22498434000005,14.575102644000026],[39.22442814300007,14.578202151000028],[39.224432758000034,14.582760179000047],[39.223875726000074,14.584765666000067],[39.222388515000034,14.58877811700006],[39.221087160000025,14.59242646000007],[39.21922539900004,14.594798209000032],[39.21792353400008,14.597716438000077],[39.216062228000055,14.600635171000022],[39.21494585100004,14.602823107000063],[39.21233878800007,14.605742504000034],[39.21084932000008,14.607749933000036],[39.210477688000026,14.609026243000073],[39.204890195000075,14.614683261000039],[39.20209460500007,14.615779717000066],[39.19911287800005,14.617058266000072],[39.19557179700007,14.618155280000053],[39.19221635300005,14.618887036000046],[39.19035328500007,14.62034763400004],[39.18811684600007,14.62126038100007],[39.18252470300007,14.622358844000075],[39.179169444000024,14.623090413000057],[39.17450925400004,14.623824053000021],[39.165933549000044,14.624377326000058],[39.16276409000005,14.624561517000075],[39.15847574800006,14.624382516000026],[39.15530593500006,14.623654545000022],[39.14933919600003,14.622564425000064],[39.14393203800006,14.622020816000031],[39.141508163000026,14.621476420000022],[39.140016220000064,14.62074722500006],[39.13833781900007,14.620201217000044],[39.13665971200004,14.619655196000053],[39.13498143900006,14.619292251000047],[39.13348963200008,14.618746099000077],[39.13162475000007,14.617835096000022],[39.12994637500003,14.616742027000043],[39.128641421000054,14.617107794000049],[39.126963989000046,14.61765572400003],[39.12565903400008,14.618021484000053],[39.12416777000004,14.618386197000063],[39.11913491300004,14.620211821000055],[39.118016590000025,14.620759400000054],[39.116712079000024,14.621490154000071],[39.11596710300006,14.62294847000004],[39.11578090100005,14.623677530000066],[39.115595280000036,14.624954738000042],[39.11578214300005,14.626047537000034],[39.115596424000046,14.627141649000066],[39.11429128000003,14.62732537900007],[39.11354523800003,14.626778734000027],[39.11279910600007,14.626049000000023],[39.111121291000075,14.626049806000026],[39.11074950900007,14.628238023000051],[39.109632039000076,14.630608549000044],[39.10907355300003,14.632614894000028],[39.10814200300007,14.633709349000071],[39.106650966000075,14.634804056000064],[39.10609227500004,14.636444211000025],[39.105719720000025,14.637174486000049],[39.10329722800003,14.639727526000058],[39.10236440400007,14.638815885000042],[39.10180477200004,14.637905197000066],[39.101058640000076,14.637176555000053],[39.09993970100004,14.63663002800007],[39.098820766000074,14.636083486000075],[39.09807520900006,14.63663082100004],[39.09583814600006,14.637360719000071],[39.094905597000036,14.636996048000071],[39.09397333800007,14.636632512000062],[39.092667823000056,14.636086016000036],[39.09136276000004,14.635903445000054],[39.091549892000046,14.637909454000066],[39.09024467300003,14.638091921000068],[39.08856676600004,14.638092565000022],[39.08688915600004,14.639552270000024],[39.08595753700007,14.640828592000048],[39.08502534100006,14.64137594500005],[39.08204202700006,14.64119505800005],[39.081668852000064,14.640465093000046],[39.07998994500008,14.637731755000061],[39.078871175000074,14.637549041000057],[39.07663378500007,14.637549788000058],[39.07197245900005,14.637734371000022],[39.06936226400006,14.63809907700005],[39.066939009000066,14.639558860000022],[39.06451537300006,14.640835521000042],[39.06246458100003,14.641018047000045],[39.058921707000025,14.64047196000007],[39.057802940000045,14.640290274000051],[39.054633297000066,14.641020016000027],[39.05258246200003,14.641020488000038],[39.05183642900005,14.640109722000034],[39.05127681000005,14.63956283500005],[39.04941213800004,14.638833142000067],[39.04978475100006,14.637557076000064],[39.04680139900006,14.636828727000022],[39.04530966100003,14.636100044000045],[39.04363162200008,14.635370267000042],[39.04251286700003,14.635006550000071],[39.03934324000005,14.635736085000076],[39.038597449000065,14.635736209000072],[39.03766520200003,14.634825428000056],[39.03673297200004,14.635736511000061],[39.03766557500006,14.63701234000007],[39.03692013700004,14.639200502000051],[39.033936898000036,14.63901899800004],[39.03231462200006,14.63839084600005],[39.03108710200007,14.638541324000073],[39.03001311500003,14.638691795000057],[39.02847878800003,14.63824102600006],[39.02755794500007,14.637790191000022],[39.02679088800005,14.637190155000042],[39.026177019000045,14.636288336000064],[39.02571638200004,14.63538649800006],[39.02540954700004,14.634485773000051],[39.02433543300003,14.633433677000028],[39.02372162700004,14.632832484000062],[39.02295433300003,14.632533067000054],[39.02188032500004,14.632232528000031],[39.01988556400005,14.632082405000062],[39.01927176300006,14.631481200000053],[39.01896498200006,14.630729647000067],[39.01865785100006,14.629528270000037],[39.01850456200003,14.628626393000047],[39.01819748300005,14.627875978000077],[39.01681672600006,14.626823872000045],[39.015895933000024,14.626072358000044],[39.015282150000075,14.625321960000065],[39.013594384000044,14.62381890000006],[39.01267390000004,14.623068512000032],[39.011906632000034,14.622316984000065],[39.011599586000045,14.621415110000044],[39.011139264000064,14.619311848000052],[39.010679003000064,14.618260788000043],[39.01067894500005,14.617058273000055],[39.012059744000055,14.614954922000038],[39.01344030400003,14.614353579000067],[39.01436089300006,14.612851506000027],[39.01528118400006,14.611349420000067],[39.016354927000066,14.609545565000076],[39.01604807900003,14.60744230000006],[39.015127318000054,14.605940343000043],[39.01482047600007,14.603686763000042],[39.01451341500007,14.602484258000061],[39.01420660400004,14.600531302000036],[39.014360045000046,14.599780851000048],[39.01512681400004,14.598578277000058],[39.01528017800007,14.596775613000034],[39.01512658900003,14.595272464000061],[39.013899268000046,14.594672411000033],[39.01236527100008,14.594071230000054],[39.01159202000008,14.593324217000031],[39.010535600000026,14.592701529000067],[39.00800068800004,14.592701630000022],[39.00546574700007,14.591458485000032],[39.00440935900008,14.590628952000031],[39.00271932000004,14.589384640000048],[39.00271930800005,14.588348249000035],[39.00271929500008,14.58731186600005],[39.00314195200008,14.583164054000065],[39.001240755000026,14.579640123000047],[38.99891721500006,14.57673666200003],[38.998494521000055,14.575285493000024],[38.998072156000035,14.571346765000044],[38.997227387000066,14.56968762400004],[38.99579545100005,14.568314420000036],[38.99300298700007,14.566162461000033],[38.99236915800003,14.564918101000046],[38.990468218000046,14.563260037000077],[38.98962345900003,14.563052045000063],[38.98856750700003,14.56305199600007],[38.98730021000006,14.56077119500003],[38.986032898000076,14.559113128000035],[38.98518821000005,14.558283509000034],[38.984977092000065,14.557245972000032],[38.98476597700005,14.556209574000036],[38.98349858800003,14.556209488000036],[38.98223150000007,14.556002558000046],[38.98202038200003,14.555172994000031],[38.98244293100004,14.552892289000056],[38.98054210300006,14.551855745000069],[38.98054224900005,14.550196619000076],[38.98012009400003,14.547915846000024],[38.97885285000007,14.54687935000004],[38.976318750000075,14.544183576000023],[38.97293967300004,14.542109309000068],[38.97019404800005,14.54293853400003],[38.968293225000025,14.542938285000048],[38.96533653700004,14.542937866000045],[38.96449162600004,14.542522965000046],[38.962802004000025,14.542315875000043],[38.96153509700008,14.541692930000067],[38.959423292000054,14.540656197000033],[38.956255260000034,14.540240833000041],[38.95414350500005,14.539204034000022],[38.95351060300004,14.536300439000058],[38.95287733200007,14.535263917000066],[38.952032564000035,14.534434186000055],[38.94865319000007,14.536507372000074],[38.948019259000034,14.537128844000051],[38.947174500000074,14.537543440000036],[38.94527340800005,14.53878734600005],[38.943372400000044,14.539616462000026],[38.94231656100004,14.539616205000073],[38.94147155200005,14.539822822000076],[38.93978180500005,14.54023717800004],[38.942230005000056,14.537877942000023],[38.94387274600007,14.536270072000036],[38.94461932100006,14.535246288000053],[38.942638628000054,14.534774522000077],[38.94201604500006,14.53520723500003],[38.941181699000026,14.535733702000073],[38.94039265300006,14.536028480000027],[38.93935081600006,14.535806683000033],[38.938521310000056,14.53550245200006],[38.93761851700003,14.534956328000021],[38.93659777000005,14.533026798000037],[38.93641211900007,14.532059311000069],[38.936676326000054,14.531157485000051],[38.93756759300004,14.530375625000033],[38.93786548800006,14.529300885000055],[38.937564879000035,14.528669027000035],[38.93726286300006,14.527909456000032],[38.93654949000006,14.527384848000054],[38.93576899200008,14.527287439000077],[38.935106820000044,14.52723640000005],[38.93434589300006,14.526689173000022],[38.93352412200005,14.525922664000063],[38.933173735000025,14.525013890000025],[38.932931464000035,14.524313094000036],[38.932407212000044,14.523808879000057],[38.931920321000064,14.523502455000028],[38.93106737700003,14.523255816000074],[38.93019038400007,14.522940238000047],[38.92965230100003,14.522171541000034],[38.92895002000006,14.521554244000072],[38.92856341600003,14.520565199000032],[38.92832858000003,14.519355817000076],[38.92758337600003,14.517851290000067],[38.92661186300006,14.517536798000037],[38.92539096200005,14.51707415900006],[38.925058644000046,14.51689209500006],[38.92457204700003,14.516630856000063],[38.92410840600007,14.516276955000023],[38.923354404000065,14.515153300000065],[38.92289847300003,14.51431453500004],[38.92235848100006,14.513350298000034],[38.92213009900007,14.512878932000035],[38.92145414500004,14.512584858000025],[38.92030655900004,14.512410419000048],[38.919633118000036,14.512380802000052],[38.918944715000066,14.51201777700004],[38.91847607300008,14.511098755000035],[38.918260978000035,14.510812747000045],[38.91731661600005,14.510901697000065],[38.916662787000064,14.510410964000073],[38.91676310400004,14.509705755000027],[38.916133613000056,14.509307698000043],[38.915777243000036,14.50909170600005],[38.915397392000045,14.508875697000065],[38.91478972900006,14.508268558000054],[38.913884884000026,14.50744544400004],[38.91229417100004,14.506548605000035],[38.910894237000036,14.50583266700005],[38.909769905000076,14.505600550000054],[38.90862154100006,14.505322080000042],[38.90723514900003,14.504837802000054],[38.90677403400008,14.50479580800004],[38.90630132000007,14.504765104000057],[38.90548744100005,14.504944477000038],[38.904461007000066,14.505080812000074],[38.90393076500004,14.505258036000043],[38.90277135100007,14.50506090700003],[38.902105404000054,14.504535085000043],[38.90139301800008,14.504114354000023],[38.90074143000004,14.503924204000043],[38.89984079000004,14.503562163000026],[38.89908305600005,14.503384397000048],[38.898551448000035,14.50338868600005],[38.89783020400006,14.50332508200006],[38.89716867100003,14.503319136000073],[38.89586023000004,14.503676839000036],[38.894252710000046,14.503564231000041],[38.89331750900004,14.503341157000023],[38.89226535600005,14.50326947800005],[38.891107060000024,14.503197745000023],[38.889960649000045,14.503138437000075],[38.88896656900005,14.502939058000038],[38.887971392000054,14.50260178600007],[38.886940296000034,14.502206848000071],[38.88588324700004,14.501523701000053],[38.885122523000064,14.500987609000049],[38.88439884400003,14.500600727000062],[38.88366353600003,14.500272610000025],[38.88270405000003,14.499957933000076],[38.88194688900006,14.499825332000057],[38.88141718800006,14.500083870000026],[38.88068898500006,14.500586437000038],[38.87993864300006,14.501273218000051],[38.878856832000054,14.501905580000027],[38.87777067300004,14.501984122000067],[38.876397904000044,14.501683907000029],[38.87532063700007,14.501427912000054],[38.87453808200007,14.501077122000027],[38.87380306100005,14.50078288900005],[38.87357478900003,14.500322772000061],[38.87330626700003,14.499252335000051],[38.873217098000055,14.498469056000033],[38.87318843000003,14.497880204000069],[38.873138450000056,14.497534341000062],[38.87241697300004,14.497425448000058],[38.87136538800007,14.497433921000038],[38.87076440100003,14.497589551000033],[38.86954967300005,14.497864648000075],[38.86847624100005,14.498047147000023],[38.867710733000024,14.498330391000025],[38.86699112900004,14.498474650000048],[38.866235059000076,14.498481007000066],[38.86544173000004,14.49824546900004],[38.86453196600007,14.498252862000072],[38.86381318400004,14.498467181000024],[38.86311843900006,14.498749331000056],[38.86229078200006,14.498675380000066],[38.86173138500004,14.49814950700005],[38.86142346200006,14.49804873100004],[38.860704406000025,14.498239320000039],[38.860351888000025,14.498484352000048],[38.85998667800004,14.498614115000066],[38.85919496400004,14.498586524000075],[38.85861448600008,14.498406484000043],[38.858250360000056,14.498640202000047],[38.85717958500004,14.499179791000074],[38.85653236100006,14.499496975000056],[38.85579006900008,14.499733865000053],[38.854432185000064,14.499803105000069],[38.85358319100004,14.499994711000056],[38.85263829200005,14.500037062000047],[38.85170582500007,14.50014836500003],[38.85111590200006,14.500211284000045],[38.85072529900003,14.500133051000034],[38.84965862200005,14.499715327000047],[38.84864869900008,14.499008304000029],[38.84717287800004,14.49765902200005],[38.84599577700004,14.496757486000035],[38.84534213100005,14.496277860000077],[38.84416585200006,14.49544525500005],[38.843448557000045,14.494379005000042],[38.84312899400004,14.494323407000024],[38.84248433700003,14.493486629000074],[38.84222100900007,14.493073927000069],[38.84186155700007,14.492453212000044],[38.841431347000025,14.491822274000072],[38.84100166200005,14.491284005000068],[38.84051361500008,14.490837244000033],[38.84006017400003,14.490263931000072],[38.83960805500004,14.489875966000056],[38.83921614500008,14.489637225000024],[38.83896712200004,14.48951160100006],[38.83832647700007,14.48915966800007],[38.837936445000025,14.489139058000035],[38.83773442100005,14.489003281000066],[38.83730847900006,14.488902411000026],[38.837133384000026,14.48882317400006],[38.837057110000046,14.488816344000043],[38.83638580600007,14.48876049300003],[38.83573486600005,14.488615374000062],[38.83497831100004,14.488552682000034],[38.834065140000064,14.488121441000033],[38.83279653300008,14.487555435000047],[38.83170777500004,14.487310537000042],[38.83054588600004,14.486766085000056],[38.829728844000044,14.486541715000044],[38.829173000000026,14.486442976000035],[38.82825192300004,14.486507865000021],[38.82782387700007,14.486153800000068],[38.82723184500003,14.485973656000056],[38.82675730200003,14.485735973000033],[38.826319494000074,14.485646360000032],[38.82563555100006,14.485802953000075],[38.824857886000075,14.486051015000044],[38.824021608000066,14.486335202000078],[38.82330439300006,14.486767540000073],[38.822857328000055,14.487002279000023],[38.82259879500003,14.487177256000052],[38.82228166800007,14.487387242000068],[38.82180026200007,14.487760970000068],[38.821009641000046,14.48787113000003],[38.82052401300007,14.48772496500004],[38.82004950100003,14.487463520000063],[38.81940782600003,14.486996257000044],[38.818919840000035,14.486538155000062],[38.81852772000008,14.486241736000068],[38.81781606700008,14.485900998000034],[38.81755385900004,14.485603557000047],[38.817196066000065,14.485179449000043],[38.81724836500007,14.48434767200007],[38.81752725000007,14.483745488000068],[38.817734278000046,14.483063013000049],[38.818072836000056,14.482541119000075],[38.81878792700007,14.481854518000034],[38.81932662200006,14.48127287400007],[38.81977051600006,14.480647084000054],[38.82042460400004,14.479718569000056],[38.82049324400003,14.479464325000038],[38.82028940300006,14.47908441900006],[38.819292620000056,14.478492560000063],[38.81867550900006,14.47816320100003],[38.81809276800004,14.47764851200003],[38.81756995100005,14.477272894000066],[38.81674028100008,14.476944476000028],[38.81630040300007,14.476567781000028],[38.815801339000075,14.476213639000036],[38.815079695000065,14.476069536000068],[38.81435987500004,14.47617973000007],[38.81412381200005,14.476193108000075],[38.81386372800006,14.476160117000063],[38.813414038000076,14.476071610000076],[38.812588865000066,14.476285688000075],[38.81217458000003,14.476162173000034],[38.81178456300006,14.476153944000032],[38.811371843000074,14.476238377000072],[38.81058101200006,14.476302162000025],[38.81002413200008,14.476099413000043],[38.809416836000025,14.47550443700004],[38.80845363000003,14.474693298000034],[38.80777560000007,14.474086966000073],[38.80694491600008,14.473631948000047],[38.80623385100006,14.473337505000075],[38.80551249700005,14.473217114000022],[38.80420096800003,14.473169686000062],[38.80378197500005,14.472481045000052],[38.803020004000075,14.471714131000056],[38.802267028000074,14.470635283000036],[38.80183671800006,14.469969247000051],[38.80131238300004,14.469385626000076],[38.80026658400004,14.468586817000073],[38.79937652600006,14.468085384000062],[38.79839276800004,14.467643760000044],[38.79760965400004,14.467211361000068],[38.79669794100005,14.466942715000073],[38.795822669000074,14.466788246000021],[38.79523226400005,14.466815991000033],[38.794278758000075,14.467227685000069],[38.79302590000003,14.467110178000041],[38.792083224000066,14.467406585000049],[38.790914032000046,14.467439463000062],[38.790209497000035,14.467975677000027],[38.78922083400005,14.46843364800003],[38.788409631000036,14.46890196000004],[38.78737059400004,14.46896769400007],[38.787229343000035,14.46901503500004],[38.785863852000034,14.469625233000045],[38.78528507300007,14.469619058000035],[38.78409417900008,14.469893735000028],[38.783148897000046,14.469855573000075],[38.782323708000035,14.470080849000055],[38.781368609000026,14.470296957000073],[38.78055349600004,14.47029168000006],[38.779573870000036,14.470391350000057],[38.779043897000065,14.470580728000073],[38.77853692200006,14.470688752000058],[38.77811256500007,14.470807020000052],[38.777618474000064,14.471076672000038],[38.777218137000034,14.471252604000028],[38.776771318000044,14.47150986500003],[38.77635961500005,14.471733254000071],[38.775853668000025,14.471967856000049],[38.77521878500005,14.472376387000054],[38.77433496300006,14.472637734000045],[38.773850726000035,14.472618058000023],[38.77301029400007,14.472405904000027],[38.77272412800005,14.472084651000046],[38.772472107000056,14.471544180000024],[38.77242045300005,14.471014067000056],[38.77229832100005,14.470496303000061],[38.771855956000024,14.46979516700003],[38.771568527000056,14.469290815000022],[38.771294537000074,14.468980878000025],[38.77116357500006,14.468877907000035],[38.77091281500003,14.468522782000036],[38.77051068000003,14.468468135000023],[38.77009747400007,14.468471129000022],[38.769659431000036,14.468371237000042],[38.76885570500008,14.468297001000053],[38.76860750000003,14.468286572000068],[38.76821831400008,14.468335916000058],[38.76749952700004,14.468561246000036],[38.76729884300005,14.468585917000041],[38.76661491100003,14.468752504000065],[38.766072551000036,14.46886046700007],[38.76540906100007,14.468623593000075],[38.765182578000065,14.468360035000046],[38.76488635900006,14.468235415000038],[38.76467381100008,14.468237462000047],[38.76410765500003,14.468357831000048],[38.76372956600005,14.468325806000053],[38.763185907000036,14.468295873000045],[38.762820444000056,14.468390442000043],[38.762160047000066,14.468511840000076],[38.761465292000025,14.468782376000036],[38.760933746000035,14.468797659000074],[38.76042750400006,14.469033358000047],[38.759732470000074,14.469268864000071],[38.75882667900004,14.469738096000071],[38.758273159000055,14.469950002000076],[38.75768452300008,14.470219516000043],[38.75686442600005,14.471068578000029],[38.75621969000008,14.47170873300007],[38.75595076700006,14.472091591000037],[38.75559691300003,14.472163551000051],[38.754922330000056,14.471984280000072],[38.75424522800006,14.471470465000039],[38.75393507600006,14.47109153100007],[38.75363607000003,14.470609754000066],[38.75346643800003,14.470080645000053],[38.75347427300005,14.469549462000032],[38.753460364000034,14.469272542000056],[38.75337342000006,14.468707356000039],[38.753441112000075,14.468326557000069],[38.75356899600007,14.468059961000051],[38.75379040800004,14.467643151000061],[38.75382373300005,14.467400195000039],[38.75379975300007,14.467319925000027],[38.75370471300005,14.467263312000057],[38.75321917500003,14.467117018000067],[38.75249811000003,14.467030360000024],[38.75183617600004,14.466977676000056],[38.75142369400004,14.467108342000074],[38.75086970500007,14.46723885700004],[38.75053986900008,14.467368480000061],[38.75015167500004,14.467556813000044],[38.74972756100004,14.46772136900006],[38.74925516300004,14.467747993000046],[38.74885255500004,14.467613074000042],[38.748283370000024,14.467328784000074],[38.74778547300008,14.467090908000046],[38.74731006800005,14.466701613000055],[38.74677450900003,14.46618679900007],[38.74661958300004,14.466003544000046],[38.746204341000066,14.465753320000033],[38.74566116900007,14.465803590000064],[38.74484662500004,14.46583322600003],[38.743759831000034,14.465829786000029],[38.74229544100007,14.465875656000037],[38.74143181900007,14.465709703000073],[38.74073073000005,14.465161918000035],[38.74021946400006,14.464714925000067],[38.739839121000045,14.464383355000052],[38.73919917500007,14.464135138000074],[38.738666410000064,14.46396614300005],[38.73821703100003,14.46391139800005],[38.73755563800006,14.463893710000036],[38.73692860600005,14.46376077900004],[38.73626615100005,14.463661712000032],[38.73574427700004,14.463366140000062],[38.73551908300004,14.463275478000071],[38.734689898000056,14.462935469000058],[38.73448796800005,14.462787197000068],[38.734416948000046,14.462775830000055],[38.733499883000036,14.462454939000054],[38.73312018000007,14.462569788000053],[38.732509582000034,14.463000830000055],[38.73187420100004,14.463306398000043],[38.73143771800005,14.463379349000036],[38.73103763000006,14.463566507000053],[38.73020184600006,14.463896701000067],[38.72983612400003,14.463957305000065],[38.72936529800006,14.464134204000061],[38.728881804000025,14.464241019000042],[38.72807052600007,14.464675207000028],[38.72763403600004,14.464758335000056],[38.72630464400004,14.465391966000027],[38.72506322900006,14.465206293000051],[38.72423880000008,14.465477706000058],[38.72327999200007,14.465162392000025],[38.722001007000074,14.464653425000051],[38.72100754100006,14.464454469000032],[38.720168759000046,14.464380006000056],[38.71953237300005,14.464546523000024],[38.71852062800008,14.46505049800004],[38.717686549000064,14.465622519000021],[38.71689919800008,14.466147116000059],[38.71567463800005,14.466630491000046],[38.71460497900006,14.467284710000058],[38.71368822100004,14.467869032000067],[38.712568600000054,14.46813099800005],[38.71167288600003,14.468357070000025],[38.710434184000064,14.468539776000057],[38.70943010000008,14.468478636000043],[38.70873308200004,14.468426917000045],[38.70778019100004,14.468907197000021],[38.70732191700006,14.469221954000034],[38.706806234000055,14.469745715000045],[38.706313296000076,14.470175705000031],[38.70545592600007,14.470782679000024],[38.704761080000026,14.471053054000038],[38.704061841000055,14.470700686000043],[38.703359173000024,14.46987589500003],[38.702750766000065,14.469038786000056],[38.702249495000046,14.46831596000004],[38.70160600000003,14.467491229000075],[38.700929762000044,14.467081246000077],[38.699746308000044,14.466721472000074],[38.698325374000035,14.466144386000053],[38.697213900000065,14.465956473000062],[38.69583201200004,14.465886882000063],[38.69425959100005,14.465622644000064],[38.69287619900007,14.465391408000073],[38.69175290000004,14.465158264000024],[38.690402962000064,14.464637737000032],[38.68916888500007,14.463794105000034],[38.687745765000045,14.462951364000048],[38.686323422000044,14.462178683000047],[38.68545748200006,14.461642951000044],[38.68456852400004,14.46118855700007],[38.68336139500008,14.460794755000052],[38.68231977900007,14.460445260000029],[38.68138599400004,14.460325323000063],[38.68054603100006,14.460089112000048],[38.67933744100003,14.459511071000065],[38.67957523100006,14.45807831600007],[38.67946493900007,14.457549236000034],[38.67842262000005,14.457095741000046],[38.67738056600007,14.456665970000074],[38.67649407600004,14.456533654000054],[38.675455131000035,14.456564999000022],[38.674619052000025,14.456859952000059],[38.67355757400003,14.457030275000022],[38.67281382900006,14.457036020000032],[38.67167987600004,14.456998278000071],[38.67047376700003,14.456731004000062],[38.669135080000046,14.456117686000027],[38.66830438900007,14.455524316000037],[38.667910375000076,14.454916838000031],[38.66763173500004,14.453938831000073],[38.667409365000026,14.452556295000022],[38.66733041300006,14.451437293000026],[38.66708982200004,14.450816486000065],[38.666718364000076,14.450070030000063],[38.666007129000036,14.449672333000024],[38.66508268800004,14.449160174000042],[38.664301384000055,14.448900250000065],[38.66321451400006,14.44881732500005],[38.662141433000045,14.449010181000062],[38.66142218700003,14.449130074000038],[38.660208760000046,14.449520509000024],[38.65921926100003,14.449851358000046],[38.65822906200003,14.450065786000039],[38.65682590400007,14.450330474000054],[38.656136995000054,14.44975985900004],[38.65595628600005,14.44924196200003],[38.65562999200006,14.448183627000049],[38.65534550000007,14.448035159000028],[38.654763237000054,14.447508767000045],[38.65422754600007,14.446867163000036],[38.65279705000006,14.44663677400007],[38.651627319000056,14.44651863100006],[38.650597023000046,14.446053728000038],[38.64995513500003,14.44546960100007],[38.64942133100004,14.445116188000043],[38.64859119400006,14.444592801000056],[38.647701236000046,14.443941618000053],[38.64722634200007,14.443564550000076],[38.64631568900006,14.443352971000024],[38.64522981600004,14.44339541000005],[38.64461666600005,14.44353803000007],[38.64382763400005,14.443797910000058],[38.64310766800003,14.443827337000073],[38.64248149000008,14.44377439300007],[38.64175964000003,14.443537094000021],[38.64088551300006,14.443509775000052],[38.63994214400003,14.44364282500004],[38.63878831300008,14.444113474000062],[38.637185697000064,14.444552921000025],[38.63579417300008,14.44480506800005],[38.634332613000026,14.445150897000076],[38.63327071900005,14.44523967400005],[38.63207653500007,14.445017415000052],[38.63142498800005,14.444699952000065],[38.63088773000004,14.443827730000066],[38.630313889000035,14.442805148000048],[38.62969486600008,14.442106846000058],[38.629076105000024,14.441430023000066],[38.62848351500003,14.44106630500005],[38.62719465600003,14.440787378000039],[38.626212794000025,14.44052927100006],[38.62519561000005,14.440248494000059],[38.62394189300005,14.439935700000035],[38.62329008100005,14.439617075000058],[38.62263717500008,14.439091631000053],[38.62238366500003,14.438297828000032],[38.621989847000066,14.437666557000057],[38.621550126000045,14.437265764000074],[38.62105245500004,14.437016329000073],[38.62022429600006,14.436744881000038],[38.61950432300006,14.436796836000042],[38.618371928000045,14.436932893000062],[38.61797181700007,14.437108554000076],[38.617430881000075,14.43741282700006],[38.616853829000036,14.437635667000052],[38.61609290300004,14.438575868000044],[38.615696512000056,14.439282718000072],[38.61497003300008,14.440083965000042],[38.61404426900003,14.44109396600004],[38.613211404000026,14.441872433000071],[38.61227328600006,14.442814589000022],[38.61099044100007,14.443412609000063],[38.609895728000026,14.443869649000021],[38.60851493200005,14.443938567000032],[38.60700075300008,14.443522398000027],[38.60638227900006,14.442892985000071],[38.60549523100008,14.442633820000026],[38.604636242000026,14.443078796000066],[38.60361666700004,14.44415867600003],[38.60268528100005,14.444385402000023],[38.60141789800008,14.443771835000064],[38.60029154000006,14.44309972600007],[38.59943894500003,14.442725321000069],[38.59888309000007,14.44259101700004],[38.598234809000076,14.442745872000046],[38.597540181000056,14.443039671000065],[38.59640796800005,14.443209516000024],[38.59537753400008,14.44273307800006],[38.59418024800004,14.442014481000058],[38.59295988300005,14.44140094900007],[38.59210752000007,14.441061552000065],[38.59094721300005,14.440586000000053],[38.589728739000066,14.44021431300007],[38.588557484000034,14.439865303000033],[38.58711345100005,14.439333844000032],[38.58597855100004,14.439088875000039],[38.58452469200006,14.438856893000036],[38.58313958400004,14.43830179400004],[38.58184829000004,14.437654167000062],[38.58126646000005,14.437162641000043],[38.580566850000025,14.436705938000046],[38.57980008700008,14.43681532200003],[38.578821719000075,14.437053176000063],[38.57738296100007,14.437283424000043],[38.57597888300006,14.437419919000035],[38.57445363700003,14.43708603400006],[38.57318862400007,14.436818143000039],[38.57140134400004,14.436150359000067],[38.57070246300003,14.43578629600006],[38.57031633300005,14.43455483300005],[38.57050815200006,14.433250956000052],[38.57046377100005,14.431901441000036],[38.570281237000074,14.431083977000071],[38.56927419500005,14.430561141000055],[38.56826897500008,14.430302753000035],[38.56679233800003,14.43019832400006],[38.56554151800003,14.430264971000042],[38.56411376600005,14.430367440000055],[38.562837115000036,14.430145819000074],[38.56185742800005,14.430176776000053],[38.56071384100005,14.430404083000042],[38.55993655900005,14.430710042000044],[38.559241298000074,14.430876006000062],[38.55844973300003,14.430778461000045],[38.55760974800006,14.430530512000075],[38.556742703000054,14.429752454000038],[38.55620797800003,14.429225914000028],[38.55594441900007,14.428651285000058],[38.55556265700005,14.428042528000049],[38.554480882000064,14.426931783000043],[38.55375538200008,14.426129125000045],[38.55277416400003,14.42591705500007],[38.552184097000065,14.42596792200004],[38.551513414000055,14.426318134000041],[38.55094980700005,14.426761217000035],[38.55026795900005,14.427181481000048],[38.54911203000006,14.427351056000077],[38.54817738500003,14.427046370000028],[38.54747961900006,14.426878909000038],[38.54645115100004,14.42666672300004],[38.54543460300005,14.426443250000034],[38.54419136000007,14.425922104000051],[38.542617267000026,14.425298587000043],[38.541516467000065,14.424879416000067],[38.54082903700004,14.424481393000065],[38.53957427600005,14.423936462000029],[38.53806912400006,14.423071193000055],[38.53666009400007,14.422411798000041],[38.53577179500007,14.422003192000034],[38.534966215000054,14.421547278000048],[38.534277486000065,14.420952577000037],[38.533317864000026,14.420417241000052],[38.53244122500007,14.419986037000058],[38.53183561000003,14.419436702000041],[38.53099505300003,14.419084687000066],[38.530061584000066,14.418941539000059],[38.52927009200005,14.41883148100004],[38.528287369000054,14.41840005000006],[38.527352531000076,14.418083988000035],[38.52607322000006,14.417389757000024],[38.52481408400007,14.416210707000062],[38.524014720000025,14.414901497000074],[38.523170684000036,14.414019386000064],[38.52256050500006,14.412767048000035],[38.52224481500008,14.411407945000065],[38.52216924600003,14.41068221100005],[38.522141101000045,14.410013106000065],[38.52199543100005,14.409402507000038],[38.52176610200007,14.408597359000055],[38.52136180000008,14.408150119000027],[38.52069777000003,14.407693315000074],[38.51998978200004,14.407733679000046],[38.519317356000045,14.407819351000057],[38.518299650000074,14.408180059000074],[38.51792445500007,14.408358989000021],[38.517340071000035,14.408749972000066],[38.51671305900004,14.409416618000023],[38.51642256900004,14.409698571000035],[38.51607392200003,14.410061776000077],[38.51572762600006,14.410540254000068],[38.51555665800004,14.410911738000038],[38.51457973500004,14.411850032000075],[38.51436721300007,14.41253335500005],[38.51396615500005,14.413267136000059],[38.513506962000065,14.414069744000074],[38.51307106300004,14.414826061000042],[38.512469828000064,14.415620467000053],[38.51184615000005,14.416472458000044],[38.51109930400003,14.417038257000058],[38.51057270700005,14.417369440000073],[38.509996311000066,14.41754003400007],[38.50922672200005,14.417495485000074],[38.50843443500003,14.417496096000036],[38.50790322200004,14.417551503000027],[38.507206996000036,14.417632552000043],[38.506107376000045,14.417650595000055],[38.50531276500004,14.417524610000044],[38.50464521300006,14.417224851000071],[38.50399832800008,14.416751075000036],[38.50343640500006,14.416402937000043],[38.502970299000026,14.416121669000063],[38.50256409700006,14.415886872000044],[38.50197791100004,14.415503637000029],[38.50153529600004,14.415211120000038],[38.500940068000034,14.41499060600006],[38.50059481000005,14.414857648000066],[38.49984021900008,14.414984891000074],[38.49939139600008,14.415015585000049],[38.49838888800008,14.415170553000053],[38.497416273000056,14.41569400800006],[38.49677682200007,14.416315373000032],[38.49629125700005,14.416957405000062],[38.49570134100003,14.417716756000061],[38.49515769200008,14.418404990000056],[38.49468117500004,14.418885424000052],[38.49432010600003,14.41920336000004],[38.493453604000024,14.419713471000023],[38.49165997600005,14.420618285000046],[38.49104715300007,14.420732231000045],[38.490102697000054,14.420839822000062],[38.48911128300006,14.420948426000052],[38.48815396600003,14.420975738000038],[38.48772963300007,14.42106297600003],[38.48751033000008,14.42137781100007],[38.487235729000076,14.421912921000057],[38.48701977400003,14.422411976000035],[38.48667595200004,14.423040740000033],[38.48638973200008,14.423587119000047],[38.48610070600006,14.423960572000055],[38.48577499700008,14.42427744300005],[38.485022395000044,14.424531221000052],[38.48456092600003,14.42450421600006],[38.48418754800008,14.424118013000054],[38.484012291000056,14.42355593600007],[38.48383445500008,14.422855968000022],[38.48377123000006,14.422615114000052],[38.48350424600005,14.422226883000064],[38.483069416000035,14.421715093000046],[38.48270923000007,14.421398983000074],[38.48247089100005,14.421286574000021],[38.48202929800004,14.421064100000024],[38.48131809700004,14.420970992000036],[38.480537681000044,14.420972664000033],[38.47981381900007,14.420834325000044],[38.47909649300004,14.420385195000051],[38.47861415800003,14.419861998000044],[38.477976667000064,14.419238994000068],[38.47764888300003,14.418079847000058],[38.47745218800003,14.417644289000066],[38.47718856900008,14.417441411000027],[38.47684177100007,14.417228173000069],[38.47637545600003,14.416924253000047],[38.475922265000065,14.416711908000025],[38.47545926400005,14.416604641000049],[38.47490606100007,14.416763895000031],[38.47431929100003,14.417014619000042],[38.473792649000075,14.41734683900006],[38.47306360600004,14.417576903000054],[38.472556127000075,14.417643578000025],[38.47151132300007,14.417406163000066],[38.47089338600006,14.41723187100007],[38.47019077600004,14.416943222000043],[38.469677422000075,14.416675356000042],[38.46903396100004,14.416385717000026],[38.468055571000036,14.415894157000025],[38.46718563300004,14.415516984000021],[38.46682675300008,14.415268662000074],[38.466279291000035,14.415082082000026],[38.465626522000036,14.414931418000037],[38.464843821000045,14.41480533400005],[38.46384755100007,14.41464823800004],[38.46306561600005,14.414568478000035],[38.462199002000034,14.414375508000035],[38.46135413700006,14.41406617900003],[38.46071041000005,14.41377651700003],[38.460151102000054,14.413578592000022],[38.45981850800007,14.413491942000064],[38.45904922700004,14.413457407000067],[38.457711319000055,14.41336392200003],[38.45709570100007,14.41331617000003],[38.45609035000007,14.413320633000069],[38.455168205000064,14.413324165000063],[38.454316267000024,14.413304116000063],[38.45350022300005,14.413305618000038],[38.452746140000045,14.413455301000056],[38.45197056000006,14.413745092000056],[38.451312726000026,14.414009158000056],[38.45064431900005,14.41433083000004],[38.44970421100004,14.414681253000026],[38.44902441000005,14.415037926000025],[38.448275383000066,14.415488242000038],[38.44759937900005,14.416064175000031],[38.44715994100005,14.416636143000062],[38.44663962100003,14.417324324000049],[38.44624919700004,14.417999254000051],[38.446069787000056,14.418578597000021],[38.44579183400003,14.419609781000077],[38.445709994000026,14.420348715000046],[38.44564358900004,14.421295635000035],[38.44572447300004,14.421881255000073],[38.44565403000007,14.42258630300006],[38.44569119300007,14.423380899000051],[38.44593363200005,14.42440312900004],[38.445992312000044,14.425059892000036],[38.446026464000056,14.425670269000022],[38.44601509300003,14.426396925000063],[38.44590774400007,14.427020523000067],[38.445672967000064,14.427820128000064],[38.44525904400007,14.428496121000023],[38.44495326100008,14.429284254000038],[38.44451248800004,14.42979857000006],[38.44383416800008,14.430236610000065],[38.44330723500008,14.430533724000043],[38.442803009000045,14.430794738000031],[38.441875236000044,14.431167755000047],[38.44125097500006,14.43131545500006],[38.44061531700004,14.431499299000052],[38.43994709900005,14.43183224300003],[38.43935895000004,14.432026362000045],[38.43842633300005,14.432133771000053],[38.43703424900008,14.432329357000071],[38.43578418100003,14.432545625000046],[38.43509827300005,14.432532679000076],[38.43444541000008,14.433097322000037],[38.43358785700008,14.433433182000044],[38.433099404000075,14.433757491000051],[38.43326964500005,14.433047033000037],[38.43340933200005,14.432494724000037],[38.43341968500005,14.432183949000034],[38.43343767300007,14.431032366000068],[38.43351512000004,14.42986961300005],[38.43356020600004,14.429350980000038],[38.433708129000024,14.428060688000073],[38.43380125400006,14.42769247800004],[38.43391756700004,14.427207930000066],[38.434021451000035,14.426596763000077],[38.43411308900005,14.425895151000077],[38.434027110000045,14.425273353000023],[38.43374912500008,14.424227290000033],[38.43385167100007,14.423340362000033],[38.43428569300005,14.422290357000065],[38.43499346900006,14.421435385000052],[38.43537991000005,14.420396568000058],[38.43535254500006,14.419637028000068],[38.43512326100006,14.41882165000004],[38.43490708600007,14.418327241000043],[38.434737580000046,14.417603532000044],[38.43463970600004,14.416982836000045],[38.43406303200004,14.41552355400006],[38.43353695400003,14.414685983000027],[38.43301201400004,14.414091380000059],[38.43261700800008,14.41335695400005],[38.43223132000003,14.412150146000045],[38.43174395800003,14.41194555100003],[38.43130423100007,14.411821302000021],[38.43103109600003,14.411731357000065],[38.43089983800007,14.411593167000035],[38.43068468000007,14.41127281200005],[38.43075466800008,14.410996093000051],[38.43097826300004,14.410614636000048],[38.431424563000064,14.410434887000065],[38.43235345100004,14.410399819000077],[38.43282704000006,14.410200923000048],[38.43362969100008,14.409298731000035],[38.434123370000066,14.408375428000056],[38.43458211400008,14.407509693000065],[38.43539504800003,14.406319318000044],[38.43589030900006,14.405683087000057],[38.436513553000054,14.40452842700006],[38.43712487100004,14.403385022000066],[38.437430832000075,14.402865879000046],[38.43826810500008,14.40177839200004],[38.43915626200004,14.401440324000077],[38.43966321500005,14.400757764000048],[38.43954191800003,14.400228569000035],[38.43905093200004,14.399276938000071],[38.43858207200003,14.398058647000028],[38.43860528000005,14.397932122000043],[38.43869914000004,14.397724395000068],[38.43926623500005,14.397214904000066],[38.439726165000025,14.396671255000058],[38.440186416000074,14.396116301000063],[38.44022853200005,14.395033708000028],[38.44020804500008,14.393249131000061],[38.44036027200008,14.39287992800007],[38.44095019400004,14.392163666000044],[38.44158700100007,14.391353717000072],[38.44207107600005,14.390879057000063],[38.44219861400006,14.390302973000075],[38.44228985800004,14.389508677000038],[38.44310612000004,14.389031418000059],[38.44406681600003,14.388991867000072],[38.44450400000005,14.388608637000061],[38.44429780100006,14.387711930000023],[38.44406407400004,14.38599917700003],[38.44447227000006,14.384556922000058],[38.44545210700005,14.383561285000042],[38.44671798500008,14.382818333000046],[38.44755704100004,14.38213428000006],[38.447814821000065,14.381499734000045],[38.447810799000024,14.380658883000024],[38.44792627000004,14.380025125000031],[38.44807758800005,14.379425362000063],[38.44842900400005,14.378549168000063],[38.44891214000006,14.377855243000056],[38.448631841000065,14.376326606000077],[38.448510945000066,14.375866342000052],[38.44863555500007,14.374691261000066],[38.448715212000025,14.37400092300004],[38.44859141400008,14.372954092000043],[38.44851792800006,14.372425001000067],[38.44849081500007,14.371780744000034],[38.44842898400003,14.371227952000027],[38.44831899800005,14.370572197000058],[38.44820955500006,14.370055456000046],[38.44860678200007,14.368809803000033],[38.449006508000025,14.368081778000033],[38.449146932000076,14.367667332000053],[38.44903576100006,14.366781032000063],[38.44898755500003,14.366586513000073],[38.448973470000055,14.36618302100004],[38.44931459500003,14.365593864000061],[38.449668565000025,14.365200263000077],[38.44971360200003,14.36468274300006],[38.449711654000055,14.364290574000051],[38.449706089000074,14.363128751000033],[38.44978415400004,14.36213777200004],[38.45013641200006,14.361376859000075],[38.45046622800004,14.360902949000035],[38.450984291000054,14.360128857000063],[38.45139569200006,14.359354516000053],[38.45180706900004,14.358592599000076],[38.45186533100008,14.358350878000067],[38.451077190000035,14.357330775000037],[38.45080328200004,14.35710184800007],[38.450387238000076,14.35693135400004],[38.44978137700008,14.356751383000073],[38.448687439000025,14.356227837000063],[38.44799693700003,14.355702958000052],[38.44778142600006,14.355301246000067],[38.44786075500008,14.354505796000069],[38.448022328000036,14.353618983000047],[38.44912933200004,14.351989599000035],[38.449400584000045,14.35164213400003],[38.44965702700006,14.350709210000048],[38.449643380000055,14.350363351000055],[38.44955848700005,14.349995848000049],[38.44943783700006,14.34955932300005],[38.44938821300008,14.349110539000037],[38.44962360100004,14.34872907700003],[38.45024967100005,14.348218561000067],[38.45111403100003,14.347914287000037],[38.45182504300004,14.347749800000031],[38.45237013700006,14.347642561000043],[38.452831340000046,14.347352043000058],[38.453385980000064,14.346773545000076],[38.45373911400003,14.34623074500007],[38.453795580000076,14.345654487000047],[38.453793063000035,14.345136865000029],[38.45387331500007,14.344549357000062],[38.45397685800003,14.34391557300006],[38.45404558700005,14.34341958500005],[38.454185747000054,14.342981405000046],[38.45437279500004,14.34245065500005],[38.45467910000008,14.341976683000041],[38.45513925900008,14.34151435900003],[38.45565849700006,14.340947087000075],[38.45616520100003,14.340288230000056],[38.45655240100007,14.339433580000048],[38.456736558000046,14.338293648000047],[38.456649146000075,14.337407405000022],[38.45660946100003,14.336556293000058],[38.45651096700004,14.335820324000053],[38.45628302000006,14.335292010000046],[38.45567538000006,14.334788823000054],[38.457345375000045,14.334332664000044],[38.45937106400004,14.334305641000071],[38.46048496000003,14.332386887000041],[38.46164834000007,14.330733824000049],[38.464127905000055,14.331271744000048],[38.466416725000045,14.331596740000066],[38.468640882000045,14.33206849000004],[38.47024696200003,14.330177906000074],[38.47130352700003,14.328440923000073],[38.47331790100003,14.328895210000042],[38.47731201600004,14.32812646900004],[38.47751407900006,14.324960151000028],[38.47778496600006,14.322852978000071],[38.47657929700006,14.320816012000023],[38.474523187000045,14.31952192600005],[38.47447739800003,14.317405019000034],[38.475198369000054,14.315521472000057],[38.47461081700004,14.313364927000066],[38.475938384000074,14.311418305000075],[38.47791059900004,14.311997906000045],[38.47992107600004,14.31283072900004],[38.48212989800004,14.313348654000038],[38.483007249000025,14.311468818000037],[38.48484590600003,14.310400267000034],[38.48601338700007,14.308597901000041],[38.485906355000054,14.306479712000055],[38.48776045400007,14.30521791800004],[38.48777185800003,14.30312598200004],[38.48977846500003,14.302315432000057],[38.49172034800006,14.303480283000056],[38.493082155000025,14.30543048900006],[38.49510763500007,14.305770472000063],[38.49775514600003,14.305887958000028],[38.50097880900006,14.304373517000045],[38.50278699100005,14.305632936000052],[38.505068196000025,14.303923214000065],[38.50538851400006,14.300680254000042],[38.505655542000056,14.298609183000053],[38.505560348000074,14.296559967000064],[38.50647957600006,14.294761493000067],[38.50454532800006,14.291823522000072],[38.506483410000044,14.28928010900006],[38.506372783000074,14.287265885000068],[38.50927590800006,14.284978748000071],[38.51171714000003,14.284583679000036],[38.512708942000074,14.28239654400005],[38.51502081900003,14.282319881000035],[38.51680608000004,14.281375292000064],[38.518908199000066,14.280200757000046],[38.52070869500005,14.279165760000069],[38.52272657900005,14.279860347000067],[38.524393650000036,14.281096710000043],[38.52550395700007,14.279257863000055],[38.527758308000045,14.27868479700004],[38.528616629000055,14.276654423000025],[38.53071852800008,14.276512769000021],[38.53278241600003,14.277106796000055],[38.53390410000003,14.275325555000052],[38.532072939000045,14.274417816000039],[38.53325549700003,14.272478468000031],[38.532362687000045,14.270611905000067],[38.53282832700006,14.26860447000007],[38.530344686000035,14.267055751000044],[38.52990979000003,14.264985514000045],[38.53310080700004,14.264170136000075],[38.532918677000055,14.263560606000055],[38.53291370900007,14.263018103000036],[38.53301627800005,14.262589968000043],[38.533189236000055,14.26216196100006],[38.53349480600008,14.262054058000047],[38.533941506000076,14.26192270200005],[38.53437542200004,14.261664737000046],[38.534290749000036,14.261422711000023],[38.53404147500004,14.261206361000063],[38.533792607000066,14.261070247000077],[38.53364861500006,14.260795330000064],[38.53352859900008,14.26055436400003],[38.533161617000076,14.26038413200007],[38.532890449000035,14.260386980000021],[38.532548844000075,14.260413429000039],[38.53218352500005,14.260417240000038],[38.53158263700004,14.26044657600005],[38.53110011200005,14.260532649000027],[38.53065316100003,14.260652705000041],[38.53022803300007,14.260576142000048],[38.530260817000055,14.26027556400004],[38.530868887000054,14.259715065000023],[38.53150206000004,14.259339960000034],[38.53213735200006,14.259206709000068],[38.53272667900006,14.259166053000058],[38.53349125500006,14.25898445200005],[38.534078900000054,14.258782173000043],[38.534170748000065,14.258493024000074],[38.534003719000054,14.258287001000042],[38.533539990000065,14.257830630000058],[38.533219528000075,14.257580227000062],[38.53262625600007,14.257147331000056],[38.532411126000056,14.256814639000027],[38.53257409500003,14.256593439000028],[38.533159874000035,14.256160593000061],[38.533427955000036,14.255823191000047],[38.533154928000044,14.255606794000073],[38.53292885900004,14.255378045000043],[38.532937236000066,14.254974584000024],[38.533039934000044,14.254615388000047],[38.53302478000006,14.254234481000026],[38.53309246200007,14.25386504100004],[38.53350496200005,14.253872625000042],[38.533872873000064,14.254145721000043],[38.534273780000035,14.254164586000059],[38.53461585900004,14.254184474000056],[38.53493304400007,14.254054001000043],[38.535625035000066,14.253666537000072],[38.53595385700004,14.253512355000055],[38.536294045000034,14.253324272000043],[38.53659773000004,14.252998240000068],[38.53626511600004,14.252736503000051],[38.53594516900006,14.25252002700006],[38.53538843500007,14.252214922000064],[38.535478340000054,14.251740421000022],[38.535511092000036,14.25145115600003],[38.53570730200005,14.250976852000065],[38.535929389000046,14.250743330000034],[38.53671391800003,14.250146985000072],[38.536959445000036,14.249924812000074],[38.53733355800006,14.249575186000072],[38.53801111100006,14.248875775000045],[38.538622402000044,14.248696129000052],[38.53901099900003,14.248634718000062],[38.539541874000065,14.248686601000031],[38.53995463700005,14.248705478000034],[38.540379975000064,14.248805753000056],[38.54072204900007,14.248824494000075],[38.54134638000005,14.248795187000042],[38.54201534200007,14.248465322000072],[38.542166706000046,14.24824409200005],[38.54287030300003,14.247834055000055],[38.54331986400007,14.247990877000063],[38.54373328200006,14.248113732000036],[38.544182111000055,14.248200481000026],[38.54506906700004,14.248515241000064],[38.54535348600007,14.248685308000063],[38.54586134700003,14.248807210000052],[38.54647410100006,14.248766554000042],[38.54695706000007,14.248738084000024],[38.54793512300006,14.248693600000024],[38.54829899900005,14.248528154000041],[38.54891890000005,14.24795632300004],[38.54949106300006,14.24735049700007],[38.54989098900006,14.247265341000059],[38.55047598400006,14.24676351000005],[38.55064796900007,14.24621907900007],[38.550656297000046,14.245814487000075],[38.55093526300004,14.24537311000006],[38.55154820900003,14.245378781000056],[38.55216165300004,14.245430790000057],[38.55284599600003,14.24551570400007],[38.553400355000065,14.245556304000047],[38.553978235000045,14.245573207000064],[38.55437864400005,14.24553439300007],[38.55488463900008,14.245425707000038],[38.55515505100004,14.245353883000064],[38.55573410400007,14.245508663000066],[38.556005936000076,14.245598458000075],[38.55624318100007,14.24574582400004],[38.55655202500003,14.246019895000074],[38.556707430000074,14.246249620000071],[38.557037844000035,14.246303359000024],[38.55739179900007,14.246323227000062],[38.55774761300006,14.246572526000023],[38.55812836800004,14.246962025000073],[38.55849602300003,14.247235083000078],[38.55899302800003,14.24742586700006],[38.559172097000044,14.247700835000046],[38.559468184000025,14.247835880000025],[38.55984538000007,14.24782076300005],[38.56011483700007,14.247644940000043],[38.56046708900004,14.247491887000024],[38.56079725500007,14.247523002000037],[38.56123209300006,14.247367832000066],[38.56151440200006,14.24728471800006],[38.561833215000036,14.247350854000047],[38.56219850400004,14.247347006000041],[38.56245731400003,14.247286448000068],[38.56299529000006,14.246807099000023],[38.563416102000076,14.246411177000027],[38.563906399000075,14.24587522400003],[38.564185354000074,14.24542139700003],[38.56433380500005,14.24490065200007],[38.564530941000044,14.244517873000063],[38.564892171000054,14.244064195000021],[38.56528974300005,14.243690817000072],[38.565640786000074,14.24341004200005],[38.56602626000006,14.24300273700004],[38.56632964100004,14.242652934000034],[38.566917197000066,14.242450562000045],[38.56744663500007,14.242341891000024],[38.56784655600006,14.242256723000025],[38.56830508500008,14.242114017000063],[38.56870547500006,14.242086483000037],[38.569296380000026,14.242253686000026],[38.56989774200008,14.242258168000035],[38.57026304500005,14.242243003000056],[38.57053201700006,14.242009532000054],[38.57050613700005,14.241756319000046],[38.57034956200005,14.241376296000055],[38.57027429400006,14.24089243700007],[38.570189851000066,14.240662848000056],[38.57012789000004,14.240340630000048],[38.56984181200005,14.23997392900003],[38.56980216800008,14.23949013400005],[38.56989370100007,14.239188544000058],[38.56996031400007,14.23873771500007],[38.57005232600005,14.23848358400005],[38.569883901000026,14.238092227000038],[38.569619096000054,14.237506311000061],[38.56924929100006,14.236991404000037],[38.56911545300005,14.236542473000043],[38.568806582000036,14.236280842000042],[38.568311057000074,14.236227960000065],[38.567873374000044,14.236071199000037],[38.567341354000064,14.23586905600007],[38.56710388400006,14.235686667000039],[38.56680805900004,14.235574241000052],[38.56652438100008,14.235473141000057],[38.56604025200005,14.23537393600003],[38.56548587200007,14.23534580100005],[38.56507292200007,14.235291932000052],[38.564505491000034,14.235124753000036],[38.56420945000008,14.234977289000028],[38.56384321300004,14.234877165000057],[38.563656336000065,14.235052005000057],[38.56308085300003,14.235312027000077],[38.562573230000055,14.235225206000052],[38.56214625200005,14.234929446000024],[38.56142466000006,14.234648957000047],[38.561177773000054,14.234697102000041],[38.56084757100007,14.23468858800004],[38.560410853000064,14.234635789000038],[38.56013950000005,14.23460364400006],[38.55975049500006,14.234596150000073],[38.55940773300006,14.234496063000051],[38.55910269200007,14.234660506000068],[38.55904721500008,14.235031107000054],[38.55896704500003,14.235296560000052],[38.55857897100003,14.23540547400006],[38.55826017600003,14.235339315000033],[38.55777484600003,14.235113518000048],[38.557208606000074,14.235084220000033],[38.55684192700005,14.234915146000048],[38.55663981400005,14.234732803000043],[38.556472806000045,14.234514361000038],[38.556114613000034,14.234010761000036],[38.55576165400004,14.234083572000031],[38.555338049000056,14.23414606600005],[38.55490202800007,14.234184815000049],[38.55459556400007,14.234187633000033],[38.55424002500007,14.233949618000054],[38.553977684000074,14.233605561000047],[38.55369252700007,14.233377860000076],[38.553408630000035,14.23324284000006],[38.55300652900007,14.233120023000026],[38.55269863700005,14.232961217000025],[38.552332431000025,14.232849771000076],[38.55212963300005,14.23257475400004],[38.551926098000024,14.232230797000057],[38.55141729600007,14.232016237000039],[38.55062860000004,14.23214020000006],[38.55019382000006,14.232282918000067],[38.54995519800008,14.231962622000026],[38.54963333000006,14.231549499000039],[38.54945402200008,14.231263220000073],[38.54921444100006,14.230838948000041],[38.548966310000026,14.230783105000057],[38.54858963600003,14.230845676000058],[38.54823785800005,14.231056356000067],[38.54795775200006,14.231347415000073],[38.54731300100008,14.23177002400007],[38.54714625100007,14.231575324000062],[38.54694392500005,14.231357929000069],[38.54678904900004,14.231163243000026],[38.546656934000055,14.230888355000047],[38.546618281000065,14.230518708000034],[38.54661615300006,14.23027684300007],[38.546460824000064,14.230024512000057],[38.54608368000004,14.230028313000048],[38.54563298700003,14.229732479000063],[38.54535997800008,14.229516096000054],[38.54511164200005,14.229426334000038],[38.544889838000074,14.229671162000045],[38.54460969200005,14.229985956000064],[38.544315346000076,14.23001139300004],[38.54399820000003,14.230141889000038],[38.543861812000046,14.230697680000048],[38.54349908100005,14.231024749000028],[38.54331385300003,14.231383794000067],[38.54295045500004,14.231606878000036],[38.54251372600004,14.231565360000047],[38.54209036300006,14.231650441000056],[38.541763013000036,14.231953837000049],[38.54124378100005,14.231889549000073],[38.54078078600003,14.231524733000072],[38.540602179000075,14.231319822000046],[38.540388438000036,14.231160062000072],[38.540012026000056,14.23123279500004],[38.53967211200006,14.231444615000044],[38.53920957400004,14.231137442000033],[38.53875917200003,14.230841595000072],[38.538524333000055,14.230948513000044],[38.538148112000044,14.231067583000026],[38.53785420100007,14.231163081000034],[38.53756033800005,14.231234849000032],[38.537334533000035,14.231029844000034],[38.53748444300004,14.230670727000074],[38.53758766400006,14.230334137000057],[38.53771388500007,14.229941069000063],[38.53807725200005,14.229729298000052],[38.538560440000026,14.229713278000077],[38.53958254400004,14.229333243000042],[38.539817165000045,14.229192418000025],[38.539956182000026,14.228913531000046],[38.54001167600006,14.228544064000062],[38.54005631500007,14.228243515000031],[38.54061965900007,14.227972221000073],[38.541150247000076,14.228001498000026],[38.54157436100007,14.227974055000061],[38.541869192000036,14.227993831000049],[38.541996115000074,14.227681025000038],[38.541922122000074,14.227312429000051],[38.54174255600003,14.227014848000067],[38.54156373600006,14.226785069000073],[38.54143141800006,14.226463839000075],[38.54122861600007,14.226200109000047],[38.540825393000034,14.225928096000075],[38.54054217000004,14.225895906000062],[38.540223178000076,14.225795837000021],[38.54004431900006,14.225577362000024],[38.53995777700004,14.225117212000043],[38.540745052000034,14.224831645000052],[38.541050093000024,14.224667234000037],[38.54153207500008,14.224523494000039],[38.542093496000064,14.224056661000077],[38.54234207400003,14.224169027000073],[38.54276715200007,14.22423426100005],[38.543026832000066,14.224301447000073],[38.54345167400004,14.224342941000032],[38.54375788800007,14.224316399000031],[38.54409970000006,14.224301228000058],[38.54432077700005,14.22397615500006],[38.544541104000075,14.223593437000034],[38.544727298000055,14.223325941000041],[38.54475961500003,14.222956429000021],[38.545214318000035,14.222397846000035],[38.54530446200005,14.221934635000025],[38.54555752400006,14.221251352000024],[38.54541239900004,14.220826118000048],[38.544489285000054,14.22039714300007],[38.54448357700005,14.219773271000065],[38.54477395300006,14.21926297300007],[38.54521487400007,14.218496406000042],[38.54545940600008,14.218171377000033],[38.545585119000066,14.217731982000032],[38.54558090200004,14.217234678000068],[38.54570492800008,14.216622348000044],[38.54627848900003,14.216154398000072],[38.54658210000008,14.215828349000049],[38.54705149600005,14.215593025000032],[38.547343898000065,14.215370928000027],[38.54771961500006,14.215194198000063],[38.547906272000034,14.214984335000054],[38.54761006700005,14.214790511000047],[38.547302915000046,14.214713084000039],[38.54700691000005,14.214566711000032],[38.54672302000006,14.214441867000062],[38.54628325400006,14.214054507000071],[38.546244355000056,14.213662249000038],[38.54647585300006,14.21318688100007],[38.546993892000046,14.213100831000077],[38.547630973000025,14.213163070000064],[38.54869281800006,14.213291659000049],[38.54931826500007,14.213377600000058],[38.54981300000003,14.213360459000057],[38.55040337300005,14.213458757000069],[38.55034075300006,14.213055159000078],[38.55014886300006,14.212687483000025],[38.54972169400003,14.212369091000028],[38.54946058400003,14.212152736000064],[38.549104802000045,14.211913593000077],[38.54904312700006,14.211613980000038],[38.549265158000026,14.21138157300004],[38.549783372000036,14.211353162000023],[38.55027763700008,14.211278375000063],[38.551020004000065,14.211259419000044],[38.551631464000025,14.211091040000042],[38.55215065200008,14.211155305000034],[38.55250501800003,14.211232814000027],[38.55269572200007,14.211461478000047],[38.55299220200004,14.211665462000042],[38.55356707800007,14.21139415700003],[38.553747384000076,14.211761809000052],[38.55404501100003,14.212117246000048],[38.55463605600005,14.212318397000047],[38.55495579500007,14.212477221000029],[38.555334799000036,14.212691531000075],[38.55569203300007,14.213080981000076],[38.55613910400007,14.212995919000036],[38.55650437200006,14.212979644000029],[38.55667157400006,14.213231973000063],[38.556792578000056,14.213565617000029],[38.556924422000066,14.213830333000033],[38.55692798300004,14.21423382000006],[38.557272418000025,14.214506836000055],[38.55757881200003,14.214526614000022],[38.55793031600007,14.21429218000003],[38.55779681000007,14.213831947000074],[38.558227739000074,14.213261988000056],[38.55867481800004,14.21317692200006],[38.55893877800003,14.212378365000063],[38.55913538300007,14.211960544000021],[38.55946385400006,14.211796143000072],[38.559614002000046,14.211435881000057],[38.55959881200005,14.211056112000051],[38.559688648000076,14.210581589000071],[38.56003137500005,14.210681675000046],[38.56062269100005,14.210895237000045],[38.560617437000076,14.210317705000023],[38.56054103400004,14.209684656000036],[38.560560973000065,14.209257474000026],[38.560770826000066,14.209023904000048],[38.56133627300005,14.208983120000028],[38.56172453700003,14.20889906900004],[38.56211398800008,14.208952898000064],[38.56274155300008,14.209291975000042],[38.56297805600008,14.20935909800005],[38.56334687900005,14.209747428000071],[38.563516710000044,14.210299272000043],[38.56350940300007,14.210784113000045],[38.563962926000045,14.211414460000071],[38.564216239000075,14.212081744000045],[38.56436454300007,14.212830201000031],[38.56467382300008,14.213161916000047],[38.565123062000055,14.21330627900005],[38.56544402000003,14.21359166600007],[38.56548361900008,14.214087906000032],[38.56601325100007,14.214001827000061],[38.56675538700006,14.213959092000039],[38.56754428200003,14.213847500000043],[38.56797755600007,14.21355443300007],[38.56850290700004,14.21297220100007],[38.568947114000025,14.212562735000063],[38.569485686000064,14.212188482000045],[38.57009525600006,14.211789486000043],[38.57112078400007,14.211825231000034],[38.57186365300004,14.211852560000068],[38.57256829200003,14.21156787800004],[38.57296649700004,14.211744900000042],[38.573741916000074,14.211404965000042],[38.574234330000024,14.211078078000071],[38.574652686000036,14.210233437000056],[38.57477805900004,14.209633517000043],[38.575127122000026,14.208985405000021],[38.575525894000066,14.20870469700003],[38.57632502200005,14.208376090000058],[38.577029682000045,14.208071052000037],[38.57772345500007,14.207857543000046],[38.578251253000076,14.207496804000073],[38.57831966800006,14.20714994900004],[38.57838639200003,14.206618872000035],[38.57855830900007,14.205903762000048],[38.57852088800007,14.205626798000026],[38.57823430600007,14.20507587800006],[38.577842145000034,14.204606154000032],[38.57747463100003,14.20428565800006],[38.57676531900006,14.203980380000075],[38.576172806000045,14.20347752400005],[38.575745975000075,14.203124144000071],[38.57520106800007,14.202724224000065],[38.57455294500005,14.20269481500003],[38.57382269100003,14.202757938000047],[38.57314079300005,14.202971458000036],[38.572776728000065,14.203134686000055],[38.572201955000025,14.203520187000038],[38.57184833800005,14.203511649000063],[38.57129318200003,14.203330954000023],[38.57059485800005,14.202886660000047],[38.570309218000034,14.202462325000056],[38.57018880900006,14.202117393000037],[38.570150786000056,14.201702548000071],[38.56997041500006,14.20120832300006],[38.56967474100003,14.20103825800004],[38.568921043000046,14.201090028000067],[38.56831663600008,14.20061086100003],[38.56851360500008,14.20013652700004],[38.56871038600008,14.199615863000076],[38.56895543200005,14.199290808000057],[38.56929607600006,14.199115110000037],[38.56982792400004,14.19936470600004],[38.57030234700005,14.19981086000007],[38.57066989700007,14.200107628000069],[38.57092980800007,14.20019850400007],[38.57155150500006,14.199801785000034],[38.571545815000036,14.198982396000076],[38.571078200000045,14.197833269000057],[38.57090420800006,14.196567129000073],[38.570633153000074,14.194862299000022],[38.57036530500005,14.193608424000047],[38.57038577800006,14.193193675000032],[38.57021730800005,14.19268704700005],[38.56919853900007,14.191877115000068],[38.568512541000075,14.191524386000026],[38.56760225900007,14.191081970000027],[38.56732890200004,14.190761629000065],[38.56719323800007,14.189909212000032],[38.566967110000064,14.18957652000006],[38.56618793800004,14.189340035000043],[38.56572331000007,14.18862942800007],[38.56567912300005,14.187349955000059],[38.56561301600004,14.186324740000032],[38.565363183000045,14.185969404000048],[38.564864827000065,14.18548816200007],[38.564458401000024,14.184638650000068],[38.56461458200005,14.183381011000051],[38.564701452000065,14.182319910000047],[38.56474615800005,14.181961719000071],[38.56468186400008,14.181202109000026],[38.56427837800004,14.180789978000064],[38.56396929700003,14.180376889000058],[38.563459815000044,14.17996570300005],[38.562631398000065,14.179453340000066],[38.562463868000066,14.179074421000053],[38.56236516700005,14.178441322000026],[38.561891967000065,14.178145469000071],[38.56163936400003,14.177431862000049],[38.56104490400003,14.176641885000038],[38.56044149400003,14.176288165000074],[38.55955660500007,14.176087620000033],[38.55888275700005,14.17576992100004],[38.557972978000066,14.17540884500005],[38.557804978000036,14.174983583000028],[38.55788228500006,14.174244574000056],[38.55790284600005,14.173794791000034],[38.55792454600004,14.173506628000041],[38.55793209700005,14.172895204000042],[38.558174663000045,14.172201708000046],[38.55838100900007,14.171370256000046],[38.55831698800006,14.170633245000033],[38.558017249000045,14.16989692900006],[38.55789375000006,14.169068267000057],[38.55791362400004,14.168526934000056],[38.557477310000024,14.168483179000077],[38.55694888700003,14.168752315000063],[38.55669197800006,14.169077345000062],[38.55624814200007,14.16962241300007],[38.55579951000004,14.169510822000063],[38.55567986800003,14.16923483200003],[38.55524291200004,14.169076922000045],[38.55427657900003,14.169072870000036],[38.553709911000055,14.168904550000036],[38.55321325400007,14.168619942000078],[38.55236279600007,14.168304165000052],[38.55200835000005,14.168156569000075],[38.55166256000007,14.167582916000072],[38.551105275000054,14.167056328000058],[38.550847608000026,14.166885191000063],[38.55057639300003,14.16726781400007],[38.55024655200003,14.167270594000058],[38.54975236200005,14.167355558000054],[38.54923466200006,14.167463088000034],[38.548776014000055,14.167593328000066],[38.548046344000056,14.167702715000075],[38.54751660200003,14.167752574000076],[38.546808405000036,14.167551196000034],[38.546358233000035,14.167196592000039],[38.54597891800006,14.166888452000023],[38.54544741300003,14.16666140600006],[38.545047314000044,14.166756716000066],[38.544319882000025,14.167200637000064],[38.54337037700003,14.167910856000049],[38.54286544300004,14.168157414000063],[38.54213776900008,14.168566284000065],[38.54190324800004,14.168694670000036],[38.54183280800004,14.168729579000058],[38.54138622800008,14.168894871000077],[38.540973860000065,14.168897471000037],[38.54036109800006,14.16890307500006],[38.53974976000006,14.169068049000032],[38.53924368300005,14.169152969000038],[38.539030757000035,14.169050845000072],[38.53899251000007,14.168635977000065],[38.539298029000065,14.168483992000063],[38.53953238300005,14.168297973000051],[38.53967054900005,14.167847289000065],[38.53976424500007,14.167766086000029],[38.54002140000006,14.167476118000025],[38.540337849000025,14.167220168000028],[38.54081772300003,14.166766740000071],[38.541214180000054,14.16617528100005],[38.54124862800006,14.166036329000065],[38.541561235000074,14.165239001000032],[38.541689863000045,14.165065195000068],[38.54199262900005,14.164556058000073],[38.54215627800005,14.164392494000026],[38.54233186500005,14.164195027000062],[38.54261403800007,14.164135681000062],[38.54309838900008,14.164327599000046],[38.54323948100006,14.164292833000047],[38.54354517300004,14.164197338000065],[38.54367402400004,14.164058584000031],[38.543825619000074,14.163838480000038],[38.54427105600007,14.163512701000059],[38.54449419800005,14.163429482000026],[38.54451503000007,14.163003441000058],[38.544584316000055,14.162818215000073],[38.54469991800005,14.162494068000058],[38.544840330000056,14.162366621000047],[38.54515607800005,14.162017994000053],[38.54530840600006,14.161866831000054],[38.545235492000074,14.161544585000058],[38.545257622000065,14.161337799000023],[38.54553961400006,14.161219666000022],[38.54603265900005,14.160974208000027],[38.546349262000035,14.160775895000029],[38.54659546000005,14.160601178000036],[38.54659319700005,14.160277937000046],[38.54659275500006,14.160208996000051],[38.54659077200006,14.159898181000074],[38.54658984300005,14.159782900000039],[38.54669521300008,14.159654256000067],[38.54682418400006,14.159595735000039],[38.54717596300003,14.159328538000068],[38.54718688200006,14.159224575000053],[38.54718418600004,14.158832393000068],[38.54723964900006,14.15831373800006],[38.547509096000056,14.158092724000028],[38.54758866100008,14.157688263000068],[38.54754082000005,14.157572894000054],[38.54724274000006,14.157045655000047],[38.54725098400007,14.15653820600005],[38.54718877100004,14.15607697300004],[38.54718563200004,14.155615832000024],[38.547335203000046,14.155096234000041],[38.54738013100007,14.154784376000066],[38.547460182000066,14.154426256000022],[38.54757579600005,14.154091932000028],[38.54777480300004,14.153905829000053],[38.547939143000065,14.153823626000076],[38.548398690000056,14.153819972000065],[38.54904759800007,14.153964728000062],[38.54960236900007,14.15412174000005],[38.549955917000034,14.154130309000038],[38.550544409000054,14.154080554000075],[38.55093105800006,14.153743347000045],[38.551140513000064,14.15339563300006],[38.55150070800005,14.152666199000066],[38.55156957300005,14.152400725000064],[38.551635746000045,14.151731773000051],[38.55169050600006,14.151120436000042],[38.55173539700007,14.150819883000054],[38.55164933000003,14.150267056000075],[38.551491629000054,14.149622546000046],[38.551405929000055,14.149173695000059],[38.551368162000074,14.148793872000056],[38.55154297800004,14.148538763000033],[38.55156350200008,14.148112728000058],[38.55150179100008,14.147686521000026],[38.55153600500006,14.147512532000064],[38.55149772500005,14.14709881300007],[38.551435756000046,14.146660171000065],[38.55147909600004,14.146118881000064],[38.55160475300005,14.145529156000066],[38.551861012000074,14.145089988000052],[38.55176345900003,14.14462868000004],[38.55161742400003,14.143938982000066],[38.55148636200005,14.14374321300005],[38.55130726400006,14.143376691000071],[38.551128307000056,14.143089283000052],[38.550889934000054,14.142687615000057],[38.550592306000055,14.142229330000077],[38.55037653900007,14.141666085000054],[38.550233870000056,14.141482719000066],[38.54987788900007,14.14110456900005],[38.54971193800003,14.140978804000042],[38.549569260000055,14.140795438000055],[38.54942575300004,14.14045045100005],[38.54929444800007,14.140220785000054],[38.54914018100004,14.140049832000045],[38.54886805800004,14.139878666000072],[38.54861869700005,14.139614863000077],[38.548273909000045,14.139145173000031],[38.54800043700004,14.138778471000023],[38.54775203200006,14.138618644000076],[38.54747968100003,14.138424867000026],[38.54694815900007,14.138232869000035],[38.54647527700007,14.137972023000032],[38.54610904800006,14.137801807000073],[38.545458772000075,14.137495423000075],[38.544892643000026,14.137384720000057],[38.54457426300007,14.137328741000033],[38.54430302700007,14.137296581000044],[38.544042981000075,14.137171754000065],[38.543653481000035,14.137059133000037],[38.54270968600008,14.136859566000055],[38.54219098800007,14.136782844000038],[38.54168362900003,14.136682421000046],[38.54111794500005,14.13664065000006],[38.54057526100007,14.136541287000057],[38.53997288100004,14.136315215000025],[38.53965318300004,14.136052408000069],[38.53906130400003,14.135653440000056],[38.53889631100003,14.135631653000075],[38.53810660100004,14.135556670000028],[38.53748210700007,14.135538517000043],[38.536645442000065,14.135487177000073],[38.536267973000065,14.135443499000075],[38.53587917400006,14.135423537000065],[38.53520681600003,14.135302441000022],[38.53490028500005,14.135258897000028],[38.53440545300003,14.135262457000067],[38.53367410800007,14.135106208000025],[38.533437786000036,14.134992730000022],[38.533013432000075,14.134938780000027],[38.53268381700008,14.134998043000053],[38.532131529000026,14.13521057500003],[38.53173267300008,14.135432449000064],[38.53115646200007,14.135586167000042],[38.530638209000074,14.13557836900003],[38.530201986000066,14.135524401000055],[38.529941688000065,14.135388272000057],[38.529670046000035,14.13527472100003],[38.529504376000034,14.135148942000058],[38.529373805000034,14.13501192800004],[38.52922098500005,14.134561808000058],[38.52898075400003,14.13438050700006],[38.52876633100004,14.134036509000055],[38.52853921600007,14.133530859000075],[38.52835833700004,14.132932629000038],[38.52811757500007,14.132162488000063],[38.52792552400007,14.131645609000032],[38.527734570000064,14.131300527000064],[38.52729680200008,14.131015983000054],[38.52683601800004,14.130800342000043],[38.52633989700007,14.130597056000056],[38.52583078400005,14.130231004000052],[38.52557012200003,14.129990876000022],[38.52537853800004,14.129531632000067],[38.52518758800005,14.12918767800005],[38.524914815000045,14.128923805000056],[38.52452379400006,14.128581714000063],[38.524109760000044,14.128307387000063],[38.523861160000024,14.12811363000003],[38.52351659100003,14.127712856000073],[38.52327829600006,14.127299856000036],[38.523004643000036,14.126909397000077],[38.52267222900008,14.126508645000058],[38.521962178000024,14.126017862000026],[38.52152460000008,14.125790952000045],[38.52112376900004,14.12571329900004],[38.52079440000006,14.125796276000074],[38.520512042000064,14.12583300700004],[38.52011225000007,14.125952007000024],[38.519900722000045,14.126034107000066],[38.519476799000074,14.126060379000023],[38.51893511700007,14.126052510000022],[38.51855769000008,14.125997508000069],[38.51833363700007,14.12597671900005],[38.51798042400003,14.125979400000062],[38.51766222100008,14.12598102100003],[38.51729645000006,14.125892127000043],[38.51664677000008,14.125608278000072],[38.515949876000036,14.12533675700007],[38.51546559800005,14.125156082000046],[38.51500551400005,14.125033089000055],[38.51461560300004,14.124862778000022],[38.51424939200007,14.124704938000036],[38.51360998400003,14.124224440000035],[38.51334934300007,14.123984310000026],[38.51282691400007,14.12336616600004],[38.512538816000074,14.122560881000027],[38.51225241900005,14.122044929000026],[38.511990870000034,14.12168951600006],[38.51177476000004,14.121068594000064],[38.511594169000034,14.120492954000042],[38.51156832400005,14.120124455000052],[38.51098928300007,14.119852030000061],[38.51025928300004,14.119914967000057],[38.509446568000044,14.119932533000053],[38.50849255000003,14.119952057000035],[38.507727044000035,14.11996857400004],[38.50727970400004,14.119983482000066],[38.50659643600005,14.119988859000046],[38.50604263100007,14.119969641000068],[38.50528808800004,14.119860728000049],[38.50493417800004,14.119782015000055],[38.50454471100005,14.11968175800007],[38.50404779300004,14.119328112000062],[38.50337355500005,14.118906288000062],[38.50274557400007,14.118380585000068],[38.502281983000046,14.117750098000045],[38.502006006000045,14.116979860000072],[38.50205734300005,14.115872370000034],[38.50239064700003,14.114636620000056],[38.50269261200003,14.113965903000064],[38.50267881900004,14.113655073000075],[38.502747475000035,14.113365883000029],[38.50288790500008,14.113226025000074],[38.50282669500007,14.11288118300007],[38.50264719900008,14.112478471000031],[38.50246818900007,14.112123219000068],[38.502665027000035,14.111602597000058],[38.50257922700007,14.111118695000073],[38.50300030500006,14.110655052000027],[38.50335219300007,14.110455736000063],[38.503384459000074,14.109994678000078],[38.503464533000056,14.10964900700003],[38.50363898300003,14.109301261000041],[38.50384808500007,14.10886204700006],[38.50395208900005,14.10856162500005],[38.50413771500007,14.108133658000042],[38.50477151600006,14.107828679000022],[38.50493587100004,14.107735208000065],[38.50511072000006,14.107468837000056],[38.505094719000056,14.10683476500003],[38.50512679500008,14.106327376000024],[38.505395546000045,14.106013727000061],[38.50566383900008,14.105643573000066],[38.50587406400007,14.105353543000035],[38.50611802200007,14.104855625000027],[38.50610352500007,14.104464557000028],[38.506053519000034,14.104025921000073],[38.505945601000064,14.103727332000062],[38.50577553800008,14.102979915000049],[38.505678841000076,14.102576236000061],[38.505594141000074,14.102253954000048],[38.50536574100005,14.101576497000053],[38.505184765000024,14.100920606000045],[38.50489864900004,14.100426127000048],[38.50442544900005,14.10010756500003],[38.50383421200007,14.09974242100003],[38.50328990100007,14.099378510000065],[38.50259248000003,14.098991672000068],[38.50219077100007,14.09881000300004],[38.50178839900008,14.098535664000053],[38.501467854000055,14.098169952000035],[38.50100717000004,14.097954255000047],[38.50073427600006,14.097645147000037],[38.50017552300005,14.096865284000046],[38.49965209000004,14.09608548400007],[38.49910578300006,14.095443515000056],[38.49857160600004,14.09481289300004],[38.497731851000026,14.094266386000072],[38.49728122600004,14.09382015500006],[38.496679709000034,14.093674234000048],[38.49607921200004,14.093724966000025],[38.49578391600005,14.093601154000055],[38.49614966300004,14.093279821000067],[38.496165004000034,14.093278714000064],[38.49653468400004,14.093145005000054],[38.497146593000025,14.093036642000072],[38.49773498600007,14.092963272000077],[38.49852325100005,14.092830422000077],[38.499415648000024,14.09246721900007],[38.500343058000055,14.091976381000052],[38.50094155200003,14.091648727000063],[38.50139826700007,14.091288012000064],[38.50179557900003,14.090823190000037],[38.50225196200006,14.090347184000052],[38.502624483000034,14.089699220000057],[38.502658696000026,14.089537672000063],[38.502643130000024,14.088972531000024],[38.50259439100006,14.088754316000063],[38.50240226200003,14.088179765000064],[38.50216226500004,14.08752375000006],[38.50166078800004,14.086502146000043],[38.50115010600007,14.085860255000057],[38.500522000000046,14.085299513000052],[38.49964784200006,14.084879526000066],[38.498597664000044,14.084599328000024],[38.49820656800006,14.084209718000068],[38.498038319000045,14.08370416200006],[38.49794046100004,14.08318631800006],[38.49798524500005,14.082828149000022],[38.49792402500003,14.082494610000026],[38.49773386600003,14.082219575000067],[38.49729492200004,14.08173832400007],[38.49720919200007,14.081231820000028],[38.497839688000056,14.080420513000035],[38.49894403600007,14.080008023000062],[38.49987025400003,14.079379294000034],[38.50056957500004,14.078325129000063],[38.500766603000045,14.077839552000057],[38.50115319300005,14.077501292000022],[38.50150261500005,14.076945950000038],[38.50185254200005,14.076424513000063],[38.50215639900006,14.07606461000006],[38.50271706900003,14.075403468000047],[38.50295068200006,14.075124792000054],[38.503490390000024,14.074786843000027],[38.50401990000006,14.074748370000066],[38.50518607600003,14.074774503000071],[38.505745716000035,14.073916689000043],[38.50587048500006,14.073235434000026],[38.50597145800003,14.072451268000066],[38.506097354000076,14.071920340000077],[38.506271533000074,14.071549980000043],[38.50664289900004,14.070876016000057],[38.50676047600007,14.070715767000024],[38.507041721000064,14.070494819000032],[38.507463751000046,14.070215394000058],[38.507968066000046,14.069911267000066],[38.50811874400006,14.069564597000067],[38.50830416700006,14.069078989000047],[38.50837105100004,14.068525329000067],[38.50828592600004,14.06813409800003],[38.50797467000007,14.067363793000027],[38.50792530700005,14.067029151000042],[38.50788624000006,14.066487708000068],[38.50811720100006,14.065817965000065],[38.50841116700008,14.065734930000076],[38.50906811800007,14.065372327000034],[38.50943185300008,14.065150433000042],[38.509747735000076,14.064836873000047],[38.50986441100008,14.064686796000046],[38.510025394000024,14.064120882000054],[38.510058306000076,14.06375137200007],[38.510243425000056,14.063265761000025],[38.51057270700005,14.063182795000046],[38.51098507200004,14.06322545100005],[38.51130251200004,14.063131156000054],[38.51158431400006,14.06304808300007],[38.512300304000064,14.062685609000027],[38.512593596000045,14.062509889000069],[38.51294521300008,14.062265345000071],[38.513108843000055,14.062080317000039],[38.51320099700007,14.061756135000053],[38.513302966000026,14.061167500000067],[38.51331262200006,14.060844281000072],[38.51331958500003,14.060152609000056],[38.51332836600005,14.059691499000053],[38.51332505400006,14.059207765000053],[38.51347552900006,14.058814761000065],[38.51363873500003,14.05855966200005],[38.51406183100005,14.05845314000004],[38.51475430900007,14.058113211000034],[38.515140760000065,14.05781109000003],[38.51549196800005,14.057485168000028],[38.515691125000046,14.05733411400007],[38.51579617600004,14.057206620000045],[38.516064036000046,14.056731335000052],[38.51617846700003,14.056269308000026],[38.51628068800005,14.055691976000048],[38.51628964400004,14.055288510000025],[38.51640171100007,14.054434299000036],[38.51642409200008,14.054250124000077],[38.51690333400006,14.053727792000075],[38.517643590000034,14.053503230000047],[38.518205529000056,14.053026270000032],[38.51860297500008,14.052585155000031],[38.519083124000076,14.052178100000049],[38.51985625200007,14.051595322000026],[38.520382417000064,14.051050486000065],[38.52081562400008,14.050665934000051],[38.52120187600008,14.050317462000066],[38.52174054900007,14.04987549200007],[38.52240841400004,14.04938629700007],[38.52279441600007,14.04901409200005],[38.52310763500003,14.048285728000053],[38.523211772000025,14.04803163500003],[38.523350795000056,14.047707541000023],[38.52358150200007,14.046991439000067],[38.52346198300006,14.046704129000034],[38.52326101700004,14.046613322000042],[38.52278922200003,14.04648919500005],[38.522505575000025,14.046353005000071],[38.52231671900006,14.046285951000073],[38.52209209600005,14.046161191000067],[38.521926300000075,14.046000374000073],[38.52199315300004,14.045446698000035],[38.52213308300003,14.045237886000052],[38.522365311000044,14.044763662000037],[38.52254010000007,14.044497274000037],[38.522749539000074,14.044126979000055],[38.522710998000036,14.044016141000043],[38.52267415400007,14.043915482000045],[38.52261905100005,14.043829472000027],[38.522403835000034,14.043495642000039],[38.52222684800006,14.043427482000027],[38.521649731000025,14.043431989000055],[38.52104965400008,14.043482789000052],[38.520508964000044,14.043647855000074],[38.51934498500003,14.043887409000035],[38.51882846500007,14.04412146900006],[38.517955234000055,14.043863182000052],[38.51722127100004,14.043303383000023],[38.51679509500008,14.042961211000033],[38.516356640000026,14.042537639000045],[38.516010031000064,14.041791002000025],[38.51580758500006,14.041447017000053],[38.51502761200004,14.04102614900006],[38.51477934400003,14.040866291000043],[38.51407043300003,14.040514501000075],[38.513705394000056,14.040552200000036],[38.513129226000046,14.040659534000042],[38.512799554000026,14.040673563000041],[38.51257583100005,14.040675382000074],[38.51241005800006,14.040504382000051],[38.51194702200007,14.039942864000068],[38.51174542500007,14.039748072000066],[38.511587715000076,14.039057186000036],[38.51093780200006,14.038728117000062],[38.51048974100007,14.038616449000074],[38.50988832400003,14.038481861000037],[38.509227225000075,14.03824544300005],[38.508530603000054,14.037973907000037],[38.50768047100007,14.037622942000041],[38.50733785800003,14.03746400500006],[38.50693471400007,14.037051803000054],[38.506258553000066,14.036284140000078],[38.506150639000055,14.035996846000046],[38.50588828300005,14.035526147000041],[38.50564729200005,14.034675737000043],[38.50547598600008,14.033719235000035],[38.505486509000036,14.033535028000074],[38.505093713000065,14.032892267000022],[38.504487235000056,14.032032081000068],[38.50414249700003,14.031515991000049],[38.50337525300006,14.031256732000031],[38.50297478600004,14.031225393000057],[38.50214988300007,14.031138934000069],[38.50187899000008,14.031140636000032],[38.501549357000044,14.031143346000022],[38.50126712800005,14.031168764000029],[38.50090499500004,14.031609923000076],[38.50035490800008,14.032109469000034],[38.49994450100007,14.032388918000038],[38.499698469000066,14.032540992000065],[38.49932293900008,14.032751554000072],[38.49873601100006,14.033020460000046],[38.498278294000045,14.033231989000058],[38.497831319000056,14.033292095000036],[38.497254447000046,14.033331598000075],[38.496313118000046,14.033407608000061],[38.495912575000034,14.03341017200006],[38.49485215300007,14.033291543000075],[38.49416875800006,14.033204223000041],[38.49352017900003,14.033081939000056],[38.49295431000007,14.032982418000074],[38.49235340300004,14.032895267000072],[38.49163572100008,14.033004530000028],[38.49096505500006,14.033055099000023],[38.49089414600007,14.03305608900007],[38.49080881300006,14.032906715000024],[38.49082268900003,14.032776772000034],[38.49056809500007,14.032483524000043],[38.49041827100007,14.032310275000043],[38.49021632200004,14.032023906000063],[38.490096752000056,14.031781790000025],[38.48995381200007,14.031506841000066],[38.489905314000055,14.031322529000022],[38.48996153600007,14.03089542600003],[38.49010060900008,14.030560047000051],[38.49040309800006,14.030004628000029],[38.49055511100005,14.029842190000068],[38.49051584700004,14.029276997000068],[38.49030380700003,14.02923247900003],[38.48970262700004,14.029145320000055],[38.48965526600006,14.029098881000039],[38.489651551000065,14.028557511000031],[38.48970794500008,14.028176747000032],[38.48994089900003,14.027794096000036],[38.49031423900004,14.027261428000031],[38.49051164200006,14.026856101000021],[38.49067415300004,14.026520771000037],[38.49081258900003,14.02608140500007],[38.49100915200006,14.025526892000073],[38.49105366500004,14.025157408000041],[38.49082780300006,14.024824650000028],[38.490496207000035,14.024539138000023],[38.490105621000055,14.024230901000067],[38.489985227000034,14.023839598000052],[38.49008683500006,14.023170727000036],[38.49002455500005,14.022675573000072],[38.48961976500004,14.021986413000036],[38.48959521200004,14.021837177000066],[38.48896690400005,14.021196162000024],[38.48930643400007,14.020905287000062],[38.48988065300006,14.020486052000024],[38.490031507000026,14.020184611000047],[38.49028927000006,14.01996476100004],[38.49048834900003,14.019836337000072],[38.490617549000035,14.019777834000024],[38.49074542100004,14.019533980000062],[38.49090755200007,14.019105969000066],[38.49131568700005,14.018538336000063],[38.491665785000066,14.018040649000056],[38.491875040000025,14.017635346000077],[38.49202440100004,14.017092028000036],[38.492219833000036,14.016387187000078],[38.49247449400008,14.015728809000052],[38.49257713600008,14.015244167000048],[38.49272504800007,14.014435251000066],[38.49295686000005,14.01390340000006],[38.49317621300003,14.013244948000022],[38.49354883600006,14.012630896000076],[38.49382738400004,14.012029082000026],[38.49406973600003,14.011301727000046],[38.494291487000055,14.01100043100007],[38.494477474000064,14.010641407000037],[38.49447707300004,14.010560032000058],[38.49438120600007,14.010330402000022],[38.494178559000034,14.009975094000026],[38.49377704300008,14.009782121000057],[38.493269834000046,14.009612645000061],[38.49315181600008,14.009590937000041],[38.492984971000055,14.00926847900007],[38.49287636400004,14.00891223800005],[38.49295537900008,14.008381206000024],[38.49324644500007,14.007872088000056],[38.49338659400007,14.007698327000071],[38.493596850000074,14.007488548000026],[38.493653910000035,14.00720046400005],[38.49350984200004,14.006786504000047],[38.493589943000075,14.006417102000057],[38.49389325400006,14.005999559000031],[38.49417395300003,14.005732281000064],[38.49431276800004,14.00537429800005],[38.49441654000003,14.005027536000057],[38.49446063900007,14.004577805000054],[38.494469009000056,14.004059059000042],[38.49443168000005,14.003793378000069],[38.49425105300003,14.00316121700007],[38.49409554400006,14.00281618300005],[38.493951931000026,14.002459860000045],[38.49377255500008,14.002045835000047],[38.49362789500003,14.00150528100005],[38.493730293000056,14.000998045000074],[38.49376383800006,14.000743816000067],[38.49417221700003,14.000176167000063],[38.494390698000075,13.999378701000069],[38.49448124000003,13.998858988000052],[38.49468079500008,13.998776899000063],[38.49479837900003,13.99872967400006],[38.49524486200005,13.998599501000058],[38.495503634000045,13.998563875000059],[38.49574970900005,13.998376760000042],[38.495828661000075,13.997869474000026],[38.495378466000034,13.997445833000029],[38.49562228900004,13.99696035200003],[38.496078871000066,13.99657589900005],[38.49618436600008,13.996506058000023],[38.496383983000044,13.996390045000055],[38.496465552000075,13.996273814000062],[38.496545826000045,13.99595073200004],[38.49659122800006,13.995696518000045],[38.49674184600008,13.995361166000066],[38.49691624700006,13.995002124000052],[38.496993658000065,13.994264257000054],[38.49693118500005,13.993722753000043],[38.49756292500007,13.993153311000071],[38.498043180000025,13.992791503000035],[38.49809977700005,13.992445772000053],[38.498156634000054,13.99211135400003],[38.498318237000035,13.991648300000065],[38.49844410000003,13.99111735300005],[38.498699378000026,13.99055052600005],[38.49862701300003,13.990297207000026],[38.49835314400008,13.989826476000076],[38.498174181000024,13.989493821000053],[38.498228367000024,13.988789810000071],[38.49840227100003,13.988385556000026],[38.49877747000005,13.988163677000045],[38.49911740700003,13.987919125000076],[38.49945752800005,13.987720914000022],[38.49991625400003,13.987671001000024],[38.50003338700003,13.987566119000064],[38.500443663000055,13.987309285000038],[38.50061987700008,13.987308518000077],[38.49918598700003,13.980291475000058],[38.49791367100005,13.974054597000077],[38.497178000000076,13.970538112000042],[38.49919216100005,13.970474460000048],[38.501370476000034,13.970629255000063],[38.50331588300003,13.969840962000035],[38.50220184700004,13.968009995000045],[38.50546361100004,13.965484978000063],[38.50768759500005,13.96577656900007],[38.50928610300008,13.962502176000044],[38.51022834100007,13.96020973700007],[38.51227679300007,13.95934132900004],[38.513627109000026,13.95751195300005],[38.51577493000008,13.956009657000038],[38.51577102700003,13.953995606000035],[38.51727046700006,13.952349595000044],[38.518605584000056,13.950139272000058],[38.52016953000003,13.948757845000046],[38.52182516000005,13.947236437000072],[38.523980540000025,13.946067495000023],[38.524888426000075,13.944057481000073],[38.52710868400004,13.943682056000057],[38.52823400800003,13.941992303000063],[38.52788289700004,13.93938306800004],[38.529477532000044,13.937782370000036],[38.53050749000005,13.936024609000071],[38.532548348000034,13.935052021000047],[38.533124549000036,13.932768949000035],[38.535382749000064,13.932462459000021],[38.53741602600007,13.932363463000058],[38.537251996000066,13.930040549000068],[38.53910977100003,13.928574785000023],[38.54038794400003,13.926746237000032],[38.54237541200007,13.925497698000072],[38.54413018400004,13.923274441000046],[38.54659441800004,13.922423459000072],[38.54858575700007,13.921532014000036],[38.54934117500005,13.91952387200007],[38.55136280200003,13.91820523900003],[38.55322823100005,13.916429686000072],[38.554574821000074,13.914576322000073],[38.55629541800005,13.913479743000039],[38.55926472700003,13.911927672000047],[38.55913356600007,13.91168669600006],[38.559072076000064,13.91131813000004],[38.55934009400005,13.910924171000033],[38.55972694500008,13.910713518000023],[38.56009060500003,13.910526553000068],[38.56048927000006,13.910338521000028],[38.56093393200007,13.90999008800003],[38.56137931500007,13.909720763000053],[38.56154144100003,13.909339035000073],[38.56164553600007,13.90904988400007],[38.56153530200004,13.908451798000044],[38.561484990000054,13.90797926700003],[38.56114117200008,13.907613592000075],[38.560562633000075,13.90732999000005],[38.56023247600007,13.907240112000068],[38.55984330800004,13.90715011900005],[38.55933672400005,13.907050876000028],[38.559077614000046,13.907017632000077],[38.558688224000036,13.906894859000033],[38.55840520400005,13.906815231000053],[38.558086229000025,13.906622514000048],[38.557930018000036,13.906173540000054],[38.55769116600004,13.905680325000048],[38.557524777000026,13.90541554500004],[38.55720551200005,13.905222836000064],[38.55693367400005,13.905040370000052],[38.557024510000076,13.90457826900007],[38.557291390000046,13.904022688000055],[38.55737043200003,13.903526659000022],[38.55735470900004,13.902972824000074],[38.55723448500004,13.902605281000035],[38.556865419000076,13.901997677000054],[38.55672290100006,13.901801890000058],[38.55634288600004,13.901320852000026],[38.55607038100004,13.901034407000054],[38.555962658000055,13.900793473000022],[38.55643123800007,13.900490292000029],[38.556784880000066,13.900545192000038],[38.55719741300004,13.900657833000025],[38.557658038000056,13.900884713000039],[38.55814091600007,13.900972611000043],[38.558494309000025,13.901004897000064],[38.558776659000046,13.900979409000058],[38.55890349600003,13.900597628000071],[38.558889805000035,13.900344430000075],[38.558993386000054,13.900021373000072],[38.559320598000056,13.89967272000007],[38.55955533400004,13.899589509000066],[38.559989331000054,13.899367635000033],[38.56025684200006,13.898927332000028],[38.56053598900007,13.898453134000022],[38.56073222600003,13.897921151000048],[38.560729725000044,13.897563997000077],[38.56058650600005,13.897276659000056],[38.56015099500007,13.897234054000023],[38.559609572000056,13.89721499500007],[38.55927987700005,13.897194059000071],[38.558713639000075,13.896990731000074],[38.55857038800008,13.896727123000062],[38.55829646900003,13.896267751000039],[38.55806972100004,13.895808473000045],[38.55840874100005,13.895483574000025],[38.55900802600007,13.895339987000057],[38.55930377300007,13.895568834000073],[38.55966874100005,13.895600010000067],[38.560173991000056,13.895469806000051],[38.56059768400007,13.895489790000056],[38.56106810600005,13.895428472000049],[38.56138522200007,13.895368007000059],[38.561390506000066,13.895325065000065],[38.561853394000025,13.891576929000053],[38.56121625700007,13.889554933000056],[38.56141474000003,13.887360390000026],[38.56352051500005,13.888346329000058],[38.565717885000026,13.88751839200006],[38.56670217800007,13.885312812000052],[38.566217651000045,13.883175807000043],[38.56464961900008,13.881707113000061],[38.56294454400006,13.880225729000074],[38.56160168500003,13.878538150000054],[38.56283379200005,13.87666530000007],[38.56091868000004,13.875551983000037],[38.56159788400004,13.873634073000062],[38.559808677000035,13.871865438000043],[38.557527331000074,13.871292820000065],[38.55659653200007,13.869226198000035],[38.55760383000006,13.867399307000028],[38.55534534200007,13.86638931300007],[38.55369739900004,13.864759913000057],[38.55376608200004,13.86210625800004],[38.549666958000046,13.86033332900007],[38.55178614500005,13.856880973000045],[38.54969179300008,13.855848621000064],[38.54833761900005,13.853850141000066],[38.547688925000045,13.851782878000051],[38.54574728800003,13.850773384000036],[38.54365674700006,13.850350175000074],[38.54183335600004,13.848776887000042],[38.53972763400003,13.848285805000046],[38.53959782100003,13.846217246000037],[38.537492163000024,13.845276313000056],[38.53736726000005,13.843365997000035],[38.53740215300007,13.843268863000048],[38.537360241000044,13.843259738000029],[38.53526809400006,13.842809337000062],[38.533585637000044,13.841534633000038],[38.53063303700003,13.838445720000038],[38.530041709000045,13.83641357700003],[38.53064071000006,13.834471858000029],[38.52892402400005,13.833288610000068],[38.52782160400005,13.83508241800007],[38.52546786400006,13.834061809000048],[38.52351851800006,13.833119934000024],[38.52128291300005,13.832466823000061],[38.52023399400008,13.830699363000065],[38.52200793600008,13.829721788000029],[38.52178280900006,13.827400983000075],[38.51973792700005,13.82570277900004],[38.51961596500007,13.823416088000045],[38.518311295000046,13.82175208800004],[38.516628988000036,13.819672551000053],[38.515370147000056,13.817813107000063],[38.51615220200006,13.815881950000062],[38.51453081400007,13.814298692000023],[38.51207401600004,13.813058480000052],[38.51115486000003,13.811244902000055],[38.512917196000046,13.809819792000042],[38.51165444500003,13.807510481000065],[38.50975090900005,13.805674597000063],[38.50873622000006,13.803537556000038],[38.506473895000056,13.800895068000045],[38.504139413000075,13.799450462000038],[38.50216325000008,13.798384054000053],[38.50123244400004,13.796407654000063],[38.500198477000026,13.794685337000033],[38.49909222000008,13.79257294100006],[38.497925062000036,13.790689870000051],[38.49589539900006,13.79102365600005],[38.49494185700007,13.789037023000049],[38.49711243200005,13.787829868000074],[38.497345248000045,13.78576202100004],[38.497837290000064,13.783602021000036],[38.496826267000074,13.78186732100005],[38.49615107900007,13.779915157000062],[38.496009955000034,13.777640850000068],[38.49372878400004,13.777354737000053],[38.494384669000056,13.775366887000075],[38.495689397000035,13.773172384000077],[38.49798981600003,13.771195802000022],[38.50017189700003,13.769930991000024],[38.501374964000036,13.766699838000022],[38.50226622500003,13.762854324000045],[38.50376906200006,13.761095329000057],[38.50308616500007,13.758821049000062],[38.50288409700005,13.756087739000066],[38.50489073600005,13.755144640000026],[38.50712242900005,13.754534268000043],[38.50683613000007,13.752248364000025],[38.50898375000003,13.750627374000032],[38.51039147200004,13.748535833000062],[38.51201275900007,13.746593920000066],[38.51253534600005,13.744365006000066],[38.51180687900006,13.742021715000021],[38.51211955500003,13.739264553000055],[38.51336329500003,13.73744959000004],[38.513900996000075,13.735025161000067],[38.51318377300004,13.732980281000039],[38.51406128000008,13.730176766000056],[38.51540786900006,13.728074910000032],[38.51642646600004,13.726213144000042],[38.51601437900007,13.72406488100006],[38.51533158500007,13.722157966000054],[38.516151654000055,13.720263034000027],[38.51854752400004,13.719042537000064],[38.52082496100007,13.718777964000026],[38.523079523000035,13.718672690000062],[38.52460518500004,13.716409499000065],[38.52511660300007,13.714467599000045],[38.524986728000044,13.712365101000046],[38.526451543000064,13.710148128000071],[38.528622306000045,13.708399263000047],[38.528221561000066,13.705596633000027],[38.52809945300004,13.703495279000037],[38.52749675800004,13.69922295200007],[38.528984507000075,13.697337149000077],[38.52938130900003,13.694855896000036],[38.53054098100006,13.693132211000034],[38.53159776100006,13.691407206000065],[38.53130027100008,13.68913371800005],[38.53476002000008,13.686466089000021],[38.536991656000055,13.685659890000068],[38.53913943300006,13.684729184000048],[38.541298770000026,13.683487648000039],[38.54301148500008,13.681567142000063],[38.54530026500004,13.679554999000061],[38.54684524100003,13.67813032600003],[38.548958834000075,13.676577830000042],[38.55074402500003,13.675541252000073],[38.55287657500003,13.674334607000048],[38.55474566300006,13.673379527000066],[38.55669123600006,13.672160086000076],[38.55831253500003,13.670964912000045],[38.56015119400007,13.669400530000075],[38.56258131000004,13.667550083000037],[38.56523255900004,13.666100119000077],[38.56706365500003,13.664685990000066],[38.56868117100004,13.662650964000022],[38.57045113300006,13.660984653000071],[38.572221239000044,13.659224516000052],[38.57290020800008,13.657167497000046],[38.57386151500003,13.655088360000036],[38.57586441400008,13.653822516000048],[38.57794350700004,13.653085745000055],[38.580316141000026,13.652681741000038],[38.58279207500004,13.652518641000029],[38.585573010000076,13.65225203700004],[38.588182396000036,13.652111707000074],[38.590307145000054,13.652178518000028],[38.594697978000056,13.652461507000055],[38.59705051900005,13.652124011000069],[38.59747074500007,13.652063648000023],[38.599683035000055,13.651111033000063],[38.60123097700006,13.649681481000073],[38.60210146800006,13.647657468000034],[38.60321095100005,13.645943511000041],[38.60449694600004,13.644238876000031],[38.60483400800007,13.643616638000026],[38.60555623000005,13.642282953000063],[38.60720757300004,13.64064443600006],[38.609144438000044,13.639291176000029],[38.60974555700005,13.63885358300007],[38.61094082000005,13.637985160000028],[38.61158528100003,13.637526149000053],[38.61264427700007,13.636772789000077],[38.614355474000035,13.635225869000067],[38.615699697000025,13.633508826000025],[38.61615506700008,13.632768081000052],[38.61698122300004,13.631424343000049],[38.617722050000054,13.630317828000045],[38.61816023800003,13.62966295800004],[38.619031362000044,13.628187043000025],[38.61923298900007,13.627846006000027],[38.62015312700004,13.62606388000006],[38.62029284300007,13.625593889000072],[38.62076427100004,13.624007729000027],[38.62121174200007,13.622046269000066],[38.62146747000003,13.621467964000033],[38.62211694400003,13.61999961600003],[38.62197584900008,13.618987817000061],[38.62177016800007,13.617514779000032],[38.62271262100006,13.61565127800003],[38.62441610600007,13.614461421000044],[38.62613265600004,13.613398171000028],[38.62685867700003,13.612826214000052],[38.627410276000035,13.612391890000026],[38.62817215700005,13.611790603000031],[38.63010868600003,13.610437158000025],[38.63154968600003,13.608938318000071],[38.63270506600003,13.607177941000032],[38.63416969700006,13.605690415000026],[38.634713531000045,13.605399606000049],[38.63596283000004,13.60473005700004],[38.63687664300005,13.602595190000045],[38.637697220000064,13.600402545000065],[38.63787023400005,13.598331020000046],[38.63810661700006,13.59579956400006],[38.63818613300003,13.593657828000062],[38.63817102300004,13.591618806000042],[38.63821423500008,13.589602478000074],[38.63862444400007,13.58730298200004],[38.63911458200005,13.58524546800004],[38.63931358600007,13.584491877000062],[38.63971247400008,13.582981286000063],[38.63990500700004,13.58249894100004],[38.64007447600005,13.581982646000029],[38.64019884100003,13.581303537000053],[38.64034667200008,13.580579249000039],[38.64054119200006,13.57992510300005],[38.640688606000026,13.579281064000043],[38.64091567200006,13.578880145000028],[38.64107020900008,13.578685962000066],[38.64147375700003,13.578286427000023],[38.64190070300003,13.57788692400004],[38.64274036200004,13.577329783000039],[38.64328424000007,13.576965482000048],[38.64376843700006,13.57671638000005],[38.64418213000005,13.576478491000046],[38.645044461000055,13.576014049000037],[38.645695051000075,13.57555947000003],[38.64606236000003,13.57524012400006],[38.64642118300003,13.574609945000077],[38.646626223000055,13.574047363000034],[38.64702095900003,13.57334829000007],[38.647472995000044,13.572764583000037],[38.64758281100006,13.572338622000075],[38.64798705100003,13.571847522000041],[38.648330620000024,13.571562046000054],[38.64880498000008,13.571117395000044],[38.649220006000064,13.570741594000026],[38.64993056000003,13.57015937500006],[38.65054618800008,13.569693437000069],[38.65097208100008,13.569397906000063],[38.65149320800003,13.568964610000023],[38.65238061100007,13.568315938000069],[38.65305584300006,13.567768697000076],[38.65375349000004,13.567302874000063],[38.654322028000024,13.566835721000075],[38.65548011000004,13.566143338000074],[38.65628581400006,13.565447066000047],[38.657433723000054,13.564594161000059],[38.65814487100005,13.56396670600003],[38.658773017000044,13.563408079000055],[38.65925953200008,13.562917081000023],[38.65987784500004,13.56216177300007],[38.66037692900005,13.561566800000037],[38.66097153700008,13.560823883000069],[38.66156645800004,13.560057242000028],[38.66181917600005,13.55944949700006],[38.66202483300003,13.558829252000066],[38.66220711200003,13.558196551000037],[38.66261835600005,13.55700240300007],[38.66300427400006,13.555946127000027],[38.663223439000035,13.555165400000021],[38.663370445000055,13.554555251000068],[38.663647611000044,13.553809649000073],[38.66391418000006,13.55299394900004],[38.664239733000045,13.55213311600005],[38.66443418000006,13.551466521000066],[38.66467847000007,13.550477856000043],[38.664886409000076,13.549650779000046],[38.66504566100008,13.54896039600004],[38.665332584000055,13.548456682000051],[38.66590106900003,13.547965770000076],[38.66611820500003,13.547391879000031],[38.66611378400006,13.546619887000077],[38.66612935200004,13.546240152000053],[38.666654091000055,13.545427052000036],[38.66685668100007,13.545130065000023],[38.66742716700003,13.544443616000024],[38.66762872500004,13.544260774000065],[38.66779539000004,13.544043988000055],[38.668162969000036,13.54367826500004],[38.66838926500003,13.543357567000044],[38.66873510200003,13.542842621000034],[38.66893802000004,13.542509457000051],[38.66908232500003,13.54216604800007],[38.66913345000006,13.541739989000064],[38.669101297000054,13.541394097000023],[38.669189982000034,13.540749959000038],[38.66920826300003,13.540059385000063],[38.669166217000054,13.53955183200003],[38.66916926500005,13.53922970900004],[38.66917233000004,13.538895159000049],[38.669496493000054,13.53818350900002],[38.66970343100007,13.537436675000038],[38.67000019900007,13.537105893000046],[38.67045003800007,13.53677532100005],[38.67101816100006,13.536319432000028],[38.671503234000056,13.535978729000021],[38.672201734000055,13.535431463000066],[38.67280541300005,13.534941710000055],[38.673340636000034,13.534255209000037],[38.67359229300007,13.533750299000076],[38.67392897700006,13.532947113000034],[38.67424158400007,13.532212838000078],[38.67476325000007,13.531710547000046],[38.675144344000046,13.531160600000021],[38.675479636000034,13.530519038000023],[38.67570760700005,13.530014104000031],[38.67594810800006,13.52941762200004],[38.676153671000066,13.528819975000033],[38.676383635000036,13.528119506000053],[38.67669723900008,13.527281240000036],[38.676878112000054,13.526787549000062],[38.67715583900008,13.525983152000038],[38.677302127000075,13.525443065000047],[38.67735322600004,13.525029447000065],[38.67742906500007,13.524465538000072],[38.67752626300006,13.524132229000031],[38.677635990000056,13.523707391000073],[38.67778161100006,13.523224951000032],[38.67803458700007,13.522582149000073],[38.67817989800005,13.522111013000028],[38.67831263800008,13.521755148000068],[38.67842071300004,13.521502103000046],[38.67847147600003,13.521111077000057],[38.678702746000056,13.520272719000047],[38.678799611000045,13.51997332600007],[38.67896960300004,13.519399361000069],[38.67919654700006,13.518998403000069],[38.679328301000055,13.518734092000045],[38.67959079600007,13.518310567000071],[38.67986378100005,13.518024955000044],[38.68004195300006,13.517807044000051],[38.68003343100003,13.51748490500006],[38.679920577000075,13.517011169000057],[38.68027961200005,13.516300686000022],[38.680564471000025,13.515992486000073],[38.68093227900005,13.515626742000052],[38.68119442500006,13.515248438000071],[38.68149280800003,13.514744708000023],[38.68167297600007,13.514331253000023],[38.681772530000046,13.51373346400004],[38.68190726100005,13.513182063000045],[38.68206677300003,13.512445323000065],[38.682097474000045,13.511720854000032],[38.682115371000066,13.511075490000053],[38.682119399000044,13.51064937600006],[38.68209051900004,13.509992646000057],[38.682013244000075,13.509473754000055],[38.68190140400003,13.508884743000067],[38.681800760000044,13.508343209000031],[38.68164115500008,13.507845684000074],[38.68137791100003,13.507106147000059],[38.681240658000036,13.506736372000034],[38.68110447500004,13.50621740400004],[38.68099095500003,13.505812621000075],[38.681006151000076,13.505456595000055],[38.681202263000046,13.505209317000038],[38.68118931200007,13.50474362600005],[38.68122890700005,13.504283649000058],[38.68117670200007,13.503580557000078],[38.68112347600004,13.503004045000068],[38.68095302100005,13.502414951000048],[38.68071177500008,13.501859682000031],[38.68031915900008,13.501130146000037],[38.680169729000056,13.50080669700003],[38.68011484400006,13.500391813000022],[38.680177462000074,13.499988384000062],[38.68025056000005,13.499736432000077],[38.68036196400004,13.499126223000076],[38.680451994000066,13.498309144000075],[38.680834643000026,13.49762129000004],[38.68142838600005,13.49692466700003],[38.68192590100006,13.496491271000025],[38.68229371600006,13.496102913000072],[38.68295851400006,13.495382644000074],[38.68316034700007,13.495165881000048],[38.68332668000005,13.494947952000075],[38.68374519900004,13.494191185000034],[38.683842381000034,13.493846576000067],[38.683776945000034,13.49332769800003],[38.68348896600003,13.49273845600004],[38.68333959900008,13.492367546000025],[38.683271467000054,13.492136876000075],[38.68311019200007,13.491813414000035],[38.682740599000056,13.491152855000053],[38.682613899000046,13.490887075000046],[38.682233464000035,13.490134974000057],[38.68159827200003,13.489000494000038],[38.68114635400008,13.488374874000044],[38.680985116000045,13.488027670000065],[38.681214332000025,13.487407443000052],[38.681440586000065,13.487064119000024],[38.68187879200008,13.48671089800007],[38.682387507000044,13.486312551000026],[38.68300120400005,13.486007021000034],[38.68368400600008,13.485839475000034],[38.68440566900006,13.48531593000007],[38.68495129900003,13.484733394000045],[38.68555579900004,13.484163355000021],[38.68588934700006,13.483682272000067],[38.68649651100003,13.482835327000032],[38.68813486400006,13.481017617000077],[38.68868929800004,13.480745907000028],[38.689620312000045,13.48042040100006],[38.69048187300007,13.479989696000075],[38.691096523000056,13.479592601000036],[38.69197662300007,13.478436273000057],[38.692762893000065,13.477268522000031],[38.69325150800006,13.476524267000059],[38.69364730400008,13.475663471000075],[38.69398280400003,13.474986842000021],[38.69438845500008,13.474310307000053],[38.69503646800007,13.472864324000057],[38.69533710700006,13.472118688000023],[38.69549682600007,13.47139438000005],[38.69595454100005,13.470177626000066],[38.69662522600004,13.468824351000023],[38.69711648300006,13.467791867000074],[38.69751944200004,13.467403537000052],[38.697864792000075,13.46691114500004],[38.698117323000076,13.466303354000047],[38.69895058100008,13.465135647000068],[38.69932264300007,13.464286118000075],[38.69980102900007,13.463368900000035],[38.700289902000065,13.46261219400003],[38.70070405800004,13.462270205000038],[38.70129495300006,13.461884351000037],[38.701886830000035,13.461405821000028],[38.702111692000074,13.461211670000068],[38.70259824400006,13.460685540000043],[38.703228350000074,13.45987360600003],[38.70395421100005,13.458900153000059],[38.70438485100004,13.458051823000062],[38.70485264700005,13.457041896000021],[38.70528360600008,13.456159649000028],[38.705810676000056,13.455069539000021],[38.70613560600003,13.454242554000075],[38.706333493000045,13.453196134000052],[38.70654588700006,13.451850228000069],[38.70667200300005,13.450930306000032],[38.70689590200004,13.449618312000041],[38.70685548600005,13.448903918000042],[38.706991783000035,13.448168268000074],[38.70743321200007,13.447446528000057],[38.70807413400007,13.446714844000041],[38.708738389000075,13.446029526000075],[38.70936578200008,13.445504665000044],[38.71009783100004,13.44508505400006],[38.71065381400007,13.444640358000072],[38.711059026000044,13.444010125000034],[38.71143524000007,13.443967603000033],[38.71211819500007,13.443801116000031],[38.71271992800007,13.443483051000044],[38.71314616500007,13.443129757000065],[38.713607642000056,13.442765197000028],[38.71398884000007,13.442169970000066],[38.71399642400007,13.441375391000065],[38.714100116000054,13.440350336000051],[38.71392867900005,13.438609502000077],[38.71378555500007,13.437595463000036],[38.71374773900004,13.436604164000073],[38.71396795000004,13.435684362000075],[38.714162835000025,13.434926153000049],[38.71461773100003,13.434007746000077],[38.71516539500004,13.433240899000054],[38.716189375000056,13.431741035000073],[38.71676374100008,13.430594442000029],[38.71768171800005,13.429127222000034],[38.71889194200003,13.427801621000071],[38.71995798800003,13.426831884000023],[38.720351263000055,13.42623665900004],[38.721077337000054,13.425182909000057],[38.72145748300005,13.424713131000033],[38.722053825000046,13.42375078200007],[38.72224538800003,13.423349741000038],[38.722676196000066,13.422488930000043],[38.722952322000026,13.421847229000036],[38.722955271000046,13.421535276000043],[38.72255144500008,13.420771881000064],[38.72235660700005,13.420263043000034],[38.72243294400005,13.419642594000038],[38.722299676000034,13.418811682000069],[38.72229341800005,13.418223929000021],[38.72235659300003,13.417763968000031],[38.72221901900008,13.417405517000077],[38.721860597000045,13.41557066200005],[38.722064310000064,13.41513459600003],[38.72235000100005,13.414699750000068],[38.722730744000046,13.414196053000069],[38.72324022600003,13.413693636000062],[38.72358579400003,13.41314356600003],[38.72371841800003,13.41277636500007]]]},"properties":{"OBJECTID":1,"ZONE_":"C","Shape_Length":6.188422376876571,"Shape_Area":0.8698958134122348},"id":1},
{"type":"Feature","geometry":{"type":"Polygon","coordinates":[[[38.433099404000075,14.433757491000051],[38.43304842200007,14.433969846000025],[38.43292484400007,14.435374332000038],[38.43270346800006,14.436239512000043],[38.43247113500007,14.43731146600004],[38.43229716700006,14.438117978000037],[38.432182554000065,14.438958528000057],[38.43212577300005,14.439512173000026],[38.432104077000076,14.439949499000022],[38.43208380100003,14.440628674000038],[38.432061504000046,14.44096201900004],[38.43199352700003,14.441584565000028],[38.43176271300007,14.442967330000045],[38.43156551100003,14.443900364000058],[38.43134549100006,14.445029988000044],[38.43112454300007,14.445951659000059],[38.43099856600003,14.446919907000051],[38.43078984700003,14.447933153000065],[38.42923512500005,14.45285799800007],[38.42788232000004,14.455328629000064],[38.42722164000003,14.456196113000033],[38.42640753400008,14.457189799000048],[38.42570322300003,14.458782729000063],[38.42531818700007,14.46013119500003],[38.42510129200008,14.461940047000041],[38.42521500000004,14.463389181000025],[38.42537903600004,14.465448713000058],[38.42508903500004,14.46682002800003],[38.424655589000054,14.46804292400003],[38.42398211300008,14.468679807000058],[38.422703056000046,14.469250793000072],[38.421896865000065,14.469405907000066],[38.42061595800004,14.469573404000073],[38.41984324900005,14.46933643500006],[38.41884529200007,14.469077428000048],[38.41802510100007,14.468817726000054],[38.41622821900006,14.467814222000072],[38.41551331200003,14.46720894300006],[38.41526265700003,14.466922390000036],[38.41500160900006,14.466957913000044],[38.41433741700007,14.467030845000068],[38.413413443000024,14.467427489000045],[38.41271474300004,14.467719584000065],[38.41209917800006,14.468044659000043],[38.41179118300005,14.46817386500004],[38.410734853000065,14.468179129000077],[38.410068985000066,14.467894928000021],[38.40881182900006,14.468074845000046],[38.40766250100006,14.468484464000028],[38.407189998000035,14.46898168000007],[38.406633627000076,14.46928428900003],[38.40569713700006,14.469474052000066],[38.40473454100004,14.469226369000069],[38.40373618900003,14.46890966500007],[38.402431328000034,14.469031804000053],[38.40224176500004,14.469113822000054],[38.40185356500007,14.469851963000053],[38.401961345000075,14.472590577000062],[38.401951084000075,14.472958981000033],[38.40216766800006,14.473613890000024],[38.40226761300005,14.474626758000056],[38.40205889500004,14.475686308000036],[38.401955764000036,14.476516699000058],[38.40194903500003,14.477620849000061],[38.401905742000054,14.47851920000005],[38.401801480000074,14.479015071000049],[38.401547279000056,14.480489271000067],[38.401267217000054,14.481549767000047],[38.40102080300005,14.482172974000036],[38.400750939000034,14.482784835000075],[38.40027908500008,14.483454942000037],[38.399547977000054,14.484448727000029],[38.399112149000075,14.48519916500004],[38.39862812500007,14.485755093000023],[38.39802535500007,14.486253075000036],[38.397693203000074,14.486300820000054],[38.396777550000024,14.48593795000005],[38.39605275800005,14.48576883100003],[38.394389501000035,14.485420992000059],[38.393959696000024,14.484905667000078],[38.393661930000064,14.484677732000023],[38.392958865000026,14.484093894000068],[38.392304109000065,14.48366048500003],[38.391780211000025,14.483306515000038],[38.39063929900004,14.482932883000046],[38.38966583400003,14.482938283000067],[38.388361116000056,14.483084059000078],[38.387898961000076,14.483270464000043],[38.38695223000008,14.483886192000057],[38.386585737000075,14.484186979000071],[38.386325433000025,14.484361473000035],[38.38604317800008,14.484926937000068],[38.385759524000036,14.485157881000077],[38.38514367200003,14.485448976000043],[38.384562876000075,14.485648618000027],[38.38434915400006,14.485649188000025],[38.38386262700004,14.48562871200005],[38.382721779000065,14.485336393000068],[38.38167598800004,14.48506581600003],[38.38059369200005,14.484576988000072],[38.37913209100003,14.484193411000035],[38.37871627100003,14.484091723000063],[38.37788456000004,14.483900796000057],[38.37677978900007,14.48367636000006],[38.37634082000005,14.48375995400005],[38.37598491600005,14.48379630200003],[38.375608587000045,14.484500513000057],[38.37540849900006,14.48491587600006],[38.37520905100007,14.485411480000039],[38.37505748900003,14.48599988500007],[38.37488208000008,14.48661082600006],[38.37472983200007,14.487026315000037],[38.37448260000008,14.487499183000068],[38.37427068400007,14.487891913000055],[38.37378740200006,14.488573229000053],[38.37351573800004,14.488862950000055],[38.37320911900008,14.48931305900004],[38.37236763400006,14.489605786000027],[38.37193970200008,14.489470150000045],[38.371380259000034,14.489082138000072],[38.37062032500006,14.489039433000073],[38.37018082600008,14.488996428000064],[38.369325626000034,14.488805417000037],[38.36868510100004,14.488889585000038],[38.367914883000026,14.489203948000068],[38.36612683300007,14.490123593000021],[38.36519280400006,14.490933638000058],[38.36488811000004,14.491822241000023],[38.364456364000034,14.493436041000052],[38.36425771300003,14.494150887000046],[38.36402358600003,14.494899530000055],[38.36387217500004,14.495521831000076],[38.363684008000064,14.495914605000053],[38.36348490300003,14.496480273000032],[38.36312116600004,14.497425216000067],[38.362862610000036,14.497990712000046],[38.36268607300008,14.498372223000047],[38.362545279000074,14.498728963000076],[38.362177648000056,14.498800290000077],[38.35947532000006,14.501070169000059],[38.358960086000025,14.501439448000042],[38.358670705000065,14.502837769000053],[38.35906801200008,14.50374183300005],[38.359714806000056,14.50492459700007],[38.359975349000024,14.50670075000005],[38.35984416100007,14.508956155000021],[38.35916851500008,14.510947874000067],[38.35825401400007,14.512892601000033],[38.356440571000064,14.51459075200006],[38.355176949000054,14.515397588000042],[38.35346532900007,14.51547537600004],[38.352595818000054,14.514591472000063],[38.35166742100006,14.513710799000023],[38.35097484800008,14.51281946100005],[38.35021823200003,14.511816070000066],[38.34931387000006,14.51145305500006],[38.34812272100004,14.511276837000025],[38.34747086300007,14.511247899000068],[38.34658533800007,14.511288384000068],[38.34544521600003,14.512205134000055],[38.344262008000044,14.513469844000042],[38.343368920000046,14.515875665000067],[38.34277921000006,14.51807212600005],[38.34278719900004,14.519882617000064],[38.34375595500006,14.52162687200007],[38.34400028600004,14.52305717400003],[38.344488934000026,14.52465089900005],[38.344722354000055,14.525851747000047],[38.34467960500007,14.527468851000037],[38.34425866700008,14.528583113000025],[38.343013746000054,14.529793394000023],[38.34150052000007,14.531592838000051],[38.34087804100005,14.532197972000063],[38.33956327900006,14.533179744000051],[38.33859753000007,14.534031398000025],[38.33732554100004,14.534666332000029],[38.33633277700005,14.534941532000062],[38.33521131800006,14.53499260600006],[38.33408713400007,14.534986017000051],[38.33297357200007,14.535208885000031],[38.33142263000008,14.536202370000069],[38.33070084800005,14.537215164000031],[38.330081008000036,14.539147041000035],[38.32933246300007,14.540853653000056],[38.328626728000074,14.542212309000035],[38.32734435800006,14.542616603000056],[38.32612076800007,14.544286814000031],[38.32514392500008,14.546176959000036],[38.32454288400004,14.547243201000072],[38.32383193700008,14.54848654600005],[38.32299716600005,14.549619914000061],[38.322178843000074,14.549830008000072],[38.32125306100005,14.550275987000077],[38.318977354000026,14.55222449100006],[38.31873865500006,14.553446602000065],[38.318456826000045,14.555016649000038],[38.317968343000075,14.555962271000055],[38.317700254000044,14.556550289000029],[38.31775930300006,14.55781733300006],[38.31793886200006,14.559135581000078],[38.31846750400007,14.560322625000026],[38.31898554600008,14.561280215000068],[38.31876544100004,14.561636692000036],[38.31790666200004,14.562252373000035],[38.316597073000025,14.56334928800004],[38.315757046000044,14.564368469000044],[38.31526338500004,14.565197659000034],[38.31528760400005,14.56571533400006],[38.31531167700007,14.567503249000026],[38.31532227900004,14.570270959000027],[38.31584275400007,14.571286203000057],[38.31635264100004,14.57207087200004],[38.31711502100006,14.573189657000057],[38.31837369600004,14.574806032000026],[38.318588403000035,14.576872510000044],[38.31856677400003,14.577680491000024],[38.31830653600008,14.57844257100004],[38.31641700800003,14.579796584000064],[38.31530577600006,14.581347243000039],[38.31392382900003,14.582159140000044],[38.312777751000056,14.582960419000074],[38.312095860000056,14.583568678000063],[38.312154890000045,14.584834589000025],[38.31220059000003,14.585813410000071],[38.31223007700004,14.587715488000072],[38.31175208900004,14.58889053300004],[38.31085304900006,14.589911775000076],[38.30952993000005,14.590721557000052],[38.307927465000034,14.591889879000064],[38.30722434100005,14.592036966000023],[38.30645659000004,14.592071979000025],[38.30557102700004,14.59211229500005],[38.304234275000056,14.592633815000056],[38.30319833600004,14.59325681200005],[38.301888475000055,14.594354769000063],[38.301268435000054,14.595017421000023],[38.300717881000025,14.595907441000065],[38.29993686200004,14.596923332000074],[38.29826451500003,14.597863091000022],[38.29750489400004,14.598071007000044],[38.29679631100004,14.598102777000065],[38.294726774000026,14.599407473000042],[38.29474823000004,14.599867489000076],[38.29579239200007,14.60068658800003],[38.296661484000026,14.604107813000041],[38.296446736000064,14.604578421000042],[38.295979499000055,14.605984010000043],[38.29528693000003,14.607630753000024],[38.295238605000065,14.607863415000054],[38.294253327000035,14.608311352000044],[38.293724722000036,14.608393379000063],[38.29291130200005,14.608718645000067],[38.291966484000056,14.60876098600005],[38.29033449000008,14.609296225000037],[38.289574826000035,14.609502983000027],[38.28937606900007,14.610319452000056],[38.29011126700004,14.612132128000042],[38.29015143000004,14.612995660000024],[38.290001002000054,14.613579468000069],[38.289013268000076,14.613969743000041],[38.28808442700006,14.614357925000036],[38.28731387500005,14.61433523200003],[38.286492569000075,14.614487550000035],[38.28470192900005,14.615433608000046],[38.28381627600004,14.615472707000038],[38.28315870000006,14.615329430000031],[38.282286372000044,14.614388747000078],[38.281792540000026,14.613948746000062],[38.280630545000065,14.613136008000026],[38.279715338000074,14.612543262000031],[38.279229642000075,14.612276181000027],[38.27881612500005,14.612295251000035],[38.276928793000025,14.61370656500003],[38.27575858900008,14.613989984000057],[38.27502301800007,14.614715487000069],[38.27367520900003,14.61500737800003],[38.272800123000025,14.615277007000032],[38.27163533600003,14.615675691000035],[38.26942868300006,14.616581917000076],[38.26790655800005,14.616938783000023],[38.266762852000056,14.61779858500006],[38.26686184400006,14.618658913000047],[38.26718920500008,14.619336877000023],[38.26790014000005,14.620630821000077],[38.268858144000035,14.622144782000078],[38.26912631000005,14.622825955000053],[38.269155839000064,14.623458904000074],[38.26901078100008,14.624156852000056],[38.26874730700007,14.624861215000067],[38.26803307700004,14.626046716000076],[38.26708532500004,14.627300416000026],[38.267125398000076,14.62816394600003],[38.267404129000056,14.629074563000074],[38.26852863000005,14.630350596000028],[38.26898468500008,14.631252723000046],[38.26938724900003,14.63227333900005],[38.26995086800008,14.632939616000044],[38.27037739700006,14.63320992000007],[38.27199310300006,14.634867185000076],[38.27234733100005,14.636120453000046],[38.27269071200004,14.637143148000064],[38.27274678600003,14.638351406000027],[38.272751809000056,14.639735803000065],[38.27259076000007,14.64008902300003],[38.271632117000024,14.641113294000036],[38.27110043500005,14.64113648800003],[38.27005333500006,14.641529877000039],[38.269003808000036,14.641865616000075],[38.26819293900007,14.642248434000066],[38.26789749400007,14.642261069000028],[38.26746303700003,14.642452950000063],[38.26610141900005,14.643091691000052],[38.26605531700005,14.644651091000071],[38.266632222000055,14.645605586000045],[38.26747489600007,14.647183607000045],[38.26749358500007,14.647585983000056],[38.26769473400003,14.648096297000052],[38.26781512200006,14.649417768000035],[38.26765134800007,14.649713354000028],[38.26691833700005,14.650496461000046],[38.26688550600005,14.652342951000037],[38.26819258100005,14.653726917000029],[38.26832382300006,14.655277838000075],[38.26760135300003,14.656291527000064],[38.26650021800003,14.658071362000044],[38.266062360000035,14.658840713000075],[38.26558697200005,14.660073288000035],[38.26555952800004,14.662036191000027],[38.264686493000056,14.663632523000047],[38.264135905000046,14.664522438000063],[38.264790729000026,14.665877242000022],[38.26527336000004,14.667354684000031],[38.26600851300003,14.669167436000066],[38.266056726000045,14.67020388800006],[38.26554364700007,14.67063057100006],[38.26481868800005,14.67158660900003],[38.26401041300005,14.67202592500007],[38.263360514000055,14.672055509000074],[38.26243951500004,14.672616507000043],[38.261779069000056,14.67241550600005],[38.26012515600007,14.67248935300006],[38.25996917900005,14.672957857000029],[38.25953126600007,14.67372718200005],[38.25863704400007,14.674863474000063],[38.25862058200005,14.67578671900003],[38.25772313500005,14.678134460000024],[38.25739008900007,14.678611430000046],[38.25640983000005,14.679174463000038],[38.25396078400007,14.67997576700003],[38.253426595000064,14.679942407000055],[38.25272045400004,14.680031677000045],[38.252247888000056,14.680052755000077],[38.251343030000044,14.679689342000074],[38.25067474400004,14.67931651400005],[38.24911485900003,14.678867345000072],[38.24816973000003,14.678909493000049],[38.247769066000046,14.680484682000042],[38.24826027000006,14.68086598900004],[38.24893396900006,14.681355238000037],[38.24979585400007,14.682066595000038],[38.24990020400003,14.683042210000053],[38.24911833700003,14.684057898000049],[38.24842056700004,14.683050988000048],[38.247701179000046,14.682853153000053],[38.24692257400005,14.682657383000048],[38.24650381600003,14.682559966000042],[38.245483517000025,14.682259432000023],[38.24506205500006,14.682105505000038],[38.24451974500005,14.681899190000024],[38.24410610700005,14.68191818400004],[38.24345375100006,14.681890073000034],[38.243421295000076,14.682467448000068],[38.24339964500007,14.683276523000075],[38.24315224900005,14.684325573000024],[38.242665844000044,14.685327509000047],[38.241996965000055,14.686222625000028],[38.241894753000054,14.686573752000072],[38.24047911500003,14.68796366600003],[38.23901026200008,14.688202954000076],[38.23830409100003,14.68829217800004],[38.23720020300004,14.688745108000035],[38.23569914500007,14.68956289600004],[38.235175457000025,14.689758925000035],[38.233368066000025,14.690358696000033],[38.23236637300005,14.690461608000078],[38.23136497400003,14.69056452600006],[38.23030676700006,14.690727140000035],[38.22965711100005,14.690755498000044],[38.22918722000003,14.690834174000031],[38.22886528500004,14.690272578000076],[38.22893000100004,14.689115578000042],[38.228911382000035,14.688713204000067],[38.22870759500006,14.68814522200006],[38.227155795000044,14.687868838000043],[38.226210637000065,14.687910894000026],[38.22385043400004,14.68807365300006],[38.22262638800004,14.687206184000047],[38.22094325100005,14.686646782000025],[38.22015386600003,14.686220351000031],[38.21916612200005,14.68534233500003],[38.218640021000056,14.685480708000057],[38.21800087500003,14.685740725000073],[38.217041782000024,14.686763616000064],[38.21660097900008,14.687475222000046],[38.216793505000055,14.689081730000055],[38.216470850000064,14.689789207000047],[38.21558684300004,14.691154758000039],[38.21489924600007,14.691647415000034],[38.21423610000005,14.69138864000007],[38.21284818400005,14.690815496000027],[38.212131502000034,14.690675199000054],[38.21171785200005,14.690693004000025],[38.21095514600006,14.690842970000062],[38.209915796000075,14.691407874000049],[38.20883389100004,14.691052730000024],[38.20752109500006,14.69082336300005],[38.206318346000046,14.690415813000072],[38.205349227000056,14.68994011500007],[38.204798854000046,14.689560786000072],[38.20407680300008,14.689304040000025],[38.20330360500003,14.689223409000022],[38.20259203900008,14.689197239000066],[38.20105614600004,14.689266537000037],[38.20025576100005,14.689878554000074],[38.199702150000064,14.690710651000074],[38.19913267100003,14.691198009000061],[38.19822461000007,14.692045829000051],[38.19726539700008,14.693069770000022],[38.196561605000056,14.693216494000069],[38.19561133000008,14.693143140000075],[38.194666150000046,14.693185067000059],[38.19250150900007,14.69374371400005],[38.19025400100003,14.693785605000073],[38.189539731000025,14.693702876000032],[38.18888468100005,14.693615833000024],[38.18796404100004,14.692907441000045],[38.187588652000045,14.692463131000068],[38.187650907000034,14.69124851500004],[38.18781063900008,14.689568637000036],[38.188256609000064,14.688972384000067],[38.188259920000064,14.687760941000022],[38.18782086400006,14.685934326000051],[38.18681741700004,14.684710323000047],[38.18655720700008,14.684203129000025],[38.186439988000075,14.682939291000025],[38.18638947300008,14.681845194000061],[38.18636046800003,14.681212239000047],[38.185961820000045,14.678981194000073],[38.18576084100005,14.67847082000003],[38.18456359700008,14.67817844700005],[38.18392175400004,14.678379612000072],[38.18343511100005,14.679381411000065],[38.18301007200006,14.680438805000051],[38.18285328500008,14.682176319000064],[38.18093575800003,14.682953842000074],[38.17838412700007,14.684105419000048],[38.17726191200006,14.684155695000072],[38.176660447000074,14.68395240500007],[38.17570753800004,14.683821324000064],[38.174306357000034,14.682960868000066],[38.173460840000075,14.682595109000033],[38.17255104600008,14.682116111000028],[38.17169508600006,14.681519766000065],[38.171512362000044,14.681412883000064],[38.170592115000034,14.68070442800007],[38.170414754000035,14.680711710000026],[38.16852449800007,14.680796480000026],[38.16711217900007,14.680974497000022],[38.166443754000056,14.680600304000052],[38.166137810000066,14.68038335600005],[38.16565480000003,14.680173686000046],[38.16510452500006,14.679794267000034],[38.16449292800007,14.679360376000034],[38.16412778100005,14.679145480000045],[38.16355556700006,14.679575111000077],[38.16320651800004,14.679706062000037],[38.16251079600005,14.68002563500005],[38.160816397000076,14.680504320000068],[38.15934484400003,14.680685465000067],[38.15798608400007,14.680746086000056],[38.15676423000008,14.681203847000063],[38.15594499100007,14.681413332000034],[38.15471240800008,14.681641640000066],[38.15344822800006,14.681178230000057],[38.15289290100003,14.680683488000057],[38.152417436000064,14.680177743000058],[38.15297758300005,14.678660961000048],[38.15320187300006,14.67709436900003],[38.15255814600005,14.675968726000065],[38.15159992100007,14.675723392000066],[38.15029504600005,14.675665503000062],[38.149275223000075,14.675365695000039],[38.14923560400007,14.67450217000004],[38.14982980600007,14.673264654000036],[38.14989927400006,14.673087487000032],[38.148860256000034,14.672878008000055],[38.14776288100006,14.67267283700005],[38.147421775000055,14.672474946000023],[38.14683405200003,14.672113428000046],[38.14617560600004,14.671727912000051],[38.14517443600005,14.671340005000047],[38.14449104300007,14.671103561000052],[38.14377194400004,14.670866992000072],[38.143288623000046,14.670748815000024],[38.14253254000005,14.670696304000046],[38.14230681400005,14.670832206000057],[38.142009708000046,14.671036784000023],[38.14183183600005,14.671103929000026],[38.14153384600007,14.671388739000065],[38.141125044000034,14.672179417000052],[38.14056263900005,14.672992113000078],[38.14059319200004,14.67356744500006],[38.140053298000055,14.674483055000053],[38.13946703600004,14.675306973000033],[38.13878870000008,14.675852544000065],[38.13787370800003,14.676432264000027],[38.13742338600008,14.676554902000078],[38.13619782300003,14.677510901000062],[38.13558666200004,14.678460155000039],[38.13550802700007,14.679345837000028],[38.13569700100004,14.680739902000028],[38.13544875400004,14.682095078000032],[38.135247210000045,14.683531773000027],[38.134612435000065,14.684504662000052],[38.13375415000007,14.685336582000048],[38.13267479600006,14.685776674000067],[38.131454046000044,14.686157454000067],[38.12977449600004,14.68630372900003],[38.12923001100006,14.686379654000064],[38.12753677200004,14.686756391000074],[38.12614145800006,14.686802004000072],[38.125064171000076,14.687011527000038],[38.12383405400004,14.687115375000076],[38.12264434200006,14.688002500000039],[38.121737514000074,14.688984495000057],[38.120486225000036,14.690170846000058],[38.11921022900003,14.691436201000045],[38.118246586000055,14.692176112000027],[38.116716815000075,14.692738723000048],[38.115455662000045,14.693693347000021],[38.114574996000044,14.694364636000046],[38.11357108100003,14.694287355000029],[38.11299111900007,14.694374408000044],[38.11205963800006,14.694113191000042],[38.11158033700008,14.693498863000059],[38.11086087800004,14.693343545000062],[38.11039790900003,14.693568921000065],[38.10988449400003,14.694139888000052],[38.10941434100005,14.695205999000052],[38.10936409000004,14.696862476000035],[38.10924711500007,14.698081365000064],[38.10930056800004,14.698714401000075],[38.109415512000055,14.699071940000067],[38.109311098000035,14.70019934000004],[38.109422143000074,14.701016802000026],[38.10944022500007,14.701638409000054],[38.10923039700003,14.70263770500003],[38.10909647100004,14.703096001000063],[38.10869074400006,14.703518211000073],[38.10770475600003,14.704085105000047],[38.10736103900007,14.704174181000042],[38.106557363000036,14.704167698000049],[38.105552266000075,14.704228237000052],[38.104689241000074,14.704254289000062],[38.10374377900007,14.704212210000037],[38.10247801100007,14.704350832000046],[38.10110632900006,14.704407683000056],[38.10021885300006,14.704526282000074],[38.09912955300007,14.704735631000062],[38.09836949600003,14.705131590000065],[38.097534465000024,14.705975887000022],[38.09699526600008,14.706799857000021],[38.09641845700003,14.707875675000025],[38.09601491400008,14.709379350000063],[38.09541486000006,14.710387282000056],[38.09458179600006,14.711023634000071],[38.09410458200006,14.711525782000024],[38.093452135000064,14.71179670400005],[38.09256310200004,14.71206557000005],[38.09206726000008,14.712015035000036],[38.09124134800004,14.711834380000028],[38.09056667100003,14.71193230700004],[38.08980874800005,14.71208641100003],[38.08899203300007,14.712206372000026],[38.08809312900007,14.712267250000025],[38.08731385100003,14.712180561000025],[38.08652320700003,14.712035059000073],[38.085790907000046,14.711959852000064],[38.08462255000006,14.71176539000004],[38.08357290500004,14.711502461000066],[38.08289987200004,14.711416178000036],[38.08214420200005,14.711305828000036],[38.08144664400004,14.711323403000051],[38.080796242000076,14.711375073000056],[38.07985942600004,14.711688894000076],[38.07917275300008,14.711809346000052],[38.07841636300003,14.711802952000028],[38.07738505800006,14.712150296000061],[38.07590019600008,14.712954624000076],[38.07492775700007,14.713313495000023],[38.07419318400008,14.713502671000072],[38.07276813200008,14.714226992000022],[38.071734880000065,14.71475848800003],[38.07031243100005,14.715205943000058],[38.069350918000055,14.71565749000007],[38.06878332700006,14.715686852000033],[38.06822734900004,14.715716258000043],[38.067530643000055,14.715664864000075],[38.06690544500003,14.715521089000049],[38.06623293900003,14.715377122000064],[38.065050744000075,14.715366709000023],[38.06302001600005,14.715106503000072],[38.06241769300004,14.715044182000042],[38.061650470000075,14.714922415000046],[38.06074161300006,14.71479895300007],[38.059618629000056,14.714788742000053],[38.05840999000003,14.715123986000037],[38.05754825400004,14.714978096000038],[38.05692189500007,14.71497215100004],[38.05636640300003,14.714955208000049],[38.055563824000046,14.714821974000074],[38.05484156800003,14.71497610800003],[38.05399702600005,14.715555772000073],[38.05285474400006,14.716385071000047],[38.052034830000025,14.716838261000078],[38.05107590500006,14.71701401100006],[38.050293544000056,14.717236814000046],[38.04930749300007,14.717780841000035],[38.04867719600003,14.718212190000031],[38.04777664900007,14.718445793000058],[38.04711275900007,14.718658907000076],[38.04589062500003,14.71915335600005],[38.04523863000003,14.71936652200003],[38.04446746600007,14.719682006000028],[38.04367083900007,14.720180456000037],[38.04302374800005,14.721130406000043],[38.04249725400007,14.721850328000073],[38.04200799400007,14.722352300000068],[38.04150854300008,14.722658743000068],[38.04075792200007,14.723318967000068],[38.04009173900005,14.723784042000034],[38.03960355000004,14.724171880000029],[38.039146937000055,14.724972315000059],[38.03889540400007,14.725338535000049],[38.03852687600005,14.725576575000048],[38.038215140000034,14.726034081000023],[38.03785368300004,14.726778402000036],[38.03765069000008,14.726995651000038],[38.03757917000007,14.727086889000077],[38.037077889000045,14.727611406000051],[38.03671933500004,14.728022381000073],[38.036348030000056,14.728559860000075],[38.035847226000044,14.729039172000057],[38.035034239000026,14.730009882000047],[38.03444961300005,14.730602974000021],[38.03394761800007,14.73121900600006],[38.033351776000075,14.731720513000027],[38.033075688000054,14.732189462000065],[38.03290187600004,14.733097282000074],[38.03184660200003,14.733444313000064],[38.03126033400008,14.734209158000056],[38.03045122100008,14.734754966000025],[38.02988998400008,14.735370749000026],[38.02929431700005,14.73589484100006],[38.02817773500004,14.736448395000025],[38.027370639000026,14.736797577000061],[38.02653144900006,14.736790660000054],[38.02536500600007,14.737653617000035],[38.02419849900008,14.738529000000028],[38.02342789200003,14.738764179000043],[38.02263207800007,14.739182328000027],[38.02179946800004,14.739715572000023],[38.02081089700005,14.74052388900003],[38.02018820500007,14.741369900000052],[38.020047893000026,14.742495956000027],[38.01988781400007,14.743173296000066],[38.019906535000075,14.743725958000027],[38.01977558300007,14.745093871000051],[38.020026115000064,14.746131177000052],[38.02095972700005,14.747429014000033],[38.021563257000025,14.748665565000067],[38.022058326000035,14.750073415000031],[38.02251981200004,14.75133197100007],[38.02310234200007,14.752268968000067],[38.023569216000055,14.752906014000075],[38.02427972600003,14.75405147600003],[38.02456854300004,14.754778183000042],[38.02453727500006,14.755606361000048],[38.02441066000006,14.756525671000077],[38.024438116000056,14.757400438000047],[38.02457625200003,14.757804432000057],[38.02467891300006,14.75821959800004],[38.02473341900003,14.758692178000047],[38.024667505000025,14.759475015000078],[38.02469801400008,14.759991567000043],[38.02465668100007,14.760601610000037],[38.02466296500006,14.761210726000058],[38.02464364600007,14.762027659000069],[38.024597734000054,14.763143932000048],[38.02434799900004,14.764590448000035],[38.023724395000045,14.765563034000024],[38.02338751900004,14.766169568000066],[38.02318313100005,14.766559692000044],[38.02293171700006,14.766879549000066],[38.02235996200005,14.76735741300007],[38.02171842800004,14.767662054000027],[38.02113411300007,14.768220075000045],[38.02058651300007,14.76861778600005],[38.01999252200005,14.76893506500005],[38.01913637700005,14.769444466000039],[38.01868446000003,14.769739739000045],[38.01812653700006,14.769976926000027],[38.01743960700003,14.770108484000048],[38.01684746900003,14.770206543000029],[38.015592455000046,14.770379740000067],[38.015048586000034,14.770397760000037],[38.01430341100007,14.770436395000047],[38.01346419400005,14.77040568800004],[38.01249508600006,14.770339394000075],[38.011598744000025,14.770101640000064],[38.01070235800006,14.769874065000067],[38.00956755400006,14.76985224200007],[38.00904664900003,14.769927980000034],[38.007922241000074,14.770045209000045],[38.00733739100008,14.770649513000023],[38.00695589700007,14.77096767200004],[38.00684507300008,14.77146213900005],[38.00687844600003,14.772934710000072],[38.00699007000003,14.77367196800003],[38.00717284600006,14.774340594000023],[38.00715345700007,14.77515752100004],[38.006935577000036,14.775696740000058],[38.00681355300003,14.77609850400006],[38.00687342700007,14.777295454000068],[38.00661793100005,14.77806389400007],[38.00591217500005,14.778943415000072],[38.00506680800004,14.779556772000035],[38.00448523500006,14.77981642800006],[38.003703217000066,14.779970128000059],[38.003313408000054,14.779943581000055],[38.00243994700003,14.77977482600005],[38.001744502000065,14.779537900000037],[38.001108670000065,14.779278634000036],[38.00058031400005,14.778883104000045],[38.00022949800007,14.778454432000046],[37.999914475000026,14.778013491000024],[37.99953001200004,14.777389180000057],[37.999003440000024,14.77679702200004],[37.99855662200008,14.77653970700004],[37.997255962000054,14.776528405000022],[37.996542754000075,14.776935509000054],[37.99611376200005,14.777288471000077],[37.99565997500008,14.777790483000047],[37.99543248700007,14.77807652000007],[37.99511871400006,14.778752036000071],[37.99494852200007,14.779268844000057],[37.99484484000004,14.780222136000077],[37.99495329800004,14.781258834000027],[37.99507406600003,14.782272988000045],[37.99514883200004,14.783124220000047],[37.99525442500004,14.784471667000048],[37.99539526600006,14.785853167000027],[37.995483927000066,14.786463765000065],[37.99560030500004,14.787926519000052],[37.995719413000074,14.789112432000024],[37.99585418000004,14.789862217000064],[37.995942627000034,14.79051800700006],[37.99586567700004,14.791150489000074],[37.995815468000046,14.79146103200003],[37.99591808500003,14.791876208000076],[37.996242057000075,14.79264941300005],[37.996249067000065,14.793144385000062],[37.996056278000026,14.793522107000058],[37.99588320300006,14.794348533000061],[37.99573262100006,14.795267712000054],[37.99558560600008,14.795795922000025],[37.99524150600007,14.79718547300007],[37.99481638100008,14.798389351000026],[37.99417721700007,14.799729031000027],[37.99398161500005,14.80039488400007],[37.993170132000046,14.801192526000023],[37.992936773000054,14.802111340000067],[37.992727460000026,14.802983936000032],[37.992601285000035,14.803834280000046],[37.99258410900006,14.804409386000032],[37.992659984000056,14.805146491000073],[37.99291220400005,14.805988324000054],[37.99324541500005,14.807027141000049],[37.99343587000004,14.808167043000026],[37.993378317000065,14.809248207000053],[37.99313077700003,14.810408781000035],[37.99298047700006,14.811326837000024],[37.992510466000056,14.812243485000067],[37.99196376400005,14.81253715400004],[37.99138218100006,14.812774172000047],[37.99053075000006,14.812777219000054],[37.989798834000055,14.812621472000046],[37.98931542300005,14.812478088000034],[37.98820732300004,14.81210032000007],[37.987102064000055,14.81142310100006],[37.986231134000036,14.811000035000063],[37.985338787000046,14.81031358100006],[37.98457978500005,14.809305648000077],[37.98399616900008,14.808482685000058],[37.98328247300003,14.807660275000046],[37.982366581000065,14.806983871000057],[37.981826744000045,14.806553217000044],[37.98102735700007,14.80605134700005],[37.98012292200008,14.805410015000064],[37.97933500200003,14.804942090000054],[37.978557410000064,14.804624506000039],[37.978060784000036,14.804642642000033],[37.977598003000026,14.80481121500003],[37.977204966000045,14.805095367000035],[37.97687054100004,14.80544870500006],[37.97655711200008,14.806090292000022],[37.976525139000046,14.806964785000048],[37.976472554000054,14.807527299000071],[37.976676317000056,14.80847288700005],[37.976889019000055,14.80974057800006],[37.977469693000046,14.81087317600003],[37.977674646000025,14.81169221600004],[37.97772699300003,14.812417906000064],[37.977799524000034,14.813488355000061],[37.97793120600005,14.814570369000023],[37.97790091100006,14.815271966000068],[37.977824799000075,14.815835504000063],[37.97791218200007,14.816583964000074],[37.97804633800007,14.817390258000046],[37.97820487200005,14.818140163000066],[37.97845743900007,14.818959405000044],[37.97852533500003,14.819281768000053],[37.978504919000045,14.82016760700003],[37.97839298000008,14.820753583000055],[37.978245507000054,14.821362006000072],[37.97792881300006,14.822325630000023],[37.97792360400007,14.822878180000032],[37.97783345900007,14.823647319000031],[37.97770731500003,14.824475062000033],[37.97747847100004,14.824910228000022],[37.97727277300004,14.825425729000074],[37.97684921600006,14.826445381000042],[37.976509700000065,14.827317358000073],[37.97639613000007,14.828063804000067],[37.97569750200006,14.829403144000025],[37.975866859000064,14.83025705600005],[37.97587192700007,14.830970120000075],[37.97561153500004,14.832244740000021],[37.97548756800006,14.83285326500004],[37.97538386700006,14.833783932000074],[37.97527129900004,14.834438839000029],[37.97508747200004,14.835116025000048],[37.975026279000076,14.835345142000051],[37.97486770200004,14.835839381000028],[37.974449899000035,14.836248837000028],[37.97390765600005,14.836071266000033],[37.973423697000044,14.83597532300007],[37.97286848500005,14.835900520000052],[37.97179280700004,14.835833562000062],[37.97147320400006,14.835864903000072],[37.97124781800005,14.835931703000028],[37.97092636200006,14.836169819000077],[37.970869632000074,14.83717075900006],[37.96235523100006,14.837163015000044],[37.95560472500006,14.836513214000036],[37.95353717900008,14.836164817000054],[37.95163889200006,14.83649517200007],[37.950250770000025,14.83834882800005],[37.94869799400004,14.838511230000051],[37.94696810100004,14.839687560000073],[37.946268531000044,14.841714964000062],[37.94626279500005,14.842899180000074],[37.94660096600006,14.844253340000023],[37.94745749200007,14.845441506000043],[37.94744930500008,14.847133077000024],[37.94675461600008,14.848145763000048],[37.94519715100006,14.849322863000054],[37.944333236000034,14.849656766000066],[37.942435645000046,14.849817546000054],[37.93984776000008,14.85014349200003],[37.939840332000074,14.851666687000034],[37.94052404900003,14.852854081000032],[37.941551427000036,14.854380926000033],[37.94223543700008,14.855568317000063],[37.94222884900006,14.856922022000049],[37.942216501000075,14.85945881200007],[37.941689878000034,14.86131748400004],[37.94099706900005,14.861991167000042],[37.939264999000045,14.863505272000054],[37.937708185000076,14.864513948000024],[37.93666700600005,14.865861732000042],[37.93597055600003,14.867212237000047],[37.93509992700007,14.868899800000065],[37.93475100400008,14.869744550000064],[37.93371197600004,14.870584956000073],[37.932506517000036,14.870241484000076],[37.93078210300007,14.87023345800003],[37.928882663000024,14.870731973000034],[37.92835952100006,14.871913766000034],[37.92835200700006,14.873435823000023],[37.92886346700004,14.874622446000046],[37.92868538000005,14.875805848000027],[37.927478233000045,14.875800209000033],[37.924894755000025,14.875111256000025],[37.92368509200003,14.875614074000055],[37.92108482300006,14.878308193000066],[37.920389087000046,14.879489142000068],[37.919512663000035,14.882360826000024],[37.918635093000034,14.88540202200005],[37.918620754000074,14.888277773000027],[37.919303042000024,14.889803077000067],[37.91946799100003,14.891327079000064],[37.917389042000025,14.893178360000036],[37.915835307000066,14.89350888100006],[37.91365704800006,14.893139236000025],[37.91232223800006,14.892969059000052],[37.91015177300005,14.892958750000048],[37.908982878000074,14.892953189000025],[37.90748269100004,14.892455626000071],[37.90664785800004,14.89245164600004],[37.90514273700006,14.892934879000052],[37.90396915900004,14.893912353000076],[37.902794466000046,14.895053661000077],[37.901791754000044,14.895212703000027],[37.89995615700008,14.895040055000038],[37.89828646700005,14.895032035000042],[37.89662178300006,14.894040945000029],[37.89311903600003,14.893368667000061],[37.891452714000025,14.892705234000061],[37.89061955600005,14.892374633000031],[37.888624234000076,14.890726500000028],[37.88494949200003,14.891036345000032],[37.88394258400007,14.892014541000037],[37.88560045600008,14.894315303000042],[37.88376067000007,14.894961748000071],[37.88192397000006,14.894952795000052],[37.88109166300006,14.894457190000026],[37.880261063000034,14.893633902000033],[37.878098229000045,14.892149847000042],[37.878106708000075,14.890511426000046],[37.87845824900006,14.887074635000033],[37.87846841600003,14.88510853200006],[37.87780740900007,14.88379565400004],[37.875641306000034,14.882965814000045],[37.87296935100005,14.883116544000075],[37.87129806400003,14.883436022000069],[37.86912430700005,14.884080690000076],[37.867618314000026,14.884727515000066],[37.865943583000046,14.885702311000045],[37.86359676400008,14.887491854000075],[37.86308711500004,14.889127792000068],[37.86257689800004,14.890926431000025],[37.86173004700004,14.89321493600005],[37.860386695000045,14.894682870000054],[37.85904818100005,14.895166611000036],[37.85671071500008,14.89515496200005],[37.85470729600007,14.895144960000039],[37.853372540000066,14.894975571000032],[37.85187076300008,14.894804211000064],[37.85020371100006,14.894304315000056],[37.848200881000025,14.894130406000045],[37.847032299000034,14.894124531000045],[37.84502888800006,14.894114444000024],[37.84319222000005,14.894105181000043],[37.84168783600006,14.894425287000047],[37.83934775000006,14.894904975000031],[37.838006876000065,14.895880115000068],[37.83582647600008,14.897670202000029],[37.834986350000065,14.89864900300006],[37.83397507800004,14.900445011000045],[37.833466946000044,14.901753170000063],[37.83279382500007,14.90273280200006],[37.831450232000066,14.904199418000076],[37.829603735000035,14.905991139000037],[37.82876710100004,14.906314554000062],[37.82759579200007,14.906800086000032],[37.82642509000004,14.907121783000036],[37.82475296800004,14.907604732000038],[37.82174488700008,14.908079679000025],[37.81973749700006,14.908724706000044],[37.81806238400003,14.909699132000071],[37.81738917500007,14.910677582000062],[37.81688389800007,14.911494195000046],[37.81654534200004,14.912311660000057],[37.81620170900004,14.914111013000024],[37.81585688700005,14.916074210000033],[37.814680115000044,14.917542705000074],[37.81400658000007,14.918521140000053],[37.811831434000055,14.91932907000006],[37.81049567800005,14.919322131000058],[37.80882676500005,14.919149610000034],[37.80749463300003,14.918487301000027],[37.805996374000074,14.917661406000036],[37.80466034600005,14.917654432000063],[37.801488059000064,14.917637842000033],[37.80015295100003,14.917467007000027],[37.79865200800003,14.917131443000073],[37.79781892300008,14.916799389000062],[37.79664022600008,14.918594323000036],[37.79529172000008,14.920881013000042],[37.79461809000003,14.921859384000072],[37.79377706900004,14.923001839000051],[37.79243370200004,14.924304358000029],[37.79027658100006,14.925191264000034],[37.78821332200005,14.923996165000062],[37.787184222000064,14.92297602800005],[37.78581095200008,14.921784566000042],[37.784608363000075,14.92093185400006],[37.783059998000056,14.920246794000036],[37.78099588300006,14.919221125000035],[37.77858505200004,14.918531440000038],[37.77738059700005,14.918017673000065],[37.774967874000026,14.917666911000026],[37.773243179000076,14.917657672000075],[37.77117337000004,14.917646568000066],[37.76910385800005,14.917635447000066],[37.76790040000003,14.91695214300006],[37.76635087200003,14.916436463000025],[37.76514550200005,14.91609098400005],[37.76411268000004,14.915747560000057],[37.76308277700008,14.914895676000071],[37.76102268500006,14.913193032000038],[37.75791916600008,14.913006721000045],[37.75601905600007,14.913503745000071],[37.75394764400005,14.913831457000072],[37.75049707900007,14.913982141000076],[37.74825212600007,14.914477207000061],[37.746871310000074,14.914638007000065],[37.74530940100004,14.916322083000068],[37.74340826300005,14.916987347000031],[37.742367613000056,14.91799743000007],[37.74097890500008,14.919511801000056],[37.73941493800004,14.921533656000065],[37.73889135400003,14.922545439000032],[37.73698125000004,14.924733728000035],[37.735078319000024,14.925737880000042],[37.734211843000026,14.92640990700005],[37.73264975700005,14.928092751000065],[37.73074747100003,14.928928504000055],[37.72746227500005,14.930263895000053],[37.72487099500006,14.930925149000075],[37.722971665000046,14.931253524000056],[37.72071948200005,14.93293241300006],[37.716924799000026,14.932911150000052],[37.71554515100007,14.932903404000058],[37.714165208000054,14.932895648000056],[37.71123104700007,14.933216970000046],[37.70967753200006,14.933377690000043],[37.70588010600005,14.933863560000077],[37.70415098400008,14.934530579000068],[37.702765242000055,14.935537375000024],[37.70189863400003,14.936209268000027],[37.69981750900007,14.938058394000052],[37.698600948000035,14.939573454000026],[37.69704462200008,14.940241398000069],[37.695834164000075,14.940741824000042],[37.69462367600005,14.94124336300007],[37.69220476800007,14.94190521400003],[37.690996330000075,14.942067784000074],[37.68788534600003,14.943064591000052],[37.68649816400006,14.944240757000046],[37.685451983000064,14.946095675000038],[37.687856570000065,14.947800964000066],[37.689403742000025,14.948656134000032],[37.694059209000045,14.949020638000036],[37.696127939000064,14.949201945000027],[37.69767748800007,14.949718115000053],[37.697671367000055,14.950732731000073],[37.69645470700004,14.952248891000067],[37.69644346900003,14.954109776000053],[37.69677914600004,14.955633672000033],[37.69779800600003,14.958345596000072],[37.697783712000046,14.960713794000071],[37.697775542000045,14.962067366000042],[37.69673112700008,14.96358338400006],[37.69551642000005,14.964760573000035],[37.694134252000026,14.965091638000047],[37.69154379200006,14.965584127000056],[37.689473590000034,14.965572247000068],[37.68586333500008,14.963521064000076],[37.68311784500003,14.961136981000038],[37.68157342400008,14.959775583000066],[37.678817683000034,14.95908283600005],[37.67674755500008,14.959070846000031],[37.671744981000074,14.95904179300004],[37.66933623500006,14.958013125000036],[37.66830446200004,14.95749978400005],[37.66675837300005,14.956474982000032],[37.66503315500006,14.95646490200005],[37.66244590700006,14.956449759000066],[37.66020639000004,14.955929324000067],[37.658659295000064,14.955075073000046],[37.65591184400006,14.953028525000036],[37.65454264400006,14.951329018000024],[37.65283360500007,14.948781222000036],[37.65197947000007,14.947423713000035],[37.65112958000003,14.945388298000069],[37.65044938600005,14.943862325000055],[37.64994331300005,14.941998414000068],[37.64771168200008,14.94029378600004],[37.64633810400005,14.939269892000027],[37.644613324000034,14.93925967000007],[37.643057921000036,14.939758891000054],[37.641327825000076,14.940593758000034],[37.640464207000036,14.940758107000022],[37.638558344000046,14.942099226000039],[37.63787476700003,14.94108052200005],[37.63737015600003,14.939048245000038],[37.636340698000026,14.938195832000076],[37.63461912900004,14.937678235000021],[37.63462981600003,14.935986873000047],[37.635775084000045,14.935611810000069],[37.636345532000064,14.933698940000056],[37.63565638400007,14.932325418000062],[37.63426657000008,14.931358980000027],[37.633159689000024,14.929847365000057],[37.632609142000035,14.928611383000032],[37.63220957900006,14.925597863000064],[37.631670307000036,14.922583516000032],[37.63085101000007,14.919704203000038],[37.62974680900004,14.917781323000042],[37.628361452000036,14.916130183000064],[37.627955893000035,14.91407476300003],[37.62742276700004,14.910101178000048],[37.62590238000007,14.907765639000047],[37.625210759000026,14.90680334800004],[37.624242622000054,14.90542812600006],[37.622994479000056,14.904189065000025],[37.62216489900004,14.902952508000055],[37.62175420300008,14.901717339000072],[37.62204377100005,14.900076243000058],[37.62302841300004,14.898850594000066],[37.62513215600006,14.897220387000061],[37.62612196400005,14.89517333200007],[37.626276131000054,14.892847844000073],[37.62587494500008,14.890107736000061],[37.62504801100005,14.888459945000022],[37.623945742000046,14.886262491000025],[37.62269943800004,14.884750008000026],[37.62131432700005,14.883098844000074],[37.619928653000045,14.881584381000039],[37.617845963000036,14.879930131000037],[37.61590039300006,14.878685702000041],[37.61493415600006,14.877038162000076],[37.61354332700006,14.876345053000023],[37.609229139000036,14.874539397000035],[37.606863116000056,14.873566909000033],[37.604914149000024,14.872870363000061],[37.60366365900006,14.872041341000056],[37.603535710000074,14.87026101300006],[37.60285104800005,14.868203877000042],[37.60174204100008,14.86710228100003],[37.60035573500005,14.865724421000039],[37.60008722600003,14.864081084000077],[37.60010134500004,14.861890354000025],[37.59983726300004,14.859562346000075],[37.59914766900005,14.858325440000044],[37.59776201100004,14.856812004000062],[37.59582029000006,14.855020595000042],[37.59443202500006,14.853917263000028],[37.592211306000024,14.852124121000031],[37.589709783000046,14.850602665000054],[37.58832363800008,14.849225886000056],[37.586935751000055,14.848121387000049],[37.58554757600007,14.847018009000067],[37.58528810800004,14.844005322000044],[37.58502685600007,14.84126604200003],[37.58461911200004,14.83962070900003],[37.583941233000075,14.836605446000021],[37.58353350300007,14.834960103000071],[37.581871740000054,14.833033613000055],[37.57909235600005,14.831373641000027],[37.57798186400004,14.830545369000049],[37.576036068000064,14.829438498000059],[37.574649855000075,14.828061642000023],[37.57437889700003,14.82682728900005],[37.57271128300005,14.825858825000068],[37.570067239000025,14.824884286000042],[37.568539025000064,14.823916670000074],[37.56730605300004,14.820487780000065],[37.56606141300006,14.818837216000077],[37.56300694000004,14.81662736000004],[37.56064087300007,14.815792315000067],[37.558834954000076,14.814685060000045],[37.55675064900004,14.813440459000049],[37.55383419000003,14.811505932000046],[37.55370634500008,14.80972560400005],[37.55357788900005,14.808081989000073],[37.55442487500005,14.80658233400004],[37.55665841300004,14.806321791000073],[37.55778047600006,14.805370694000032],[37.56029119500005,14.805386395000028],[37.56168168700003,14.806079768000075],[37.562510290000034,14.807316498000034],[37.56445851900003,14.808013336000045],[37.565998301000036,14.807201516000077],[37.56572650000004,14.806104982000022],[37.567267161000075,14.805156449000037],[37.568100568000034,14.805709612000044],[37.568662172000074,14.805165119000037],[37.56894567100005,14.804482179000047],[37.57089479800004,14.805042258000071],[37.57215912600003,14.803680702000065],[37.57355472900008,14.803552636000063],[37.57398232600008,14.802187008000033],[37.574130626000056,14.800818530000072],[37.574975659000074,14.799592209000025],[37.573873099000025,14.797532422000074],[37.574440915000025,14.796029819000069],[37.574728847000074,14.794663333000074],[37.57584987300004,14.793848857000057],[37.57669130100004,14.793169340000077],[37.57683778300003,14.792075413000077],[37.57586773200006,14.791111294000075],[37.577265338000075,14.790708644000063],[37.578380985000024,14.790715524000063],[37.57991881000004,14.79017814100007],[37.58021294300005,14.787852421000025],[37.57910590700004,14.78647733400004],[37.57828083900006,14.784692705000055],[37.57829153100005,14.783049944000027],[37.578309346000026,14.780312385000059],[37.57720772400006,14.77811590400006],[37.57568602600003,14.776190254000028],[37.57458384900008,14.774129359000028],[37.573199749000025,14.772479113000031],[37.572933602000035,14.770560085000056],[37.57196245200004,14.76973379900005],[37.570713553000076,14.768767942000068],[37.56793713400003,14.766834501000062],[37.56641200900003,14.76545563600007],[37.56614293400003,14.763947844000029],[37.565873846000045,14.762441199000023],[37.56575246700004,14.759702785000059],[37.56506394100006,14.758329115000038],[37.56312512000005,14.756264102000046],[37.56159650400008,14.755433183000036],[37.55922596100004,14.755418418000033],[37.55657621200004,14.755401886000072],[37.55574510800005,14.754575295000052],[37.55324311700008,14.753328097000065],[37.55227514300003,14.752090476000035],[37.55257126600003,14.74949139000006],[37.552724150000074,14.747439396000061],[37.55454335200005,14.746492648000071],[37.557057893000035,14.745823651000023],[37.558330038000065,14.743230646000029],[37.558068228000025,14.740628066000056],[37.556964279000056,14.738841645000036],[37.556416359000025,14.737333246000048],[37.55462372000005,14.734309845000041],[37.554074924000076,14.732938154000067],[37.55395157600003,14.730473146000065],[37.55396511400005,14.728420276000065],[37.553278843000044,14.72677316000005],[37.55176853000006,14.723204656000064],[37.551500772000054,14.721561292000047],[37.55136931800007,14.720327786000041],[37.551381968000044,14.71841162100003],[37.550417750000065,14.716626052000038],[37.54919184800008,14.712239046000036],[37.54976769500007,14.709504977000051],[37.55062933100004,14.705676744000073],[37.551906667000026,14.702263494000022],[37.55430032900006,14.698719347000065],[37.55655073600008,14.695722269000044],[37.55851863100003,14.693270256000062],[37.56034540500008,14.691091913000037],[37.56232395400008,14.686997106000035],[37.56358489400003,14.686046778000048],[37.56721857000008,14.684700960000043],[37.56903599000003,14.683890753000071],[37.571128986000076,14.683629085000064],[37.57255724700008,14.683357656000055],[37.54727419900007,14.666766946000052],[37.53683166500008,14.64399910700007],[37.52429644800003,14.625432077000028],[37.50845429900005,14.619573475000038],[37.50682149800008,14.620290643000033],[37.505779748000066,14.621157348000054],[37.50192797300008,14.62171563100003],[37.49911035900004,14.622570863000021],[37.49688249700006,14.623721381000053],[37.49347280100005,14.624572729000022],[37.48725705600003,14.624532458000033],[37.48622418800005,14.62408963300004],[37.482531288000075,14.623046491000025],[37.47898866500003,14.621712787000035],[37.476628851000044,14.620532505000028],[37.47367603500004,14.61949407700007],[37.46910146100004,14.617570470000032],[37.46718885700005,14.615956933000064],[37.465873060000035,14.613618559000031],[37.465593366000064,14.61128700100005],[37.46456567000007,14.610115374000031],[37.46339077700003,14.608797025000058],[37.46177719000008,14.606748179000022],[37.457943905000036,14.60468465200006],[37.452475126000024,14.603775077000023],[37.44951757200005,14.603463947000023],[37.445963955000025,14.60373179800007],[37.441971711000065,14.603267932000051],[37.43812254200003,14.603533698000035],[37.43501196400007,14.60394896300005],[37.432936073000064,14.604518014000064],[37.43100632000005,14.605378391000045],[37.42922654800003,14.605949396000028],[37.42522395200007,14.60694151000007],[37.41899850200008,14.60835460100003],[37.41737702700004,14.60747025300003],[37.40805447900004,14.607406813000068],[37.40435213600006,14.607818748000057],[37.398579064000046,14.608070671000064],[37.395607865000045,14.609651184000029],[37.392173816000025,14.613849596000023],[37.38786315600004,14.616440949000037],[37.38089659000008,14.617994727000053],[37.37913021500003,14.616671888000042],[37.37454414900003,14.616494213000067],[37.37288488100006,14.61595615400006],[37.370410175000075,14.615154794000034],[37.36893816800006,14.614125435000062],[37.36599039400005,14.612502755000037],[37.36452351300005,14.610745828000063],[37.362635555000054,14.605927605000034],[37.36177254300003,14.602572857000041],[37.36006466200007,14.593388136000044],[37.36026676000006,14.586110348000034],[37.35853634400007,14.57998267000005],[37.358701789000065,14.577654223000025],[37.357271851000064,14.570946797000033],[37.355262003000064,14.562634388000049],[37.35498781700005,14.559719876000031],[37.35533104700005,14.553316408000057],[37.356011221000074,14.541382725000062],[37.356339268000056,14.537017265000031],[37.35591719300004,14.534101703000033],[37.35447132000007,14.529578069000024],[37.351713561000054,14.522425207000026],[37.35056383700004,14.517903624000041],[37.35088004700003,14.515138990000025],[37.348838638000075,14.51119410900003],[37.34797714000007,14.507693611000036],[37.34667400600006,14.503898527000047],[37.346247455000025,14.501565903000028],[37.34629065100006,14.495743282000035],[37.346462547000044,14.492540419000022],[37.34648952400005,14.488901568000074],[37.34605759100003,14.487296487000037],[37.34532892000004,14.485835059000067],[37.34550373700006,14.482197248000034],[37.34641583200005,14.478854967000075],[37.348960281000075,14.474795442000072],[37.34781583900008,14.469546304000062],[37.348008880000066,14.463432100000034],[37.34689384100005,14.45425264000005],[37.34545387600008,14.449000302000059],[37.344914035000045,14.442008754000028],[37.345127484000045,14.433128959000044],[37.345778101000064,14.425125558000047],[37.34640072600007,14.420906754000043],[37.34943689500005,14.412774269000067],[37.34767795600004,14.406462221000027],[37.34769053800005,14.406289466000032],[37.34788123100003,14.405853562000061],[37.34808583200004,14.405025729000045],[37.348324379000076,14.40442746900004],[37.348669363000056,14.403738445000045],[37.349875637000025,14.402766210000038],[37.35091530600005,14.402183721000029],[37.35243883900006,14.401374117000046],[37.35316016100006,14.400813109000069],[37.354599549000056,14.400371217000043],[37.35549673200006,14.399971866000044],[37.35651265700005,14.399424207000038],[37.35762220500004,14.398911077000037],[37.35818930900007,14.398591895000038],[37.358981193000034,14.398088981000058],[37.35958497400003,14.397469530000023],[37.359894473000054,14.396792660000074],[37.36023992200006,14.396033573000068],[37.360619987000064,14.395413685000051],[37.361403721000045,14.39411758600005],[37.36184388400005,14.393243914000038],[37.36227193900004,14.392440192000038],[37.362605650000035,14.391659556000036],[37.363069101000065,14.390809773000058],[37.36343719800004,14.390201087000037],[37.36418305800004,14.389444745000048],[37.364727809000044,14.388848599000028],[37.365189642000075,14.388378398000043],[37.36576927400006,14.387886428000058],[37.366454754000074,14.38738274700006],[37.367778162000036,14.386537751000049],[37.36890038900003,14.38586308400005],[37.370011814000065,14.385039196000037],[37.37090952600005,14.384514380000041],[37.37233841300008,14.383784192000064],[37.37338274500007,14.382176880000031],[37.37342134900007,14.381486831000075],[37.37335567000008,14.380472940000061],[37.37307909300006,14.379251972000077],[37.37278805500006,14.378548355000078],[37.372169591000045,14.377326174000075],[37.371833167000034,14.376287819000027],[37.371978238000054,14.375540887000057],[37.372430105000035,14.374679688000072],[37.37267938800005,14.374265630000025],[37.37375384000006,14.373695681000072],[37.374461680000024,14.373456505000036],[37.37578172800005,14.373301745000049],[37.376581851000026,14.37344280700006],[37.37698119500004,14.373674895000022],[37.377826722000066,14.374232046000031],[37.381136466000044,14.374200469000073],[37.381552243000044,14.373476843000049],[37.38174608400004,14.37234948500003],[37.381751130000055,14.37132590400006],[37.38180241500004,14.370439351000073],[37.38199525300007,14.369531164000023],[37.38212832600004,14.368794302000026],[37.38237959400004,14.36797917000007],[37.38298451000003,14.367141583000034],[37.383969001000025,14.365695353000035],[37.38431237100008,14.365328255000065],[37.38565637100004,14.365058349000037],[37.387551175000056,14.365353715000026],[37.388209164000045,14.365679063000073],[37.38989850200005,14.367033904000039],[37.39233631400003,14.36712503900003],[37.392623221000065,14.366182453000022],[37.39261508100003,14.365457054000046],[37.39239504200003,14.364662430000067],[37.39210502200007,14.36372835800006],[37.391720631000055,14.362863701000038],[37.39123103500003,14.361801724000031],[37.39037667100007,14.360659328000054],[37.38968552000006,14.359907815000042],[37.38892320200006,14.359224742000038],[37.385621497000045,14.357599053000058],[37.38296541900007,14.356447740000021],[37.38187182300004,14.356108106000022],[37.38078032300007,14.355356105000055],[37.380033524000055,14.353890148000062],[37.38056241400005,14.351694008000038],[37.380684710000025,14.350762745000054],[37.38079388800003,14.350083335000022],[37.38124673800007,14.34899163600005],[37.381425774000036,14.348509298000067],[37.38130284500005,14.347150422000027],[37.38105861400004,14.346504760000073],[37.38054623800008,14.345317210000076],[37.38055113000007,14.344315099000028],[37.380958304000046,14.342924811000046],[37.381302583000036,14.342304629000068],[37.38166933700006,14.341984005000029],[37.382623731000024,14.341850415000067],[37.38301216900004,14.341898258000072],[37.38415387900005,14.342064214000061],[37.38493035700003,14.342217508000033],[37.38574231200005,14.342312295000056],[37.38648369300006,14.34243145000005],[37.38680145200004,14.342478807000077],[37.38760137000003,14.34267744500005],[37.38822476400003,14.34280708500006],[37.38910777500007,14.342892172000063],[37.39008437000007,14.343056980000028],[37.39120272800005,14.343166258000053],[37.39236817400007,14.343217088000074],[37.393393091000064,14.343186752000065],[37.39499554900004,14.342975016000025],[37.39590638100003,14.342162073000054],[37.396547732000045,14.340990254000076],[37.39690702400003,14.339761169000042],[37.39850407000006,14.338225226000077],[37.399152651000065,14.338031887000056],[37.40035295700005,14.338268206000066],[37.40114014200003,14.338628278000044],[37.40351145900007,14.337717784000063],[37.40375356900006,14.336337632000038],[37.40372206500007,14.33550813100004],[37.403515508000055,14.33440289500004],[37.402407528000026,14.332095109000022],[37.401721389000045,14.33027372500004],[37.40133752400004,14.329293836000033],[37.40100235500006,14.327944821000074],[37.40064301600006,14.326734615000078],[37.40013198300005,14.32522510900003],[37.400242511000044,14.324303916000076],[37.400107139000056,14.323048895000056],[37.399973353000064,14.321448152000073],[37.400083824000035,14.32049306600004],[37.400797424000075,14.319046035000042],[37.40143494700004,14.318645849000063],[37.40287510700006,14.317926799000077],[37.403773804000025,14.317091119000054],[37.404216004000034,14.315757501000064],[37.404221161000066,14.314617525000074],[37.403907581000055,14.313695739000025],[37.40316901600005,14.313025310000057],[37.40164513900004,14.311579044000041],[37.40014271800004,14.310582597000064],[37.39913337300004,14.309865140000056],[37.39845296000004,14.309331796000038],[37.39773751700005,14.308754147000059],[37.39712692200004,14.308382834000042],[37.39684547500008,14.308162885000058],[37.39458799300007,14.304998820000037],[37.39394565400005,14.303879336000023],[37.393468908000045,14.30261071600006],[37.393579301000045,14.301668053000071],[37.39378222100004,14.301115813000024],[37.39423220300006,14.300565231000064],[37.39489602900005,14.29963534500007],[37.395678942000075,14.298372959000062],[37.39631893100005,14.29753555600007],[37.397513384000035,14.296401349000064],[37.39867149200006,14.295531266000069],[37.39955698500006,14.294993775000023],[37.400006208000036,14.294628471000067],[37.40096269900005,14.294045136000022],[37.40141151900008,14.293736313000068],[37.402274067000064,14.293083414000023],[37.40306687000003,14.292258307000054],[37.40426374300006,14.290606614000069],[37.408017689000076,14.28852687400007],[37.408925245000034,14.288347654000063],[37.41032484100003,14.288629297000057],[37.41115905700008,14.289035960000035],[37.41198151200007,14.289384917000064],[37.41256962600005,14.28949052300004],[37.41358313600006,14.28927696900007],[37.415093832000025,14.288545852000027],[37.41597909800004,14.288032022000039],[37.41707849200003,14.287092530000052],[37.41800170600004,14.286037747000023],[37.41849964800008,14.285325872000044],[37.41885615800004,14.284625477000077],[37.41937739000008,14.283937476000062],[37.42034826200006,14.282732723000038],[37.42078664300004,14.282170711000049],[37.42148388600003,14.281575391000047],[37.42227681500003,14.280715185000076],[37.42319856800003,14.279947349000054],[37.42502284200003,14.27754946400006],[37.42566280800003,14.276608013000043],[37.42669258400008,14.275461243000052],[37.42862781400004,14.274468459000047],[37.42952319800003,14.274322959000074],[37.430619870000044,14.273924573000045],[37.43166897000003,14.273663705000047],[37.433153805000074,14.273381975000063],[37.434416086000056,14.272824222000054],[37.43597444900007,14.271875211000065],[37.437001579000025,14.27126957300004],[37.438030439000045,14.270202959000073],[37.438576494000074,14.269260860000031],[37.43887598900005,14.268122801000061],[37.439669485000024,14.267078358000049],[37.44066434300004,14.265770858000053],[37.441208422000045,14.265197060000048],[37.44185831800007,14.264692872000069],[37.442354598000065,14.26424643300004],[37.44407729100004,14.263436281000054],[37.44500763700006,14.263336141000025],[37.44609126200004,14.263225705000025],[37.44678755500007,14.262837048000051],[37.44720090200008,14.262574228000062],[37.447645539000064,14.260573885000042],[37.44700491200007,14.259051190000037],[37.44708003100004,14.258061921000035],[37.44721121900005,14.257682020000061],[37.44757853100003,14.257119475000025],[37.44780372400004,14.256797812000059],[37.448064929000054,14.256293331000052],[37.44835005900006,14.255718957000056],[37.44821121000007,14.255188150000038],[37.44807054300003,14.25504939800004],[37.447213635000026,14.254493573000047],[37.446979086000056,14.254320305000022],[37.44653423700004,14.253731017000064],[37.44644134400005,14.253466020000076],[37.446455478000075,14.25292491700003],[37.44665829600007,14.252361311000072],[37.44694187600004,14.252097637000077],[37.448192121000034,14.251584912000055],[37.44895795700006,14.251438485000051],[37.449723050000046,14.251442329000042],[37.45060536900007,14.251583650000043],[37.45126380100004,14.251770959000055],[37.451840283000024,14.251830050000024],[37.452993863000074,14.251857887000028],[37.454429756000025,14.251933854000072],[37.455228987000055,14.252201155000023],[37.45631016500005,14.25265444200005],[37.45693302600006,14.252921736000076],[37.45756738100005,14.253201532000048],[37.45839019300007,14.253492699000049],[37.45911915100004,14.253701917000058],[37.460165689000064,14.253971930000034],[37.46095369600005,14.254101303000027],[37.46157728400004,14.254219441000032],[37.46306002800003,14.254352158000074],[37.46416594000004,14.254493723000053],[37.46512978000004,14.25483211900007],[37.46581217900007,14.254904299000032],[37.46753152200006,14.254784289000042],[37.468180036000035,14.254556836000063],[37.46877042600005,14.254144834000044],[37.46998733400005,14.253159487000062],[37.47023642500005,14.252769024000031],[37.47063917300005,14.252137745000027],[37.47104221300003,14.251506476000031],[37.471245140000065,14.250873915000057],[37.47129363500005,14.250552213000049],[37.471052222000026,14.250278368000068],[37.47138740300005,14.249916704000043],[37.47143816100004,14.249432307000063],[37.47142511100003,14.248661652000067],[37.47132690600006,14.247719848000031],[37.47122798800007,14.24675430600007],[37.471220163000055,14.246283094000034],[37.471074961000056,14.245353419000025],[37.47094908200006,14.243490586000064],[37.471014386000036,14.24247751200005],[37.471006577000026,14.242005172000063],[37.47091676100007,14.241580899000041],[37.47082293700004,14.240892205000023],[37.47070740600003,14.240331058000038],[37.47055974700004,14.239251079000041],[37.47074440100005,14.235565500000064],[37.47060195900008,14.234786103000033],[37.47044383800005,14.23379871700007],[37.47033163300006,14.233431918000065],[37.47000709200006,14.232345169000041],[37.46976199200003,14.231071358000065],[37.46930490400007,14.229801853000026],[37.46870627900006,14.228523517000042],[37.46819167900003,14.227324821000025],[37.467897669000024,14.226650653000036],[37.46752743300004,14.225643838000053],[37.46724424300004,14.224912121000045],[37.466685349000045,14.223886010000058],[37.46637644300006,14.22301741800004],[37.466165638000064,14.221686207000062],[37.46607389600007,14.22043373200006],[37.46611900400006,14.219627287000037],[37.46615359100008,14.218878403000076],[37.46625814200007,14.217414763000022],[37.46663076300007,14.216475968000054],[37.46699919300005,14.215986843000053],[37.46785057900007,14.215500802000065],[37.46859986000004,14.215257035000036],[37.46977526100005,14.215156089000061],[37.470918306000044,14.21521763100003],[37.471743256000025,14.215260196000031],[37.47287166800004,14.215172495000047],[37.47360978000006,14.214952363000066],[37.47543892200008,14.214517729000022],[37.47674695300003,14.21389672600003],[37.477736865000054,14.213257872000042],[37.478428516000065,14.212405821000061],[37.47909697600005,14.210864404000063],[37.47940240600008,14.210134191000066],[37.479916469000045,14.208513826000058],[37.48041932700005,14.206226756000035],[37.48082408100004,14.205102839000062],[37.48145634900004,14.204206340000042],[37.48229055000007,14.203420720000054],[37.482811824000066,14.202928007000025],[37.48417543200003,14.202122002000067],[37.48576055900003,14.201876682000034],[37.48713373500004,14.201633409000067],[37.48800412600008,14.201584669000056],[37.48901576700007,14.201543602000072],[37.48979077700005,14.201426472000037],[37.49100891900008,14.201071459000048],[37.49173033300008,14.200564168000028],[37.49296112500008,14.199565200000052],[37.49403104100003,14.19880925800004],[37.49508297500006,14.197663388000024],[37.49652249400003,14.196488319000025],[37.49702112400007,14.196041755000067],[37.49739314000004,14.19508029800005],[37.49750465300008,14.194020034000062],[37.497142636000035,14.192806520000033],[37.49656950700006,14.19164253100007],[37.49622307000004,14.190658486000075],[37.49592232100008,14.189593377000051],[37.495740925000064,14.188606980000031],[37.495601599000054,14.187344019000022],[37.495500950000064,14.186275649000038],[37.49556775700006,14.185365378000029],[37.49582824400005,14.18476252000005],[37.496437581000066,14.183899722000035],[37.49728580000004,14.18325197400003],[37.497822847000066,14.182989813000063],[37.49851149800003,14.182655164000039],[37.499559015000045,14.182648165000046],[37.500149100000044,14.182730952000043],[37.50069069600005,14.182744513000046],[37.500854607000065,14.182694695000066],[37.501564065000025,14.182188421000035],[37.50264121500004,14.181858446000035],[37.503424031000065,14.181510810000077],[37.50431217500005,14.181127674000038],[37.50575628900003,14.180906187000062],[37.50691014000006,14.18093258500005],[37.50790008200005,14.181007671000032],[37.50890590400007,14.181312227000035],[37.50963084500006,14.181713322000064],[37.51081828500003,14.182313899000064],[37.51196190400003,14.183111926000038],[37.51247596200005,14.183573859000035],[37.51333297200006,14.184814153000048],[37.51557363300003,14.185741002000043],[37.51769239400005,14.185738302000061],[37.51916319000003,14.185023134000062],[37.51983737300003,14.183837518000075],[37.52027084700006,14.183024408000051],[37.52078513200007,14.18211688200006],[37.521455364000076,14.181403530000068],[37.52232210600005,14.181146742000067],[37.52378261700005,14.181881137000062],[37.52472214100004,14.183129817000065],[37.52511202900007,14.183906197000056],[37.525281876000065,14.184190841000031],[37.52599070800005,14.185030199000039],[37.526311934000034,14.185231034000026],[37.52736525600005,14.184868042000062],[37.52765905000007,14.184160272000042],[37.52799102000006,14.182922801000075],[37.528241749000074,14.181756031000077],[37.52843784400005,14.180844273000048],[37.52851117600005,14.178944232000049],[37.52840601200006,14.177610302000062],[37.528225263000024,14.17668154100005],[37.52797529400004,14.175846138000054],[37.52705537700007,14.172996526000077],[37.52626344300006,14.17144595700006],[37.525854484000035,14.17093497600007],[37.52534956400007,14.170310441000026],[37.525035142000036,14.169821515000024],[37.52463654400003,14.169230391000042],[37.52438427200008,14.168935058000045],[37.52287083900006,14.167845560000046],[37.52237216700007,14.167600690000029],[37.521049197000025,14.167324748000055],[37.51933600700005,14.16695261600006],[37.518528666000066,14.166540871000052],[37.517912661000025,14.166309967000075],[37.517563718000076,14.16587843800005],[37.51719146600004,14.164757535000035],[37.517000401000075,14.163908929000058],[37.516948212000045,14.163610318000053],[37.516488011000035,14.16216798000005],[37.517344937000075,14.159979020000037],[37.51761470200006,14.159225914000046],[37.51800751900004,14.158114254000054],[37.518390390000036,14.15710649600004],[37.518613954000045,14.15642314400003],[37.51872313000007,14.155926671000032],[37.51888899000005,14.155301730000076],[37.51923874000005,14.153731067000024],[37.51947603600007,14.153163064000069],[37.51965420100004,14.152561922000075],[37.520051213000045,14.151690969000072],[37.52070074100004,14.150448678000032],[37.52097826600004,14.14947754800005],[37.52109934300006,14.14830094000007],[37.521074027000054,14.147518889000025],[37.52103394100004,14.146553707000066],[37.52089512900005,14.145324645000073],[37.520837580000034,14.143345835000048],[37.52081701700007,14.140078037000023],[37.520816205000074,14.139352637000059],[37.520866598000055,14.138856919000034],[37.52121642700007,14.137308852000046],[37.52149880500008,14.136613433000036],[37.52187418600005,14.135858709000047],[37.522230999000044,14.135380693000059],[37.52288548300004,14.134437856000034],[37.52369267300003,14.133467715000052],[37.52550935800008,14.131664238000042],[37.52578704300004,14.130704390000062],[37.525990053000044,14.130193787000053],[37.52607912000008,14.12989264600003],[37.52608774600003,14.129720960000043],[37.52611826900005,14.129431891000024],[37.52610836100007,14.128856707000068],[37.52609909800003,14.128316552000058],[37.526103513000066,14.127901902000076],[37.52611540400005,14.127222905000053],[37.52614505100007,14.126888633000021],[37.52620513000005,14.126277723000044],[37.52629651900003,14.125435378000077],[37.52634732000007,14.124963384000068],[37.52636596000008,14.124675362000062],[37.52638245000003,14.124272097000073],[37.526522303000036,14.123498970000071],[37.52696471400003,14.121856540000067],[37.52718024400008,14.120701965000023],[37.52757673700006,14.119808375000048],[37.52815124400007,14.118326067000055],[37.529449759000045,14.116508072000045],[37.53027821500007,14.115411468000048],[37.53098338600006,14.114673426000024],[37.53264146500004,14.113919726000063],[37.53343005000005,14.113940351000053],[37.53473820800008,14.114044360000037],[37.53566042600005,14.114304213000025],[37.53671701700006,14.114825868000025],[37.53818197800007,14.115169216000027],[37.53920806900004,14.115300868000077],[37.539337239000076,14.115286962000027],[37.540933763000055,14.115062759000068],[37.54115744600006,14.115070890000027],[37.54152283700006,14.115097967000054],[37.54262817500006,14.115056077000077],[37.54334498000003,14.114985837000063],[37.54444563100003,14.114678376000029],[37.544820283000035,14.114568789000032],[37.54572925000008,14.114046611000049],[37.54603074800008,14.113787414000058],[37.54625536200007,14.113602350000065],[37.54625406200006,14.113671255000042],[37.54643067100005,14.113663287000065],[37.54665661800004,14.113541488000067],[37.546773760000065,14.113554626000052],[37.54692613200007,14.113580399000057],[37.54727131400006,14.113368931000025],[37.547845592000044,14.112861673000054],[37.54854569500003,14.111907732000077],[37.549117738000064,14.110881817000063],[37.54961837900004,14.109290523000027],[37.549744143000055,14.108856263000064],[37.55055500800006,14.107639705000054],[37.55129748000007,14.106939103000059],[37.55174279800008,14.106406203000063],[37.55198205700003,14.106191831000046],[37.552471283000045,14.105810599000051],[37.55268371000005,14.105767807000063],[37.555478863000076,14.106615082000076],[37.55752727000004,14.106504205000022],[37.55809463400004,14.106352791000063],[37.55856952400006,14.105486725000048],[37.55866944100006,14.104556268000067],[37.558933859000035,14.103007601000058],[37.55899846300008,14.102075803000048],[37.55903839800004,14.101201477000075],[37.55903368200006,14.100200341000061],[37.558797035000055,14.09903285100006],[37.55832678100006,14.097780342000021],[37.55822983000007,14.096673567000039],[37.558323657000074,14.094821059000026],[37.55962845500005,14.093602888000078],[37.560447828000065,14.093180678000067],[37.561262000000056,14.093034124000042],[37.562732469000025,14.093638375000069],[37.56699254900008,14.096619618000034],[37.56813326200006,14.09725012000007],[37.56913535000007,14.09774193900006],[37.57029017100007,14.098247091000076],[37.57092327500004,14.09836271000006],[37.57193317700006,14.098438759000032],[37.57329364900005,14.098636648000024],[37.57447669600003,14.098888842000065],[37.57569822000005,14.098348052000063],[37.57644950100007,14.09779769100004],[37.57691323600005,14.096896489000073],[37.57770978900004,14.093941905000065],[37.577998286000025,14.092968474000031],[37.57812932000007,14.091623497000057],[37.578519491000065,14.090260840000042],[37.57871967700004,14.08962021900004],[37.57902593600005,14.088347464000037],[37.57957511800004,14.08789759900003],[37.58039169700004,14.08763687000004],[37.58045419700005,14.086796571000036],[37.58073965600005,14.085374541000022],[37.581032718000074,14.084171757000036],[37.58165444500003,14.08237543100006],[37.58212576100004,14.081693459000064],[37.58244074600003,14.08120378500007],[37.585201479000034,14.07821662400005],[37.58591282700007,14.077273916000024],[37.58634794000005,14.076636921000045],[37.58701276000005,14.07568262500007],[37.58796062700003,14.07467575000004],[37.589143947000025,14.073638609000056],[37.59102027000006,14.072660879000068],[37.591961594000054,14.072009877000028],[37.59270654300008,14.071148687000061],[37.593100271000026,14.070223299000077],[37.593385011000066,14.068191073000037],[37.593233817000055,14.066841043000068],[37.59295266300006,14.066156916000068],[37.592750684000066,14.065634841000076],[37.59185751900003,14.063718906000076],[37.59171076800004,14.063393759000064],[37.591180777000034,14.062186152000038],[37.59097888300005,14.061652774000038],[37.59086343700005,14.060280349000038],[37.59058147300004,14.059019954000064],[37.59029290500007,14.057472515000029],[37.590332766000074,14.05658687700003],[37.590506068000025,14.056117826000047],[37.59159052200005,14.054100427000037],[37.59192759800004,14.05367979600004],[37.593517306000024,14.053548938000063],[37.59517315100004,14.054293035000057],[37.596263081000075,14.055119706000028],[37.596808475000046,14.055509313000073],[37.597550874000035,14.056053740000038],[37.598504769000044,14.056600520000075],[37.59947476900004,14.056929307000075],[37.600761609000074,14.056642972000077],[37.601058153000054,14.056510229000025],[37.601331823000066,14.05633102400003],[37.60161985800005,14.056025348000048],[37.60183222500007,14.055983636000065],[37.60208122800003,14.052718410000068],[37.60195756100006,14.051783231000059],[37.601634982000064,14.049531645000059],[37.601352262000034,14.048294978000058],[37.60144762700003,14.045694395000055],[37.60325845300008,14.042538754000077],[37.60390443500006,14.041941347000034],[37.60569948400007,14.04152571800006],[37.60709755600004,14.041585749000035],[37.60906660300003,14.041921375000072],[37.60991200600006,14.041983867000056],[37.611382820000074,14.041930168000022],[37.61270136600007,14.041839431000028],[37.61386801300006,14.041700367000033],[37.61512911500006,14.041539214000068],[37.61627161500007,14.041421466000031],[37.61740374100003,14.041247141000042],[37.61838366100005,14.041023363000022],[37.618997637000064,14.040885624000055],[37.62021663200005,14.04045867900004],[37.62145684700005,14.040159534000054],[37.622496296000065,14.039902189000031],[37.62321536500008,14.039800055000057],[37.62389828100004,14.039744060000032],[37.62454960200006,14.039502557000048],[37.62492922000007,14.038680980000038],[37.624793097000065,14.037780761000022],[37.624754395000025,14.037330828000051],[37.62417293900006,14.035708284000066],[37.62407125300007,14.035487372000034],[37.62388959700007,14.035138309000047],[37.623407980000025,14.034484710000072],[37.622661820000076,14.033504189000041],[37.621973067000056,14.032604211000034],[37.621047419000035,14.031159373000037],[37.620570507000025,14.030252694000069],[37.62014940500006,14.02949661200006],[37.61915483000007,14.027970028000027],[37.618115517000035,14.026327922000064],[37.617083223000066,14.02429376300006],[37.616429406000066,14.022784927000032],[37.615893862000064,14.021865474000037],[37.61417382700006,14.018874826000058],[37.61356594600005,14.01805777800007],[37.61262419600007,14.016853494000031],[37.612034169000026,14.015714518000038],[37.61143289000006,14.013896378000027],[37.61095514800007,14.013046173000077],[37.61043755700007,14.011793476000037],[37.61036195300005,14.010802071000057],[37.610799959000076,14.009359373000052],[37.61131213900006,14.008379251000065],[37.611713888000054,14.00762674400005],[37.612304022000046,14.006866280000054],[37.613088478000066,14.006408616000044],[37.61458730800007,14.005457853000053],[37.61646723000007,14.004249366000067],[37.61750347100008,14.003530977000025],[37.61816933100005,14.003117819000067],[37.61832420200005,14.003005706000067],[37.61882361100004,14.002703463000046],[37.61932259100007,14.002424950000034],[37.62031898600003,14.001304055000048],[37.62300897000006,14.000327240000047],[37.62303085700006,13.999614364000024],[37.62307469500007,13.999005564000072],[37.62308171400008,13.997683555000037],[37.62316860800007,13.996546179000063],[37.62340599100003,13.995594973000038],[37.623563542000056,13.995274958000039],[37.623761192000075,13.994633133000036],[37.62384808100006,13.99432401100006],[37.624010428000076,13.993681984000034],[37.624144544000046,13.993361837000066],[37.62464012400005,13.992482148000022],[37.62508608300004,13.991775052000037],[37.625808445000075,13.990703431000043],[37.62610785800007,13.990362751000077],[37.62641228000007,13.989665024000033],[37.62667838200008,13.989185157000065],[37.62683627400003,13.988853858000027],[37.627164192000066,13.988144970000064],[37.627335507000055,13.987698472000034],[37.627555365000035,13.987160720000077],[37.62771225900008,13.98689833900005],[37.62800234800005,13.986373405000052],[37.62827846000005,13.98600884700005],[37.628879178000034,13.985199813000065],[37.62975847200005,13.983853344000067],[37.63031505500004,13.982825969000032],[37.63073619800008,13.982198938000067],[37.631012234000025,13.981845686000042],[37.63144263500004,13.981414207000057],[37.631838008000045,13.980936199000041],[37.63195862600003,13.980742526000029],[37.63221523500005,13.980102152000029],[37.632795729000065,13.97903986800003],[37.63295466400007,13.978627193000023],[37.633211334000066,13.977975524000044],[37.63349785300005,13.97687541700003],[37.63356437500005,13.976335673000051],[37.63384234400007,13.97501630100004],[37.63379367700003,13.974291720000053],[37.633723272000054,13.973428037000076],[37.633749548000026,13.972405563000052],[37.63376738900007,13.971980792000068],[37.633683147000056,13.97125488200004],[37.633670763000055,13.970461579000073],[37.63362699600003,13.970230824000055],[37.633614185000056,13.96946011500006],[37.633329195000044,13.96795000700007],[37.63324574300003,13.96719020300003],[37.63309178000003,13.966417571000022],[37.63281888800003,13.965701893000073],[37.63217350100007,13.964681296000037],[37.63178078200008,13.964125397000032],[37.63121487300003,13.963313160000041],[37.630790819000026,13.962480245000052],[37.63043685800005,13.961681622000071],[37.630095382000036,13.960826585000063],[37.62978072200008,13.959742300000073],[37.629623750000064,13.959187737000036],[37.62955139200005,13.958463022000046],[37.62979665100005,13.956947985000056],[37.63048575900007,13.955703262000043],[37.630819777000056,13.95542038900004],[37.63148554400004,13.95499135800003],[37.63236318700007,13.954588380000075],[37.63328999600003,13.954036504000044],[37.63439273900008,13.953521795000029],[37.63509013200007,13.953369771000041],[37.636469833000035,13.953271288000053],[37.63700944200008,13.953439294000077],[37.63794464500006,13.953968832000044],[37.63890328800005,13.954497378000042],[37.639606223000044,13.954782668000064],[37.640263137000034,13.954975048000051],[37.64084835500006,13.955257428000039],[37.641749968000056,13.955648905000032],[37.64291054100005,13.956076869000071],[37.64374423600003,13.95626005400004],[37.644471527000064,13.956487843000048],[37.64545882400006,13.956671879000055],[37.64720395300003,13.956556163000073],[37.647864612000035,13.956506731000047],[37.64912111800004,13.955958893000059],[37.651238309000064,13.954536708000035],[37.652064325000026,13.953603412000064],[37.653013016000045,13.95231597000003],[37.65333772300005,13.951837528000055],[37.654287099000044,13.950527488000034],[37.656127240000046,13.946985012000027],[37.656525600000066,13.945471915000041],[37.65679513400005,13.94472875200006],[37.65722882400007,13.943204545000071],[37.65735088300005,13.942056026000046],[37.65742417800004,13.940182923000066],[37.65760173800004,13.939287837000052],[37.657678229000055,13.938863382000022],[37.65783952000004,13.938278947000072],[37.658096011000055,13.93763853200005],[37.658316444000036,13.937031816000058],[37.65846574500006,13.936469918000057],[37.658539106000035,13.935436387000038],[37.65842558400004,13.933457169000064],[37.65843658800003,13.93265268600004],[37.65860904500005,13.931286361000048],[37.65871572300006,13.930390873000022],[37.658883840000044,13.929322833000072],[37.659290232000046,13.92721201300003],[37.65969402800005,13.925296661000061],[37.65997844100008,13.924323049000066],[37.66088794700005,13.921620609000058],[37.66123023700004,13.920739982000043],[37.662019318000034,13.919059510000068],[37.662710565000054,13.917641780000054],[37.66363463600004,13.916423077000047],[37.664460450000036,13.915490848000047],[37.66555716700003,13.914572521000025],[37.66669966200004,13.913735806000034],[37.66814659000005,13.913018263000026],[37.670586343000025,13.912093670000047],[37.672185601000024,13.911434573000065],[37.67364185500003,13.910901229000046],[37.67486029300005,13.910536086000036],[37.676174511000056,13.910058458000037],[37.677383027000076,13.909555385000033],[37.67840528700003,13.908901012000058],[37.67914521100005,13.908208949000027],[37.679884782000045,13.90752817400005],[37.68066621400004,13.906399025000042],[37.68099321400007,13.905747655000027],[37.68121396300006,13.905118316000028],[37.681400893000045,13.904384829000037],[37.68190433600006,13.902907261000053],[37.68214045800005,13.902013590000024],[37.68268147100008,13.900387048000027],[37.68338154000003,13.899165924000044],[37.684044406000055,13.898081313000034],[37.68496780000004,13.896896406000053],[37.68610203600008,13.895806421000032],[37.687493532000076,13.894835328000056],[37.68856200100004,13.894227492000027],[37.69279501600005,13.892209405000074],[37.69421528700008,13.891720932000055],[37.69627394300005,13.891044888000067],[37.69750469400003,13.890623181000024],[37.69865197900003,13.890291427000022],[37.70200793400005,13.889493429000026],[37.70394796100004,13.889759101000038],[37.706211935000056,13.890429893000032],[37.70822587200007,13.89129370300003],[37.70921863500007,13.891915938000068],[37.70980153800008,13.892348422000055],[37.71041623900004,13.89304548900003],[37.711760784000035,13.894636845000036],[37.71254448600007,13.895888506000063],[37.713167146000046,13.896873761000052],[37.713953622000076,13.897941236000065],[37.71467513700003,13.898571059000062],[37.71594650700007,13.899494183000058],[37.71631987000006,13.899752658000068],[37.71819718900008,13.900292496000077],[37.718985916000065,13.900324888000057],[37.71925555200005,13.900408792000064],[37.71974799100008,13.900575224000022],[37.72049952100008,13.900746411000057],[37.722429384000066,13.900884210000072],[37.72343335800008,13.900689446000058],[37.72520843800004,13.900102079000021],[37.72629720400005,13.89973486100007],[37.72734933000004,13.899460092000027],[37.72848589700004,13.899025323000046],[37.72985991400003,13.898478775000058],[37.73070256900007,13.898006289000023],[37.732247726000026,13.896990524000046],[37.733344223000074,13.896049264000055],[37.73391669600005,13.895538077000026],[37.73541951000004,13.894164987000067],[37.73579294700005,13.893560120000075],[37.73608121800004,13.892286941000066],[37.73624377400006,13.891588309000042],[37.73650336700007,13.88984264800007],[37.736358395000025,13.888369487000034],[37.73617567600007,13.887079197000048],[37.73607771300004,13.885628894000035],[37.73626787000006,13.883780036000076],[37.73707196700008,13.882674519000034],[37.73773005500004,13.881935500000054],[37.73839794500003,13.881310661000043],[37.74049004200003,13.879921352000054],[37.74218371300003,13.879218165000054],[37.743403742000055,13.87872610200003],[37.74456192300005,13.878441638000027],[37.74604776800004,13.878310269000053],[37.746990339000035,13.878275555000073],[37.747909427000025,13.878252012000075],[37.74892337600005,13.87817132400005],[37.74998443100003,13.87809313200006],[37.75208231000005,13.878041697000072],[37.75284168400003,13.877711084000055],[37.75324893700008,13.877419359000044],[37.754236468000045,13.876546362000056],[37.75484742800006,13.875630768000065],[37.75558545400003,13.87453049000004],[37.756484888000045,13.873199379000027],[37.75714071300007,13.87211110000004],[37.757785513000044,13.871081547000074],[37.758612793000054,13.869612193000023],[37.759220491000065,13.86843327500003],[37.759839527000054,13.867243101000042],[37.760590308000076,13.866234403000021],[37.76161951500006,13.864958181000077],[37.76294838100006,13.864150142000028],[37.764685702000065,13.863141897000048],[37.76681479700005,13.861532174000047],[37.767291312000054,13.861146976000043],[37.76773204800003,13.860693788000049],[37.76832640200007,13.860330657000077],[37.768776195000044,13.859693322000055],[37.768808023000076,13.859417756000028],[37.76879112000006,13.859004078000055],[37.76871409900008,13.858475966000071],[37.767944009000075,13.857014351000032],[37.76748213600007,13.856709187000035],[37.76653511500007,13.856123575000026],[37.76600092700005,13.855658709000068],[37.76511035900006,13.85489823000006],[37.76474087100007,13.854454521000036],[37.76442838400004,13.853895837000039],[37.76422337500003,13.853460872000028],[37.764135123000074,13.852980173000049],[37.763999814000044,13.852486795000061],[37.763988195000024,13.85156803500007],[37.764145117000055,13.850980070000048],[37.764232341000024,13.850450526000031],[37.76423093200003,13.85033525800003],[37.764576014000056,13.849757295000074],[37.76575086500003,13.84885919800007],[37.766707033000046,13.84830802600004],[37.76740242600005,13.847587187000045],[37.76813088200004,13.846682303000023],[37.76871357500005,13.846331533000068],[37.76895715500007,13.84608641400007],[37.76952538900008,13.845517478000033],[37.770348814000045,13.844692166000073],[37.77050862300007,13.844322309000063],[37.77068781500003,13.843619206000028],[37.770629488000054,13.842723926000076],[37.77055937000006,13.841817293000076],[37.77041094800006,13.841232325000021],[37.770216754000046,13.84071831600005],[37.76996438100008,13.840272945000038],[37.76949685400007,13.839507831000049],[37.76846941800005,13.838118375000022],[37.76774051500007,13.837138373000073],[37.767052456000044,13.83658345200007],[37.76686372100005,13.836516962000076],[37.766460805000065,13.836222259000067],[37.76594922500004,13.835699874000056],[37.76588690400007,13.835402357000078],[37.76577660000004,13.835046973000033],[37.765703220000034,13.834818330000076],[37.765617527000074,13.834565909000048],[37.765696354000056,13.83425555100007],[37.76585303200005,13.833656296000072],[37.76641942700007,13.832937057000038],[37.76734740000006,13.83201848300007],[37.76776559100006,13.831657841000037],[37.76809042200006,13.831354374000057],[37.76866111800007,13.830969640000035],[37.76962836700005,13.830383486000073],[37.77014275400006,13.830205263000039],[37.77071686000005,13.830106432000036],[37.771127758000034,13.830090412000061],[37.77185924100007,13.830357379000077],[37.77246023600003,13.830534405000037],[37.77306722700007,13.830228946000034],[37.77384021600005,13.829138940000064],[37.77396837100008,13.829068392000067],[37.77493610000005,13.829437093000024],[37.775846278000074,13.829920773000026],[37.77646346300003,13.830430113000034],[37.77793413400008,13.831596860000047],[37.77898651100003,13.832146780000073],[37.77945707200007,13.832222569000066],[37.77973669200003,13.832046546000072],[37.78045239200003,13.831072623000068],[37.780684472000075,13.82992114700005],[37.78087819500007,13.828528773000073],[37.781175295000025,13.827881612000056],[37.78190771800007,13.827298757000051],[37.78273819700007,13.82704749000004],[37.78348738300008,13.826854582000067],[37.78513385800005,13.826123696000025],[37.78565716800006,13.825726253000028],[37.785949395000046,13.824677896000026],[37.78600822900006,13.823757190000038],[37.78603480700008,13.823090613000033],[37.786799177000034,13.822254777000069],[37.787384478000035,13.82210963700004],[37.78843208300003,13.822293357000035],[37.78865482700007,13.822267332000024],[37.788934202000064,13.822080001000074],[37.789195188000065,13.821364840000058],[37.78953439900005,13.820338177000053],[37.78989931000007,13.819483399000035],[37.79068753300004,13.818670264000048],[37.79205600300003,13.818240808000041],[37.795566214000075,13.818176695000034],[37.796491452000055,13.817981220000036],[37.79705062600004,13.817630257000076],[37.797417573000075,13.816935952000051],[37.79758824400005,13.81652093100007],[37.798447139000075,13.815729581000028],[37.79914589800006,13.815273077000029],[37.80073333900003,13.814530485000034],[37.803888795000034,13.812424781000061],[37.804018195000026,13.81153832700005],[37.80398114700006,13.810470248000058],[37.80362097600005,13.809842447000051],[37.80200511900006,13.803760573000034],[37.80240108600003,13.802583868000056],[37.80278957000007,13.80174048300006],[37.803164526000046,13.800770474000046],[37.803270403000056,13.799850003000074],[37.803036312000074,13.798083728000051],[37.80291507700008,13.796855901000072],[37.80280836900005,13.794937694000055],[37.80274646300006,13.793755368000063],[37.80248855600007,13.791953947000025],[37.80216592100004,13.790601969000022],[37.80176348900005,13.789422492000028],[37.80118789200003,13.78847610400004],[37.80061373400008,13.787643846000037],[37.80014412200006,13.786718312000062],[37.800270074000025,13.785544799000036],[37.80072756000004,13.784597790000078],[37.800949530000025,13.783584091000023],[37.80098456800005,13.782664405000048],[37.80062968500005,13.78061163600006],[37.80079416900003,13.77970162400004],[37.80103206700005,13.779021359000069],[37.800823586000035,13.77739194700007],[37.80053927700004,13.776292158000047],[37.80208277000003,13.774872422000044],[37.802969630000064,13.774459757000045],[37.80417323100005,13.773997757000075],[37.805341508000026,13.77354688400004],[37.807540363000044,13.771981124000035],[37.80841165900006,13.771270025000035],[37.80929359000004,13.770455003000052],[37.80976424600004,13.769633474000045],[37.80997308700006,13.768516857000066],[37.80977470300007,13.767680789000053],[37.80959821300007,13.765832300000056],[37.809815367000056,13.764439992000064],[37.81168359600008,13.76090178100003],[37.81192062800005,13.760151436000058],[37.81168253100003,13.758994242000028],[37.81126701300008,13.75863062600007],[37.810416727000074,13.758227613000031],[37.80969847000006,13.758063676000063],[37.808945022000046,13.757888265000076],[37.80820168900004,13.757598767000047],[37.807396561000076,13.757068275000051],[37.807425558000034,13.755677326000068],[37.80784423700004,13.754443063000053],[37.80792888900004,13.753706676000036],[37.80781214700005,13.75284614700007],[37.806996351000066,13.750544793000074],[37.80701907300005,13.750280475000068],[37.80695892800003,13.749831543000028],[37.80693409300005,13.749256243000048],[37.80689707600004,13.748691030000032],[37.806895988000065,13.748277432000066],[37.806576207000035,13.747391053000058],[37.80645805700004,13.74714978000003],[37.806316518000074,13.746966021000048],[37.80589221100007,13.746690495000053],[37.805326464000075,13.746208611000043],[37.80519682200003,13.746071251000046],[37.804914179000036,13.745956877000026],[37.804089771000065,13.745418369000049],[37.80372494200003,13.74526968500004],[37.802289115000065,13.74482425900004],[37.80213588000004,13.744779441000048],[37.80158313700008,13.744699919000027],[37.80142996600006,13.74464266800004],[37.80095867500006,13.744230175000041],[37.801016047000076,13.743745654000065],[37.80107332400007,13.74311197700007],[37.80109554000006,13.742663454000024],[37.80122354300005,13.742155550000064],[37.80152728100006,13.741360344000043],[37.80094598800008,13.739507627000023],[37.80015614700005,13.738716142000044],[37.79948538700006,13.738488009000037],[37.79923813200003,13.738407692000067],[37.79800178200003,13.737789187000033],[37.797436412000025,13.737468885000055],[37.79688288700004,13.737147512000035],[37.79645849900004,13.736722816000054],[37.79633964800007,13.736228393000033],[37.79630226200004,13.735398759000077],[37.79633303300005,13.733672197000033],[37.79653094300005,13.733003030000077],[37.796917317000066,13.73238000300006],[37.796974523000074,13.731699985000034],[37.79680930300003,13.731459608000023],[37.79597312300007,13.73097752700005],[37.79593730800008,13.730747946000065],[37.79517147200005,13.730185972000072],[37.79408625600007,13.728956822000043],[37.79421388000003,13.72829975600007],[37.79437737000006,13.72786209700007],[37.79461042400004,13.726986321000027],[37.79505523200004,13.726293504000068],[37.79546457200007,13.725417457000049],[37.795521343000075,13.724656074000052],[37.79546115000005,13.724104319000048],[37.79535393100008,13.723539902000027],[37.794999629000074,13.722976538000069],[37.79474037700004,13.722815935000028],[37.793998816000055,13.722484605000034],[37.79389254300003,13.722358649000057],[37.79267975600004,13.721671308000055],[37.79255003000003,13.721498903000054],[37.79240688100003,13.720785136000075],[37.792381739000064,13.720105856000032],[37.79241554400005,13.719540997000024],[37.79254193600008,13.718446598000071],[37.79253841600007,13.717099559000076],[37.79252450400003,13.716316363000033],[37.792476460000046,13.715936438000028],[37.79215604700005,13.714739273000077],[37.79120076700008,13.71365993300003],[37.79108120200004,13.712853605000078],[37.79054836800003,13.71149721100005],[37.789711484000065,13.71071564400006],[37.78946431600008,13.710567538000078],[37.78838188700007,13.710283098000048],[37.78737234600004,13.71094262400004],[37.78613700200003,13.710554602000059],[37.78566094100006,13.70839047800007],[37.78585818700003,13.707399270000053],[37.786443665000036,13.706487933000062],[37.787276708000036,13.705759744000034],[37.788298730000065,13.705422352000028],[37.78950897400006,13.70517740400004],[37.790107670000054,13.704841319000025],[37.79065787500008,13.703929798000047],[37.790606438000054,13.702236733000063],[37.79060353300008,13.701108929000043],[37.790094632000034,13.699878070000068],[37.78994178600004,13.699820825000074],[37.78808255900003,13.699227483000072],[37.78731729800006,13.698803356000042],[37.78668063200007,13.698149331000025],[37.78601924000003,13.697022816000072],[37.785852618000035,13.69615976800003],[37.78557895000006,13.694985434000046],[37.78532908600005,13.693846245000032],[37.784984260000044,13.692349498000056],[37.784558540000035,13.691303241000071],[37.78427342400005,13.690221516000065],[37.78252764300004,13.687981089000061],[37.781350702000054,13.687500684000042],[37.77997443100003,13.687125510000044],[37.779268469000044,13.686977384000045],[37.77875062100003,13.686713792000035],[37.777996321000046,13.685967632000029],[37.778215051000075,13.684228430000076],[37.778858788000036,13.68305183900003],[37.779302837000046,13.68204828100005],[37.779029551000065,13.680920277000041],[37.77871005900005,13.680068905000041],[37.77830848200006,13.679391156000065],[37.77781148300005,13.678114013000027],[37.77837285900006,13.676937015000021],[37.779063353000026,13.675818278000065],[37.78003619100008,13.67462973000005],[37.78021062600004,13.673914143000047],[37.77956027600004,13.672511941000039],[37.779311946000064,13.67192534700007],[37.779167381000036,13.670543714000075],[37.779458412000054,13.669402668000032],[37.77960810500008,13.668273358000022],[37.77989944500007,13.667293909000023],[37.77963883800004,13.666510629000072],[37.77918970400003,13.665590818000055],[37.77951630700005,13.664553915000056],[37.78017228200008,13.663734459000068],[37.78199006300008,13.662047191000056],[37.78285729500004,13.661042310000028],[37.784101787000054,13.660439315000076],[37.78529884300008,13.659733249000055],[37.78650690500007,13.658624932000066],[37.787572287000046,13.65705485500007],[37.787955870000076,13.655429436000077],[37.78756548500007,13.654428562000021],[37.78732882200006,13.65381943500006],[37.78697436700003,13.653140802000053],[37.784909850000076,13.650337210000032],[37.78408514300003,13.649533101000031],[37.782919270000036,13.648788333000027],[37.78244826400004,13.648363378000056],[37.781894460000046,13.647858920000033],[37.78126971700004,13.647273880000057],[37.78010161900005,13.645503000000076],[37.779722450000065,13.644353008000053],[37.77943706900004,13.643109673000026],[37.779527822000034,13.641808299000047],[37.77981884800005,13.640771216000076],[37.78009842300003,13.639767969000047],[37.78029633700004,13.63902988600006],[37.780294507000065,13.638316817000032],[37.78058492100007,13.637397253000074],[37.78140516000008,13.635175068000024],[37.78058869600005,13.633115495000027],[37.780150020000065,13.63084193900005],[37.780615512000054,13.628280127000039],[37.78155766900005,13.626442755000028],[37.783205579000025,13.62520212100003],[37.78509384100005,13.623559211000043],[37.78555945800008,13.620789471000023],[37.785242706000076,13.618504082000072],[37.786413752000044,13.616736724000077],[37.78835162400003,13.615714428000047],[37.78895836100003,13.613410938000072],[37.79072464400008,13.61147582500007],[37.79229626700004,13.610156763000077],[37.79459641900007,13.609845845000052],[37.794718611000064,13.607503820000034],[37.79334534800006,13.605593020000072],[37.79281109900006,13.603123505000042],[37.792181706000065,13.600736029000075],[37.79297890400005,13.598848169000064],[37.79323469900004,13.59647288900004],[37.79295999400006,13.59442615000006],[37.791376709000076,13.592597950000027],[37.79038488700007,13.590439244000038],[37.790915331000065,13.588465340000027],[37.79085426600005,13.585755154000026],[37.789240531000075,13.584307632000048],[37.78689066100003,13.583882606000032],[37.78453695200005,13.584038389000057],[37.78262192400007,13.582558845000051],[37.78304140300003,13.580549390000044],[37.78347645600007,13.578599895000025],[37.78259891000005,13.576766057000043],[37.78115703200007,13.574825480000072],[37.77952419300004,13.573468209000055],[37.77717432400004,13.574251140000058],[37.77769680000006,13.571928039000056],[37.77906633200007,13.570159426000032],[37.77985598300006,13.568329195000047],[37.78208014000006,13.566418961000068],[37.78037481100006,13.56484550700003],[37.778360564000025,13.563714640000057],[37.778303495000046,13.561433902000033],[37.77939444700007,13.559182503000045],[37.78150780400006,13.55808537200005],[37.783541005000075,13.557756254000026],[37.78500989400004,13.554652349000037],[37.78727576400007,13.553535557000032],[37.78837815700007,13.55099599700003],[37.789060955000025,13.548283763000029],[37.79118960400007,13.547048740000037],[37.79377225500008,13.547055568000076],[37.795092348000026,13.545131773000037],[37.79534778500005,13.542746309000051],[37.796251942000026,13.539975215000027],[37.79785801000003,13.538765864000027],[37.799944639000046,13.538975902000061],[37.80059309000006,13.536283795000031],[37.799505913000075,13.534102072000053],[37.800066713000035,13.532189297000059],[37.80023838400007,13.529852002000041],[37.799917995000044,13.527810681000062],[37.80200455000005,13.52749861500007],[37.80446899800006,13.528933161000054],[37.80747129900004,13.528765537000027],[37.809466317000044,13.52799077000003],[37.81167880500004,13.52813350100007],[37.81295677900005,13.530172563000065],[37.814730832000066,13.529177469000047],[37.81433387900006,13.526304066000023],[37.814661932000035,13.524018351000052],[37.815756975000056,13.521767904000058],[37.815821579000044,13.51973293900005],[37.814947982000035,13.517667551000045],[37.816298440000025,13.515663532000076],[37.816805747000046,13.513026061000062],[37.81779019600003,13.510937807000062],[37.82046031900006,13.510108484000057],[37.82186806800007,13.508354439000072],[37.821234754000045,13.50527087100005],[37.82034212100007,13.501729526000076],[37.81972046100003,13.498983895000038],[37.81879336000003,13.496413118000078],[37.82001392700005,13.494605083000067],[37.82179948800007,13.493264159000034],[37.82004465000006,13.491405973000042],[37.81814874500003,13.490590175000023],[37.819129092000026,13.48860584700003],[37.82040317600007,13.486883951000038],[37.81955251200003,13.484276246000036],[37.81832404200003,13.481767338000054],[37.81891144200006,13.479844442000058],[37.82136826000004,13.47805237600005],[37.82329466400006,13.476807018000045],[37.82430190800005,13.474257746000035],[37.82466812300004,13.471859166000058],[37.82947091900007,13.475692222000077],[37.83167577900008,13.474756612000022],[37.834304074000045,13.474603831000024],[37.836497758000064,13.474960932000045],[37.83851197100006,13.476316189000045],[37.83984311300003,13.477866042000073],[37.842387701000064,13.47891746700003],[37.84590865200005,13.47936648700005],[37.84890713800007,13.480352132000064],[37.85091743300006,13.480677767000032],[37.85530838100004,13.48134536200007],[37.85926423500007,13.482025597000074],[37.86140452300003,13.482768747000023],[37.86428447700007,13.483753678000028],[37.867656959000044,13.485353302000021],[37.87114739100008,13.486620043000073],[37.87353933700007,13.487217305000058],[37.87614095300006,13.486749812000028],[37.878643289000024,13.484168544000056],[37.87999009200007,13.482610497000053],[37.88047843100003,13.480281274000049],[37.88119559100005,13.477166517000057],[37.88184786200003,13.47471596400004],[37.88276717200006,13.472444030000077],[37.884418922000066,13.470409271000051],[37.88607076200003,13.469217553000021],[37.88954610600007,13.468979787000023],[37.89120929400008,13.467132627000069],[37.892735250000044,13.465246421000074],[37.89480291800004,13.464699511000049],[37.896034943000075,13.462817637000057],[37.89750758100007,13.459886941000036],[37.89867484300004,13.457512043000065],[37.90124962900006,13.455886901000042],[37.90347752100007,13.456015290000039],[37.90485472300003,13.457731137000053],[37.90603351200008,13.459472130000051],[37.90807818900004,13.460354599000027],[37.911439134000034,13.460614403000022],[37.91399103900005,13.461816578000025],[37.91570025100003,13.463485221000042],[37.917824996000036,13.464806444000033],[37.92037711800003,13.464690843000028],[37.92288714000006,13.46410942600005],[37.925553630000024,13.463590809000038],[37.927972315000034,13.463161521000075],[37.929673783000055,13.464910282000062],[37.93045182000003,13.46710603300005],[37.93136000900006,13.469315889000029],[37.933023122000066,13.471200088000046],[37.93617786400006,13.47315840300007],[37.93813492400005,13.47451830700004],[37.93965323600003,13.47698725500004],[37.94010709400004,13.479335306000053],[37.94058785000004,13.48154672000004],[37.94189633000008,13.483554818000073],[37.94379620700005,13.485209403000056],[37.945737724000026,13.486394030000042],[37.948629347000065,13.489040479000039],[37.95155542300006,13.49015571600006],[37.95327961700008,13.492138375000025],[37.95503817400004,13.494124554000052],[37.95725866300006,13.49632058700007],[37.95989064200006,13.498443727000051],[37.96238185500005,13.499211230000071],[37.964415158000065,13.498775490000071],[37.966459658000076,13.499093576000064],[37.968439757000056,13.498675673000037],[37.97104140000005,13.498542833000045],[37.97316613300006,13.500220746000025],[37.97572982500003,13.501204268000038],[37.97774780200007,13.503759826000021],[37.98034554600008,13.504966090000039],[37.982836570000075,13.505745822000051],[37.98558336600007,13.504830238000068],[37.987757706000025,13.502722289000076],[37.99014565600004,13.502267430000074],[37.992137100000036,13.503618041000038],[37.99463972700005,13.504526548000058],[37.99689047000004,13.50381227400004],[37.998912087000065,13.503133237000043],[38.00104856100006,13.503713602000062],[38.00263526700007,13.505416264000075],[38.00417665100008,13.507471332000023],[38.00735048000007,13.510032393000074],[38.01119189000008,13.510860154000056],[38.01166115400008,13.50754954000007],[38.01183680300005,13.505492252000067],[38.012378322000075,13.503208117000042],[38.012702671000056,13.50086658600003],[38.014041622000036,13.498935931000062],[38.014197926000065,13.496307824000041],[38.01607485100004,13.494977103000053],[38.01838269500007,13.493959970000049],[38.02042741200006,13.493817655000043],[38.02245700000003,13.493767929000057],[38.024959558000035,13.492995611000026],[38.02735133500005,13.49220021900004],[38.02981583900004,13.491981471000031],[38.032505048000075,13.491452777000063],[38.034687261000045,13.491428407000058],[38.03724316900008,13.491451780000034],[38.039314389000026,13.490952285000049],[38.04198090300008,13.491404363000072],[38.04416303800008,13.490237316000048],[38.04604767100005,13.488375223000048],[38.04811887300008,13.487576166000053],[38.05016377000004,13.48722563800004],[38.05234567600007,13.487050802000056],[38.054375322000055,13.488222523000047],[38.05662981800003,13.489050362000057],[38.05874312200007,13.488851486000044],[38.06129919400007,13.487722986000051],[38.06460663900003,13.486623257000076],[38.065365573000065,13.484714981000025],[38.06568975000005,13.482573396000078],[38.06641856300007,13.480088629000022],[38.06721190600007,13.478008685000077],[38.069516186000044,13.477371910000045],[38.071846985000036,13.477717322000046],[38.073738922000075,13.478599049000024],[38.075577775000056,13.480001569000024],[38.07788569300004,13.481429546000072],[38.080193708000024,13.483066585000074],[38.08193319800006,13.484800970000038],[38.08331048900004,13.486658351000074],[38.08453503700008,13.488827082000057],[38.08647674400004,13.490552010000044],[38.08827737100006,13.49210236500005],[38.090596591000065,13.493877233000035],[38.09255750300008,13.495810149000022],[38.09463650400005,13.49783499700004],[38.09645606700008,13.49906327900004],[38.10066389700006,13.500405215000058],[38.102967944000056,13.50010380200007],[38.105058421000024,13.499776739000026],[38.10729407900004,13.498839880000048],[38.10952954100003,13.49803071100007],[38.11184884800008,13.497186784000064],[38.11438945100008,13.497636539000041],[38.115999404000036,13.500302642000065],[38.11578936600006,13.50229891600003],[38.11730003800005,13.503866137000045],[38.119161664000046,13.505009641000072],[38.12131709400006,13.506114610000054],[38.12202198400007,13.509170803000075],[38.12559722200007,13.505443556000046],[38.12602076700006,13.503071660000046],[38.12667296300003,13.501105170000073],[38.12717655600005,13.49862958600005],[38.127981429000044,13.49555828800004],[38.127443492000054,13.49294571200005],[38.12819524300005,13.490185040000028],[38.130426714000066,13.487644225000054],[38.13226563400008,13.486346363000052],[38.13439799400004,13.484128404000046],[38.13686623600006,13.48235121700003],[38.138834419000034,13.48129560500007],[38.14131806200004,13.479392971000038],[38.14396528300006,13.479704898000023],[38.14587650900006,13.480933133000065],[38.14815021000004,13.482291425000028],[38.14963412800006,13.484104745000025],[38.15068708000007,13.485820542000056],[38.15210987800003,13.487702580000075],[38.15373114300007,13.489803420000044],[38.155314453000074,13.491214699000068],[38.15712262900007,13.493548962000034],[38.15937721600005,13.495390816000054],[38.16274553900007,13.496551483000076],[38.165495977000035,13.496137952000026],[38.16794508600003,13.495110829000055],[38.16994023400008,13.493513707000034],[38.17218339900006,13.492080133000059],[38.174533333000056,13.490233227000033],[38.17703968600006,13.489240111000072],[38.17934768200007,13.488579721000065],[38.18159058900005,13.487954141000046],[38.18370391600007,13.487903378000055],[38.18576408800004,13.487010436000048],[38.18825508600003,13.485325476000071],[38.19002521600004,13.483956890000059],[38.19194778000008,13.483017092000068],[38.19385906200006,13.481730296000023],[38.195568035000065,13.480673393000075],[38.19755938900005,13.47977899700004],[38.20046240500005,13.478997119000041],[38.202247783000075,13.477697420000027],[38.20418171100005,13.476608393000049],[38.20695505300006,13.475732218000076],[38.20920959400007,13.475729150000063],[38.21106737100007,13.477510540000026],[38.21149094100008,13.479878498000062],[38.21139167900003,13.48197697200004],[38.21139547300004,13.484076898000069],[38.211830374000044,13.486339796000038],[38.21264311500005,13.488723676000063],[38.213417383000035,13.490957110000068],[38.21330690800005,13.494011701000034],[38.21346327300006,13.496343792000062],[38.21362734600007,13.498790056000075],[38.21456556600003,13.501140418000034],[38.21670566100005,13.50186139300007],[38.21617929900003,13.504244475000064],[38.215652946000034,13.507773564000047],[38.21860944700006,13.507682212000077],[38.22102782300004,13.507025184000042],[38.221947337000074,13.50885217800004],[38.22393475200005,13.508330535000027],[38.225388133000024,13.50695505300007],[38.227474948000065,13.507930091000048],[38.22992388700004,13.507733048000034],[38.22988970600005,13.505336915000044],[38.23035876400007,13.50286094300003],[38.23242650200007,13.502394860000038],[38.234826088000034,13.501808836000066],[38.236786781000035,13.502313231000073],[38.238766680000026,13.500856773000066],[38.24045675000008,13.499649182000041],[38.242425042000036,13.500488098000062],[38.24327575900003,13.50256911200006],[38.243859343000054,13.50585411700007],[38.245999434000055,13.504786874000047],[38.247883873000035,13.503840892000028],[38.24846381500004,13.50591656100005],[38.250077471000054,13.507257305000053],[38.25262193100008,13.506425153000066],[38.25483079600008,13.507004747000053],[38.25773379000003,13.508901933000061],[38.25830205900007,13.506004633000032],[38.256791435000025,13.504661995000049],[38.25522369600003,13.50321632500004],[38.25430805600007,13.501367971000036],[38.25292699400006,13.499884419000068],[38.256493944000056,13.49666940800006],[38.25890498800004,13.496358951000047],[38.261632345000066,13.49637603800005],[38.264016699000024,13.496387564000031],[38.265199350000046,13.498094259000027],[38.26817850600003,13.495642497000063],[38.27047900400004,13.49427259500004],[38.27276408500006,13.493974071000025],[38.275232206000055,13.494548577000046],[38.27745244300007,13.494493956000042],[38.27955443700006,13.494015131000026],[38.28157981800007,13.494241332000058],[38.283658960000025,13.494061917000067],[38.287786648000065,13.494281638000075],[38.29012492000004,13.495422996000059],[38.292379622000055,13.495932310000057],[38.294431935000034,13.495845419000034],[38.29655685700004,13.496207404000074],[38.29880378000007,13.496521112000039],[38.30078752800006,13.497472644000027],[38.30226747800003,13.499309980000021],[38.30322517700006,13.501917797000033],[38.30280925300008,13.50414995400007],[38.30324407000006,13.506352829000036],[38.30330524300007,13.508356871000046],[38.30373632800007,13.510456889000068],[38.30582282200004,13.51087633800006],[38.30745189400005,13.509508753000034],[38.307833379000044,13.507392913000047],[38.308123273000035,13.505393219000041],[38.31027105100003,13.505777764000072],[38.31183507000003,13.50703773600003],[38.31408956400003,13.50767344600007],[38.31581012000004,13.506096972000023],[38.31721378800006,13.503948855000033],[38.31968589600007,13.503600686000027],[38.320963766000034,13.505177421000042],[38.32336705000006,13.507940527000073],[38.321921461000045,13.509708808000028],[38.32131865900004,13.511909979000052],[38.32321070800003,13.513001243000076],[38.32506097000004,13.513864069000022],[38.32643031400005,13.515393556000049],[38.32498079700008,13.516907549000052],[38.324103542000046,13.518952013000046],[38.32342437600005,13.520889643000032],[38.322920932000045,13.523180366000076],[38.321688556000026,13.525082588000032],[38.32249731700006,13.527267237000046],[38.32207399500004,13.529602254000054],[38.32153600000004,13.531536860000074],[38.32186038400005,13.533754102000046],[38.31985395300006,13.534450527000047],[38.317850908000025,13.533648265000068],[38.316840168000056,13.53546516800003],[38.31755363000008,13.53764052400004],[38.31822487800008,13.541560826000023],[38.32087990200006,13.540292026000031],[38.32255462100005,13.538247483000077],[38.325102876000074,13.538159431000054],[38.32714006500004,13.538650912000037],[38.32857827300006,13.540290209000034],[38.32729662300005,13.541827258000069],[38.32651838000004,13.543961272000047],[38.32569048900007,13.546487350000064],[38.32577820000006,13.548571705000029],[38.32627028300004,13.551149939000027],[38.32754079100005,13.553082637000045],[38.327842006000026,13.555552980000073],[38.32839527800007,13.559084147000021],[38.331023662000064,13.556136804000062],[38.33201532900006,13.55400899600005],[38.33277448700005,13.551669204000063],[38.334926127000074,13.551661375000037],[38.33687924000003,13.550864106000063],[38.33870663600004,13.547269189000076],[38.34091912000008,13.547386924000023],[38.34306694400004,13.546860242000037],[38.34331857300003,13.54440945400006],[38.343677126000046,13.542357905000074],[38.343204023000055,13.53995154300003],[38.34555785400005,13.54042223600004],[38.34774377400004,13.541151290000073],[38.347240302000046,13.543517804000032],[38.34835798900008,13.545732563000058],[38.34895686400006,13.547996835000049],[38.34936881800007,13.55071609600003],[38.35016243300004,13.553170752000028],[38.35015460100004,13.555948815000022],[38.349704477000046,13.559402739000063],[38.35391978600006,13.558221292000042],[38.355514468000024,13.556673616000069],[38.35885619800007,13.55554634300006],[38.360961917000054,13.55522961400004],[38.362651854000035,13.556711138000026],[38.36473872200003,13.556532221000055],[38.36755382900003,13.556855829000028],[38.37011367100007,13.557705442000042],[38.37318066600005,13.55427048100006],[38.37524846900004,13.554528833000063],[38.37756759500007,13.553214513000057],[38.37877700700005,13.551597901000036],[38.38264514800005,13.550880750000033],[38.38452588600006,13.55199979200006],[38.386757646000035,13.553867901000046],[38.38886324900005,13.55459866700005],[38.38978264000008,13.556599171000073],[38.390580036000074,13.559101184000042],[38.39105287800004,13.561126583000032],[38.39307118200003,13.56282797800003],[38.39550112000006,13.56314694100007],[38.39786243400005,13.563765231000048],[38.40191367400007,13.566348506000054],[38.40134529900007,13.562760906000051],[38.39993769700004,13.56132892100004],[38.39910968600003,13.558551084000044],[38.39967056900008,13.556252408000034],[38.398713060000034,13.554217941000047],[38.39917472700006,13.55163307600003],[38.40128034600008,13.553171862000056],[38.40342039700005,13.554004306000024],[38.40343567100007,13.55066110000007],[38.40332501000006,13.548244405000048],[38.40397369400006,13.545687112000053],[38.404046237000045,13.543575989000033],[38.40557569200007,13.541730564000034],[38.40816986800007,13.541190802000074],[38.41012675300004,13.54213353700004],[38.411919957000066,13.543877193000071],[38.41387673400004,13.54582240700006],[38.415170024000076,13.547351247000051],[38.416436572000066,13.549076697000032],[38.41807685100008,13.550801871000033],[38.42011024400006,13.551211221000074],[38.420205440000075,13.553514863000032],[38.42041549000004,13.555987181000035],[38.42128132500005,13.558151328000065],[38.42213217700004,13.56018885900005],[38.42315812900006,13.562439274000042],[38.424810010000044,13.563841188000026],[38.42670603900007,13.564612981000039],[38.428590427000074,13.566273090000038],[38.43051697000004,13.567344452000043],[38.43053983800007,13.569499858000029],[38.42951355800005,13.571340935000023],[38.42850647200004,13.57323855900006],[38.42693880100006,13.574624021000034],[38.42573693800006,13.576425123000035],[38.42779700700004,13.577249278000068],[38.42974628200005,13.577904752000052],[38.431848427000034,13.57865890000005],[38.43407240000005,13.579812272000026],[38.43652138300007,13.58024505000003],[38.43831836900006,13.581319433000033],[38.44101543700003,13.582515633000071],[38.443376803000035,13.58288146600006],[38.44482237400007,13.584300876000043],[38.444433254000046,13.586918774000026],[38.44541376800004,13.589344192000056],[38.44751940000003,13.589660810000055],[38.44998003000006,13.590230230000031],[38.45212770000006,13.590107252000053],[38.451383845000066,13.586856177000072],[38.45033111200007,13.584790035000026],[38.44834724900005,13.582672110000033],[38.44603549300007,13.580968233000021],[38.44466224200005,13.579130802000066],[38.44338816000004,13.577142136000077],[38.44276247100004,13.57480905600005],[38.44134729000007,13.572039067000048],[38.44099233900005,13.569434190000038],[38.44056120700003,13.566921834000027],[38.43983266500004,13.564753538000048],[38.43850119000007,13.56277714600003],[38.438127328000064,13.55828133700004],[38.44035141100005,13.557716692000042],[38.44412032900004,13.559536877000028],[38.445733973000074,13.557920833000026],[38.446806020000054,13.559939557000064],[38.448587502000066,13.561557486000027],[38.450647598000046,13.56197794700006],[38.451403017000075,13.55990222400004],[38.45217732700007,13.558023209000055],[38.454550109000024,13.556831468000041],[38.45711734400004,13.556994157000076],[38.45917353700003,13.557979677000048],[38.46028753200005,13.559767880000038],[38.46200401800007,13.561686206000047],[38.46310290200006,13.563658581000027],[38.46414437400006,13.56612814600004],[38.46477766700008,13.568240797000044],[38.46653227400003,13.569559028000072],[38.46848157900007,13.570225507000032],[38.470766877000074,13.570351304000042],[38.472162912000044,13.568348073000038],[38.47216305100005,13.56606610800003],[38.47298706400005,13.563584694000042],[38.473227241000075,13.56154850400003],[38.47415425600008,13.559629036000047],[38.47625998700005,13.558480605000057],[38.479014154000026,13.559697994000032],[38.481288017000054,13.559455196000044],[38.48310742500007,13.557934272000068],[38.48540415700006,13.55846344300005],[38.48774628700005,13.559648241000048],[38.48971080600006,13.561165663000054],[38.491442859000074,13.562403421000056],[38.49358675700006,13.562164775000042],[38.496333365000055,13.56154981800006],[38.50232639400008,13.560779704000026],[38.50466101400008,13.560627238000052],[38.50716742900005,13.560354166000025],[38.50930369800005,13.560161701000027],[38.51163434000006,13.559260939000069],[38.51408727000006,13.558723199000042],[38.516464116000066,13.558097132000057],[38.51861940900005,13.558192838000025],[38.52093868900005,13.557901174000051],[38.52299495400007,13.557538904000069],[38.525150343000064,13.557300006000048],[38.52726358000007,13.556900515000052],[38.529750773000046,13.556396590000077],[38.53247078600003,13.556151913000065],[38.534641332000035,13.555681253000046],[38.53730418200007,13.555876084000033],[38.53955097000005,13.555552463000026],[38.54181310200005,13.555057039000076],[38.54407528300004,13.555136907000076],[38.546574004000036,13.555071381000062],[38.54889720500006,13.555265471000041],[38.55110974000007,13.555024182000068],[38.552979082000036,13.55389388900005],[38.55494737600003,13.553279146000023],[38.55270739400004,13.544884104000062],[38.552032850000046,13.54235563800006],[38.551113601000054,13.540343259000053],[38.549412301000075,13.538631251000027],[38.54806929200004,13.536677995000048],[38.546876714000064,13.534764568000071],[38.54430025200003,13.530877453000073],[38.542652349000036,13.52894509500004],[38.54097372700005,13.527220639000063],[38.53909330000005,13.525340960000051],[38.53740331900008,13.523997351000048],[38.53522890600004,13.52318745100007],[38.53303904000006,13.522759534000045],[38.530559467000046,13.522362692000058],[38.52832777900005,13.522062366000057],[38.52608462500007,13.522017448000042],[38.523555445000056,13.522037509000029],[38.52123623700004,13.52218907300005],[38.51931723200005,13.52063355100006],[38.51750151600004,13.518994576000068],[38.515124892000074,13.518559357000072],[38.51299227800007,13.517565112000057],[38.51081033200006,13.516985568000052],[38.50944470500008,13.515436701000056],[38.50716716800008,13.514733737000029],[38.50524466400003,13.51564658500007],[38.503436313000066,13.517211805000045],[38.50204387200006,13.51288581700004],[38.50113590700005,13.510561333000055],[38.50018981200003,13.508112439000058],[38.49922109400006,13.505721152000035],[38.498469527000054,13.503611725000042],[38.498248180000076,13.501059164000026],[38.498728966000044,13.498842564000029],[38.49901108700004,13.495790315000022],[38.49963300500008,13.493177271000036],[38.50049112000005,13.49097159300004],[38.501425976000064,13.48864850900003],[38.50221940600005,13.486571544000071],[38.50341708500008,13.484332610000024],[38.50454262100004,13.481647082000052],[38.505294083000024,13.479732777000038],[38.50643857700004,13.476929723000069],[38.50657207100005,13.47490908900005],[38.50873491300007,13.473769497000035],[38.51111169700005,13.473902992000035],[38.51329372400005,13.474826127000028],[38.51582270200004,13.474945169000023],[38.51797436700008,13.475326809000023],[38.52043499000007,13.476138522000042],[38.522876214000064,13.477561655000045],[38.52557344400003,13.479206773000044],[38.52841158100006,13.481159557000069],[38.53054031500005,13.482384229000047],[38.533180181000034,13.484031419000075],[38.53507216300005,13.485126764000029],[38.53750983100008,13.485650054000075],[38.54013437000003,13.486144284000034],[38.54314435200007,13.486961304000033],[38.54518143300004,13.486644008000042],[38.550056666000046,13.483622559000025],[38.55270416600007,13.482952521000072],[38.55478713000008,13.483094109000035],[38.55785022600003,13.483298453000032],[38.560959369000045,13.483916512000064],[38.563663993000034,13.484684152000057],[38.566113004000044,13.485197019000054],[38.568962842000076,13.485360167000067],[38.57314766700006,13.486418461000028],[38.57376561900003,13.488830372000052],[38.573612912000044,13.491741680000075],[38.57403658800007,13.496581071000037],[38.57453622300005,13.499297950000027],[38.575859974000025,13.50136632400006],[38.577877932000035,13.503435850000074],[38.58008683600008,13.504486185000076],[38.58247849300005,13.506070298000054],[38.58467213700004,13.508124241000075],[38.58690754000003,13.51144186700003],[38.589360525000075,13.511676488000035],[38.59226737600005,13.511457441000061],[38.59511699600006,13.511265387000037],[38.59707406200005,13.510362069000053],[38.602750411000045,13.505115378000028],[38.60420388000006,13.503466350000053],[38.60575642900005,13.501780172000053],[38.607587522000074,13.500144152000075],[38.60922398100007,13.498143872000071],[38.61102083900005,13.496219551000024],[38.61325230800003,13.495862449000072],[38.61535447400007,13.496557406000022],[38.61752881600006,13.496178696000072],[38.61974145000005,13.497320246000072],[38.62126731800004,13.498726349000037],[38.62309087600005,13.499972393000064],[38.624799867000036,13.50118774200007],[38.62663481800007,13.503114198000048],[38.62777525300004,13.504900604000056],[38.629797232000044,13.506360512000072],[38.631941063000056,13.508035342000028],[38.63416119900006,13.509487600000057],[38.63594279300003,13.51108048900005],[38.63698435400005,13.512824876000025],[38.638555903000054,13.514518044000056],[38.64012772900003,13.51585177000004],[38.64167271500003,13.517187697000054],[38.64344275500008,13.518469695000022],[38.645106088000034,13.520055575000072],[38.64642578400003,13.52165225400006],[38.648199807000026,13.523406676000036],[38.64991642700005,13.524933813000075],[38.65157205200006,13.526322974000038],[38.65300640800007,13.52776719700006],[38.65453624600008,13.52968964300004],[38.65639790800003,13.531639665000057],[38.65851884800003,13.533245298000054],[38.660635858000035,13.534793261000061],[38.662390876000075,13.536041201000046],[38.664340253000034,13.537709841000037],[38.66714105700004,13.538760216000071],[38.66825758600004,13.538761699000077],[38.66884066000006,13.537102102000063],[38.670539887000075,13.53548691900005],[38.67192667900008,13.533828371000027],[38.67362770300008,13.531077248000031],[38.67506032400007,13.528589114000056],[38.675914413000044,13.52443872200007],[38.677616440000065,13.520856812000034],[38.67873655400007,13.518106020000062],[38.67931997800008,13.515877868000075],[38.68070770000003,13.513388518000056],[38.68156005900005,13.51063737000004],[38.681027011000026,13.508450735000054],[38.68045036800004,13.505391462000034],[38.68018454300005,13.503992969000024],[38.67960710300008,13.50154518100004],[38.67960972700007,13.499578503000066],[38.67988060300007,13.497394020000058],[38.68158016700005,13.495473574000073],[38.68269798700004,13.494339066000066],[38.682164209000064,13.492720958000064],[38.68131806100007,13.491059506000056],[38.67936017000005,13.487513582000076],[38.67724148800005,13.487635200000057],[38.675074780000045,13.487194989000045],[38.673060675000045,13.486220329000048],[38.67085177700005,13.486232137000059],[38.66891019000008,13.48692697100006],[38.66672034800007,13.487145601000066],[38.66455732900005,13.487178896000046],[38.66218474200008,13.486757503000035],[38.66012456500005,13.48634895400005],[38.657881459000066,13.485646271000064],[38.65606960900004,13.484434401000044],[38.65404386300003,13.483598593000067],[38.651991542000076,13.483374229000049],[38.64957299200006,13.483034043000032],[38.64754738600004,13.482521451000025],[38.645434023000064,13.481215268000028],[38.64396907400004,13.479784524000024],[38.64211496900003,13.47813621000006],[38.64059680300005,13.476603651000062],[38.638433890000044,13.474710712000046],[38.63718239900004,13.473076803000026],[38.63546963600004,13.471009304000063],[38.633520187000045,13.470250314000054],[38.63215451100007,13.468748446000063],[38.629495674000054,13.462001317000045],[38.62752729400006,13.460660155000028],[38.62633332400003,13.458894030000067],[38.62444487300007,13.457793712000068],[38.62513153900005,13.455673208000064],[38.62462044700004,13.453505704000065],[38.62354458300007,13.451019753000026],[38.62298379900005,13.448702986000058],[38.623205089000066,13.446388501000058],[38.62376200400007,13.44415590500006],[38.624147375000064,13.442135542000074],[38.62440671000007,13.438364198000045],[38.62493297000003,13.436328217000039],[38.62534900900005,13.434066017000077],[38.62614615900003,13.431387308000069],[38.627824747000034,13.429364332000034],[38.62933927300003,13.427762705000077],[38.631093914000076,13.426372770000057],[38.632726744000024,13.424016257000062],[38.63311180900007,13.421177559000057],[38.632799025000054,13.418242891000034],[38.63183779900004,13.415960582000025],[38.63089935800008,13.413702044000047],[38.629777723000075,13.411956373000066],[38.63118148500007,13.409090908000053],[38.63301277900007,13.408069539000053],[38.63510701100006,13.40666537900006],[38.63824649500003,13.405006118000074],[38.64112299800007,13.403729618000057],[38.64374381300007,13.402198400000032],[38.64583430000005,13.401305024000067],[38.648187833000065,13.400540858000056],[38.65146104200005,13.399904524000021],[38.653551564000054,13.398755637000022],[38.65643151000006,13.397992105000071],[38.65943768100004,13.397357571000043],[38.66152812800004,13.39787126300007],[38.66388184900006,13.39774555300005],[38.66636899500003,13.396086204000028],[38.66911565700008,13.394810328000062],[38.67173262000006,13.394429443000035],[38.67486831700006,13.394433498000069],[38.678008110000064,13.394180943000038],[38.68009854600007,13.394055876000039],[38.684676258000025,13.393166448000045],[38.688208849000034,13.39291425600004],[38.69029920300005,13.39330112600004],[38.693175567000026,13.393175782000071],[38.696837912000035,13.392797034000068],[38.70010334500006,13.39267320700003],[38.70245683400003,13.392675989000054],[38.705203579000056,13.392805803000044],[38.70938840500003,13.393322673000057],[38.711738387000025,13.394095095000068],[38.71395863300006,13.395248249000076],[38.714874061000046,13.39755281400005],[38.716175055000065,13.401650455000038],[38.72433479700004,13.412182506000022],[38.72371841800003,13.41277636500007],[38.723585795000076,13.41314356600003],[38.72324022600003,13.413693636000062],[38.72273074300006,13.414196053000069],[38.72235000000006,13.414699750000068],[38.722064311000054,13.41513459600003],[38.721860597000045,13.41557066200005],[38.72221901900008,13.41740551600003],[38.72235659300003,13.417763967000042],[38.72229341800005,13.418223929000021],[38.722299676000034,13.418811682000069],[38.72243294300006,13.419642594000038],[38.72235660600006,13.420263042000045],[38.72255144500008,13.420771882000054],[38.722955271000046,13.421535276000043],[38.722952322000026,13.421847229000036],[38.722676196000066,13.422488930000043],[38.722245387000044,13.423349740000049],[38.72205382400006,13.42375078200007],[38.72145748300005,13.424713132000022],[38.721077336000064,13.425182909000057],[38.720351263000055,13.42623665900004],[38.71995798800003,13.426831884000023],[38.71889194200003,13.427801621000071],[38.71768171900004,13.429127222000034],[38.71676374100008,13.430594443000075],[38.716189375000056,13.431741035000073],[38.71516539500004,13.433240899000054],[38.71461773200008,13.434007747000067],[38.714162835000025,13.434926153000049],[38.71396795000004,13.435684363000064],[38.71374773800005,13.436604164000073],[38.71378555500007,13.437595463000036],[38.71392867900005,13.438609502000077],[38.714100116000054,13.440350336000051],[38.713996423000026,13.441375391000065],[38.71398884000007,13.442169970000066],[38.713607642000056,13.442765198000075],[38.71314616500007,13.443129757000065],[38.71271992800007,13.443483051000044],[38.71211819500007,13.443801115000042],[38.71143524000007,13.443967603000033],[38.711059026000044,13.444010125000034],[38.71065381300008,13.444640357000026],[38.71009783100004,13.44508505400006],[38.70936578100003,13.445504665000044],[38.708738389000075,13.446029527000064],[38.708074133000025,13.446714844000041],[38.70743321200007,13.447446529000047],[38.706991783000035,13.448168269000064],[38.70685548700004,13.448903919000031],[38.70689590200004,13.449618312000041],[38.70667200300005,13.450930306000032],[38.70654588700006,13.451850228000069],[38.706333493000045,13.453196134000052],[38.70613560600003,13.454242555000064],[38.705810676000056,13.455069540000068],[38.70528360600008,13.456159648000039],[38.70485264700005,13.457041897000067],[38.70438485100004,13.458051823000062],[38.70395421100005,13.458900153000059],[38.703228351000064,13.45987360600003],[38.70259824500005,13.460685540000043],[38.702111692000074,13.461211670000068],[38.701886830000035,13.461405821000028],[38.70129495300006,13.461884351000037],[38.70070405800004,13.462270205000038],[38.700289902000065,13.462612195000077],[38.69980102900007,13.463368900000035],[38.69932264200003,13.464286119000064],[38.69895058100008,13.465135648000057],[38.698117323000076,13.466303355000036],[38.697864792000075,13.46691114500004],[38.69751944200004,13.467403537000052],[38.69711648200007,13.467791867000074],[38.69662522600004,13.468824351000023],[38.69595454100005,13.470177626000066],[38.69549682600007,13.47139438000005],[38.69533710800005,13.472118687000034],[38.69503646700008,13.472864324000057],[38.69438845500008,13.474310307000053],[38.69398280300004,13.474986842000021],[38.69364730400008,13.475663471000075],[38.69325150800006,13.47652426600007],[38.692762893000065,13.477268522000031],[38.69197662300007,13.478436273000057],[38.691096523000056,13.479592601000036],[38.69048187300007,13.479989696000075],[38.689620313000034,13.48042040200005],[38.68868929800004,13.480745907000028],[38.68813486300007,13.481017618000067],[38.68649651100003,13.482835328000021],[38.68588934700006,13.483682273000056],[38.68555579900004,13.484163355000021],[38.68495129900003,13.484733393000056],[38.68440566900006,13.48531593100006],[38.68368400600008,13.485839475000034],[38.68300120400005,13.486007022000024],[38.682387507000044,13.486312551000026],[38.68187879200008,13.48671089800007],[38.681440586000065,13.48706412000007],[38.681214331000035,13.487407443000052],[38.680985116000045,13.488027670000065],[38.68114635300003,13.488374875000034],[38.68159827200003,13.489000494000038],[38.682233463000046,13.490134974000057],[38.682613899000046,13.490887075000046],[38.682740599000056,13.491152855000053],[38.683110191000026,13.491813414000035],[38.683271466000065,13.492136877000064],[38.68333959900008,13.492367546000025],[38.68348896600003,13.49273845600004],[38.683776945000034,13.49332769800003],[38.683842381000034,13.493846576000067],[38.68374519900004,13.494191185000034],[38.68332668100004,13.494947952000075],[38.68316034700007,13.495165881000048],[38.68295851400006,13.495382644000074],[38.68229371600006,13.496102914000062],[38.68192590100006,13.496491271000025],[38.68142838600005,13.49692466700003],[38.680834642000036,13.49762129000004],[38.680451995000055,13.498309145000064],[38.68036196400004,13.499126223000076],[38.68025056000005,13.49973643100003],[38.680177462000074,13.499988385000051],[38.68011484400006,13.500391813000022],[38.680169730000046,13.50080669700003],[38.68031915900008,13.501130146000037],[38.68071177500008,13.501859682000031],[38.68095302100005,13.502414951000048],[38.68112347500005,13.503004046000058],[38.68117670100003,13.503580557000078],[38.68122890800004,13.504283649000058],[38.68118931200007,13.50474362600005],[38.681202263000046,13.505209318000027],[38.681006151000076,13.505456595000055],[38.68099095500003,13.505812621000075],[38.68110447500004,13.50621740300005],[38.681240658000036,13.506736372000034],[38.68137791100003,13.507106147000059],[38.68164115600007,13.507845684000074],[38.681800760000044,13.508343209000031],[38.68190140300004,13.508884743000067],[38.682013245000064,13.509473754000055],[38.68209051900004,13.509992647000047],[38.682119399000044,13.51064937600006],[38.682115370000076,13.511075490000053],[38.682097474000045,13.511720855000021],[38.68206677300003,13.512445323000065],[38.68190726100005,13.513182063000045],[38.681772530000046,13.51373346400004],[38.68167297600007,13.514331253000023],[38.68149280800003,13.514744708000023],[38.68119442500006,13.515248438000071],[38.680932280000036,13.515626742000052],[38.680564471000025,13.515992485000027],[38.68027961200005,13.516300685000033],[38.67992057600003,13.517011169000057],[38.68003343100003,13.51748490500006],[38.68004195300006,13.517807044000051],[38.67986378100005,13.518024955000044],[38.67959079700006,13.51831056800006],[38.679328301000055,13.518734091000056],[38.67919654700006,13.518998403000069],[38.67896960300004,13.519399361000069],[38.678799611000045,13.51997332600007],[38.678702746000056,13.520272719000047],[38.67847147600003,13.521111077000057],[38.67842071300004,13.521502103000046],[38.67831263900007,13.521755148000068],[38.67817989800005,13.522111013000028],[38.67803458700007,13.522582149000073],[38.67778161100006,13.523224951000032],[38.677635989000066,13.523707391000073],[38.67752626300006,13.524132230000077],[38.67742906500007,13.524465538000072],[38.67735322600004,13.525029447000065],[38.677302127000075,13.525443065000047],[38.67715583900008,13.525983152000038],[38.676878112000054,13.526787549000062],[38.67669724000007,13.527281240000036],[38.676383635000036,13.528119506000053],[38.676153671000066,13.528819975000033],[38.67594810800006,13.52941762200004],[38.67570760700005,13.530014104000031],[38.675479635000045,13.530519038000023],[38.675144344000046,13.531160600000021],[38.67476325000007,13.531710547000046],[38.674241583000025,13.532212838000078],[38.67392897600007,13.532947112000045],[38.67359229300007,13.533750299000076],[38.673340635000045,13.534255208000047],[38.67280541300005,13.534941710000055],[38.672201734000055,13.535431463000066],[38.671503234000056,13.535978729000021],[38.67101816200005,13.536319433000074],[38.67045003800007,13.53677532100005],[38.67000019900007,13.537105893000046],[38.66970343100007,13.537436675000038],[38.669496493000054,13.538183508000031],[38.66917232900005,13.538895159000049],[38.66916926500005,13.53922970900004],[38.66916621800004,13.53955183200003],[38.669208264000076,13.540059385000063],[38.669189981000045,13.540749959000038],[38.669101297000054,13.541394096000033],[38.66913345000006,13.541739988000074],[38.66908232500003,13.54216604800007],[38.66893802000004,13.542509457000051],[38.66873510200003,13.542842621000034],[38.66838926500003,13.543357567000044],[38.66816296800005,13.54367826500004],[38.66779539000004,13.544043987000066],[38.66762872500004,13.544260774000065],[38.66742716700003,13.544443616000024],[38.66685668000008,13.545130065000023],[38.666654091000055,13.545427052000036],[38.66612935200004,13.546240151000063],[38.66611378300007,13.546619888000066],[38.66611820500003,13.547391879000031],[38.66590106800004,13.547965770000076],[38.665332584000055,13.548456682000051],[38.66504566000003,13.54896039600004],[38.664886409000076,13.549650780000036],[38.66467847100006,13.550477855000054],[38.66443418000006,13.551466520000076],[38.664239733000045,13.55213311600005],[38.66391417900007,13.55299394900004],[38.663647611000044,13.553809649000073],[38.663370445000055,13.554555252000057],[38.663223439000035,13.555165401000068],[38.66300427400006,13.555946126000038],[38.66261835600005,13.55700240300007],[38.66220711200003,13.558196550000048],[38.66202483300003,13.558829253000056],[38.66181917500006,13.55944949700006],[38.66156645900003,13.560057242000028],[38.66097153700008,13.560823883000069],[38.66037692900005,13.561566800000037],[38.65987784400005,13.56216177300007],[38.65925953200008,13.562917081000023],[38.658773017000044,13.563408079000055],[38.65814487100005,13.56396670600003],[38.657433722000064,13.564594161000059],[38.65628581400006,13.565447066000047],[38.65548011000004,13.566143338000074],[38.654322027000035,13.566835722000064],[38.65375349000004,13.567302874000063],[38.65305584300006,13.567768697000076],[38.65238061200006,13.568315938000069],[38.65149320800003,13.568964610000023],[38.65097208000003,13.569397906000063],[38.65054618800008,13.569693436000023],[38.64993055900004,13.57015937500006],[38.649220006000064,13.570741594000026],[38.64880498000008,13.571117395000044],[38.648330619000035,13.571562046000054],[38.64798705100003,13.571847522000041],[38.64758281100006,13.572338622000075],[38.647472995000044,13.572764583000037],[38.64702096000008,13.57334829000007],[38.646626223000055,13.574047362000044],[38.646421184000076,13.574609946000066],[38.64606236000003,13.57524012400006],[38.645695051000075,13.57555947000003],[38.645044461000055,13.576014050000026],[38.64418213000005,13.576478492000035],[38.64376843700006,13.57671638000005],[38.643284239000025,13.576965482000048],[38.64274036200004,13.577329783000039],[38.64190070400008,13.57788692500003],[38.641473758000075,13.578286427000023],[38.64107020900008,13.578685963000055],[38.64091567300005,13.578880145000028],[38.640688606000026,13.579281064000043],[38.64054119200006,13.579925102000061],[38.64034667200008,13.580579250000028],[38.64019884100003,13.581303537000053],[38.64007447500006,13.58198264500004],[38.63990500700004,13.58249894100004],[38.63971247400008,13.582981287000052],[38.63931358600007,13.584491876000072],[38.63911458200005,13.58524546800004],[38.63862444400007,13.58730298200004],[38.63821423500008,13.589602478000074],[38.63817102300004,13.591618806000042],[38.638186132000044,13.593657829000051],[38.63810661700006,13.59579956400006],[38.63787023500004,13.598331020000046],[38.637697220000064,13.600402545000065],[38.63687664300005,13.602595189000056],[38.63596283100003,13.60473005600005],[38.634713531000045,13.605399606000049],[38.63416969700006,13.605690415000026],[38.63270506600003,13.607177940000042],[38.63154968500004,13.608938318000071],[38.63010868600003,13.610437158000025],[38.62817215700005,13.611790604000078],[38.627410276000035,13.612391890000026],[38.62685867700003,13.612826214000052],[38.62613265600004,13.613398171000028],[38.62441610600007,13.614461421000044],[38.62271262100006,13.61565127800003],[38.62177016900006,13.617514779000032],[38.62197584900008,13.618987817000061],[38.62211694400003,13.61999961600003],[38.62146747000003,13.621467965000022],[38.62121174200007,13.622046269000066],[38.62076427000005,13.624007729000027],[38.62029284300007,13.625593889000072],[38.62015312700004,13.62606388000006],[38.61923298900007,13.627846006000027],[38.619031362000044,13.628187043000025],[38.61816023800003,13.62966295800004],[38.617722050000054,13.630317828000045],[38.61698122300004,13.631424343000049],[38.61615506700008,13.632768081000052],[38.615699697000025,13.633508826000025],[38.614355474000035,13.635225869000067],[38.61264427700007,13.636772789000077],[38.61158528100003,13.637526149000053],[38.610940819000064,13.637985159000038],[38.60974555700005,13.638853582000024],[38.609144438000044,13.639291176000029],[38.60720757400003,13.64064443600006],[38.60555623000005,13.642282953000063],[38.60483400900006,13.643616638000026],[38.60449694600004,13.644238876000031],[38.60321095100005,13.645943511000041],[38.60210146800006,13.647657468000034],[38.60123097700006,13.649681481000073],[38.599683035000055,13.651111033000063],[38.59747074500007,13.652063648000023],[38.59705051900005,13.652124011000069],[38.59469797700007,13.652461507000055],[38.590307145000054,13.652178518000028],[38.588182396000036,13.652111708000064],[38.58557300900003,13.65225203700004],[38.58279207500004,13.652518641000029],[38.580316140000036,13.652681741000038],[38.57794350700004,13.653085745000055],[38.57586441500007,13.653822516000048],[38.57386151500003,13.655088359000047],[38.57290020800008,13.657167497000046],[38.572221239000044,13.659224515000062],[38.57045113300006,13.660984652000025],[38.568681172000026,13.662650964000022],[38.56706365500003,13.664685989000077],[38.56523255900004,13.666100119000077],[38.56258131000004,13.667550084000027],[38.56015119500006,13.669400530000075],[38.55831253500003,13.670964911000056],[38.55669123600006,13.672160086000076],[38.55474566200007,13.673379527000066],[38.55287657400004,13.674334606000059],[38.55074402500003,13.675541252000073],[38.548958834000075,13.676577830000042],[38.546845242000074,13.67813032600003],[38.54530026500004,13.679554998000071],[38.54301148500008,13.681567142000063],[38.541298770000026,13.683487648000039],[38.53913943300006,13.684729184000048],[38.536991656000055,13.685659889000021],[38.53476002000008,13.686466089000021],[38.53130027100008,13.68913371800005],[38.53159776100006,13.691407206000065],[38.53054098100006,13.693132211000034],[38.529381310000076,13.694855896000036],[38.528984507000075,13.697337149000077],[38.52749675800004,13.69922295200007],[38.52809945300004,13.703495280000027],[38.528221561000066,13.705596634000074],[38.528622306000045,13.708399263000047],[38.526451543000064,13.710148128000071],[38.524986728000044,13.712365101000046],[38.52511660300007,13.714467599000045],[38.52460518500004,13.716409499000065],[38.523079523000035,13.718672691000052],[38.52082496000003,13.718777965000072],[38.51854752300005,13.719042537000064],[38.516151654000055,13.720263034000027],[38.51533158600006,13.722157966000054],[38.51601438000006,13.72406488100006],[38.51642646600004,13.726213144000042],[38.51540786800007,13.728074910000032],[38.51406128100007,13.730176766000056],[38.51318377400003,13.732980281000039],[38.513900996000075,13.735025161000067],[38.51336329500003,13.73744959000004],[38.51211955500003,13.739264553000055],[38.51180687900006,13.742021714000032],[38.51253534700004,13.744365006000066],[38.51201276000006,13.746593920000066],[38.51039147300003,13.748535832000073],[38.50898375000003,13.750627374000032],[38.50683613000007,13.752248364000025],[38.50712242900005,13.754534268000043],[38.50489073600005,13.755144641000072],[38.50288409700005,13.756087738000076],[38.50308616600006,13.758821049000062],[38.50376906200006,13.761095329000057],[38.50226622500003,13.762854324000045],[38.501374964000036,13.766699838000022],[38.50017189700003,13.769930991000024],[38.49798981600003,13.771195801000033],[38.495689397000035,13.77317238300003],[38.494384669000056,13.775366887000075],[38.49372878400004,13.777354737000053],[38.49600995600008,13.777640850000068],[38.49615107900007,13.779915157000062],[38.496826267000074,13.78186732100005],[38.497837290000064,13.783602021000036],[38.497345248000045,13.78576202100004],[38.49711243200005,13.787829868000074],[38.49494185700007,13.789037022000059],[38.49589540000005,13.79102365600005],[38.497925062000036,13.790689870000051],[38.49909222100007,13.79257294100006],[38.500198477000026,13.794685337000033],[38.50123244400004,13.796407655000053],[38.50216325000008,13.798384054000053],[38.50413941200003,13.799450462000038],[38.506473895000056,13.800895068000045],[38.50873622000006,13.803537555000048],[38.50975090900005,13.805674597000063],[38.51165444500003,13.807510481000065],[38.512917196000046,13.809819792000042],[38.51115486000003,13.811244901000066],[38.51207401600004,13.813058480000052],[38.51453081400007,13.814298692000023],[38.51615220200006,13.815881950000062],[38.515370147000056,13.817813107000063],[38.516628988000036,13.819672551000053],[38.518311295000046,13.82175208800004],[38.51961596500007,13.823416089000034],[38.51973792700005,13.82570277800005],[38.52178280900006,13.827400982000029],[38.52200793600008,13.829721789000075],[38.52023399400008,13.830699364000054],[38.52128291200006,13.832466823000061],[38.52351851800006,13.833119934000024],[38.52546786400006,13.834061810000037],[38.52782160500004,13.83508241800007],[38.52892402400005,13.833288610000068],[38.53064071000006,13.834471858000029],[38.530041710000035,13.83641357700003],[38.53063303700003,13.838445720000038],[38.533585637000044,13.841534633000038],[38.53526809500005,13.842809337000062],[38.537360241000044,13.843259738000029],[38.53740215200003,13.843268863000048],[38.53736726000005,13.843365997000035],[38.537492163000024,13.845276314000046],[38.53959782100003,13.846217246000037],[38.53972763300004,13.848285805000046],[38.54183335600004,13.848776888000032],[38.54365674700006,13.850350175000074],[38.54574728800003,13.850773385000025],[38.547688925000045,13.851782878000051],[38.54833761800006,13.853850140000077],[38.54969179300008,13.855848620000074],[38.55178614500005,13.856880973000045],[38.549666957000056,13.86033332900007],[38.55376608200004,13.86210625800004],[38.553697398000054,13.864759913000057],[38.55534534200007,13.86638931300007],[38.55760383000006,13.867399307000028],[38.556596531000025,13.869226199000025],[38.55752733000003,13.871292820000065],[38.559808676000046,13.871865438000043],[38.56159788300005,13.873634073000062],[38.56091868000004,13.875551983000037],[38.56283379200005,13.87666530000007],[38.56160168500003,13.878538149000065],[38.56294454400006,13.880225729000074],[38.56464961900008,13.881707112000072],[38.566217651000045,13.883175807000043],[38.56670217800007,13.885312812000052],[38.565717885000026,13.88751839200006],[38.56352051600004,13.888346329000058],[38.56141474000003,13.887360390000026],[38.56121625700007,13.889554933000056],[38.561853394000025,13.891576929000053],[38.561390507000056,13.895325065000065],[38.56138522200007,13.895368008000048],[38.56106810600005,13.895428472000049],[38.56059768500006,13.895489790000056],[38.560173991000056,13.895469806000051],[38.55966874100005,13.895600010000067],[38.55930377300007,13.895568835000063],[38.55900802600007,13.895339987000057],[38.55840874100005,13.895483574000025],[38.55806972100004,13.895808473000045],[38.55829646900003,13.896267751000039],[38.55857038800008,13.896727123000062],[38.558713639000075,13.896990730000027],[38.55927987700005,13.897194059000071],[38.55960957100007,13.89721499500007],[38.56015099500007,13.897234053000034],[38.56058650600005,13.897276660000045],[38.560729725000044,13.897563997000077],[38.56073222600003,13.897921151000048],[38.56053598900007,13.898453135000068],[38.56025684200006,13.898927332000028],[38.559989331000054,13.899367636000022],[38.55955533400004,13.899589509000066],[38.559320598000056,13.899672721000059],[38.558993385000065,13.900021372000026],[38.558889805000035,13.900344430000075],[38.55890349500004,13.900597628000071],[38.558776659000046,13.900979408000069],[38.558494308000036,13.901004897000064],[38.55814091600007,13.900972611000043],[38.557658038000056,13.900884713000039],[38.55719741300004,13.900657833000025],[38.556784881000056,13.900545191000049],[38.55643123900006,13.900490292000029],[38.555962658000055,13.900793472000032],[38.55607038000005,13.901034407000054],[38.55634288700003,13.901320852000026],[38.55672290100006,13.901801890000058],[38.556865420000065,13.901997677000054],[38.55723448600003,13.902605281000035],[38.55735470800005,13.902972824000074],[38.55737043200003,13.903526660000068],[38.557291390000046,13.904022687000065],[38.557024510000076,13.904578270000059],[38.55693367400005,13.905040370000052],[38.55720551200005,13.905222836000064],[38.557524777000026,13.90541554500004],[38.55769116600004,13.905680325000048],[38.557930018000036,13.906173540000054],[38.55808623000007,13.906622514000048],[38.55840520400005,13.906815231000053],[38.558688225000026,13.906894860000023],[38.559077614000046,13.907017632000077],[38.55933672300006,13.907050876000028],[38.55984330800004,13.90715011900005],[38.56023247600007,13.907240112000068],[38.560562633000075,13.90732999000005],[38.56114117200008,13.907613591000029],[38.561484990000054,13.90797926700003],[38.56153530200004,13.908451798000044],[38.56164553600007,13.90904988400007],[38.56154144100003,13.909339036000063],[38.56137931500007,13.909720763000053],[38.56093393200007,13.909990089000075],[38.56048927000006,13.910338522000075],[38.560090606000074,13.910526553000068],[38.55972694600007,13.910713518000023],[38.55934009400005,13.910924170000044],[38.559072076000064,13.91131813100003],[38.55913356600007,13.91168669600006],[38.55926472700003,13.911927672000047],[38.55629541800005,13.91347974200005],[38.554574821000074,13.914576322000073],[38.55322823100005,13.916429686000072],[38.55136280200003,13.91820523900003],[38.54934117500005,13.91952387200007],[38.54858575800006,13.921532014000036],[38.54659441700005,13.922423459000072],[38.54413018400004,13.923274441000046],[38.54237541200007,13.925497698000072],[38.54038794400003,13.926746237000032],[38.539109772000074,13.928574785000023],[38.537251996000066,13.930040549000068],[38.53741602600007,13.932363463000058],[38.53538275000005,13.932462459000021],[38.533124549000036,13.932768949000035],[38.532548348000034,13.935052021000047],[38.53050749000005,13.936024609000071],[38.529477532000044,13.937782370000036],[38.52788289700004,13.93938306800004],[38.52823400900007,13.941992302000074],[38.52710868300005,13.943682056000057],[38.524888426000075,13.944057481000073],[38.523980540000025,13.946067496000069],[38.52182516000005,13.947236437000072],[38.52016953000003,13.948757845000046],[38.518605584000056,13.950139272000058],[38.51727046800005,13.952349595000044],[38.51577102700003,13.953995606000035],[38.51577493000008,13.956009657000038],[38.51362710800004,13.95751195300005],[38.51227679400006,13.95934133000003],[38.51022834100007,13.960209736000024],[38.50928610300008,13.962502176000044],[38.50768759500005,13.965776568000024],[38.50546361100004,13.965484978000063],[38.50220184700004,13.968009995000045],[38.50331588200004,13.969840962000035],[38.50137047700008,13.970629255000063],[38.49919216100005,13.970474461000038],[38.49717799900003,13.970538112000042],[38.49791367100005,13.974054597000077],[38.49918598700003,13.980291475000058],[38.50061987700008,13.987308518000077],[38.500443662000066,13.987309285000038],[38.50003338700003,13.987566119000064],[38.49991625400003,13.987671001000024],[38.49945752700006,13.987720914000022],[38.49911740700003,13.987919125000076],[38.49877747000005,13.988163678000035],[38.49840227100003,13.988385555000036],[38.49822836800007,13.988789810000071],[38.498174180000035,13.989493821000053],[38.49835314400008,13.989826476000076],[38.49862701300003,13.990297208000072],[38.498699378000026,13.990550527000039],[38.49844410000003,13.99111735200006],[38.498318237000035,13.991648301000055],[38.498156634000054,13.992111355000077],[38.49809977700005,13.992445771000064],[38.498043180000025,13.992791504000024],[38.49756292500007,13.993153311000071],[38.49693118400006,13.993722753000043],[38.496993658000065,13.994264257000054],[38.49691624700006,13.995002124000052],[38.49674184600008,13.995361166000066],[38.49659122800006,13.995696518000045],[38.496545827000034,13.99595073200004],[38.49646555100003,13.996273814000062],[38.496383983000044,13.996390044000066],[38.49618436500003,13.996506058000023],[38.496078870000076,13.99657589900005],[38.49562228900004,13.996960353000077],[38.495378466000034,13.997445834000075],[38.495828661000075,13.997869474000026],[38.49574970900005,13.998376760000042],[38.495503634000045,13.998563875000059],[38.49524486200005,13.998599502000047],[38.49479837900003,13.99872967500005],[38.49468079500008,13.998776899000063],[38.49448123900004,13.998858987000062],[38.494390698000075,13.999378701000069],[38.49417221700003,14.000176167000063],[38.493763837000074,14.000743816000067],[38.493730293000056,14.000998045000074],[38.49362789500003,14.00150528100005],[38.49377255500008,14.002045835000047],[38.493951931000026,14.002459859000055],[38.49409554400006,14.00281618300005],[38.494251054000074,14.00316121700007],[38.49443168000005,14.003793377000022],[38.49446900800007,14.004059059000042],[38.49446063900007,14.004577805000054],[38.49441654000003,14.005027536000057],[38.494312767000054,14.00537429700006],[38.49417395200004,14.005732281000064],[38.49389325400006,14.005999559000031],[38.49358994200003,14.006417103000047],[38.49350984300003,14.006786504000047],[38.493653909000045,14.00720046400005],[38.493596850000074,14.007488548000026],[38.49338659500006,14.007698327000071],[38.49324644500007,14.007872088000056],[38.49295538000007,14.008381206000024],[38.49287636400004,14.00891223800005],[38.492984971000055,14.00926848000006],[38.49315181700007,14.009590937000041],[38.493269834000046,14.00961264600005],[38.49377704300008,14.009782120000068],[38.494178558000044,14.009975094000026],[38.49438120600007,14.010330402000022],[38.49447707300004,14.010560032000058],[38.494477473000074,14.010641407000037],[38.494291487000055,14.01100043100007],[38.49406973600003,14.011301727000046],[38.49382738400004,14.012029082000026],[38.49354883600006,14.012630896000076],[38.49317621200004,14.013244948000022],[38.49295686000005,14.01390340000006],[38.49272504900006,14.014435251000066],[38.49257713600008,14.015244167000048],[38.49247449400008,14.015728810000041],[38.492219833000036,14.016387187000078],[38.49202440100004,14.017092028000036],[38.491875039000035,14.017635347000066],[38.491665785000066,14.018040649000056],[38.49131568700005,14.018538336000063],[38.49090755200007,14.019105969000066],[38.49074542000005,14.019533980000062],[38.490617548000046,14.019777834000024],[38.49048834900003,14.019836337000072],[38.49028927000006,14.01996476100004],[38.490031507000026,14.020184612000037],[38.48988065300006,14.020486052000024],[38.48930643400007,14.020905286000072],[38.48896690400005,14.021196162000024],[38.48959521200004,14.021837177000066],[38.48961976500004,14.021986414000025],[38.49002455400006,14.022675573000072],[38.49008683500006,14.023170727000036],[38.489985227000034,14.023839599000041],[38.490105621000055,14.024230900000077],[38.490496207000035,14.024539138000023],[38.49082780300006,14.024824650000028],[38.49105366500004,14.02515740900003],[38.49100915200006,14.025526893000063],[38.49081258900003,14.02608140600006],[38.49067415300004,14.026520771000037],[38.49051164200006,14.026856101000021],[38.49031423900004,14.027261427000042],[38.48994089900003,14.027794097000026],[38.48970794500008,14.028176747000032],[38.489651551000065,14.028557511000031],[38.48965526600006,14.029098881000039],[38.48970262600005,14.029145320000055],[38.49030380800008,14.02923247900003],[38.49051584700004,14.029276997000068],[38.49055511100005,14.029842190000068],[38.49040309800006,14.03000462700004],[38.49010060900008,14.030560047000051],[38.48996153600007,14.03089542600003],[38.489905314000055,14.031322529000022],[38.48995381100008,14.031506841000066],[38.490096752000056,14.031781791000071],[38.49021632200004,14.032023906000063],[38.49041827100007,14.032310276000032],[38.49056809500007,14.032483524000043],[38.49082269000007,14.032776771000044],[38.49080881300006,14.032906715000024],[38.49089414600007,14.03305608900007],[38.49096505500006,14.033055099000023],[38.49163572100008,14.033004531000074],[38.49235340200005,14.032895266000025],[38.49295431000007,14.032982419000064],[38.49352017800004,14.033081939000056],[38.49416875800006,14.033204223000041],[38.49485215300007,14.033291543000075],[38.495912575000034,14.03341017200006],[38.496313119000035,14.03340760900005],[38.497254448000035,14.033331599000064],[38.49783131800007,14.033292095000036],[38.498278294000045,14.033231989000058],[38.49873601100006,14.033020460000046],[38.49932293900008,14.032751554000072],[38.499698469000066,14.032540993000055],[38.49994450200006,14.032388918000038],[38.500354909000066,14.032109469000034],[38.50090499500004,14.031609924000065],[38.50126712800005,14.03116876300004],[38.501549357000044,14.031143347000068],[38.50187899100007,14.031140637000021],[38.50214988300007,14.031138935000058],[38.50297478600004,14.031225393000057],[38.50337525300006,14.031256732000031],[38.50414249700003,14.031515992000038],[38.50448723400007,14.032032081000068],[38.505093713000065,14.032892267000022],[38.505486509000036,14.033535028000074],[38.50547598600008,14.033719235000035],[38.50564729200005,14.034675737000043],[38.50588828300005,14.035526146000052],[38.506150640000044,14.035996846000046],[38.506258553000066,14.036284141000067],[38.50693471400007,14.037051803000054],[38.50733785800003,14.03746400500006],[38.50768047100007,14.03762294300003],[38.508530603000054,14.037973907000037],[38.509227226000064,14.03824544300005],[38.50988832400003,14.038481861000037],[38.51048974100007,14.038616449000074],[38.51093780200006,14.038728117000062],[38.511587715000076,14.039057186000036],[38.51174542500007,14.039748072000066],[38.51194702300006,14.039942864000068],[38.51241005800006,14.040504382000051],[38.51257583100005,14.040675382000074],[38.512799554000026,14.04067356400003],[38.513129226000046,14.040659534000042],[38.513705394000056,14.040552200000036],[38.51407043300003,14.040514501000075],[38.51477934400003,14.040866290000054],[38.51502761200004,14.041026148000071],[38.51580758500006,14.041447017000053],[38.516010032000054,14.041791002000025],[38.516356640000026,14.042537639000045],[38.51679509600007,14.042961210000044],[38.51722127000005,14.043303383000023],[38.517955234000055,14.043863181000063],[38.51882846400008,14.04412146900006],[38.51934498500003,14.043887409000035],[38.520508964000044,14.043647855000074],[38.52104965400008,14.043482789000052],[38.521649731000025,14.043431989000055],[38.52222684700007,14.043427482000027],[38.522403835000034,14.043495642000039],[38.52261905100005,14.043829472000027],[38.52267415400007,14.043915483000035],[38.522710999000026,14.044016142000032],[38.522749539000074,14.044126979000055],[38.52254010000007,14.044497273000047],[38.522365311000044,14.044763662000037],[38.522133084000075,14.045237886000052],[38.52199315300004,14.045446698000035],[38.521926300000075,14.046000373000027],[38.52209209600005,14.046161191000067],[38.52231671900006,14.046285951000073],[38.522505575000025,14.046353005000071],[38.52278922200003,14.04648919500005],[38.52326101700004,14.046613322000042],[38.52346198300006,14.046704129000034],[38.52358150200007,14.046991439000067],[38.523350795000056,14.047707541000023],[38.523211772000025,14.04803163500003],[38.52310763400004,14.048285729000042],[38.52279441700006,14.04901409200005],[38.52240841400004,14.04938629700007],[38.52174054900007,14.04987549200007],[38.52120187600008,14.050317462000066],[38.52081562500007,14.050665934000051],[38.520382417000064,14.051050485000076],[38.51985625200007,14.051595323000072],[38.519083124000076,14.052178100000049],[38.51860297400003,14.052585156000077],[38.518205529000056,14.053026270000032],[38.517643589000045,14.053503230000047],[38.51690333400006,14.053727793000064],[38.51642409100003,14.054250124000077],[38.51640171100007,14.054434299000036],[38.51628964400004,14.055288511000072],[38.51628068800005,14.055691975000059],[38.51617846700003,14.056269308000026],[38.516064036000046,14.056731335000052],[38.51579617600004,14.057206620000045],[38.515691125000046,14.05733411400007],[38.51549196800005,14.057485168000028],[38.515140760000065,14.05781109000003],[38.51475430900007,14.058113211000034],[38.51406183100005,14.05845314000004],[38.51363873500003,14.05855966200005],[38.51347552900006,14.058814761000065],[38.51332505400006,14.059207765000053],[38.51332836600005,14.059691499000053],[38.51331958600008,14.060152609000056],[38.51331262200006,14.060844281000072],[38.51330296700007,14.061167500000067],[38.51320099600008,14.061756135000053],[38.513108842000065,14.062080317000039],[38.512945212000034,14.06226534600006],[38.512593596000045,14.062509889000069],[38.512300303000075,14.062685609000027],[38.51158431300007,14.06304808300007],[38.51130251200004,14.063131156000054],[38.51098507200004,14.06322545100005],[38.51057270700005,14.063182795000046],[38.510243425000056,14.063265761000025],[38.51005830500003,14.063751371000023],[38.51002539500007,14.064120882000054],[38.50986441100008,14.064686796000046],[38.509747735000076,14.064836873000047],[38.50943185400007,14.065150433000042],[38.50906811800007,14.065372327000034],[38.50841116700008,14.065734930000076],[38.50811720100006,14.065817964000075],[38.50788624000006,14.066487708000068],[38.50792530700005,14.067029151000042],[38.507974671000056,14.067363793000027],[38.50828592600004,14.06813409800003],[38.50837105100004,14.068525329000067],[38.50830416700006,14.069078989000047],[38.50811874400006,14.069564597000067],[38.507968066000046,14.069911267000066],[38.507463751000046,14.070215394000058],[38.507041721000064,14.070494820000022],[38.50676047600007,14.070715767000024],[38.50664289900004,14.070876016000057],[38.506271533000074,14.071549980000043],[38.506097354000076,14.07192033900003],[38.50597145800003,14.072451268000066],[38.50587048500006,14.073235435000072],[38.505745716000035,14.073916688000054],[38.50518607600003,14.074774502000025],[38.50401989900007,14.074748370000066],[38.503490390000024,14.074786843000027],[38.50295068200006,14.075124792000054],[38.50271706900003,14.075403468000047],[38.50215639800007,14.07606461000006],[38.50185254200005,14.076424514000053],[38.50150261600004,14.076945950000038],[38.50115319300005,14.077501291000033],[38.500766603000045,14.077839552000057],[38.50056957500004,14.078325130000053],[38.49987025300004,14.079379294000034],[38.49894403600007,14.080008023000062],[38.497839688000056,14.080420513000035],[38.49720919200007,14.081231820000028],[38.49729492200004,14.08173832400007],[38.49773386600003,14.082219576000057],[38.49792402500003,14.082494610000026],[38.49798524600004,14.082828149000022],[38.49794046000005,14.08318631800006],[38.498038318000056,14.08370416200006],[38.49820656700007,14.084209718000068],[38.498597665000034,14.084599328000024],[38.49964784200006,14.084879526000066],[38.500522000000046,14.085299513000052],[38.50115010600007,14.085860255000057],[38.50166078800004,14.086502147000033],[38.50216226500004,14.08752375000006],[38.50240226200003,14.088179765000064],[38.50259439100006,14.088754316000063],[38.502643130000024,14.088972531000024],[38.502658696000026,14.089537672000063],[38.502624483000034,14.089699220000057],[38.50225196200006,14.090347184000052],[38.50179557900003,14.090823190000037],[38.50139826700007,14.091288012000064],[38.50094155200003,14.091648727000063],[38.500343058000055,14.091976381000052],[38.49941564900007,14.09246721900007],[38.49852325000006,14.092830422000077],[38.49773498600007,14.092963272000077],[38.497146593000025,14.093036642000072],[38.49653468300005,14.093145005000054],[38.496165004000034,14.093278714000064],[38.49614966300004,14.093279821000067],[38.49578391600005,14.093601154000055],[38.49607921200004,14.093724966000025],[38.496679709000034,14.093674234000048],[38.49728122700003,14.09382015400007],[38.49773185200007,14.094266387000062],[38.49857160600004,14.09481289300004],[38.49910578400005,14.095443515000056],[38.49965209100003,14.09608548400007],[38.50017552300005,14.096865283000056],[38.50073427600006,14.097645146000048],[38.501007171000026,14.097954255000047],[38.501467855000044,14.098169952000035],[38.50178839900008,14.098535663000064],[38.50219077000003,14.098810004000029],[38.50259248000003,14.098991672000068],[38.50328990100007,14.099378510000065],[38.50383421200007,14.099742420000041],[38.50442544900005,14.10010756500003],[38.50489864900004,14.100426127000048],[38.505184765000024,14.100920606000045],[38.50536574100005,14.101576496000064],[38.505594141000074,14.102253955000037],[38.505678842000066,14.102576236000061],[38.50577553800008,14.102979915000049],[38.505945600000075,14.103727331000073],[38.506053519000034,14.104025921000073],[38.50610352500007,14.104464557000028],[38.506118023000056,14.104855625000027],[38.50587406300008,14.105353543000035],[38.50566383900008,14.105643573000066],[38.505395546000045,14.106013727000061],[38.50512679500008,14.106327376000024],[38.505094718000066,14.10683476500003],[38.50511072000006,14.107468836000066],[38.50493587100004,14.107735208000065],[38.50477151600006,14.107828678000033],[38.50413771500007,14.108133658000042],[38.50395209000004,14.10856162500005],[38.50384808500007,14.10886204700006],[38.50363898300003,14.109301261000041],[38.503464533000056,14.10964900700003],[38.503384459000074,14.109994678000078],[38.50335219300007,14.110455736000063],[38.50300030500006,14.110655052000027],[38.50257922700007,14.111118695000073],[38.502665027000035,14.111602597000058],[38.50246818900007,14.112123219000068],[38.50264720000007,14.112478471000031],[38.50282669500007,14.11288118300007],[38.50288790500008,14.113226025000074],[38.502747474000046,14.11336588200004],[38.50267881800005,14.113655072000029],[38.50269261100004,14.113965902000075],[38.50239064700003,14.114636619000066],[38.50205734300005,14.115872370000034],[38.502006005000055,14.116979860000072],[38.502281983000046,14.117750098000045],[38.50274557300003,14.118380585000068],[38.50337355500005,14.118906289000051],[38.50404779400003,14.119328112000062],[38.50454471100005,14.11968175800007],[38.50493417800004,14.119782015000055],[38.50528808800004,14.119860728000049],[38.50604263100007,14.119969641000068],[38.50659643600005,14.119988859000046],[38.50727970500003,14.119983481000077],[38.507727044000035,14.11996857400004],[38.50849255000003,14.119952057000035],[38.509446567000055,14.119932532000064],[38.51025928200005,14.119914967000057],[38.51098928300007,14.119852030000061],[38.51156832400005,14.120124455000052],[38.511594169000034,14.120492954000042],[38.51177476000004,14.121068594000064],[38.511990870000034,14.12168951600006],[38.51225241900005,14.122044929000026],[38.512538816000074,14.122560881000027],[38.512826913000026,14.12336616600004],[38.51334934300007,14.123984309000036],[38.51360998500007,14.124224440000035],[38.51424939300006,14.124704939000026],[38.51461560200005,14.124862778000022],[38.51500551400005,14.125033089000055],[38.51546559700006,14.125156081000057],[38.515949876000036,14.125336756000024],[38.51664676900003,14.125608278000072],[38.51729645000006,14.125892128000032],[38.51766222100008,14.12598102100003],[38.51798042400003,14.125979400000062],[38.51833363800006,14.12597671900005],[38.51855769000008,14.125997508000069],[38.51893511700007,14.126052510000022],[38.519476799000074,14.126060379000023],[38.519900722000045,14.126034106000077],[38.52011225000007,14.125952007000024],[38.520512042000064,14.12583300700004],[38.52079440000006,14.125796276000074],[38.52112376800005,14.12571329800005],[38.52152460100007,14.125790952000045],[38.521962178000024,14.126017861000037],[38.52267223000007,14.126508645000058],[38.523004643000036,14.126909397000077],[38.52327829500007,14.127299857000025],[38.52351659100003,14.127712855000027],[38.523861160000024,14.12811363000003],[38.524109760000044,14.128307386000074],[38.52452379500005,14.128581714000063],[38.524914816000035,14.128923805000056],[38.52518758800005,14.12918767800005],[38.52537853800004,14.129531632000067],[38.52557012300008,14.129990877000068],[38.52583078400005,14.130231004000052],[38.52633989700007,14.130597056000056],[38.52683601800004,14.130800342000043],[38.52729680200008,14.131015983000054],[38.52773457100005,14.131300527000064],[38.52792552400007,14.131645610000021],[38.52811757600006,14.132162488000063],[38.52835833700004,14.132932629000038],[38.52853921700006,14.133530858000029],[38.52876633200003,14.134036509000055],[38.52898075400003,14.13438050700006],[38.52922098400006,14.134561808000058],[38.529373805000034,14.13501192800004],[38.529504376000034,14.135148942000058],[38.529670045000046,14.13527472100003],[38.529941689000054,14.135388272000057],[38.530201986000066,14.135524401000055],[38.530638209000074,14.135578370000076],[38.53115646200007,14.135586167000042],[38.53173267300008,14.135432449000064],[38.532131529000026,14.13521057500003],[38.53268381700008,14.134998043000053],[38.533013432000075,14.134938780000027],[38.533437786000036,14.134992730000022],[38.53367410800007,14.135106209000071],[38.53440545300003,14.135262458000057],[38.53490028500005,14.135258897000028],[38.53520681600003,14.135302441000022],[38.53587917400006,14.135423537000065],[38.536267972000076,14.135443499000075],[38.536645443000054,14.135487177000073],[38.53748210700007,14.135538517000043],[38.53810660000005,14.135556670000028],[38.53889631100003,14.135631653000075],[38.53906130300004,14.135653440000056],[38.53965318300004,14.136052408000069],[38.53997288000005,14.136315215000025],[38.54057526100007,14.136541286000067],[38.54111794500005,14.13664065000006],[38.541683628000044,14.136682421000046],[38.54219098800007,14.136782843000049],[38.54270968600008,14.136859566000055],[38.543653481000035,14.137059134000026],[38.544042981000075,14.137171754000065],[38.54430302700007,14.137296581000044],[38.54457426300007,14.137328741000033],[38.544892643000026,14.137384720000057],[38.545458772000075,14.137495422000029],[38.54610904800006,14.137801806000027],[38.54647527700007,14.137972023000032],[38.54694815900007,14.138232870000024],[38.54747968100003,14.138424867000026],[38.54775203200006,14.138618644000076],[38.54800043700004,14.138778471000023],[38.548273909000045,14.139145173000031],[38.54861869800004,14.139614864000066],[38.54886805700005,14.139878666000072],[38.54914018100004,14.140049832000045],[38.54929444800007,14.140220785000054],[38.54942575300004,14.14045045100005],[38.549569260000055,14.140795437000065],[38.54971193800003,14.140978804000042],[38.54987788900007,14.14110456900005],[38.550233870000056,14.141482720000056],[38.55037653900007,14.141666085000054],[38.550592306000055,14.142229330000077],[38.550889934000054,14.142687615000057],[38.551128307000056,14.143089283000052],[38.55130726500005,14.143376691000071],[38.55148636100006,14.14374321300005],[38.55161742400003,14.143938982000066],[38.55176345900003,14.14462867900005],[38.551861012000074,14.145089988000052],[38.55160475400004,14.145529156000066],[38.55147909500005,14.146118881000064],[38.55143575500006,14.146660171000065],[38.55149772500005,14.14709881300007],[38.55153600500006,14.147512532000064],[38.55150179200007,14.147686521000026],[38.55156350200008,14.148112728000058],[38.55154297800004,14.148538762000044],[38.551368162000074,14.148793872000056],[38.551405929000055,14.14917369400007],[38.551491629000054,14.149622547000035],[38.55164933100008,14.150267056000075],[38.551735396000026,14.150819883000054],[38.551690507000046,14.151120436000042],[38.551635746000045,14.151731773000051],[38.55156957300005,14.152400725000064],[38.55150070800005,14.152666198000077],[38.551140513000064,14.15339563300006],[38.55093105800006,14.153743347000045],[38.550544409000054,14.154080554000075],[38.549955917000034,14.154130309000038],[38.54960236900007,14.15412174000005],[38.54904759900006,14.153964728000062],[38.548398690000056,14.153819972000065],[38.547939142000075,14.15382362500003],[38.54777480300004,14.153905829000053],[38.54757579600005,14.154091931000039],[38.547460182000066,14.154426256000022],[38.54738013100007,14.154784377000055],[38.547335203000046,14.155096233000052],[38.547185633000026,14.155615832000024],[38.54718877100004,14.15607697300004],[38.54725098400007,14.15653820600005],[38.54724273900007,14.157045655000047],[38.54754082000005,14.157572894000054],[38.54758866200007,14.157688263000068],[38.547509096000056,14.158092724000028],[38.54723964900006,14.15831373800006],[38.54718418600004,14.158832394000058],[38.54718688100007,14.159224575000053],[38.54717596200004,14.159328538000068],[38.54682418500005,14.159595735000039],[38.54669521300008,14.159654256000067],[38.54658984300005,14.159782900000039],[38.54659077200006,14.159898181000074],[38.54659275500006,14.160208996000051],[38.54659319700005,14.160277936000057],[38.54659545900006,14.160601178000036],[38.546349262000035,14.160775895000029],[38.54603265900005,14.160974208000027],[38.54553961400006,14.161219666000022],[38.545257623000055,14.161337799000023],[38.54523549100003,14.161544585000058],[38.54530840600006,14.161866831000054],[38.54515607800005,14.162017994000053],[38.544840330000056,14.162366621000047],[38.54469991800005,14.162494068000058],[38.544584316000055,14.162818215000073],[38.54451503100006,14.163003441000058],[38.54449419800005,14.163429483000073],[38.544271055000024,14.163512701000059],[38.543825619000074,14.163838480000038],[38.54367402300005,14.164058584000031],[38.54354517300004,14.164197339000054],[38.54323948100006,14.164292833000047],[38.54309838900008,14.164327599000046],[38.54261403900006,14.164135681000062],[38.54233186500005,14.164195028000051],[38.54215627800005,14.164392493000037],[38.54199262900005,14.164556058000073],[38.541689864000034,14.165065195000068],[38.541561235000074,14.165239001000032],[38.54124862900005,14.166036329000065],[38.541214180000054,14.16617528100005],[38.54081772300003,14.166766740000071],[38.540337849000025,14.167220168000028],[38.54002140000006,14.167476118000025],[38.53976424500007,14.167766086000029],[38.53967054900005,14.167847289000065],[38.53953238300005,14.16829797400004],[38.539298029000065,14.168483991000073],[38.53899251000007,14.168635977000065],[38.539030758000024,14.169050845000072],[38.53924368400004,14.169152969000038],[38.53974976000006,14.169068049000032],[38.54036109700007,14.16890307500006],[38.540973860000065,14.168897471000037],[38.54138622800008,14.168894871000077],[38.54183280700005,14.168729579000058],[38.54190324800004,14.168694670000036],[38.54213776900008,14.168566283000075],[38.54286544200005,14.168157413000074],[38.54337037800008,14.16791085500006],[38.54431988300007,14.167200637000064],[38.545047314000044,14.166756715000076],[38.54544741300003,14.16666140600006],[38.54597891900005,14.16688845300007],[38.546358233000035,14.167196592000039],[38.546808405000036,14.167551196000034],[38.54751660200003,14.167752575000065],[38.548046345000046,14.167702716000065],[38.548776013000065,14.167593328000066],[38.54923466200006,14.167463089000023],[38.54975236200005,14.167355559000043],[38.55024655200003,14.167270594000058],[38.55057639300003,14.16726781400007],[38.550847608000026,14.166885191000063],[38.551105275000054,14.167056328000058],[38.55166255900008,14.167582917000061],[38.55200835000005,14.168156569000075],[38.55236279700006,14.168304165000052],[38.55321325400007,14.168619941000031],[38.553709911000055,14.168904549000047],[38.55427657900003,14.169072869000047],[38.55524291300003,14.169076922000045],[38.55567986800003,14.16923483200003],[38.55579951000004,14.169510822000063],[38.55624814300006,14.169622412000024],[38.55669197800006,14.169077345000062],[38.55694888700003,14.168752314000074],[38.557477310000024,14.16848317800003],[38.55791362300005,14.168526934000056],[38.55789375000006,14.169068267000057],[38.558017249000045,14.16989692900006],[38.55831698900005,14.170633245000033],[38.55838100900007,14.171370256000046],[38.558174663000045,14.172201708000046],[38.55793209700005,14.172895203000053],[38.55792454600004,14.173506628000041],[38.55790284600005,14.173794791000034],[38.55788228500006,14.174244573000067],[38.557804978000036,14.174983583000028],[38.55797297700008,14.17540884500005],[38.55888275700005,14.175769922000029],[38.55955660500007,14.176087620000033],[38.56044149400003,14.176288165000074],[38.56104490400003,14.176641885000038],[38.56163936400003,14.177431862000049],[38.561891967000065,14.178145469000071],[38.56236516800004,14.178441322000026],[38.562463868000066,14.179074421000053],[38.562631398000065,14.179453340000066],[38.563459815000044,14.17996570300005],[38.56396929700003,14.180376889000058],[38.56427837800004,14.180789978000064],[38.56468186400008,14.181202109000026],[38.56474615800005,14.181961719000071],[38.564701453000055,14.182319909000057],[38.56461458200005,14.18338101200004],[38.56445840200007,14.184638649000021],[38.564864827000065,14.185488163000059],[38.565363182000056,14.185969404000048],[38.565613015000054,14.186324739000042],[38.56567912400004,14.187349955000059],[38.565723311000056,14.188629427000023],[38.56618793800004,14.189340035000043],[38.566967109000075,14.18957652000006],[38.56719323900006,14.189909211000042],[38.56732890200004,14.190761628000075],[38.56760225900007,14.191081971000074],[38.568512541000075,14.191524386000026],[38.56919853900007,14.191877115000068],[38.570217307000064,14.19268704700005],[38.57038577800006,14.193193674000042],[38.57036530500005,14.193608424000047],[38.570633153000074,14.194862299000022],[38.57090420800006,14.196567129000073],[38.571078200000045,14.197833269000057],[38.57154581400005,14.198982397000066],[38.57155150600005,14.199801785000034],[38.57092980800007,14.20019850400007],[38.57066989700007,14.200107628000069],[38.57030234700005,14.19981086000007],[38.56982792400004,14.19936470600004],[38.56929607600006,14.199115110000037],[38.56895543200005,14.199290809000047],[38.56871038600008,14.199615863000076],[38.56851360500008,14.20013652700004],[38.568316637000066,14.20061086100003],[38.568921042000056,14.201090028000067],[38.56967474100003,14.20103825800004],[38.56997041400007,14.20120832300006],[38.570150786000056,14.201702548000071],[38.57018881000005,14.202117393000037],[38.570309218000034,14.202462325000056],[38.57059485800005,14.202886660000047],[38.57129318300008,14.203330954000023],[38.57184833700006,14.203511648000074],[38.572201955000025,14.203520188000027],[38.572776728000065,14.203134685000066],[38.57314079300005,14.202971458000036],[38.57382269100003,14.202757938000047],[38.57455294500005,14.202694816000076],[38.57520106800007,14.202724224000065],[38.575745975000075,14.203124144000071],[38.576172805000056,14.20347752400005],[38.57676531900006,14.20398037900003],[38.57747463100003,14.20428565800006],[38.577842145000034,14.204606154000032],[38.57823430600007,14.20507587800006],[38.57852088800007,14.205626798000026],[38.57855830900007,14.205903762000048],[38.57838639200003,14.206618872000035],[38.57831966800006,14.20714994900004],[38.578251253000076,14.207496804000073],[38.57772345500007,14.207857543000046],[38.577029682000045,14.208071052000037],[38.57632502200005,14.208376090000058],[38.575525893000076,14.20870469700003],[38.575127122000026,14.208985405000021],[38.57477805800005,14.209633516000054],[38.574652686000036,14.210233437000056],[38.574234330000024,14.211078077000025],[38.57374191500003,14.211404964000053],[38.57296649700004,14.211744900000042],[38.57256829200003,14.21156787700005],[38.57186365300004,14.211852560000068],[38.57112078400007,14.211825232000024],[38.57009525600006,14.211789486000043],[38.569485686000064,14.212188482000045],[38.568947113000036,14.212562735000063],[38.56850290700004,14.21297220100007],[38.56797755600007,14.21355443300007],[38.56754428200003,14.213847500000043],[38.56675538700006,14.213959092000039],[38.56601325100007,14.214001827000061],[38.56548361800003,14.214087906000032],[38.565444021000076,14.21359166600007],[38.565123063000044,14.21330627900005],[38.56467382300008,14.213161916000047],[38.56436454400006,14.212830201000031],[38.564216239000075,14.212081744000045],[38.563962926000045,14.211414460000071],[38.56350940300007,14.210784113000045],[38.563516710000044,14.210299273000032],[38.56334687900005,14.209747428000071],[38.56297805600008,14.20935909700006],[38.56274155300008,14.209291975000042],[38.56211398800008,14.208952899000053],[38.56172453800008,14.20889906900004],[38.56133627400004,14.208983120000028],[38.560770826000066,14.209023904000048],[38.560560973000065,14.209257473000036],[38.56054103500003,14.209684656000036],[38.560617437000076,14.210317705000023],[38.56062269100005,14.210895238000035],[38.56003137400006,14.210681675000046],[38.559688649000066,14.210581589000071],[38.55959881100006,14.211056112000051],[38.559614003000036,14.211435881000057],[38.55946385400006,14.211796143000072],[38.55913538300007,14.211960545000068],[38.55893877800003,14.212378365000063],[38.55867481900003,14.21317692200006],[38.558227739000074,14.213261989000046],[38.55779681000007,14.213831947000074],[38.55793031700006,14.21429218000003],[38.55757881200003,14.214526614000022],[38.557272418000025,14.214506836000055],[38.556927984000026,14.21423382000006],[38.556924422000066,14.213830333000033],[38.55679257700007,14.213565618000075],[38.55667157400006,14.213231973000063],[38.556504371000074,14.212979644000029],[38.55613910400007,14.212995919000036],[38.55569203400006,14.213080981000076],[38.555334800000026,14.212691531000075],[38.55495579500007,14.212477222000075],[38.55463605600005,14.212318397000047],[38.55404501100003,14.212117246000048],[38.553747384000076,14.211761809000052],[38.55356707800007,14.21139415700003],[38.55299220200004,14.211665462000042],[38.55269572200007,14.211461478000047],[38.55250501800003,14.211232814000027],[38.55215065200008,14.211155305000034],[38.551631464000025,14.211091041000032],[38.551020003000076,14.211259419000044],[38.55027763700008,14.211278375000063],[38.549783372000036,14.211353161000034],[38.549265158000026,14.21138157300004],[38.54904312600007,14.211613980000038],[38.549104802000045,14.211913593000077],[38.54946058400003,14.212152736000064],[38.54972169400003,14.212369091000028],[38.55014886300006,14.212687482000035],[38.55034075300006,14.213055159000078],[38.55040337400004,14.213458756000023],[38.54981300000003,14.213360459000057],[38.54931826500007,14.213377600000058],[38.54869281800006,14.21329165800006],[38.547630973000025,14.213163069000075],[38.546993892000046,14.213100831000077],[38.54647585300006,14.21318688100007],[38.546244354000066,14.213662249000038],[38.54628325400006,14.214054507000071],[38.54672302000006,14.214441867000062],[38.54700691000005,14.214566711000032],[38.547302915000046,14.214713085000028],[38.54761006700005,14.214790512000036],[38.54790627300008,14.214984335000054],[38.54771961500006,14.215194198000063],[38.547343898000065,14.215370928000027],[38.54705149600005,14.215593024000043],[38.54658210000008,14.215828349000049],[38.54627849000008,14.216154398000072],[38.54570492800008,14.216622348000044],[38.54558090100005,14.217234677000022],[38.545585119000066,14.217731982000032],[38.54545940600008,14.218171377000033],[38.545214875000056,14.218496406000042],[38.54477395300006,14.21926297300007],[38.54448357700005,14.219773271000065],[38.544489285000054,14.22039714300007],[38.54541239900004,14.220826118000048],[38.54555752300007,14.22125135300007],[38.54530446100006,14.221934635000025],[38.545214318000035,14.222397846000035],[38.54475961500003,14.222956429000021],[38.544727299000044,14.223325941000041],[38.544541104000075,14.223593437000034],[38.54432077600006,14.22397615500006],[38.54409969900007,14.224301227000069],[38.54375788800007,14.224316398000042],[38.54345167400004,14.224342941000032],[38.543026832000066,14.224301447000073],[38.54276715200007,14.22423426100005],[38.54234207400003,14.224169027000073],[38.542093495000074,14.224056661000077],[38.54153207500008,14.224523494000039],[38.541050092000035,14.224667234000037],[38.540745052000034,14.224831645000052],[38.53995777700004,14.225117212000043],[38.54004431800007,14.225577361000035],[38.540223178000076,14.225795837000021],[38.54054217000004,14.225895906000062],[38.540825393000034,14.225928096000075],[38.54122861600007,14.226200109000047],[38.54143141800006,14.226463839000075],[38.54156373600006,14.226785069000073],[38.54174255600003,14.227014848000067],[38.541922122000074,14.227312429000051],[38.541996115000074,14.227681025000038],[38.541869192000036,14.227993832000038],[38.54157436100007,14.227974055000061],[38.541150247000076,14.228001498000026],[38.540619658000026,14.227972222000062],[38.540056314000026,14.228243515000031],[38.54001167600006,14.228544064000062],[38.539956182000026,14.228913531000046],[38.539817165000045,14.229192418000025],[38.53958254400004,14.229333242000052],[38.53856044100007,14.229713278000077],[38.53807725200005,14.229729298000052],[38.53771388500007,14.229941069000063],[38.537587665000046,14.230334138000046],[38.53748444300004,14.230670727000074],[38.537334534000024,14.231029844000034],[38.53756033900004,14.231234849000032],[38.53785420100007,14.231163080000044],[38.538148112000044,14.231067582000037],[38.538524333000055,14.230948513000044],[38.538759173000074,14.230841595000072],[38.53920957400004,14.231137441000044],[38.53967211200006,14.231444615000044],[38.540012026000056,14.231232796000029],[38.540388439000026,14.231160062000072],[38.540602179000075,14.231319822000046],[38.54078078600003,14.231524733000072],[38.54124378000006,14.231889548000026],[38.541763013000036,14.23195383600006],[38.54209036300006,14.231650441000056],[38.54251372600004,14.231565361000037],[38.54295045600003,14.231606879000026],[38.54331385300003,14.231383794000067],[38.54349908100005,14.231024749000028],[38.543861812000046,14.230697680000048],[38.54399820000003,14.230141889000038],[38.544315346000076,14.23001139300004],[38.54460969200005,14.229985957000054],[38.544889838000074,14.229671162000045],[38.54511164200005,14.229426335000028],[38.54535997900007,14.229516097000044],[38.54563298700003,14.229732480000052],[38.54608368000004,14.230028314000037],[38.546460824000064,14.230024511000067],[38.54661615300006,14.230276842000023],[38.546618281000065,14.230518708000034],[38.546656934000055,14.230888356000037],[38.54678905000003,14.231163243000026],[38.54694392500005,14.231357929000069],[38.54714625200006,14.231575325000051],[38.54731300100008,14.23177002400007],[38.54795775200006,14.231347415000073],[38.54823785800005,14.231056356000067],[38.54858963500004,14.230845676000058],[38.548966309000036,14.230783105000057],[38.54921444100006,14.23083894900003],[38.54945402200008,14.231263220000073],[38.54963333000006,14.231549499000039],[38.54995519800008,14.231962621000037],[38.55019381900007,14.232282918000067],[38.55062860000004,14.23214020000006],[38.55141729500008,14.232016238000028],[38.551926098000024,14.232230797000057],[38.55212963300005,14.23257475400004],[38.552332431000025,14.232849772000066],[38.55269863800004,14.23296121800007],[38.553006528000026,14.233120023000026],[38.553408630000035,14.23324284000006],[38.55369252700007,14.233377860000076],[38.55397768500006,14.233605561000047],[38.55424002500007,14.233949617000064],[38.55459556400007,14.234187633000033],[38.55490202900006,14.234184816000038],[38.555338049000056,14.23414606600005],[38.55576165400004,14.234083572000031],[38.556114612000044,14.234010761000036],[38.556472806000045,14.234514361000038],[38.55663981400005,14.234732803000043],[38.55684192600006,14.234915146000048],[38.55720860500003,14.235084220000033],[38.55777484600003,14.235113518000048],[38.55826017600003,14.235339316000022],[38.55857897100003,14.23540547400006],[38.55896704500003,14.235296560000052],[38.55904721400003,14.235031108000044],[38.55910269100008,14.234660506000068],[38.55940773300006,14.234496063000051],[38.55975049500006,14.234596150000073],[38.56013949900006,14.23460364400006],[38.560410854000054,14.234635789000038],[38.56084757100007,14.23468858900003],[38.561177773000054,14.234697102000041],[38.56142466000006,14.234648957000047],[38.56214625200005,14.234929446000024],[38.562573230000055,14.235225206000052],[38.56308085300003,14.235312027000077],[38.563656335000076,14.235052006000046],[38.56384321300004,14.234877165000057],[38.56420945100007,14.234977290000074],[38.564505491000034,14.235124753000036],[38.56507292100008,14.235291933000042],[38.56548587200007,14.23534580100005],[38.56604025200005,14.23537393600003],[38.56652438100008,14.235473141000057],[38.56680805900004,14.235574241000052],[38.56710388500005,14.235686667000039],[38.567341354000064,14.23586905600007],[38.567873374000044,14.236071199000037],[38.568311057000074,14.236227961000054],[38.56880658100005,14.236280843000031],[38.56911545200006,14.236542473000043],[38.56924929100006,14.236991404000037],[38.569619096000054,14.237506311000061],[38.569883901000026,14.238092227000038],[38.57005232500006,14.23848358400005],[38.56996031400007,14.23873771500007],[38.56989370100007,14.239188544000058],[38.56980216800008,14.23949013400005],[38.56984181200005,14.23997392900003],[38.57012789000004,14.240340631000038],[38.570189851000066,14.240662848000056],[38.57027429400006,14.24089243700007],[38.57034956200005,14.241376296000055],[38.57050613700005,14.241756318000057],[38.57053201700006,14.242009531000065],[38.57026304500005,14.242243003000056],[38.56989774200008,14.242258167000045],[38.56929638100007,14.242253685000037],[38.56870547500006,14.242086484000026],[38.56830508500008,14.242114017000063],[38.56784655600006,14.242256723000025],[38.56744663500007,14.242341891000024],[38.566917198000056,14.242450562000045],[38.56632964000005,14.242652934000034],[38.56602626000006,14.24300273700004],[38.565640786000074,14.24341004200005],[38.56528974300005,14.243690817000072],[38.564892171000054,14.244064195000021],[38.564530941000044,14.244517873000063],[38.56433380500005,14.24490065200007],[38.564185354000074,14.245421398000076],[38.563906400000064,14.24587522400003],[38.563416102000076,14.246411177000027],[38.56299529000006,14.24680710000007],[38.56245731300004,14.247286449000057],[38.56219850400004,14.247347006000041],[38.561833214000046,14.247350854000047],[38.56151440200006,14.24728471800006],[38.56123209300006,14.247367832000066],[38.56079725500007,14.247523002000037],[38.56046708900004,14.247491887000024],[38.56011483700007,14.247644939000054],[38.55984538100006,14.24782076300005],[38.559468184000025,14.247835881000071],[38.559172097000044,14.247700835000046],[38.55899302800003,14.24742586700006],[38.55849602300003,14.247235084000067],[38.55812836800004,14.246962025000073],[38.55774761400005,14.246572525000033],[38.55739179900007,14.246323228000051],[38.557037844000035,14.246303359000024],[38.55670742900003,14.246249620000071],[38.55655202600008,14.246019895000074],[38.55624318100007,14.24574582300005],[38.556005936000076,14.245598458000075],[38.55573410400007,14.245508662000077],[38.55515505100004,14.245353883000064],[38.55488463900008,14.245425707000038],[38.55437864400005,14.24553439400006],[38.553978234000056,14.245573207000064],[38.553400355000065,14.245556304000047],[38.55284599600003,14.24551570500006],[38.55216165300004,14.245430789000068],[38.55154821000008,14.245378780000067],[38.55093526300004,14.24537311000006],[38.550656297000046,14.245814487000075],[38.55064797000006,14.24621907900007],[38.55047598400006,14.24676351000005],[38.54989098900006,14.247265342000048],[38.54949106400005,14.24735049700007],[38.548918901000036,14.247956324000029],[38.54829899900005,14.248528153000052],[38.54793512300006,14.248693600000024],[38.54695706000007,14.24873808500007],[38.54647410100006,14.248766554000042],[38.54586134700003,14.248807210000052],[38.54535348700006,14.248685307000073],[38.54506906700004,14.248515241000064],[38.544182112000044,14.248200481000026],[38.54373328100007,14.248113732000036],[38.54331986500006,14.247990877000063],[38.54287030300003,14.247834056000045],[38.542166706000046,14.24824409200005],[38.54201534200007,14.248465322000072],[38.54134638000005,14.248795187000042],[38.54072204900007,14.248824494000075],[38.540379975000064,14.248805753000056],[38.53995463700005,14.248705478000034],[38.539541874000065,14.248686600000042],[38.53901099900003,14.248634718000062],[38.538622401000055,14.248696129000052],[38.53801111100006,14.248875775000045],[38.53733355800006,14.249575186000072],[38.536959445000036,14.249924813000064],[38.53671391800003,14.250146985000072],[38.535929389000046,14.250743330000034],[38.53570730200005,14.250976852000065],[38.535511092000036,14.25145115600003],[38.535478340000054,14.251740421000022],[38.535388434000026,14.252214922000064],[38.53594516900006,14.252520028000049],[38.53626511600004,14.252736503000051],[38.53659773000004,14.252998239000021],[38.536294045000034,14.253324272000043],[38.53595385700004,14.253512355000055],[38.535625035000066,14.253666537000072],[38.53493304400007,14.254054001000043],[38.53461585900004,14.254184474000056],[38.534273779000046,14.254164586000059],[38.533872873000064,14.254145721000043],[38.53350496300004,14.253872625000042],[38.53309246200007,14.25386504100004],[38.53302478000006,14.254234481000026],[38.533039934000044,14.254615388000047],[38.532937236000066,14.254974584000024],[38.53292885800005,14.255378046000033],[38.533154928000044,14.255606794000073],[38.533427955000036,14.255823191000047],[38.533159874000035,14.256160593000061],[38.53257409500003,14.256593440000074],[38.532411126000056,14.256814639000027],[38.532626255000025,14.257147331000056],[38.533219529000064,14.257580227000062],[38.533539990000065,14.257830630000058],[38.534003719000054,14.258287001000042],[38.534170747000076,14.258493024000074],[38.534078900000054,14.258782173000043],[38.53349125600005,14.25898445300004],[38.532726678000074,14.259166052000069],[38.53213735200006,14.259206709000068],[38.53150206000004,14.259339960000034],[38.530868887000054,14.259715065000023],[38.530260817000055,14.26027556400004],[38.53022803400006,14.260576143000037],[38.53065316100003,14.260652705000041],[38.53110011200005,14.260532649000027],[38.53158263800003,14.26044657600005],[38.53218352500005,14.260417240000038],[38.532548844000075,14.260413429000039],[38.532890449000035,14.260386980000021],[38.53316161600003,14.26038413200007],[38.53352859900008,14.26055436400003],[38.53364861500006,14.260795330000064],[38.53379260600008,14.261070247000077],[38.53404147500004,14.261206361000063],[38.534290749000036,14.261422710000033],[38.53437542200004,14.261664736000057],[38.533941506000076,14.26192270200005],[38.53349480600008,14.262054058000047],[38.533189237000045,14.26216196100006],[38.53301627800005,14.262589968000043],[38.53291370900007,14.263018103000036],[38.532918677000055,14.263560607000045],[38.53310080600005,14.264170137000065],[38.52990979100008,14.264985513000056],[38.530344686000035,14.267055750000054],[38.53282832700006,14.26860447000007],[38.532362687000045,14.270611905000067],[38.53325549700003,14.272478468000031],[38.532072938000056,14.274417816000039],[38.53390410000003,14.275325554000062],[38.53278241700008,14.277106796000055],[38.53071852900007,14.276512769000021],[38.528616629000055,14.276654423000025],[38.527758309000035,14.27868479700004],[38.52550395700007,14.279257862000065],[38.524393650000036,14.281096710000043],[38.52272657900005,14.279860347000067],[38.52070869500005,14.279165760000069],[38.518908199000066,14.280200757000046],[38.51680608000004,14.281375293000053],[38.51502081800004,14.282319881000035],[38.512708942000074,14.28239654400005],[38.51171713900004,14.284583680000026],[38.50927590900005,14.284978747000025],[38.506372783000074,14.287265885000068],[38.50648341100003,14.28928010900006],[38.50454532800006,14.291823522000072],[38.50647957600006,14.294761493000067],[38.50556034900006,14.296559967000064],[38.505655542000056,14.298609182000064],[38.50538851400006,14.300680254000042],[38.505068196000025,14.303923214000065],[38.50278699100005,14.305632935000062],[38.50097880900006,14.304373517000045],[38.49775514600003,14.305887959000074],[38.49510763500007,14.305770473000052],[38.49308215600007,14.30543048900006],[38.49172034800006,14.303480283000056],[38.48977846500003,14.302315432000057],[38.48777185800003,14.30312598100005],[38.48776045500006,14.305217919000029],[38.485906355000054,14.306479712000055],[38.48601338700007,14.308597901000041],[38.48484590700008,14.310400268000024],[38.483007249000025,14.311468817000048],[38.48212989800004,14.313348654000038],[38.47992107500005,14.31283073000003],[38.47791059900004,14.311997907000034],[38.475938384000074,14.311418305000075],[38.47461081800003,14.313364927000066],[38.475198368000065,14.315521471000068],[38.47447739800003,14.317405019000034],[38.474523187000045,14.31952192600005],[38.47657929800005,14.320816012000023],[38.47778496600006,14.322852978000071],[38.47751407900006,14.324960151000028],[38.47731201700003,14.32812646900004],[38.47331790100003,14.328895210000042],[38.47130352700003,14.328440923000073],[38.47024696200003,14.330177905000028],[38.468640883000035,14.33206849000004],[38.466416725000045,14.331596740000066],[38.464127905000055,14.331271744000048],[38.46164834000007,14.330733824000049],[38.46048496000003,14.332386887000041],[38.45937106400004,14.334305641000071],[38.457345375000045,14.334332663000055],[38.45567538000006,14.334788823000054],[38.45628302000006,14.335292010000046],[38.45651096700004,14.335820324000053],[38.45660946100003,14.336556294000047],[38.456649146000075,14.337407404000032],[38.456736557000056,14.338293649000036],[38.45655240100007,14.339433580000048],[38.45616520100003,14.340288230000056],[38.45565849700006,14.340947088000064],[38.45513925900008,14.34151435900003],[38.45467909900003,14.341976683000041],[38.45437279500004,14.34245065500005],[38.454185747000054,14.342981405000046],[38.45404558700005,14.343419586000039],[38.45397685800003,14.34391557400005],[38.45387331500007,14.344549357000062],[38.453793063000035,14.345136865000029],[38.453795580000076,14.345654487000047],[38.453739115000076,14.34623074500007],[38.453385980000064,14.346773545000076],[38.452831340000046,14.347352043000058],[38.45237013700006,14.347642561000043],[38.45182504300004,14.347749800000031],[38.45111403000004,14.347914287000037],[38.45024967000006,14.348218561000067],[38.44962360100004,14.34872907700003],[38.44938821300008,14.349110539000037],[38.44943783700006,14.34955932300005],[38.44955848700005,14.349995848000049],[38.449643380000055,14.350363351000055],[38.44965702700006,14.350709209000058],[38.449400585000035,14.351642133000041],[38.44912933100005,14.351989599000035],[38.448022328000036,14.353618983000047],[38.44786075500008,14.354505796000069],[38.44778142700005,14.355301246000067],[38.447996938000074,14.355702958000052],[38.448687439000025,14.356227837000063],[38.44978137700008,14.356751383000073],[38.450387238000076,14.35693135400004],[38.45080328200004,14.35710184800007],[38.451077190000035,14.357330775000037],[38.45186533200007,14.358350878000067],[38.45180706900004,14.358592599000076],[38.45139569200006,14.359354516000053],[38.450984291000054,14.360128857000063],[38.45046622800004,14.360902949000035],[38.45013641200006,14.361376859000075],[38.44978415400004,14.36213777200004],[38.449706089000074,14.363128751000033],[38.449711654000055,14.364290574000051],[38.44971360200003,14.36468274300006],[38.449668565000025,14.365200263000077],[38.44931459600008,14.365593864000061],[38.448973471000045,14.36618302100004],[38.44898755500003,14.366586513000073],[38.44903576100006,14.366781032000063],[38.44914693100003,14.367667332000053],[38.449006508000025,14.368081778000033],[38.44860678200007,14.368809803000033],[38.44820955500006,14.370055456000046],[38.44831899800005,14.370572197000058],[38.44842898400003,14.371227952000027],[38.44849081500007,14.371780744000034],[38.44851792800006,14.372425002000057],[38.44859141300003,14.372954092000043],[38.448715212000025,14.37400092300004],[38.44863555500007,14.374691261000066],[38.448510945000066,14.375866342000052],[38.448631841000065,14.376326606000077],[38.44891214000006,14.377855243000056],[38.44842900400005,14.378549168000063],[38.44807758700006,14.379425362000063],[38.44792627000004,14.380025124000042],[38.447810798000035,14.380658883000024],[38.447814822000055,14.381499733000055],[38.44755704100004,14.38213428000006],[38.44671798500008,14.382818334000035],[38.44545210600006,14.383561285000042],[38.44447226900007,14.384556922000058],[38.44406407400004,14.38599917700003],[38.44429780100006,14.387711930000023],[38.44450400000005,14.388608637000061],[38.44406681600003,14.388991867000072],[38.44310612000004,14.389031418000059],[38.44228985800004,14.389508677000038],[38.44219861300007,14.390302973000075],[38.44207107700004,14.390879057000063],[38.44158700100007,14.391353717000072],[38.44095019500003,14.392163666000044],[38.44036027200008,14.39287992800007],[38.44020804500008,14.393249131000061],[38.44022853200005,14.395033708000028],[38.44018641500003,14.396116302000053],[38.439726165000025,14.396671256000047],[38.43926623400006,14.397214905000055],[38.43869914000004,14.397724395000068],[38.43860528000005,14.397932122000043],[38.43858207200003,14.398058646000038],[38.43905093200004,14.39927693900006],[38.43954191900008,14.400228569000035],[38.43966321500005,14.400757764000048],[38.43915626200004,14.401440324000077],[38.43826810500008,14.40177839200004],[38.437430832000075,14.402865879000046],[38.43712487100004,14.403385022000066],[38.436513553000054,14.40452842600007],[38.43589030900006,14.405683086000067],[38.43539504700004,14.406319318000044],[38.43458211500007,14.407509692000076],[38.434123370000066,14.408375429000046],[38.43362969000003,14.409298731000035],[38.43282704100005,14.410200923000048],[38.43235345100004,14.410399819000077],[38.431424563000064,14.410434887000065],[38.43097826300004,14.410614636000048],[38.43075466800008,14.410996093000051],[38.43068468000007,14.41127281200005],[38.43089983700003,14.411593167000035],[38.43103109600003,14.411731357000065],[38.43130423100007,14.411821302000021],[38.43174395900007,14.41194555100003],[38.43223132000003,14.412150145000055],[38.43261700800008,14.413356953000061],[38.43301201400004,14.414091380000059],[38.43353695400003,14.414685984000073],[38.43406303200004,14.41552355500005],[38.43463970700003,14.416982836000045],[38.434737581000036,14.417603532000044],[38.43490708600007,14.418327241000043],[38.43512326100006,14.41882165000004],[38.43535254500006,14.419637029000057],[38.43537990900006,14.420396569000047],[38.43499346900006,14.421435385000052],[38.43428569300005,14.422290357000065],[38.433851670000024,14.423340362000033],[38.43374912500008,14.424227289000044],[38.434027110000045,14.425273353000023],[38.43411308900005,14.425895151000077],[38.434021451000035,14.426596763000077],[38.43391756700004,14.427207930000066],[38.43380125500005,14.42769247800004],[38.433708129000024,14.428060688000073],[38.43356020600004,14.429350981000027],[38.43351512000004,14.42986961300005],[38.43343767300007,14.431032366000068],[38.43341968400006,14.432183949000034],[38.43340933200005,14.432494724000037],[38.43326964500005,14.433047033000037],[38.433099404000075,14.433757491000051]]]},"properties":{"OBJECTID":2,"ZONE_":"NW","Shape_Length":7.104681473502182,"Shape_Area":1.1762333317278706},"id":2},
{"type":"Feature","geometry":{"type":"Polygon","coordinates":[[[37.34943689500005,14.412774269000067],[37.344962278000025,14.413702146000048],[37.34172727400005,14.414175427000032],[37.339785627000026,14.415155998000046],[37.33808056000004,14.416590133000057],[37.33667666900004,14.419417140000064],[37.33544444800003,14.422066849000032],[37.33309826200008,14.42505890700005],[37.33210259400005,14.426444900000035],[37.32998549600006,14.427305501000035],[37.32751357800004,14.428291241000068],[37.32510254600004,14.429620836000026],[37.32286698400003,14.430309926000064],[37.32174951800005,14.430456761000073],[37.32062794400008,14.43061033500004],[37.318278074000034,14.431930118000025],[37.316572794000024,14.433780954000042],[37.31599286800008,14.437057684000024],[37.31541693200006,14.44068579900005],[37.313952064000034,14.443621785000062],[37.31342551500006,14.445226816000059],[37.31289914100006,14.446153982000055],[37.31236878400006,14.447072075000051],[37.31090030100006,14.448054625000054],[37.30877927000006,14.448058613000057],[37.307306770000025,14.448228808000067],[37.30489559800003,14.448806859000058],[37.302244348000045,14.449051000000054],[37.30018060400005,14.448647480000034],[37.29682359800006,14.448017676000063],[37.29523280500007,14.447509082000067],[37.29358094200006,14.447334429000023],[37.292047480000065,14.446645462000049],[37.290926014000036,14.44601368900004],[37.289804495000055,14.445390972000041],[37.287561364000055,14.443666475000043],[37.28479192200007,14.44217313300004],[37.280313266000064,14.44160725200004],[37.27648323000005,14.44149793300005],[37.274182848000066,14.440866506000077],[37.271592731000055,14.440413701000068],[37.26946771900003,14.439558705000024],[37.26682038900003,14.440135762000068],[37.26340615200007,14.440082395000047],[37.26181530800005,14.440197192000028],[37.26039637000008,14.43870449700006],[37.25933182500006,14.436808836000068],[37.258385893000025,14.434794289000024],[37.25649752000004,14.434230140000068],[37.25437642300005,14.434115030000044],[37.252080025000055,14.433365950000052],[37.249959097000044,14.43400998800007],[37.243779063000034,14.435508391000042],[37.23983843100007,14.436844858000029],[37.23860230200006,14.43770326300006],[37.23642784000003,14.440352052000037],[37.23289914000003,14.441734393000047],[37.23096124700004,14.443700272000058],[37.229198920000044,14.445485576000067],[37.222183630000075,14.443137143000058],[37.216408003000026,14.441593230000024],[37.21393222200004,14.440671825000038],[37.21175018200006,14.439588826000033],[37.21068582700008,14.438522199000033],[37.209621463000076,14.43745782600007],[37.208263405000025,14.434816388000058],[37.20625297600003,14.431422115000032],[37.20389176000003,14.429352572000028],[37.201118155000074,14.427579244000071],[37.19837276100003,14.425473964000048],[37.19764550600007,14.424918240000068],[37.19658842700005,14.424405183000033],[37.195859090000056,14.424217727000041],[37.194835427000044,14.42401671600004],[37.193024163000075,14.423488831000043],[37.19228498500007,14.42301320200005],[37.191733972000065,14.422561622000046],[37.19082022600003,14.421670045000042],[37.189927485000055,14.421193241000026],[37.188858638000056,14.420669901000053],[37.18738942500005,14.420098275000043],[37.18603779400007,14.419607762000055],[37.18494419500007,14.419244626000022],[37.18410910400007,14.419022432000077],[37.18294482400006,14.418693763000022],[37.181804303000035,14.418365272000074],[37.18083950700003,14.418129639000028],[37.17929864000007,14.417752859000075],[37.17700527200003,14.417153362000022],[37.176240807000056,14.416942978000066],[37.17553546700003,14.416696900000034],[37.17466293600006,14.416841540000064],[37.17409563700005,14.417150076000041],[37.173751786000025,14.417528128000072],[37.17338446300005,14.417905998000037],[37.17312384000007,14.418168318000028],[37.17278044700004,14.418488763000028],[37.17234185900003,14.41897000800003],[37.171139090000054,14.41917081400004],[37.17010203700005,14.419268971000065],[37.169392886000026,14.419667902000072],[37.16903369000005,14.420644566000021],[37.16899564900007,14.421150381000075],[37.16830762200004,14.42194147400005],[37.16757320000005,14.422662157000048],[37.16656027000005,14.422645275000036],[37.16565450400003,14.422421319000023],[37.16413905500008,14.421700085000055],[37.162412921000055,14.420769337000024],[37.16127317000007,14.420280338000055],[37.16006235100008,14.41987098800007],[37.15866291200007,14.419495188000042],[37.15812198500004,14.419307951000064],[37.15638290000004,14.418584926000051],[37.15515023100005,14.417876011000033],[37.15438816100004,14.417307466000068],[37.15302729000007,14.416368223000063],[37.151655696000034,14.415221015000043],[37.15023725900005,14.41406214400007],[37.149194014000045,14.413228160000074],[37.14788118100006,14.412127713000075],[37.146440074000054,14.41084212000004],[37.14592370200006,14.410493515000041],[37.14456244200005,14.40968074500006],[37.14370332000004,14.409537297000043],[37.142300945000045,14.409633592000034],[37.14160518600005,14.409813381000049],[37.140578438000034,14.410106927000072],[37.13935147900003,14.410468927000068],[37.13886770900007,14.410592769000061],[37.137772738000024,14.41051748700005],[37.13753773600007,14.41044785400004],[37.13712704200003,14.410180264000076],[37.136716627000055,14.409844905000057],[37.136155158000065,14.409207847000062],[37.135371200000066,14.408318247000068],[37.13418971100003,14.40694200200005],[37.133243218000075,14.405704315000037],[37.13269438900005,14.404873036000026],[37.13221778700006,14.403823185000022],[37.13170669500005,14.402635236000037],[37.13138242100007,14.401700686000027],[37.13083542900006,14.400615258000073],[37.13020795800003,14.39920836300007],[37.12976443100007,14.398503319000042],[37.129098473000056,14.397613509000053],[37.12842064500006,14.396723604000044],[37.12806191100003,14.395685981000042],[37.12722228900003,14.392308367000055],[37.12694889800008,14.390765319000025],[37.12643181800007,14.38665370800004],[37.125948280000046,14.384774616000072],[37.12559157000004,14.383391322000023],[37.12492653100003,14.38232867000005],[37.124096361000056,14.38133474600005],[37.122798025000066,14.379853612000034],[37.12147708600003,14.378200580000055],[37.120786974000055,14.377403191000042],[37.12008692400008,14.376305234000029],[37.11917606900005,14.37505761400007],[37.118475543000045,14.374052285000062],[37.117458284000065,14.372815097000057],[37.117096540000034,14.372283540000069],[37.11678337200004,14.371453002000067],[37.11675332000004,14.370612288000075],[37.11699307600003,14.369866346000038],[37.117580721000024,14.368120023000074],[37.11761033800008,14.367141958000047],[37.11749676300008,14.366415806000077],[37.11744084400004,14.365931861000035],[37.116903930000035,14.365146982000056],[37.116248737000035,14.364406361000022],[37.11539463300005,14.363515031000077],[37.11442117900003,14.362865628000065],[37.11292967700007,14.362189495000052],[37.112354957000036,14.36180648100003],[37.11166339000005,14.361260981000044],[37.111233205000076,14.360361719000025],[37.11089988200007,14.358967311000072],[37.11032043600005,14.357455705000064],[37.10795199300003,14.351860749000025],[37.10740434000007,14.350913099000024],[37.106589142000075,14.349400734000028],[37.10620428800007,14.348800066000024],[37.10573763800005,14.348073340000042],[37.105132266000055,14.346929803000023],[37.10478371600004,14.346145292000074],[37.10436653900007,14.345049566000057],[37.10417636400007,14.343379523000067],[37.10393543200007,14.340408822000029],[37.103473661000066,14.338898150000034],[37.10263340800003,14.337616037000032],[37.10240043500005,14.337247021000053],[37.101996315000065,14.335909658000048],[37.10189768200007,14.334688835000065],[37.10253640800005,14.332275327000048],[37.10345102800005,14.330945092000036],[37.10384330200003,14.330349504000026],[37.10463809600003,14.329386597000052],[37.10677244800007,14.326878815000043],[37.10753168400004,14.325973220000037],[37.10835539100003,14.324078538000037],[37.10865564000005,14.323125230000073],[37.108866360000036,14.321343154000033],[37.10867028100006,14.320685241000035],[37.10813291000005,14.31996927800003],[37.10734956700003,14.31905477500004],[37.106940413000075,14.318592872000067],[37.106566790000045,14.318072505000032],[37.106235552000044,14.316367447000061],[37.10610385900003,14.314801794000061],[37.106162066000024,14.312937168000076],[37.10614652600003,14.311613071000068],[37.105897535000054,14.309977575000062],[37.10554082200008,14.308582971000021],[37.105471876000024,14.306372785000065],[37.10543200500007,14.30515242000007],[37.10575983000007,14.30349667300004],[37.10606111000004,14.30238182100004],[37.10620830600004,14.301370805000033],[37.10652039100006,14.300382563000028],[37.10663264200008,14.299323830000048],[37.10686805700004,14.297391695000044],[37.106805387000065,14.296090939000067],[37.10657822700006,14.294684949000043],[37.10645377800006,14.293844612000044],[37.10606000000007,14.292795390000038],[37.105548087000045,14.291779126000051],[37.10508155200006,14.291051290000041],[37.10440321600004,14.290334194000025],[37.10343000100005,14.289661066000065],[37.10283258000004,14.28917393300003],[37.10207038600004,14.288686614000028],[37.10106060000004,14.28826622500003],[37.10034396100008,14.288009715000044],[37.099217097000064,14.287461869000026],[37.098783386000036,14.287172595000072],[37.09853995700007,14.286538047000022],[37.09823070600004,14.285120091000067],[37.09830832500006,14.28398087200003],[37.09869192600007,14.282821498000033],[37.09867379100007,14.281911973000035],[37.098583457000075,14.281323818000033],[37.098391383000035,14.27995312400003],[37.09824264700006,14.279250407000063],[37.09771138900004,14.277578776000041],[37.09735242900007,14.276563723000038],[37.09698045300007,14.275790315000052],[37.09657312600007,14.27505164200005],[37.09600037100006,14.274357964000046],[37.09501769700006,14.273339042000032],[37.094232401000056,14.272782623000069],[37.09365762300007,14.272468487000026],[37.092988449000075,14.272153604000039],[37.09231908300006,14.27193135400006],[37.09119816900005,14.271925762000023],[37.09050853700006,14.271530502000076],[37.08980298600005,14.27141075000003],[37.08782633900006,14.27127288500003],[37.08696720100005,14.271268246000034],[37.08595440000005,14.271319986000037],[37.08529534100006,14.271316948000049],[37.08430610700003,14.271391460000075],[37.08337583400004,14.271443852000061],[37.08236284900005,14.271553183000037],[37.081338078000044,14.271685012000034],[37.08033706000003,14.271748113000058],[37.07928903700008,14.27182325900003],[37.078476013000056,14.271945493000032],[37.07713290700008,14.272122172000024],[37.075781375000076,14.271791566000047],[37.074878682000076,14.27118781400003],[37.07417598300003,14.270596975000046],[37.073438648000035,14.269890622000048],[37.07281848400004,14.269300448000024],[37.07192985200004,14.268339813000068],[37.07115810200003,14.267529270000068],[37.07052537900006,14.267020324000043],[37.06978708400004,14.266531973000042],[37.06909500800003,14.266125338000052],[37.068308632000026,14.265740527000048],[37.06753392200005,14.265414562000046],[37.06721659100003,14.265343073000054],[37.06660486800007,14.265294053000048],[37.066157314000066,14.265314150000052],[37.06602759200007,14.265348114000062],[37.06539162100006,14.265425416000028],[37.063977812000076,14.265612760000067],[37.06302342400005,14.265780102000065],[37.06215106500008,14.265970696000068],[37.06123190100004,14.266149616000064],[37.06070142500005,14.26628424200004],[37.059510242000044,14.266645070000038],[37.05875492800004,14.266963135000026],[37.05829470200007,14.267179660000068],[37.05752643400007,14.26765801700003],[37.056817429000034,14.268114265000065],[37.05441866000007,14.269597116000057],[37.05381601800008,14.26997288800004],[37.053295794000064,14.270361760000071],[37.05191617500003,14.270744725000043],[37.051256256000045,14.270844389000047],[37.05005577000003,14.270837953000068],[37.04893759600003,14.270819757000027],[37.047784799000056,14.270721077000076],[37.04637274300006,14.270631555000023],[37.045596474000035,14.27055854100007],[37.044631707000065,14.270448951000049],[37.04370314500005,14.270270758000038],[37.04269398500003,14.269769944000075],[37.04176815300008,14.269109410000056],[37.04048162600003,14.267800876000024],[37.03982704100008,14.267083814000046],[37.038787511000066,14.265777324000055],[37.03813515400003,14.264737192000041],[37.03735490300005,14.263386505000028],[37.036910885000054,14.26286546800003],[37.03584662700007,14.261777899000037],[37.03509706600005,14.261197874000061],[37.03432275600005,14.26080175900006],[37.03290234600007,14.260217315000034],[37.032079735000025,14.259982341000068],[37.030681154000035,14.259652243000062],[37.02950630500004,14.259334139000032],[37.02859030500008,14.259018187000038],[37.02748723700006,14.25847135500004],[37.026665851000075,14.258063539000034],[37.02564470400006,14.257620177000035],[37.024858438000024,14.257270252000069],[37.02369722800006,14.256619001000047],[37.022595299000045,14.255944518000035],[37.02199735100004,14.255549839000025],[37.02096710200004,14.254691810000054],[37.01971415400004,14.253706538000074],[37.01928023700003,14.253462324000054],[37.01811671200005,14.253179289000059],[37.01718736400005,14.253103790000068],[37.016375640000035,14.253052982000042],[37.01521059600003,14.253011660000027],[37.014434390000076,14.252938544000074],[37.01365728700006,14.252968228000043],[37.01264417200008,14.25313488100005],[37.01187822000003,14.253279872000064],[37.01066382000005,14.253617664000046],[37.00979108400003,14.253854389000026],[37.00900064100006,14.254183280000063],[37.00799695400008,14.254660643000022],[37.00738191700003,14.255128811000077],[37.00621057800004,14.256065642000067],[37.00570189200005,14.256488389000026],[37.00529928900005,14.256865696000034],[37.004895445000045,14.257449723000036],[37.004608638000036,14.258093462000033],[37.00435828700006,14.25857484200003],[37.004012282000076,14.259298288000025],[37.00370231100004,14.25994071200006],[37.003426545000025,14.260709931000065],[37.00292652700006,14.261593619000053],[37.00267605400006,14.262121311000044],[37.002556249000065,14.262442247000024],[37.002472598000054,14.262603081000066],[37.00218709100005,14.263096590000032],[37.00200995200004,14.263187736000077],[37.00051893500006,14.262247817000059],[37.000141806000045,14.262262726000074],[36.99871687800004,14.26226771000006],[36.997512106000045,14.26242590000004],[36.99558833300006,14.263145110000039],[36.994497041000045,14.26350192700005],[36.99378514800003,14.263751229000036],[36.99284670000003,14.264111581000066],[36.99261946300004,14.26426781400005],[36.99166313000006,14.264914924000038],[36.990771315000075,14.265828054000053],[36.99044269900003,14.266315519000045],[36.990141462000054,14.266620231000047],[36.989792833000024,14.26694714000007],[36.98950170400008,14.267320840000025],[36.98901559400008,14.268000155000038],[36.98870040400004,14.268408666000028],[36.98831112500005,14.268975836000038],[36.987794450000024,14.269965528000057],[36.987543585000026,14.27066263000006],[36.987385532000076,14.271406841000044],[36.987031509000076,14.27250407300005],[36.98661016300008,14.273450518000061],[36.98647344400007,14.273781469000028],[36.98618459700003,14.274581048000073],[36.98560784800003,14.27616891200006],[36.98527219500005,14.27695566500006],[36.98507948400004,14.277688280000064],[36.98477606700004,14.278625538000028],[36.98439925800005,14.279676273000064],[36.98382809800006,14.280470070000035],[36.98325833000007,14.281206262000069],[36.98128490800008,14.282567654000047],[36.98038505000005,14.28277915700005],[36.97959066800007,14.28301527900004],[36.97856376000004,14.283120659000076],[36.978102017000026,14.283236471000066],[36.976334543000064,14.284327330000053],[36.97595806500004,14.284848257000021],[36.975474632000044,14.285931952000055],[36.97533214200007,14.286515876000067],[36.975004839000064,14.287464210000053],[36.97396543000008,14.289708906000044],[36.97265962200004,14.291235167000025],[36.97205941400006,14.291740631000039],[36.970924910000065,14.292441471000075],[36.96796742600003,14.29356389000003],[36.96617988300005,14.293974483000056],[36.96482928100005,14.294325506000064],[36.96403761900007,14.294446385000072],[36.96185012600006,14.294826399000044],[36.96036934400007,14.294679289000044],[36.95915857500006,14.294584178000036],[36.958123227000044,14.294527850000065],[36.957347911000056,14.29444213100004],[36.95598021200004,14.294504929000027],[36.95481246300005,14.294584124000039],[36.95336651000008,14.294460996000055],[36.95240449400006,14.29430248500006],[36.95150236000006,14.29408800300007],[36.95076586000005,14.293841059000044],[36.950122855000075,14.293632191000029],[36.94878776000007,14.293293108000057],[36.94803441200003,14.293276441000046],[36.94689301200003,14.293229320000023],[36.945974138000054,14.293232677000049],[36.944780465000065,14.293425694000064],[36.943228383000076,14.293830233000051],[36.94190708900004,14.29445812800003],[36.940883247000045,14.294954193000024],[36.94035561800007,14.295368696000025],[36.93966063700003,14.295906004000074],[36.93913489200003,14.296240321000028],[36.93872659300007,14.296588081000039],[36.93836309900007,14.297040146000029],[36.937971247000064,14.297711105000076],[36.93748052600006,14.298586788000023],[36.93621965700004,14.299664759000052],[36.93529236200004,14.300047548000066],[36.93345256600003,14.300686709000047],[36.93236591400006,14.300825234000058],[36.931063033000044,14.301142610000056],[36.93054256200003,14.301246521000053],[36.929669242000045,14.301331536000077],[36.92834441600007,14.301578666000069],[36.92738508100007,14.301823331000037],[36.92580808800005,14.302284000000043],[36.92462382700006,14.30258090500007],[36.92379791700006,14.302643724000063],[36.92292480900005,14.30270613600004],[36.92172310600006,14.30272612400006],[36.91992001700004,14.302767967000023],[36.91895967800008,14.303057770000066],[36.91803033000008,14.303533084000037],[36.916942447000054,14.304245344000037],[36.916045627000074,14.30483614800005],[36.91379207600005,14.305018566000058],[36.912531311000066,14.30503686700007],[36.910620762000065,14.305675226000062],[36.909627830000034,14.306355526000061],[36.90793324100008,14.307343655000068],[36.90688855600007,14.307700435000072],[36.906051149000064,14.307751798000027],[36.90469363600005,14.307365955000023],[36.90348006000005,14.307915502000071],[36.903108521000036,14.308194616000037],[36.90214404400007,14.309175593000077],[36.90170679300007,14.309763609000072],[36.90126511400007,14.310548142000073],[36.90097961400005,14.311198494000053],[36.90015209100005,14.312365911000029],[36.898836639000024,14.313246628000059],[36.898610520000034,14.31439223500007],[36.89848964600003,14.315057613000022],[36.89831423600003,14.315514652000047],[36.897173879000036,14.31646806200007],[36.89572102900007,14.316643833000057],[36.89480450700006,14.31654308700007],[36.89351370000003,14.316330589000074],[36.89253224600003,14.315987537000069],[36.89155805300004,14.315828665000026],[36.89069998600007,14.315763437000044],[36.88861072100008,14.31543085900006],[36.88743524100005,14.315336824000042],[36.88678803500005,14.315299440000047],[36.88569517800005,14.315195962000075],[36.88402427400007,14.315124612000034],[36.882542468000054,14.315023300000064],[36.88135473700004,14.314940424000042],[36.879772356000046,14.315125101000035],[36.87895203000005,14.315452121000021],[36.87655337600006,14.316826795000054],[36.87567966000006,14.317441357000064],[36.874577456000054,14.318269616000066],[36.873143147000064,14.319181856000057],[36.87200825300005,14.319882162000056],[36.87057663100006,14.320691624000062],[36.86936314500008,14.321217261000072],[36.867610257000024,14.322157101000073],[36.866621456000075,14.322135801000059],[36.86506386800005,14.321745673000066],[36.86275200100005,14.321372464000035],[36.86151706100003,14.321287922000067],[36.86042228700006,14.321264504000055],[36.85978481600006,14.32133105400004],[36.85900574400006,14.321395187000064],[36.85813185600006,14.321502515000077],[36.85702177600007,14.321628047000047],[36.85604201500007,14.321721984000021],[36.85519017300004,14.321887110000034],[36.854646683000055,14.321968041000048],[36.85432673400004,14.322052119000034],[36.85326202600004,14.32224807800003],[36.85241208300005,14.322333005000075],[36.85208717000006,14.32211884800006],[36.85188313700007,14.32176911700003],[36.85153385600006,14.32107129800005],[36.850732153000024,14.320075721000023],[36.850349992000076,14.319791008000038],[36.84995595100003,14.319506196000077],[36.84884872400005,14.318480737000073],[36.84829491800008,14.317974200000037],[36.84694250100006,14.316333198000052],[36.84628355800004,14.314765109000064],[36.845235151000054,14.31374130100005],[36.84402565100004,14.313576710000063],[36.84258558400006,14.311658148000049],[36.84149599300008,14.310886966000055],[36.83978237700006,14.310112365000066],[36.83862401300007,14.31029497700007],[36.83777218500006,14.31097735700007],[36.837246865000054,14.311794856000063],[36.836759597000025,14.312508789000049],[36.83608536300005,14.313150983000071],[36.835178273000054,14.312646864000044],[36.83454549900006,14.311470928000062],[36.834268972000075,14.310682271000076],[36.833974341000044,14.310181474000046],[36.83259802800006,14.309598529000027],[36.83163582800006,14.310463982000044],[36.83073559200005,14.31172194100003],[36.83033660700005,14.312679506000052],[36.82996278400003,14.313580821000073],[36.82968111500003,14.314564309000048],[36.82953029600003,14.316516964000073],[36.82919132500007,14.317948340000044],[36.828521041000045,14.318416598000056],[36.82703427700005,14.318534020000072],[36.82601968800003,14.318097789000035],[36.82399669200004,14.31745464900007],[36.822649271000046,14.317148624000026],[36.82152269200003,14.316974519000041],[36.820596186000046,14.316804501000036],[36.819138304000035,14.316692855000042],[36.817607330000044,14.316682179000054],[36.815710532000026,14.316709924000065],[36.813938767000025,14.316924047000043],[36.812604676000035,14.317067628000075],[36.81185994600003,14.317177103000063],[36.81072540100007,14.317348501000026],[36.81002735100003,14.317482116000065],[36.80902211600005,14.31766712500007],[36.80616156800005,14.318110583000077],[36.80515582400005,14.318319277000057],[36.80347864700008,14.318512725000062],[36.80254561100003,14.31862946800004],[36.80117629600005,14.318761368000025],[36.79840043200005,14.31859673100007],[36.797247466000044,14.318547631000058],[36.795373604000076,14.318599148000033],[36.79439516100007,14.318635235000045],[36.792635001000065,14.318860589000053],[36.79108727400006,14.319068706000053],[36.78960762600008,14.319392652000033],[36.78851638800006,14.319724720000067],[36.78737613000004,14.320137656000043],[36.78642823100006,14.320380689000046],[36.78472414500004,14.320734134000077],[36.783528723000074,14.320983894000051],[36.78200704100004,14.321089405000066],[36.78016219500006,14.320898225000064],[36.77925788600004,14.320786991000034],[36.77866079000006,14.320635706000076],[36.77656849400006,14.319945218000043],[36.77559604000004,14.31972716000007],[36.77430294800007,14.319617910000034],[36.77334938600006,14.319597673000033],[36.772771490000025,14.319630661000076],[36.77114736300007,14.319582669000056],[36.76999360600007,14.319557154000051],[36.76944972500007,14.319649178000077],[36.76679414200004,14.319889638000063],[36.76521621400008,14.320384182000055],[36.76383770800004,14.320917862000044],[36.76285343300003,14.32120677100005],[36.76171537700003,14.321525842000028],[36.760801737000065,14.321816537000075],[36.75968917700004,14.322045486000036],[36.75793225100006,14.322132808000049],[36.75602529300005,14.322091079000074],[36.75534038400008,14.322167053000044],[36.75394380500006,14.32195279900003],[36.75246136100003,14.321884560000058],[36.751532706000035,14.32180687500005],[36.75076868200006,14.321744290000026],[36.750497316000065,14.321760918000052],[36.75024915800003,14.321801489000052],[36.750083508000046,14.321832673000074],[36.749893213000064,14.321908803000042],[36.74963267600003,14.32197184000006],[36.749137278000035,14.322006681000062],[36.748901756000066,14.322001043000057],[36.748336239000025,14.322011502000066],[36.748078546000045,14.321949204000077],[36.74790193500007,14.321945262000042],[36.74765364500007,14.321985829000027],[36.74515903300005,14.32072202200004],[36.74334685500003,14.320805325000038],[36.74197061700005,14.320890502000054],[36.739259219000076,14.320199466000076],[36.738297946000046,14.319839054000056],[36.73697964400003,14.31930243100004],[36.73538898400005,14.318117167000025],[36.733553924000034,14.315924369000072],[36.732277218000036,14.31453652600004],[36.73087093700008,14.313150836000034],[36.72959560100003,14.312406774000067],[36.72581763200003,14.311380133000057],[36.723802920000026,14.311340513000061],[36.721465376000026,14.311641122000026],[36.72003028300003,14.311727871000073],[36.719298941000034,14.311673416000076],[36.71738809800007,14.311528568000028],[36.715840065000066,14.311271993000048],[36.714248766000026,14.31062647300007],[36.712516288000074,14.309982970000021],[36.71045884700004,14.309576892000052],[36.70897744100006,14.307963349000033],[36.70727798900003,14.308364845000028],[36.70589233800007,14.307405027000073],[36.70401978900003,14.306247351000025],[36.70230902700007,14.305511387000024],[36.70040297500003,14.304434689000061],[36.698164785000074,14.302664691000075],[36.69554040000003,14.301005012000076],[36.694140299000026,14.300492228000053],[36.692613685000026,14.300121654000066],[36.69059813500007,14.300035452000031],[36.68922223100003,14.30013163700005],[36.68702009100008,14.300130551000052],[36.68522821100004,14.300626991000058],[36.68397657700007,14.301042841000026],[36.68213321400003,14.30132078400004],[36.68026235100007,14.301979047000032],[36.67863179300008,14.302299692000076],[36.67597101600006,14.302916322000044],[36.67390422100004,14.303211212000065],[36.67207386200005,14.303546794000056],[36.67022510600003,14.304135159000055],[36.66820862700007,14.304589735000036],[36.665610351000055,14.305388683000047],[36.66355788200008,14.306396259000053],[36.66140362500005,14.307025602000067],[36.660087118000035,14.307729798000025],[36.658321210000054,14.308351638000033],[36.656910423000056,14.308472124000048],[36.65503994200003,14.30856661100006],[36.65298417200006,14.308826407000026],[36.65114918900008,14.308932509000044],[36.64901410400006,14.309342819000051],[36.646768604000044,14.31012357700007],[36.64497920300005,14.310745067000028],[36.64385644500004,14.311134864000053],[36.64121767800003,14.311682404000067],[36.64001530400003,14.311626416000024],[36.63939184100008,14.311660883000059],[36.637673593000045,14.31171833600007],[36.634985535000055,14.31156511100005],[36.63315477900005,14.311889075000067],[36.630621586000075,14.31182429100005],[36.62913832300006,14.31185467000006],[36.626460750000035,14.311642723000034],[36.62566825400006,14.311463138000022],[36.624444657000026,14.31093591900003],[36.62386894600007,14.310407263000059],[36.62335568300006,14.309474932000057],[36.623239745000035,14.308385067000074],[36.623747578000064,14.30608851200003],[36.62375211900007,14.305134233000047],[36.62371372400003,14.303801212000053],[36.623712675000036,14.303157467000062],[36.62369504700007,14.30227300200005],[36.62339846500004,14.300312853000037],[36.62308339700007,14.299354269000048],[36.62305024400007,14.298871710000071],[36.62289597500006,14.29821964200005],[36.62257984300004,14.297720691000052],[36.62188564200005,14.29716036700006],[36.62040185600006,14.295970982000028],[36.61938418600005,14.295129596000038],[36.616827053000065,14.294444442000042],[36.61536890200006,14.295140179000043],[36.61492234800005,14.295780571000023],[36.614089000000035,14.29591225400003],[36.61220646500004,14.295996127000024],[36.61111999000008,14.295833887000072],[36.61003466600005,14.295740540000054],[36.609232305000035,14.295652291000067],[36.60839624400006,14.295657439000024],[36.607561762000046,14.295731486000022],[36.606065940000065,14.295715304000055],[36.60460645100005,14.295755942000028],[36.60375653700004,14.295646870000041],[36.602777659000026,14.294976339000073],[36.60214550500007,14.293977269000038],[36.60221582300005,14.293367002000025],[36.60220117100005,14.292631648000054],[36.60176883100007,14.292202650000036],[36.60098720700006,14.29197681900007],[36.600393635000046,14.291735925000069],[36.59942267900004,14.291467500000067],[36.598237476000065,14.291077211000072],[36.59744975800004,14.291139273000056],[36.59656006700004,14.290811809000047],[36.59632543400005,14.290851228000065],[36.59565270100006,14.290772157000049],[36.594877680000025,14.29087951300005],[36.594416772000045,14.29079692700003],[36.59414053900008,14.289929058000041],[36.594021214000065,14.289253634000033],[36.59399165800005,14.288955185000077],[36.593214868000075,14.288372502000072],[36.59271140800007,14.287922446000039],[36.59041752200005,14.286256043000037],[36.58919864200004,14.285946677000027],[36.58848386600005,14.286121263000041],[36.58751727500004,14.286669351000057],[36.58667383100004,14.287479567000048],[36.586177916000054,14.288006451000058],[36.58561519700004,14.28873029700003],[36.585052149000035,14.289430417000062],[36.58357866400007,14.291137685000024],[36.58259967300006,14.291651752000064],[36.58184569800005,14.291631663000032],[36.580710311000075,14.291378442000052],[36.579935642000066,14.290910922000023],[36.57867567300008,14.29031536900004],[36.57679404600003,14.289835441000037],[36.575934404000066,14.289828941000053],[36.57451349100006,14.290029037000068],[36.57381771300004,14.28937596000003],[36.571440583000026,14.288250621000032],[36.568516171000056,14.287434744000052],[36.56679341200004,14.28724999700006],[36.565621692000036,14.286342459000025],[36.564283309000075,14.285346257000072],[36.56339808700005,14.28463927100006],[36.56251940400006,14.28426550100005],[36.561848317000056,14.284267665000073],[36.56088168900004,14.284815645000037],[36.560156060000054,14.28443892000007],[36.55968217700007,14.284287251000023],[36.558765239000024,14.284362543000043],[36.55689153900005,14.284284587000059],[36.55576805700008,14.28343284600004],[36.555508176000046,14.282794370000033],[36.55515720300008,14.282307420000052],[36.55469571200007,14.282189748000064],[36.55459415400003,14.280616701000042],[36.555641243000025,14.27997584800005],[36.55591214100008,14.27998201500003],[36.55659803900005,14.279531680000048],[36.55690954000005,14.278606589000049],[36.55732765500005,14.277713074000076],[36.55751013200006,14.276215210000032],[36.557995694000056,14.275159764000023],[36.559196593000024,14.274561118000065],[36.56073837800005,14.27393319600003],[36.56125288800007,14.273751015000073],[36.561911330000044,14.273106136000024],[36.56302310900003,14.272164374000056],[36.56354715500004,14.271269668000059],[36.563975834000075,14.270318644000042],[36.56500491400004,14.269366984000044],[36.56587129400003,14.268522073000042],[36.56554293000005,14.265000883000027],[36.56425197600004,14.264611630000047],[36.56313306900006,14.263392949000036],[36.562029746000064,14.262368656000035],[36.56121653500003,14.261729050000042],[36.56058313400007,14.26124825900007],[36.56019702700007,14.260772246000045],[36.560090063000075,14.259522123000067],[36.55992003700004,14.258065827000053],[36.559190654000076,14.257493703000023],[36.55797063600005,14.257712714000036],[36.55713710800006,14.25783291600004],[36.55668037700008,14.257359572000041],[36.55559847300003,14.256219169000076],[36.55521325700005,14.255193186000042],[36.554745109000066,14.25473101700004],[36.55321566300006,14.254185679000045],[36.550912451000045,14.253806293000025],[36.54953961700005,14.254039513000066],[36.547314920000076,14.254658087000053],[36.54549712600004,14.255015437000054],[36.54382868500005,14.255186851000076],[36.542429405000064,14.255869219000033],[36.54102917800003,14.256505256000025],[36.54025965100004,14.256290653000065],[36.53869840800007,14.255918812000061],[36.537060481000026,14.255239000000074],[36.53584151700005,14.253710879000039],[36.53483815200008,14.252374706000069],[36.53412582200008,14.252065825000045],[36.53290428400004,14.25281433400005],[36.531768412000076,14.25372182500007],[36.52931466000007,14.254067959000054],[36.52845976300006,14.253096939000045],[36.52741890800007,14.252243691000047],[36.52596321500005,14.251846889000035],[36.52315229800007,14.252591283000072],[36.52239151500004,14.252215230000047],[36.52163628000005,14.251517386000046],[36.52101490100006,14.251046789000043],[36.52029276600007,14.250842788000057],[36.51918318400004,14.251289734000068],[36.51760569400005,14.25189442900006],[36.51742986600004,14.251933248000057],[36.51683682400005,14.252312161000077],[36.51552242300005,14.25313075500003],[36.515024426000025,14.252944882000065],[36.514744033000056,14.250030668000022],[36.51484212300005,14.249028880000026],[36.51382422800003,14.246324937000054],[36.51220023700006,14.246356565000042],[36.51073287100007,14.246569371000021],[36.51007931500004,14.246858418000045],[36.50893837500007,14.247512787000062],[36.50819042000006,14.247791813000049],[36.50769498000005,14.247743721000063],[36.506594334000056,14.24744312300004],[36.504329279000046,14.245981863000054],[36.502538153000046,14.244683655000074],[36.50269711000004,14.243771734000063],[36.502998287000025,14.242915502000074],[36.50327489600005,14.242002554000067],[36.503976618000024,14.241161807000026],[36.50446497300004,14.240852981000046],[36.50563536400006,14.239899685000069],[36.50624011800005,14.239519792000067],[36.506861352000044,14.238771924000048],[36.50708744600007,14.23768678600004],[36.50665495900006,14.236638824000067],[36.506421542000055,14.236137236000047],[36.50619157800003,14.235808475000056],[36.50476271600007,14.234973689000071],[36.503571617000034,14.23365239900005],[36.50224975800006,14.231655569000054],[36.50120132200004,14.23100994300006],[36.49843356900004,14.227643958000044],[36.489833830000066,14.223564034000049],[36.48384768300008,14.221547435000048],[36.47990739000005,14.215645047000066],[36.48397732900003,14.209827052000037],[36.47598909300007,14.207789245000072],[36.469959940000024,14.209679146000042],[36.455942712000024,14.209530421000068],[36.450066735000064,14.197745209000061],[36.44527184700007,14.194096324000043],[36.37547226800007,14.06079174100006],[36.36598825400006,13.974212028000068],[36.35013199000008,13.829439927000067],[36.35341274600006,13.827499289000059],[36.356636657000024,13.825612192000051],[36.357913378000035,13.822002369000074],[36.36108346300006,13.819895547000044],[36.36479663800003,13.819440876000044],[36.367770963000055,13.819747206000045],[36.369745919000025,13.818999403000078],[36.36977241200003,13.816639652000049],[36.37225772700003,13.81545804500007],[36.37421894700003,13.81591829100006],[36.37697530200006,13.815618050000069],[36.37801323900004,13.815153743000053],[36.378473523000025,13.814989275000073],[36.37892412400004,13.81470953400003],[36.379459549000046,13.814257918000067],[36.38010560200007,13.813510503000032],[36.38077133100006,13.812281122000059],[36.38109243300005,13.811310044000038],[36.38131224000006,13.810083792000057],[36.381483358000025,13.808962059000066],[36.38184089200007,13.80792247900007],[36.382246004000024,13.806837106000046],[36.38293856300004,13.805401362000055],[36.38447933200007,13.804472625000074],[36.385327553000025,13.804268230000048],[36.38672326300008,13.804302293000035],[36.38837463900006,13.804489240000066],[36.39108802800007,13.80501494300006],[36.39217252700007,13.805422824000061],[36.39406338800006,13.806026706000068],[36.395536907000064,13.806325780000066],[36.39619341800005,13.806359838000049],[36.39868639100007,13.806031689000065],[36.39966292400004,13.805874911000046],[36.40039452800005,13.805622938000056],[36.40102006700005,13.80540258600007],[36.40179992700007,13.80507093400007],[36.402450575000046,13.804748088000053],[36.40303113300007,13.804401908000045],[36.40347064600007,13.804075688000069],[36.403744525000036,13.803838057000064],[36.40451580600006,13.802598416000023],[36.40497513500003,13.801067510000053],[36.405227782000054,13.799980468000058],[36.405442288000074,13.799064660000056],[36.40575460600007,13.797909375000074],[36.40609032500004,13.796754328000077],[36.407077696000044,13.793796001000032],[36.40754261100005,13.792632137000055],[36.40809928600004,13.791607027000055],[36.408537359000036,13.790649528000074],[36.40916003500007,13.789165497000056],[36.40975806400007,13.788475065000057],[36.41049357400004,13.787981434000073],[36.411202668000044,13.787670457000047],[36.41211115900006,13.78736383200004],[36.41331684000005,13.787532360000057],[36.41508247200005,13.78861693400006],[36.41560103300003,13.789188134000028],[36.41700665600007,13.790048716000058],[36.418994389000034,13.790470479000021],[36.419891036000024,13.79088641900006],[36.420578386000045,13.79189641000005],[36.420925038000064,13.79294685700006],[36.421296107000046,13.79392980800003],[36.42192616700004,13.79485788200003],[36.42258423000004,13.795511851000072],[36.42341438600005,13.796409273000052],[36.42408757800007,13.796856735000063],[36.42588031500003,13.797011041000076],[36.42742666100003,13.79643889600004],[36.42808226300008,13.795816768000066],[36.42882419500006,13.794209699000021],[36.429252215000076,13.793148167000027],[36.42973242700003,13.791765342000076],[36.43002897500003,13.790851490000023],[36.43044146600005,13.790020156000026],[36.43070700200008,13.789564451000047],[36.43123754700008,13.78868804700005],[36.43306694900008,13.786592068000061],[36.43367517400003,13.785993134000023],[36.43440972600007,13.78555699900005],[36.435117716000036,13.78530465800003],[36.43663311900008,13.785190598000042],[36.438073478000035,13.785362581000072],[36.438729323000075,13.785441682000055],[36.440107785000066,13.785807240000054],[36.44166024900005,13.785579480000024],[36.44289996500004,13.785105658000077],[36.44379607500008,13.784832665000067],[36.446330731000046,13.784091101000058],[36.44815560300003,13.782983039000044],[36.448557126000026,13.782104117000074],[36.448944561000076,13.78136395200005],[36.44939521200007,13.780348891000074],[36.44967461300007,13.77975553500005],[36.45029787500005,13.778950038000062],[36.451648496000075,13.777421461000074],[36.45329080000005,13.775988485000028],[36.453631562000055,13.775235400000042],[36.453701532000025,13.774535971000034],[36.45366420400006,13.772501770000076],[36.45381648400007,13.77106916200006],[36.45436328900007,13.769906027000047],[36.45514910700007,13.769194804000051],[36.45678299100007,13.768278911000039],[36.457611188000044,13.76785495200005],[36.457862861000024,13.767525550000073],[36.458140265000054,13.767059758000073],[36.458065400000066,13.766610661000072],[36.45793230700008,13.766137252000021],[36.45759383600006,13.76530486400003],[36.45700579900006,13.763940276000028],[36.45672374900005,13.763246237000033],[36.45651840100004,13.762163402000056],[36.45664932300008,13.761327961000063],[36.45686317800005,13.760434651000025],[36.45754173700004,13.75910120900005],[36.458031919000064,13.758534850000046],[36.45940030000003,13.757350810000048],[36.45988812500008,13.756922197000051],[36.46092059700004,13.756190906000029],[36.46254488300008,13.755137081000044],[36.463093677000074,13.754571311000063],[36.46325901500006,13.754505259000041],[36.46460589900005,13.753917220000062],[36.46566837800003,13.753509179000048],[36.46623795800008,13.753103982000027],[36.466842632000066,13.752711560000023],[36.466108330000054,13.751689914000053],[36.46621804800003,13.75143808000007],[36.466303835000076,13.751209711000058],[36.46638089700008,13.75079831100004],[36.466544387000056,13.750111136000044],[36.469654545000026,13.74857451500003],[36.47023581000008,13.748181841000076],[36.47085487800007,13.747616770000036],[36.471549451000044,13.746744188000037],[36.471910121000064,13.746197915000039],[36.47193154900003,13.745600743000068],[36.474345698000036,13.744295191000049],[36.47540574200008,13.743300974000022],[36.477237079000076,13.742490813000074],[36.47820682500003,13.742011753000043],[36.48011525600003,13.74151290900005],[36.48082643400005,13.741053776000058],[36.48159134300005,13.740904624000052],[36.482615819000046,13.740667763000033],[36.48289882200004,13.739845138000021],[36.483768361000045,13.739755763000062],[36.484806251000066,13.73867996100006],[36.485254575000056,13.737791252000022],[36.485544763000064,13.737255539000046],[36.486116448000075,13.736713656000063],[36.48668187100003,13.735837433000029],[36.48698760900004,13.735061324000071],[36.48735480400006,13.734114194000028],[36.48755176900005,13.733531225000036],[36.48766207700004,13.733234209000045],[36.48803568100004,13.732620288000021],[36.48816065700004,13.732139349000022],[36.48766439900004,13.730902233000052],[36.48736656700004,13.730449729000043],[36.48680907100004,13.730108649000044],[36.48565808200004,13.729458866000073],[36.485448688000076,13.729351713000028],[36.48511279200005,13.729082891000076],[36.484072154000046,13.728147411000066],[36.483598492000056,13.727691992000075],[36.482651427000064,13.72676985000004],[36.48239664600004,13.726559460000033],[36.481934555000066,13.726115453000034],[36.481717737000054,13.725745089000043],[36.481374437000056,13.725210817000061],[36.48130696100003,13.725026048000075],[36.48120349100003,13.72489850900007],[36.48079244200005,13.724191889000053],[36.48064644400006,13.723787241000025],[36.478062812000076,13.725640011000053],[36.48229585000007,13.709258693000038],[36.48046089300004,13.709284019000052],[36.47941573500003,13.707467626000039],[36.478954130000034,13.706142771000032],[36.47866422100003,13.704938239000057],[36.47872900100003,13.703331909000042],[36.479377568000075,13.701611821000029],[36.48008701700007,13.699027314000034],[36.48085757400003,13.696559741000044],[36.48175404800003,13.69486137000007],[36.48309315100005,13.693122333000076],[36.48456172600004,13.691465891000064],[36.48684679000007,13.690901879000023],[36.48819348400008,13.690617403000033],[36.48896027200004,13.688438849000022],[36.489143236000075,13.68654347100005],[36.48885716700005,13.683271239000021],[36.49032584400004,13.681894812000053],[36.49249654000005,13.680751354000051],[36.49426275800005,13.67829378500005],[36.49713906100004,13.67480054300006],[36.49702847000003,13.672847966000063],[36.49732598600008,13.671522905000074],[36.49850089600005,13.670667446000039],[36.49985131100004,13.668719464000048],[36.50114077600006,13.668607114000054],[36.50371185400007,13.669482277000043],[36.50646235700003,13.67011528100005],[36.50822474100005,13.668398370000034],[36.508526164000045,13.66581751700005],[36.50859480100007,13.662431364000042],[36.50883515700008,13.659614981000061],[36.509022010000024,13.655542252000032],[36.51248211700005,13.654004963000034],[36.51424446200008,13.651420656000028],[36.51384778000005,13.647921405000034],[36.513088614000026,13.646423083000059],[36.51297413300006,13.645101752000073],[36.51297797900003,13.643783864000056],[36.51298557400003,13.641832456000031],[36.51305041000006,13.639818386000059],[36.51487383700004,13.636611275000064],[36.51575128300004,13.636321915000053],[36.51686899200007,13.635294104000025],[36.51745647000007,13.633801356000049],[36.51857419300006,13.632258559000036],[36.51886792200003,13.631457407000028],[36.51993223300008,13.628584838000052],[36.522583463000046,13.621989983000049],[36.52393769200006,13.618723877000036],[36.525936639000065,13.616314565000039],[36.52793564800004,13.613506572000063],[36.52888169200003,13.61029959700005],[36.52847735600005,13.607539988000042],[36.527027700000076,13.603000309000038],[36.52610071200007,13.599151336000034],[36.52505538400004,13.596276940000052],[36.52418178400006,13.594489542000076],[36.52372023700008,13.593282204000047],[36.52372395000003,13.591106007000064],[36.52589080600006,13.591054126000074],[36.52782113400008,13.591517125000053],[36.530636350000066,13.58934055800006],[36.533619534000024,13.589350910000064],[36.535900792000064,13.590964736000046],[36.537304637000034,13.590454606000037],[36.53620222700005,13.587868780000065],[36.538018012000066,13.585980388000053],[36.54100496800004,13.586153309000053],[36.54324042600007,13.581975277000026],[36.54511731300005,13.580142753000075],[36.54612051300006,13.577215167000077],[36.54892449600004,13.578769640000075],[36.55238056600007,13.578153084000064],[36.555955134000044,13.576617199000054],[36.55976607900004,13.574331406000056],[36.562821651000036,13.569853957000078],[36.56406138300008,13.56521418400007],[36.56489681800008,13.559701953000058],[36.56361510800008,13.556364573000053],[36.56719720800004,13.551612072000069],[36.569264804000056,13.54495531200007],[36.56955852700003,13.543115039000043],[36.57020693800007,13.541910634000033],[36.56950891500003,13.540015531000051],[36.57050835100006,13.539040420000049],[36.57145053200003,13.53681001600006],[36.57674169200004,13.527229951000038],[36.581365256000026,13.525812139000038],[36.584298733000026,13.523228190000054],[36.586351071000024,13.521857713000031],[36.58723618800008,13.519453855000052],[36.58846823400006,13.517785183000058],[36.58981496900003,13.51704823800003],[36.59198172200007,13.516761882000026],[36.59409122900007,13.514414943000077],[36.59503347300006,13.512174229000038],[36.597669532000054,13.511494778000042],[36.600362827000026,13.510300838000035],[36.601270612000064,13.50892827000007],[36.601340237000045,13.507130923000034],[36.60186743500003,13.506450417000053],[36.60327402000007,13.504578899000023],[36.60432851000007,13.503219013000034],[36.60468572000008,13.50219353700004],[36.604876352000076,13.500482043000034],[36.60455335900008,13.498080096000024],[36.60336125900005,13.49584149900005],[36.60250427500006,13.494805555000028],[36.600433004000024,13.49375798400007],[36.598189931000036,13.492537091000031],[36.59732613700004,13.492185473000063],[36.59387584000007,13.490267429000028],[36.59128248900004,13.48938645800007],[36.58765546500007,13.487808849000032],[36.58194516800006,13.486383918000058],[36.577478566000025,13.482057065000049],[36.57628522700003,13.47998891800006],[36.57509865700007,13.47723644000007],[36.574120196000024,13.471058274000029],[36.57504271500005,13.46558512300004],[36.57612302500007,13.461653980000051],[36.57597538700003,13.459083193000026],[36.57480284700006,13.454958649000048],[36.573436109000056,13.452889975000062],[36.57241798000007,13.450652993000062],[36.57226521200005,13.44859490400006],[36.57230145200003,13.444997023000042],[36.57232043100004,13.443112260000078],[36.57361544500003,13.43507220400005],[36.57488267600007,13.429772883000055],[36.57947212000005,13.421763315000021],[36.582480119000024,13.415795079000077],[36.587197840000044,13.412243126000021],[36.59053523000006,13.407991210000034],[36.59315660500005,13.405959594000024],[36.59461193000004,13.399120203000052],[36.595348071000046,13.39484337500005],[36.596292203000075,13.39157368800005],[36.598902975000044,13.390034291000063],[36.600342719000025,13.389303684000026],[36.60189668400005,13.38826470400005],[36.603701956000066,13.387461880000046],[36.605189600000074,13.386273157000062],[36.60650829300005,13.38356149200007],[36.60689104900007,13.382870528000069],[36.60797598100004,13.381820266000034],[36.60873266100003,13.38118479600007],[36.61003834700006,13.379784240000049],[36.61125933200003,13.379322559000059],[36.612664719000065,13.379405857000052],[36.61355338200008,13.379934909000042],[36.61509801600005,13.380917413000077],[36.61632581900005,13.381903684000065],[36.61727028700005,13.382112504000077],[36.617832286000066,13.381300096000075],[36.61867713400005,13.380025027000045],[36.619818328000065,13.37948009400003],[36.62131283800005,13.380577291000066],[36.622071608000056,13.381987180000067],[36.62396726600008,13.383852759000035],[36.62513159200006,13.384170908000044],[36.627100220000045,13.384671671000035],[36.62881449500003,13.385039019000033],[36.63124951200007,13.38606819000006],[36.63319156400007,13.387107398000069],[36.63464639400007,13.387525369000059],[36.63600788300005,13.387504223000064],[36.63783214500006,13.387288626000043],[36.639348179000024,13.38804032400003],[36.640870525000025,13.387287651000065],[36.64087999000003,13.386093911000046],[36.64067155300006,13.384295028000054],[36.64208606100004,13.383195732000047],[36.64286868700003,13.382894687000032],[36.64448187700003,13.38267256100005],[36.64616983500008,13.382292970000037],[36.647849413000074,13.381796957000063],[36.64970049800007,13.382305502000065],[36.65229444300007,13.384384087000058],[36.65346671800006,13.38484111200006],[36.65396950600007,13.384474182000076],[36.654345171000045,13.38276090900007],[36.65413842900006,13.380894254000054],[36.65403800200005,13.379857617000027],[36.654032131000065,13.37836442500003],[36.65450990900007,13.377630196000041],[36.655585065000025,13.376497161000032],[36.65672799500004,13.375033815000052],[36.65727546200003,13.374325076000048],[36.65798343600005,13.373745442000029],[36.65961372000004,13.373329081000065],[36.66066932800004,13.372483851000027],[36.66166938500004,13.371521769000026],[36.66327523900003,13.37113903900007],[36.665721878000056,13.370893946000024],[36.66716936000006,13.370725460000074],[36.668637223000076,13.370671229000038],[36.669526820000044,13.370741549000059],[36.67129183900005,13.37139707700004],[36.673154999000076,13.371894251000072],[36.674954057000036,13.372596387000044],[36.676249906000066,13.373250966000057],[36.678080891000036,13.374068581000074],[36.67987958300006,13.37478197200005],[36.68111041900005,13.375239407000038],[36.683160816000054,13.376190020000024],[36.68533152300006,13.377453451000065],[36.686744375000046,13.378122611000038],[36.68826938500007,13.378978028000063],[36.690955735000045,13.378979986000047],[36.69242119200004,13.378156424000053],[36.69327255600007,13.377914583000063],[36.69518256300006,13.377562663000049],[36.697559338000076,13.377303074000054],[36.69953348000007,13.377182116000029],[36.70139245400003,13.376978781000048],[36.70282089500006,13.376648394000028],[36.706264032000036,13.377289580000024],[36.70737358900004,13.377467944000045],[36.709937317000026,13.375950550000027],[36.71065908700007,13.375290680000035],[36.71199622700004,13.374440984000046],[36.71414480800007,13.373084685000038],[36.715672021000046,13.371711464000043],[36.71723165700007,13.371303107000074],[36.719330711000055,13.370898485000055],[36.72105148900005,13.370174172000077],[36.723711464000075,13.370278319000022],[36.72490099000004,13.370538646000057],[36.72682214900004,13.371496792000073],[36.729112206000025,13.372268490000067],[36.731021730000066,13.373226504000058],[36.73194282700007,13.373434686000053],[36.73373605000006,13.373492558000066],[36.73470639000004,13.373184995000031],[36.73536251200005,13.372351646000027],[36.73564268500007,13.371967853000058],[36.73665035700003,13.370718599000043],[36.73726575500007,13.370091581000054],[36.737984993000055,13.369524209000076],[36.73876445600007,13.368900920000044],[36.74000964500004,13.368404892000058],[36.74128829600005,13.368403885000077],[36.742971546000035,13.369057088000034],[36.74500642500004,13.369719061000069],[36.74646850900007,13.37030814800005],[36.748067321000065,13.371050934000039],[36.74933835400003,13.372198539000067],[36.75062771300003,13.373967553000057],[36.75122722100008,13.374787264000076],[36.75180890000007,13.375398994000022],[36.75258893000006,13.375614890000065],[36.75434392300008,13.376223484000036],[36.75495502200005,13.37618259900006],[36.755783751000024,13.375905313000032],[36.757027282000024,13.375902792000034],[36.758135346000074,13.376575659000025],[36.75922634600005,13.377005513000029],[36.760783264000054,13.377563741000074],[36.76158722400004,13.37776739700007],[36.76534929300004,13.378337212000076],[36.76617379800007,13.379082076000032],[36.76658732900006,13.378541303000077],[36.766672183000026,13.378440388000058],[36.768672200000026,13.378664755000045],[36.768838724000034,13.379012996000029],[36.76872525500005,13.380608024000026],[36.768941615000074,13.381715750000069],[36.76960448800003,13.382365434000064],[36.77050436600007,13.382491972000025],[36.77115759900005,13.383060243000045],[36.77173910500005,13.383684361000064],[36.77305872200003,13.384775829000034],[36.774018338000076,13.385731976000045],[36.77433743000006,13.386946777000048],[36.77377638400003,13.38773588600003],[36.77300184300003,13.389048367000044],[36.77305538500008,13.389671216000067],[36.77324042300006,13.390203729000064],[36.77360520000008,13.391029246000073],[36.774047532000054,13.391592267000021],[36.774513626000044,13.392144199000029],[36.77491987900004,13.392740787000037],[36.775919714000054,13.393514286000027],[36.77661961600006,13.39409538700005],[36.777169048000076,13.394602875000032],[36.77776251300003,13.395215783000026],[36.778770327000075,13.396127161000038],[36.779526135000026,13.397249791000036],[36.78021337300004,13.398301788000026],[36.780903686000045,13.399238600000047],[36.78139354900003,13.399780573000044],[36.78220200800007,13.401122795000049],[36.782523351000066,13.402256287000057],[36.782835412000054,13.403299340000046],[36.78309830400008,13.403995186000031],[36.78327564600005,13.404378532000067],[36.78342949200004,13.404761671000074],[36.78384504100006,13.405450947000077],[36.78434546200003,13.406038193000029],[36.78490404000007,13.406638366000038],[36.785386360000075,13.40703003300007],[36.78619186700007,13.407614300000034],[36.78712976700007,13.408075474000043],[36.787831750000066,13.408150529000068],[36.78897209000007,13.408065643000043],[36.78979003500007,13.408190280000042],[36.790494558000034,13.409472846000028],[36.79055598200006,13.40980660200006],[36.79056245000004,13.410439202000077],[36.790536419000034,13.410967603000074],[36.790502728000035,13.411781715000075],[36.79112091400003,13.412349643000027],[36.791930566000076,13.412783697000066],[36.792948738000064,13.413316723000037],[36.793216477000044,13.413392481000074],[36.79418819000006,13.413911541000061],[36.79598264400005,13.414808282000024],[36.79724701500004,13.415345702000025],[36.79856425600008,13.415667829000029],[36.80046011600007,13.415854940000031],[36.801743024000075,13.415703473000065],[36.80328687400004,13.41545599400007],[36.804211932000044,13.41552617700006],[36.805250784000066,13.415724989000068],[36.805456666000055,13.415925579000032],[36.805689922000056,13.416414455000051],[36.80591677800004,13.417132563000052],[36.80599596900004,13.417686740000022],[36.80616920500006,13.418656266000028],[36.806380183000044,13.419534652000038],[36.80682651200004,13.420385697000029],[36.80743323100006,13.420952366000051],[36.809293970000056,13.421137983000051],[36.810392239000066,13.42087981700007],[36.81128343200004,13.420902242000068],[36.81205308400007,13.421508708000033],[36.812506737000035,13.422094387000072],[36.81250733100006,13.422507804000077],[36.812373629000035,13.42398750600006],[36.812710493000054,13.424984436000045],[36.81299373400003,13.426231676000043],[36.81246143200008,13.430757724000046],[36.812691147000066,13.432245077000061],[36.813081546000035,13.433001895000075],[36.81406071200007,13.432809338000027],[36.81525800400004,13.43235773400005],[36.81592067200006,13.432581490000075],[36.81621772600005,13.433325058000037],[36.81575749700005,13.434289100000058],[36.815283478000026,13.434897210000031],[36.81490939100007,13.435715154000036],[36.81468394400008,13.436685755000042],[36.81455577300005,13.43752164700004],[36.814735545000076,13.43825064300006],[36.81524925900004,13.439217489000043],[36.815810302000045,13.439737437000076],[36.81675280700006,13.440474177000056],[36.816905973000075,13.440891186000044],[36.81701673600003,13.442009288000065],[36.817239167000025,13.444209349000062],[36.81751277500007,13.44537742500006],[36.81789847400006,13.446305886000061],[36.81843054600006,13.447032292000074],[36.81888289300008,13.447228239000026],[36.81977891300005,13.44794085500007],[36.81995120500005,13.448955566000052],[36.81980815600008,13.449906547000069],[36.81997246700007,13.45078337800004],[36.82028414800004,13.451411859000075],[36.820714029000044,13.451572595000073],[36.82105164800004,13.452109802000052],[36.82096655300006,13.453096309000045],[36.820949975000076,13.454578152000067],[36.82138350800005,13.455037119000053],[36.822151709000025,13.455275340000071],[36.82309145700003,13.45524167900004],[36.82440714300003,13.45475831300007],[36.82511609300008,13.454145448000077],[36.826045462000025,13.453180920000023],[36.826543264000065,13.452561709000065],[36.827397021000024,13.452239246000033],[36.82905188600006,13.451799451000056],[36.82957010500007,13.451731625000036],[36.83198440100006,13.451414704000058],[36.83305327100004,13.451810228000056],[36.83375887700004,13.451758703000053],[36.83473671300004,13.451175224000053],[36.83516944400003,13.45079602100003],[36.83539405400006,13.450296425000033],[36.83672965200003,13.449939672000028],[36.83802850100005,13.450524665000046],[36.83889846200003,13.450902641000027],[36.839982107000026,13.451195467000048],[36.84013442100007,13.451199032000034],[36.84088586400003,13.451184025000032],[36.84134944300007,13.45096660400003],[36.84161635700008,13.450640191000048],[36.841642153000066,13.450111768000056],[36.84163304800006,13.449583047000033],[36.84154627000004,13.449316856000053],[36.84117151700008,13.448411099000054],[36.840930667000066,13.44776065800005],[36.84079261900007,13.447228572000029],[36.84078091600003,13.446344012000054],[36.84147762500004,13.446189589000028],[36.84207685300004,13.446158585000035],[36.84269541500004,13.446289265000075],[36.84320713000005,13.446463093000034],[36.84377395200005,13.446765034000066],[36.84451535300008,13.447129461000031],[36.84543194200006,13.447520241000063],[36.84589371200008,13.446923252000033],[36.84609101500007,13.446572511000056],[36.846617722000076,13.445746782000072],[36.846868237000024,13.445155894000038],[36.84710898700007,13.444494882000072],[36.847271947000024,13.443660385000044],[36.84749108400007,13.44293142400005],[36.84762017300005,13.442497639000067],[36.84766106700005,13.442279975000076],[36.847775023000054,13.441536557000063],[36.84755599600004,13.440507892000028],[36.84744355600003,13.43988452700006],[36.847660939000036,13.439223323000022],[36.848744760000045,13.438619224000036],[36.85053723500005,13.438297917000057],[36.85150218900003,13.438632601000052],[36.85238268100005,13.439058060000036],[36.855439786000034,13.438400734000027],[36.856584593000036,13.437718036000035],[36.85743617800006,13.436590043000024],[36.85794690900008,13.435477219000063],[36.85811442100004,13.434482354000068],[36.85836368400004,13.433052144000044],[36.860035036000056,13.430670486000054],[36.86094634900007,13.430383406000033],[36.86161464800006,13.43040036900004],[36.862443539000026,13.430559905000052],[36.86320968600006,13.430441018000067],[36.864363999000034,13.430275719000065],[36.86549466400004,13.429684360000067],[36.86635469700008,13.428671615000042],[36.86718233400006,13.427567101000022],[36.867557686000055,13.427564633000031],[36.86879486500004,13.42781457700005],[36.87022635900007,13.42781651200005],[36.87143412900008,13.427411024000037],[36.87196324200005,13.426493743000037],[36.87267620700004,13.424846026000068],[36.87303200400004,13.423821092000026],[36.87377662800003,13.422737308000023],[36.87579095600006,13.422006491000047],[36.87723463300006,13.42111271400006],[36.87712230400007,13.420042029000058],[36.875848295000026,13.418537970000045],[36.87557508900005,13.417784479000034],[36.87592441500004,13.417000098000074],[36.87662844600004,13.41655869300007],[36.87812382000004,13.41680397600004],[36.879445522000026,13.417411535000042],[36.88122464700007,13.41757221100005],[36.88273475600005,13.416829189000055],[36.88354109200003,13.416068951000057],[36.88397513800004,13.415194884000073],[36.88403442400005,13.414288310000074],[36.88399782400006,13.41345999500004],[36.88396337200004,13.412551504000021],[36.88421354400003,13.411523400000021],[36.884862414000054,13.410953868000036],[36.885717714000066,13.410562284000036],[36.88676176200005,13.410129350000034],[36.88808794400006,13.409232252000038],[36.88955746500005,13.409131599000034],[36.89016210700004,13.409330939000029],[36.89044606700003,13.40968349600007],[36.89053239400005,13.409972270000026],[36.89071953900003,13.410874138000054],[36.89081779900005,13.411151713000038],[36.89093629000007,13.411557103000064],[36.891010394000034,13.411858204000055],[36.89104805100004,13.412204175000056],[36.89117722100008,13.412643553000066],[36.89125386200004,13.412852043000044],[36.89133138400007,13.41302664400007],[36.89154546800006,13.413353770000072],[36.89208251100007,13.413895951000029],[36.89216169000008,13.414012961000026],[36.89279841200005,13.414339093000024],[36.893336488000045,13.414398944000027],[36.89579895300005,13.413576803000069],[36.897078398000076,13.412679258000026],[36.89789487000007,13.411975545000075],[36.89869302200003,13.411088664000033],[36.90005101400004,13.409882240000059],[36.901369258000045,13.408398721000026],[36.902002896000056,13.407518369000059],[36.90260367600007,13.406533811000031],[36.903115427000046,13.404938523000055],[36.90324587500004,13.403999756000076],[36.90333742000007,13.402324150000027],[36.90345697400005,13.400913123000066],[36.90411027600004,13.399723419000054],[36.90503637100005,13.399310878000051],[36.906464620000065,13.399439076000021],[36.90760345600006,13.398077145000059],[36.90807668400004,13.396158448000051],[36.90806097700005,13.394538432000047],[36.90800268100003,13.393639895000035],[36.90814592300006,13.392218886000023],[36.90849124600004,13.391147469000032],[36.90882181200004,13.39017872100004],[36.90953048800003,13.389117093000038],[36.91027462000005,13.388492918000054],[36.911614565000036,13.387515568000026],[36.91230110300006,13.38727950200007],[36.91398899400008,13.386896948000071],[36.91522303100004,13.387261828000021],[36.91624209200006,13.387770660000058],[36.918182837000074,13.388474608000024],[36.92050461500003,13.387637468000037],[36.92061966400007,13.386836373000051],[36.92061948000003,13.385514700000044],[36.92030350400006,13.384150887000033],[36.91969966900007,13.38258363400007],[36.919682427000055,13.381905713000037],[36.919906894000064,13.380957538000075],[36.920414005000055,13.380418354000028],[36.92204114200007,13.380551472000036],[36.92309664900006,13.381015387000048],[36.92393901500003,13.381105908000052],[36.925181889000044,13.381584911000061],[36.92630748000005,13.382050519000074],[36.927951421000046,13.382448080000074],[36.92899608400006,13.382428399000048],[36.930415131000075,13.382005111000069],[36.93092404200007,13.380948543000045],[36.931012388000056,13.379825271000072],[36.931242791000045,13.378210643000045],[36.931488115000036,13.376470736000044],[36.931917816000066,13.375297165000063],[36.93262579000003,13.374706503000027],[36.93318068900004,13.375019429000076],[36.93419456700008,13.376170914000056],[36.93501275300008,13.377168299000061],[36.93611781900006,13.37797824200004],[36.93665665000003,13.378451442000028],[36.93736106700004,13.37933040300004],[36.93817205700003,13.379718842000045],[36.939096240000026,13.379822398000044],[36.94000940500007,13.380339315000072],[36.94018008200004,13.38143533400006],[36.94043476000007,13.383338604000073],[36.94062286900004,13.384216739000067],[36.94119713400005,13.385138702000063],[36.94175805300006,13.385222347000024],[36.943077507000055,13.385013935000075],[36.94378124700006,13.384583618000022],[36.94498254700005,13.382625542000028],[36.94521456000007,13.381390460000034],[36.94564834800008,13.380068899000037],[36.946019869000054,13.379319568000028],[36.94655621900006,13.378115199000035],[36.94745510700005,13.376505961000078],[36.948014028000046,13.375324359000047],[36.94854870700004,13.37417758500004],[36.948786969000025,13.373597748000066],[36.94993051400007,13.372488658000066],[36.95057484900008,13.372527769000044],[36.95141120900007,13.37329593800007],[36.95182708800007,13.37398500200004],[36.952304895000054,13.374548053000069],[36.95314080800006,13.374891458000036],[36.95380476100007,13.375068542000065],[36.955100292000054,13.37488359200006],[36.95536066200003,13.374349104000032],[36.955268654000065,13.372945328000071],[36.95482788900006,13.371853900000076],[36.954311930000074,13.37095617400007],[36.953814272000045,13.369805540000073],[36.95364912300005,13.368491548000065],[36.95372755600005,13.367298127000026],[36.953821332000075,13.36640419400004],[36.95454282800006,13.36529618700007],[36.95509949700005,13.365092828000058],[36.95582822500006,13.365042237000068],[36.95663497600003,13.365590983000061],[36.95726958000006,13.365997137000022],[36.95825599600005,13.366412911000054],[36.959391340000025,13.366510179000045],[36.960332021000056,13.366430783000055],[36.960893688000056,13.366490660000068],[36.96141976400003,13.367010024000024],[36.962006107000036,13.367909444000077],[36.96246563700004,13.369173854000053],[36.96284165000003,13.370492932000047],[36.96312015800004,13.372396405000075],[36.96349446000005,13.373335908000058],[36.96467265500007,13.375376525000036],[36.96545599500007,13.37548901100007],[36.96619842700005,13.375358308000045],[36.966879223000035,13.374904005000076],[36.96794425400003,13.374103718000072],[36.96828428500004,13.373215147000053],[36.96871966200007,13.372720461000029],[36.96970777400003,13.371734287000038],[36.969887149000044,13.371601299000076],[36.970326847000024,13.37138228200007],[36.971666388000074,13.370415861000026],[36.97238245200003,13.369951661000073],[36.972989495000036,13.369622143000072],[36.97398489200003,13.369244898000034],[36.97472930600003,13.369045257000039],[36.97584429900007,13.369027075000076],[36.977462898000056,13.369044536000047],[36.97888309000007,13.369023126000059],[36.97998875500008,13.368913344000077],[36.981085464000046,13.368699551000077],[36.982532743000036,13.368092029000024],[36.98295540300006,13.367631092000067],[36.983484915000076,13.36666832000003],[36.984441986000036,13.36552028500006],[36.986006676000045,13.364456150000024],[36.98666418000005,13.364437663000047],[36.98783855700003,13.364387137000051],[36.98896659600007,13.364323799000033],[36.99046570300004,13.364418183000055],[36.99162721400006,13.364424006000036],[36.99270700100004,13.36440546700004],[36.994733465000024,13.36452545000003],[36.995623703000035,13.364582217000077],[36.99646904900004,13.364557280000042],[36.99775528600003,13.364268099000071],[36.999010861000045,13.36381598500003],[36.99987988100003,13.363332566000054],[37.000923897000064,13.362439324000036],[37.00501558600007,13.36087648800003],[37.014022329000056,13.363812217000032],[37.015807454000026,13.367522596000072],[37.01706257600006,13.367089590000035],[37.018348239000034,13.365600546000053],[37.019988640000065,13.362666004000062],[37.02262085500007,13.361123079000038],[37.026656857000035,13.359229557000049],[37.03028474100006,13.358427472000074],[37.03279873400004,13.359467149000068],[37.03508355200006,13.357570037000073],[37.03812404700005,13.357456915000057],[37.04286207800004,13.355226247000076],[37.04532236800003,13.351259613000025],[37.04702010500006,13.346953797000026],[37.05111334600008,13.34305275500003],[37.05345549900005,13.338173408000046],[37.05661425300008,13.336335863000045],[37.05924928700006,13.335896242000047],[37.06345799300004,13.335195221000049],[37.067318546000024,13.33605615700003],[37.068054765000056,13.336215415000026],[37.06872233800004,13.334052535000069],[37.07071373100007,13.329340901000023],[37.071358287000066,13.326290994000033],[37.072705030000066,13.324340007000046],[37.07469235900004,13.322854807000056],[37.077851045000045,13.323430056000063],[37.080540520000056,13.321589737000068],[37.081944349000025,13.320324866000021],[37.08352367600003,13.318891854000071],[37.087033176000034,13.318899119000037],[37.089371705000076,13.320679133000056],[37.09077604300006,13.319967791000067],[37.092196699000056,13.320891309000046],[37.09303024500008,13.321105446000047],[37.09617750700005,13.319053713000073],[37.09681170400006,13.31802136300007],[37.09847364400008,13.319070922000037],[37.09951244800004,13.31970119500005],[37.100340868000046,13.32053776600003],[37.10347190900006,13.320561177000059],[37.10786349600005,13.319556828000032],[37.109541325000066,13.318532216000051],[37.112885977000076,13.317934598000022],[37.11707032000004,13.316720662000023],[37.12063333400005,13.314879561000055],[37.125869246000036,13.31263612600003],[37.12985103300008,13.31059121900006],[37.132564708000075,13.31061118200006],[37.13758214100005,13.309609752000028],[37.13947363300008,13.307963974000074],[37.142191756000045,13.307361344000071],[37.14511705800004,13.306968104000077],[37.14742103900005,13.305947771000035],[37.15243364300005,13.305568503000075],[37.15453064700006,13.304339852000055],[37.159547915000076,13.303337957000053],[37.16228160800006,13.300660931000039],[37.16416975000004,13.299429549000024],[37.16585348800004,13.297574160000067],[37.167535921000024,13.295926619000056],[37.17088613200008,13.29449895600004],[37.17318370100003,13.294307588000038],[37.177365905000045,13.293300445000057],[37.17987996700003,13.292073404000064],[37.182809735000035,13.29105719000006],[37.18470079700006,13.289411015000042],[37.18889521400007,13.286742934000074],[37.192257796000035,13.283655362000047],[37.194371028000035,13.280143097000064],[37.197533871000076,13.275807842000063],[37.199014541000054,13.273121447000051],[37.20007183000007,13.271261343000049],[37.200714927000035,13.268983664000075],[37.20156189100004,13.267329951000022],[37.203256073000034,13.264022503000035],[37.20494383600004,13.261544291000064],[37.20662395100004,13.260104296000065],[37.209131479000064,13.259706149000067],[37.21100058400003,13.260964328000057],[37.21307695100006,13.262431846000027],[37.21535605300005,13.264730052000061],[37.21637080600004,13.268679101000032],[37.21822972800004,13.271388997000031],[37.22176099400008,13.273695917000055],[37.22403876900006,13.276201945000025],[37.22570110800007,13.277250708000054],[37.22756742900003,13.27892342900003],[37.231735736000076,13.279782831000034],[37.23401135200004,13.280456188000073],[37.236969275000035,13.281330841000056],[37.24028841200004,13.282627137000077],[37.242790772000035,13.283738105000054],[37.24399628300006,13.285933785000054],[37.24467535100007,13.288071602000059],[37.245022418000076,13.288814038000055],[37.245762409000065,13.290781665000054],[37.24567853900004,13.293302881000045],[37.247483024000076,13.294065526000054],[37.249390290000065,13.296382406000077],[37.25166771600004,13.296633074000056],[37.25368581600003,13.299186831000043],[37.25810238500003,13.299675838000041],[37.25998864500008,13.298651564000068],[37.26586116800007,13.294749644000035],[37.26816466300005,13.293727016000048],[37.27109274400004,13.292917614000032],[37.27380643500004,13.292936045000033],[37.279027693000046,13.292555647000029],[37.28383456300003,13.291758806000075],[37.292389772000035,13.292231040000047],[37.29800806000003,13.294758914000056],[37.30550679900006,13.297091317000024],[37.309248473000025,13.299398560000043],[37.31361633300003,13.301709908000078],[37.31591258100008,13.301725131000069],[37.32342603700005,13.30198269300007],[37.326565767000034,13.300758260000066],[37.336912065000035,13.312807429000031],[37.33815900700006,13.31364493600006],[37.33851624000005,13.314129724000054],[37.33892082700004,13.314819343000067],[37.33941714200006,13.315676778000068],[37.33983823600005,13.316653495000025],[37.34024635000003,13.318009761000042],[37.340583439000056,13.318955411000047],[37.34098434300006,13.32018622000004],[37.341333261000045,13.321131946000037],[37.34154214500006,13.322097112000051],[37.341819841000074,13.32282882800007],[37.34179614300007,13.323428638000053],[37.34183087400004,13.323622084000021],[37.342006463000075,13.324014168000076],[37.34252040800004,13.324364394000042],[37.34321267000007,13.324956458000031],[37.343864591000056,13.325460121000049],[37.34437806300008,13.326005819000045],[37.344913623000025,13.326526798000032],[37.345178530000055,13.326638126000034],[37.34640234700004,13.327878803000033],[37.34723773800005,13.328510194000046],[37.34884477500003,13.329475426000045],[37.35031864600006,13.330173116000026],[37.35138184500005,13.331285051000066],[37.352016356000036,13.332491378000043],[37.35253582400003,13.333944397000039],[37.35370681200004,13.336694245000047],[37.35454019500003,13.338693908000039],[37.35478501600005,13.340668286000039],[37.354854371000044,13.342056237000065],[37.35479955000005,13.34393262900005],[37.35488028200007,13.345514994000041],[37.35499830700007,13.347129247000055],[37.355277055000045,13.348481273000061],[37.35541442400006,13.34902564400005],[37.35599443500007,13.350706160000072],[37.35749206500003,13.353414052000062],[37.35845280400008,13.354980657000056],[37.35893501800007,13.356195021000076],[37.35933174000007,13.357551207000029],[37.360972281000045,13.360896135000075],[37.361893147000046,13.361578899000051],[37.36330692200005,13.362452412000039],[37.36424682000006,13.363053941000032],[37.36629328200007,13.364098747000071],[37.369643444000076,13.364332776000026],[37.37141221300004,13.363644753000074],[37.37272181600008,13.362937957000042],[37.37478290000007,13.362624651000033],[37.37678350900006,13.362682685000038],[37.37827663400003,13.362701298000047],[37.378900403000046,13.361917754000046],[37.38042739700006,13.361312855000051],[37.382412801000044,13.361314256000071],[37.38327766900005,13.361839532000033],[37.38420972900008,13.362108747000036],[37.38557766200006,13.361995450000052],[37.38679365000007,13.361695869000073],[37.38780977000005,13.360993884000038],[37.38880967700004,13.360212715000046],[37.38997731400008,13.35989246500003],[37.391076756000075,13.35980679000005],[37.39369743900005,13.361025662000031],[37.39726182900006,13.361108140000056],[37.39844567700004,13.361259131000054],[37.398725572000046,13.361426995000045],[37.399247510000066,13.362512756000058],[37.399583352000036,13.363033505000033],[37.40034837400003,13.363656398000046],[37.400816227000064,13.364020930000038],[37.403248175000044,13.36482497000003],[37.40453730000007,13.365774302000034],[37.40541579600006,13.366125597000064],[37.40622865200004,13.366366872000071],[37.407373961000076,13.366462210000066],[37.408373905000076,13.36848653100003],[37.40810335400005,13.369881404000068],[37.40834869100007,13.37206367400006],[37.40887707600007,13.373056807000069],[37.41011184200005,13.374078103000045],[37.41105333400003,13.374506605000022],[37.41191573200007,13.37498658900006],[37.41322577700004,13.37548632000005],[37.41401529700005,13.37572855600007],[37.41540469500006,13.376580189000038],[37.41602272600005,13.377901543000064],[37.41579278300003,13.378385965000064],[37.41554983100008,13.378653365000048],[37.415244305000044,13.379050304000032],[37.41509565300004,13.379322821000073],[37.41670799100007,13.379131792000067],[37.41693152400006,13.379142226000056],[37.41735629200008,13.379175394000072],[37.417831989000035,13.379275544000052],[37.41808594500003,13.379399167000031],[37.41828261100005,13.379548415000045],[37.41886368100006,13.379239067000071],[37.41988196700004,13.379181027000072],[37.42031043600008,13.378868453000052],[37.42070289700007,13.378546619000076],[37.421124226000074,13.37791197200005],[37.421363006000036,13.377575618000037],[37.42146668100003,13.377338980000047],[37.42166744800005,13.37694702500005],[37.42189012600005,13.37633487000005],[37.42295865700004,13.373694129000057],[37.42330937000003,13.372647751000045],[37.42343636800007,13.371396589000028],[37.42361208700004,13.370372843000041],[37.42395094900007,13.369328648000021],[37.42464454700007,13.368125082000063],[37.42516563700008,13.367184838000071],[37.42729856100004,13.364470464000021],[37.42831748700007,13.363813531000062],[37.42948927800006,13.363562052000077],[37.430450489000066,13.363529601000039],[37.43270244100006,13.364080265000041],[37.43385216200005,13.363450099000033],[37.43460089700005,13.362185822000072],[37.43527701700003,13.361892845000057],[37.436794563000035,13.361529336000046],[37.43720478400007,13.361310401000026],[37.43763290700008,13.360997790000056],[37.43881949000007,13.360192695000023],[37.44065581000007,13.358439059000034],[37.44137267900004,13.35763783300007],[37.44320192500004,13.35698016200007],[37.44502220700008,13.356368750000058],[37.446380471000055,13.356094618000043],[37.44717554600004,13.356232814000066],[37.44829052800003,13.356422703000021],[37.449725296000054,13.35645521400005],[37.451278151000054,13.356700875000058],[37.452310262000026,13.35667554500003],[37.454472431000056,13.356286493000027],[37.45482713000007,13.35612820600005],[37.455121862000055,13.356145823000077],[37.45532100200006,13.356133477000071],[37.45669567600004,13.356953149000049],[37.45732009400007,13.357389721000061],[37.457856193000055,13.35792404800003],[37.45805755200007,13.358153538000067],[37.45818003800008,13.358445806000077],[37.45969665100006,13.36008666400005],[37.460166109000056,13.360486132000062],[37.46057634300007,13.360670544000072],[37.46106618700003,13.360814766000033],[37.462849375000076,13.36118491700006],[37.46361863800007,13.361485636000054],[37.465166733000046,13.361443052000027],[37.465458460000036,13.361207530000058],[37.466320248000045,13.36088167500003],[37.46685128300004,13.361126699000067],[37.46774975100004,13.362031573000024],[37.46789591000004,13.362322852000034],[37.46831575300007,13.362679066000055],[37.46917660500003,13.362732860000051],[37.47007905000004,13.36351006700005],[37.47054686600006,13.364082392000057],[37.47087398700006,13.364456119000067],[37.471453189000044,13.36552854000007],[37.472173518000034,13.367007470000033],[37.47240556100007,13.36736254300007],[37.47277296000004,13.36761787100005],[37.473922996000056,13.36820898700006],[37.474382984000044,13.368240012000058],[37.474973919000035,13.36850572700007],[37.47521390400004,13.368790784000055],[37.47574040200004,13.369163449000041],[37.47634317700005,13.369429224000044],[37.47690930500005,13.369465400000024],[37.47741395300005,13.369459403000064],[37.47799812100004,13.369609810000043],[37.47948501800005,13.36912157200004],[37.48114443700007,13.36877221800006],[37.48213894100007,13.367896823000024],[37.48325450900006,13.367084298000066],[37.483857570000055,13.366750057000047],[37.48513801400003,13.366146421000053],[37.48663252700004,13.365586991000043],[37.48778862800003,13.36507186700004],[37.48827305200007,13.364514303000021],[37.48856851200003,13.364139798000053],[37.489847191000024,13.363305608000076],[37.491072648000056,13.36337280600003],[37.49356815600004,13.364876954000067],[37.49421274700006,13.365658195000037],[37.49445845300005,13.36604723000005],[37.495125992000055,13.366618436000067],[37.49603178500007,13.367246428000044],[37.496751062000044,13.367895906000058],[37.49760931900005,13.368514577000042],[37.498004528000024,13.368849124000064],[37.49863830000004,13.369239330000028],[37.49877822600007,13.369426607000037],[37.49902387700007,13.370011119000026],[37.49916260900005,13.370579178000071],[37.499389130000054,13.371039288000077],[37.499827664000065,13.371508561000041],[37.50027738700004,13.372174510000036],[37.50056501700004,13.372273391000022],[37.501232420000065,13.372637808000036],[37.50204219200003,13.373029049000024],[37.50258755800007,13.37311250600004],[37.504063572000064,13.37284326200006],[37.50517059800006,13.372895006000022],[37.50530517100003,13.372782805000043],[37.50582035900004,13.37275308900007],[37.50655717600006,13.372296414000061],[37.50715715800004,13.371708993000027],[37.507810549000055,13.371025820000057],[37.508485360000066,13.37051453600003],[37.509784239000055,13.370428402000073],[37.511692898000035,13.370928916000025],[37.51231121400008,13.370454585000061],[37.51344405800006,13.37034372000005],[37.51411731500008,13.370604168000057],[37.514518689000056,13.37144496600007],[37.51518334600007,13.372167519000072],[37.51589250200004,13.372645140000031],[37.51642004200005,13.372625630000073],[37.51718538400007,13.372454980000043],[37.517885335000074,13.372172070000033],[37.518713837000064,13.371675210000035],[37.52014420300003,13.371223690000022],[37.52067517900008,13.371066340000027],[37.52364546600006,13.37164415500007],[37.52449616500007,13.372332744000062],[37.52546016000008,13.373750827000038],[37.52635488200008,13.373180885000068],[37.527248162000035,13.373797400000058],[37.52805114200004,13.374269881000032],[37.528153099000065,13.37501287200007],[37.52812857300006,13.37539464300005],[37.52859460600007,13.376335245000064],[37.528660184000046,13.376654280000025],[37.52904490700007,13.378014738000047],[37.52995699300004,13.378342083000064],[37.531406409000056,13.379226237000069],[37.53227098800005,13.38115786000003],[37.53312160400003,13.38144189600007],[37.53364024200005,13.382276567000076],[37.53467071000006,13.383023803000071],[37.53507704000003,13.383345941000073],[37.536663333000035,13.383552871000063],[37.537103580000064,13.383850339000048],[37.53751051800003,13.383976993000033],[37.53903708400003,13.384567756000024],[37.53964209900005,13.384671826000044],[37.540405546000045,13.38486946100005],[37.54107373200003,13.385648480000043],[37.54157227300004,13.38613837400004],[37.542278112000076,13.386558278000052],[37.543321167000045,13.387523644000055],[37.54457071500008,13.388603185000022],[37.54547182400006,13.388942848000056],[37.54722911500005,13.38946370900004],[37.54795265100006,13.389583124000069],[37.54965508600003,13.389968061000047],[37.550368598000034,13.390319053000042],[37.55090007300004,13.390563917000065],[37.55173257600006,13.390942711000037],[37.55220756800003,13.391225673000065],[37.55333667100007,13.391852495000023],[37.55387048500006,13.392143697000051],[37.554540133000046,13.392543026000055],[37.555292791000056,13.392959777000044],[37.55575456200006,13.392218883000055],[37.55593165500005,13.392232327000045],[37.556553767000025,13.392426851000039],[37.55687846400008,13.392753009000046],[37.55710041100008,13.393131695000022],[37.55744187000005,13.393550609000044],[37.55795330600006,13.394257501000027],[37.559151772000064,13.395064369000067],[37.55975402800004,13.394718646000058],[37.55990323900005,13.393453914000077],[37.55963832500004,13.392340502000025],[37.55963901900003,13.391544993000025],[37.56073964800004,13.391285724000056],[37.562395054000035,13.390463487000034],[37.56325904200003,13.389768928000024],[37.56489305800005,13.389386112000068],[37.56573933300007,13.389394305000053],[37.566845374000025,13.389825461000044],[37.567544156000054,13.390523233000067],[37.56856824500005,13.39095956400007],[37.56964236500005,13.39064359200006],[37.57043846800008,13.390597249000052],[37.571075320000034,13.390641536000032],[37.57180535300006,13.391670565000027],[37.572117363000075,13.392585352000026],[37.57248586900005,13.393462051000029],[37.57406334600006,13.393717295000044],[37.57463557900007,13.393660633000025],[37.575806313000044,13.394191554000031],[37.57676181800008,13.394862510000053],[37.57754001400008,13.395508710000058],[37.57898051800004,13.396634394000046],[37.57966439000006,13.397078933000046],[37.58081989200008,13.397553254000059],[37.58183089900007,13.398163473000068],[37.58269320100004,13.398642915000039],[37.584049942000036,13.399544346000027],[37.58477151900007,13.398626319000073],[37.58557737600006,13.398544958000059],[37.58696561900007,13.400181049000025],[37.58760513800007,13.40046712000003],[37.58853081500007,13.400424846000021],[37.59012415300003,13.400147857000036],[37.591487029000064,13.400149807000048],[37.59267753700004,13.400218596000059],[37.59385911800007,13.400334790000045],[37.59483626300005,13.40096963700006],[37.59644164300005,13.402097269000024],[37.596742206000044,13.402817621000054],[37.596800217000066,13.404806734000033],[37.59773953900003,13.405997324000055],[37.598622661000036,13.406429373000037],[37.59980951600005,13.406637095000065],[37.601153252000074,13.407112365000046],[37.60214175200008,13.407538201000023],[37.60326820300003,13.408313969000062],[37.604086438000024,13.408842821000064],[37.60480954500008,13.40935418500004],[37.60765344300006,13.41096320400004],[37.60834555300005,13.41134895700003],[37.60933673400007,13.412017741000057],[37.61038149400008,13.41260205900005],[37.61155211000005,13.413132820000044],[37.61198781200005,13.413545414000055],[37.612420590000056,13.41431619900004],[37.61281241100005,13.414983923000023],[37.61323259900007,13.415535414000033],[37.613551604000065,13.415966572000059],[37.61392762600008,13.416370920000077],[37.61422143300007,13.416769169000077],[37.61550237300003,13.415577264000035],[37.61589285800005,13.415220069000043],[37.61636267100005,13.414616961000036],[37.61753140600007,13.413511435000032],[37.61864681000003,13.412698289000048],[37.61978585400004,13.41209094100003],[37.620517920000054,13.411748028000034],[37.62135057900008,13.411527708000051],[37.622446324000066,13.411578895000048],[37.62279819300005,13.411766132000025],[37.623039161000065,13.411866896000049],[37.62540161700008,13.411084247000076],[37.62728804600005,13.411193956000034],[37.62812156500007,13.41158269400006],[37.62889542100004,13.411757536000039],[37.63044401500008,13.412715156000047],[37.63127280200007,13.413024758000063],[37.63219568000005,13.413132591000021],[37.63414572700003,13.41352510300004],[37.63485550000007,13.413806925000074],[37.63641495500008,13.415352183000039],[37.637794229000065,13.417023012000072],[37.63951297700004,13.416680863000067],[37.64010813600004,13.418409603000043],[37.640370989000075,13.419085640000048],[37.64096390800006,13.419777017000058],[37.641700290000074,13.420309833000033],[37.64261477900004,13.420476350000058],[37.64455816100008,13.421353529000044],[37.64626160000006,13.421945766000022],[37.647097243000076,13.423567311000056],[37.646240128000045,13.423975161000044],[37.645480828000075,13.424849109000036],[37.64510884200007,13.425514945000032],[37.644974681000065,13.426432935000037],[37.64533373100005,13.426942238000038],[37.64790629500004,13.426332280000054],[37.64944569700003,13.426334877000045],[37.65013842400003,13.426525054000024],[37.65060715000004,13.427499376000071],[37.65009657300004,13.429004089000045],[37.65094008600005,13.430361237000056],[37.65200734800004,13.430725163000034],[37.65330325600007,13.431179582000027],[37.65382734100007,13.431702188000031],[37.65482487000003,13.432877089000044],[37.65560405000008,13.434133313000075],[37.65613514000006,13.435370122000052],[37.65667777800007,13.436605882000038],[37.657291325000074,13.437445368000056],[37.65974162500004,13.438546625000072],[37.660234236000065,13.43912894600004],[37.659956959000056,13.440205512000034],[37.659583663000035,13.440848784000025],[37.658714632000056,13.442455555000038],[37.65848850900005,13.443205817000035],[37.657753798000044,13.444895798000061],[37.658442259000026,13.445812527000044],[37.660401999000044,13.44576758900007],[37.66133283400006,13.445609819000026],[37.662381749000076,13.445859487000064],[37.66346797600005,13.445945489000053],[37.66477772500008,13.445639418000042],[37.66564022400007,13.445519687000058],[37.666953345000024,13.446065670000053],[37.667004433000045,13.446534899000028],[37.66690045400003,13.447958183000026],[37.66692376900005,13.448751580000021],[37.66747416800007,13.450113919000046],[37.668578602000025,13.450510750000035],[37.66976895800008,13.449772362000033],[37.67215222300007,13.449138567000034],[37.67272790900006,13.449531470000068],[37.67266105500005,13.450192182000023],[37.67243437800005,13.450734530000034],[37.67230139700007,13.451663832000065],[37.67385441500005,13.45189689700004],[37.67486140900007,13.45143437300004],[37.676154981000025,13.451451356000064],[37.67721893400005,13.451757542000053],[37.67814156700007,13.45225733600006],[37.67895000100003,13.453211944000032],[37.68003927700005,13.453747645000021],[37.68084265600004,13.454415184000027],[37.68183220700007,13.455452086000037],[37.681921705000036,13.45597689300007],[37.68121253000004,13.456502030000024],[37.680560445000026,13.457404890000078],[37.68037070100007,13.458372327000063],[37.68062124200003,13.45942909200005],[37.68250422700004,13.460667302000047],[37.683498995000036,13.460597927000038],[37.684656963000066,13.460506814000041],[37.685264190000055,13.460839962000023],[37.68624436400006,13.461911822000047],[37.68696153600007,13.463311159000057],[37.68714033200007,13.464348336000057],[37.68699039000006,13.464795046000063],[37.68619373400003,13.465637271000048],[37.68591692500007,13.467116163000071],[37.68769380800006,13.467553741000074],[37.688817192000045,13.467672597000046],[37.68973910200003,13.468161058000021],[37.690522921000024,13.469094031000054],[37.69084580200007,13.470976087000054],[37.69213182000004,13.472456350000073],[37.69323031300007,13.472750224000038],[37.69564275100004,13.473001190000048],[37.69611903200007,13.473698639000077],[37.696400348000054,13.475479896000024],[37.696579916000076,13.477128422000021],[37.69637351000006,13.478407682000068],[37.69611415700007,13.479390593000062],[37.695615743000076,13.480698838000023],[37.69498855900008,13.482222254000021],[37.694527907000065,13.48337814100006],[37.69402108400004,13.484743983000044],[37.69368030600003,13.485938909000026],[37.69360072400008,13.486185969000076],[37.69350162000006,13.486893991000045],[37.693449076000036,13.487796611000022],[37.693425286000036,13.48818973400006],[37.69353214400007,13.489403949000064],[37.693853121000075,13.490261051000061],[37.694038816000045,13.490619106000054],[37.694913851000024,13.491305073000035],[37.695676269000046,13.491676291000033],[37.697116193000056,13.492375351000021],[37.69900364800003,13.49269139200004],[37.69988668700006,13.492916319000074],[37.70021666500003,13.493127086000072],[37.700399934000075,13.493243297000049],[37.70055607900008,13.493304000000023],[37.700905302000024,13.493640300000038],[37.70091665600006,13.493835854000054],[37.70089420200003,13.494251591000022],[37.70098502800005,13.494592209000075],[37.701011666000056,13.494844338000064],[37.70095285900004,13.495042926000053],[37.70087116500008,13.49525606700007],[37.700536734000025,13.495759466000038],[37.700343358000055,13.496070349000036],[37.70010005000006,13.496325606000028],[37.699649891000035,13.496663412000032],[37.699613138000075,13.496838378000064],[37.69966713000008,13.497157328000071],[37.69979450500006,13.497519604000047],[37.70001941900006,13.497943399000064],[37.70019592800003,13.498347735000038],[37.70023148100006,13.49855358800005],[37.70012854400005,13.499596076000046],[37.70014131100004,13.500010866000025],[37.70015904100006,13.500309281000057],[37.70011206600003,13.500507930000026],[37.70015977800006,13.500919504000024],[37.70033861100006,13.501162258000022],[37.70053556100004,13.50131244000005],[37.70065129200003,13.501479161000077],[37.70083488500006,13.501802171000065],[37.70296641900006,13.500399533000063],[37.70308438300003,13.500687172000028],[37.70347376900003,13.501342340000065],[37.703626909000036,13.501583830000072],[37.70374463700006,13.501756207000028],[37.70383914100006,13.501951060000067],[37.70402041300008,13.50415104600006],[37.70385784900003,13.50495704900004],[37.703765485000076,13.505648152000049],[37.70364921400005,13.50616737200005],[37.70369857400004,13.50707729000004],[37.70353685900005,13.508263001000046],[37.70371887400006,13.510750019000056],[37.704513818000066,13.514202989000069],[37.70482121500004,13.515020465000077],[37.705492941000045,13.515950559000032],[37.706773344000055,13.515959440000074],[37.70778349900007,13.515864082000064],[37.708853420000025,13.516195046000064],[37.709584601000074,13.51740230300004],[37.709680769000045,13.51831134300005],[37.70996257100006,13.523297379000041],[37.71055252900004,13.524355874000037],[37.71135275000006,13.524917105000043],[37.71190692600004,13.525757313000042],[37.712237996000056,13.52668903700004],[37.71223007000003,13.52832415100005],[37.71212658600007,13.529314663000036],[37.71187668600004,13.532885417000045],[37.712480680000056,13.534933896000041],[37.713305228000024,13.535864761000028],[37.71398758000004,13.536231015000055],[37.715010378000045,13.536539122000022],[37.71746621900007,13.536739305000026],[37.71835909500004,13.536668166000027],[37.719110998000076,13.536665241000037],[37.72027521800004,13.537203446000035],[37.72068844200004,13.538009018000025],[37.72047893600006,13.53884983000006],[37.71969509300004,13.540234632000022],[37.719109927000034,13.541237373000058],[37.71733177200008,13.544479371000023],[37.71713594900007,13.54610335700005],[37.71741946000003,13.546759115000043],[37.71849033400008,13.547481035000033],[37.719207367000024,13.547525396000026],[37.719665504000034,13.547546952000062],[37.719947647000026,13.54765009700003],[37.72046545000006,13.54801662400007],[37.72081910300005,13.548407165000071],[37.72161990600006,13.549257663000049],[37.72289048500005,13.549899226000036],[37.72363255400006,13.550772025000072],[37.725103724000064,13.55175814000006],[37.72634199200007,13.552560006000022],[37.72665892100008,13.553561713000022],[37.72645034400006,13.554772049000064],[37.72628950200004,13.556234639000024],[37.726421318000064,13.557294149000029],[37.726786780000054,13.557857642000045],[37.72759888300004,13.558384992000072],[37.728223902000025,13.559338528000069],[37.72863733600008,13.560224333000065],[37.728900157000055,13.562008864000063],[37.72892536400008,13.562699457000065],[37.72895202700005,13.56409293300004],[37.729035606000025,13.56466854200005],[37.729226373000074,13.565773573000058],[37.729522959000064,13.56691302400003],[37.730067348000034,13.568535143000076],[37.730469484000025,13.56959376900005],[37.731623711000054,13.570742116000076],[37.73266929000005,13.570600505000073],[37.733514221000064,13.570229633000054],[37.73480381600007,13.569051887000057],[37.73508534600006,13.568785510000055],[37.73527332400005,13.568842951000022],[37.73587398700005,13.569336436000071],[37.73624015400003,13.57021068000006],[37.73632544600008,13.571338891000039],[37.736234214000035,13.572479771000076],[37.736376575000065,13.573135918000048],[37.73734251600007,13.57407648000003],[37.73733176400003,13.574526183000046],[37.73738055000007,13.575239492000037],[37.73748677400005,13.57541291900003],[37.73801658900004,13.575872142000037],[37.738679510000054,13.57775814300004],[37.73919744600005,13.578170962000058],[37.74003189300004,13.578203431000077],[37.742028462000064,13.577794263000044],[37.74272154300007,13.577689270000064],[37.743155656000056,13.577515171000073],[37.74475182600003,13.576634995000063],[37.74571394700007,13.57605673300003],[37.74623009600003,13.57576664800007],[37.747627074000036,13.575198470000032],[37.748284424000076,13.574966716000063],[37.74903586600004,13.574745605000032],[37.74958844200006,13.574778896000055],[37.75065753300004,13.574671238000064],[37.750987476000034,13.57508536000006],[37.75098789100008,13.575280859000031],[37.75094267600008,13.576029848000076],[37.75080456500007,13.577146777000053],[37.75061836800006,13.577849865000076],[37.75050209900007,13.578380404000029],[37.75025753400007,13.579198463000068],[37.750023991000035,13.57978718000004],[37.74978985100006,13.58021315800005],[37.74971975700004,13.580363100000056],[37.749344275000055,13.580537504000063],[37.75032326000007,13.582089451000058],[37.75004451600006,13.58336840000004],[37.75000050800003,13.584601052000039],[37.75000148200007,13.584911816000044],[37.74997855400005,13.58515353100006],[37.750143689000026,13.585441392000064],[37.750249874000076,13.585624997000025],[37.750579952000066,13.586015386000042],[37.75126186600005,13.586117115000036],[37.751613699000075,13.585828456000058],[37.75215355000006,13.585538478000046],[37.75285820600004,13.585433508000051],[37.75389397300006,13.58607491600003],[37.75387184500005,13.586662425000043],[37.75356851400005,13.587561556000026],[37.75305607900003,13.589347854000039],[37.753046797000025,13.590350164000029],[37.75324847400003,13.591051797000034],[37.75394313700008,13.591590919000055],[37.75444933500006,13.591993487000025],[37.754990916000054,13.592371365000076],[37.755345152000075,13.593061335000073],[37.75572520500003,13.594614783000054],[37.75589350800004,13.596180744000037],[37.758124516000066,13.595425699000032],[37.75860567600006,13.595205476000046],[37.75905090900005,13.594674313000041],[37.75926304800004,13.594869737000067],[37.75974366300005,13.594418982000036],[37.761656318000064,13.593284886000049],[37.76203182900008,13.593052828000054],[37.76217298700004,13.59312133000003],[37.76247985200007,13.593650589000049],[37.762528935000034,13.594433959000071],[37.76275299400004,13.594778604000055],[37.76371885000003,13.595604943000069],[37.76402473400003,13.59582230500007],[37.76437901600008,13.59645462900005],[37.764533192000044,13.59701928800007],[37.76413494600007,13.59751566400007],[37.76353618600007,13.597690111000077],[37.762724725000055,13.597553868000034],[37.76197291200003,13.597613416000058],[37.76189328400005,13.598708037000051],[37.761695263000036,13.599353438000037],[37.76142561900008,13.599665126000048],[37.76076933300004,13.600346666000064],[37.760382940000056,13.600947064000025],[37.76023236800006,13.601799500000027],[37.76044508600006,13.60227065600003],[37.76130275000003,13.60218791400007],[37.762406396000074,13.601735726000072],[37.76276996900003,13.601412081000035],[37.76353213200008,13.60075365800003],[37.76436503800005,13.600209719000077],[37.765151899000045,13.599965005000058],[37.76559875200007,13.600125429000059],[37.76619893600008,13.60045725200007],[37.76639995800008,13.600848122000059],[37.76615534700005,13.601736247000076],[37.76585111700007,13.60231219600007],[37.766100720000054,13.60341749500003],[37.76685283000006,13.603415564000045],[37.76809896000003,13.603503105000073],[37.76861722900003,13.603985931000068],[37.76931475400005,13.605549989000053],[37.768378892000044,13.607291284000041],[37.76778128600006,13.60801947400006],[37.76730234100006,13.609091782000064],[37.76677603200005,13.610048582000047],[37.76657723400007,13.610509789000048],[37.76623880600005,13.611443791000056],[37.766347335000034,13.612514499000042],[37.767042960000026,13.613388074000056],[37.76737749800003,13.61555265000004],[37.76756863500003,13.616737883000042],[37.767711777000045,13.617543187000024],[37.76807950800003,13.618820840000069],[37.768434512000056,13.61976392400004],[37.76891986700008,13.621144989000072],[37.76938017300006,13.621949603000076],[37.76959397400003,13.622777854000049],[37.76986721600008,13.623952197000051],[37.77000060300003,13.625529275000076],[37.769921166000074,13.626646506000043],[37.76980746100003,13.628190720000077],[37.77058698600007,13.629662508000024],[37.77130636000004,13.630535081000062],[37.77196664000007,13.631328248000045],[37.77236871100007,13.632340501000044],[37.77261700100007,13.632927089000077],[37.77331264900005,13.633754328000066],[37.77411336600005,13.63437302400007],[37.77561913400007,13.634783884000058],[37.77719560500003,13.63537701000007],[37.77781968600004,13.63580158800005],[37.778443769000035,13.63622616400005],[37.77982179500003,13.637384461000067],[37.78003424600007,13.637752773000045],[37.780294507000065,13.638316817000032],[37.78029633700004,13.63902988600006],[37.78009842400007,13.639767969000047],[37.77981884800005,13.640771216000076],[37.779527822000034,13.641808299000047],[37.77943706900004,13.643109673000026],[37.779722449000076,13.644353009000042],[37.78010161900005,13.645503000000076],[37.781269716000054,13.647273880000057],[37.781894460000046,13.647858920000033],[37.78244826400004,13.648363378000056],[37.782919271000026,13.648788334000074],[37.78408514300003,13.649533102000078],[37.784909851000066,13.650337210000032],[37.78697436700003,13.653140802000053],[37.78732882300005,13.653819436000049],[37.78756548500007,13.654428562000021],[37.787955870000076,13.655429436000077],[37.787572287000046,13.65705485500007],[37.78650690400008,13.658624932000066],[37.78529884300008,13.659733249000055],[37.784101787000054,13.66043931400003],[37.78285729500004,13.661042311000074],[37.78199006400007,13.662047191000056],[37.78017228200008,13.663734459000068],[37.77951630700005,13.664553916000045],[37.77918970400003,13.665590819000045],[37.77963883800004,13.666510628000026],[37.77989944400008,13.667293909000023],[37.77960810500008,13.668273358000022],[37.779458412000054,13.669402668000032],[37.77916738000005,13.670543714000075],[37.779311946000064,13.67192534700007],[37.77956027600004,13.672511941000039],[37.78021062500005,13.673914143000047],[37.78003619100008,13.67462973000005],[37.77906335400007,13.675818278000065],[37.77837285800007,13.676937015000021],[37.77781148300005,13.678114013000027],[37.77830848200006,13.679391156000065],[37.77871005900005,13.680068904000052],[37.779029551000065,13.680920277000041],[37.779302837000046,13.68204828100005],[37.77885878700005,13.68305183900003],[37.77821505000003,13.684228431000065],[37.77799632000006,13.685967632000029],[37.77875062100003,13.686713792000035],[37.779268469000044,13.686977384000045],[37.77997443000004,13.687125510000044],[37.781350702000054,13.687500683000053],[37.78252764300004,13.687981089000061],[37.78427342400005,13.690221516000065],[37.784558540000035,13.69130324200006],[37.784984260000044,13.692349498000056],[37.78532908600005,13.693846246000021],[37.78557895000006,13.694985433000056],[37.785852619000025,13.69615976800003],[37.78601924000003,13.697022817000061],[37.78668063200007,13.698149331000025],[37.78731729700007,13.698803356000042],[37.78808255900003,13.699227483000072],[37.78994178600004,13.699820826000064],[37.790094632000034,13.699878071000057],[37.79060353300008,13.701108930000032],[37.790606438000054,13.702236733000063],[37.79065787400003,13.703929798000047],[37.790107669000065,13.704841319000025],[37.78950897300007,13.70517740300005],[37.788298730000065,13.705422352000028],[37.787276708000036,13.705759744000034],[37.786443666000025,13.706487933000062],[37.78585818800008,13.707399271000043],[37.78566094100006,13.70839047800007],[37.78613700200003,13.710554602000059],[37.78737234600004,13.71094262400004],[37.78838188800006,13.710283098000048],[37.78946431500003,13.710567538000078],[37.789711485000055,13.71071564400006],[37.79054836900008,13.711497210000061],[37.79108120200004,13.712853605000078],[37.79120076700008,13.71365993300003],[37.79215604600006,13.714739273000077],[37.792476460000046,13.715936438000028],[37.79252450400003,13.716316364000022],[37.79253841600007,13.717099559000076],[37.79254193600008,13.718446598000071],[37.79241554400005,13.719540997000024],[37.792381739000064,13.720105856000032],[37.79240688100003,13.720785136000075],[37.79255003000003,13.721498903000054],[37.79267975600004,13.721671308000055],[37.79389254400007,13.722358649000057],[37.793998816000055,13.722484605000034],[37.79474037800003,13.722815935000028],[37.794999629000074,13.722976537000022],[37.79535393200007,13.723539901000038],[37.79546115000005,13.724104319000048],[37.795521343000075,13.724656074000052],[37.79546457200007,13.725417458000038],[37.79505523200004,13.726293504000068],[37.79461042400004,13.726986321000027],[37.79437737000006,13.72786209700007],[37.79421388000003,13.72829975600007],[37.79408625600007,13.728956822000043],[37.79517147200005,13.730185972000072],[37.79593730700003,13.730747946000065],[37.79597312400006,13.73097752700005],[37.79680930400008,13.731459608000023],[37.79697452400006,13.731699985000034],[37.796917317000066,13.73238000300006],[37.79653094300005,13.733003030000077],[37.79633303300005,13.733672197000033],[37.79630226300003,13.735398759000077],[37.79633964800007,13.736228393000033],[37.79645849800005,13.736722816000054],[37.79688288700004,13.737147512000035],[37.797436412000025,13.737468886000045],[37.79800178200003,13.737789186000043],[37.79923813200003,13.738407692000067],[37.79948538700006,13.738488008000047],[37.80015614700005,13.738716142000044],[37.80094598800008,13.739507627000023],[37.80152728200005,13.741360345000032],[37.80122354300005,13.742155550000064],[37.80109554000006,13.742663454000024],[37.80107332400007,13.74311197700007],[37.801016047000076,13.743745654000065],[37.80095867500006,13.744230174000052],[37.80142996600006,13.74464266800004],[37.80158313800007,13.744699919000027],[37.80213588000004,13.744779441000048],[37.802289115000065,13.74482425900004],[37.80372494200003,13.74526968500004],[37.804089771000065,13.74541836800006],[37.804914179000036,13.745956877000026],[37.80519682200003,13.746071251000046],[37.80532646300003,13.746208610000053],[37.80589221200006,13.746690495000053],[37.80631651900006,13.746966021000048],[37.80645805700004,13.747149781000076],[37.806576207000035,13.747391053000058],[37.806895988000065,13.748277431000076],[37.80689707600004,13.748691030000032],[37.80693409300005,13.749256243000048],[37.806958929000075,13.749831544000074],[37.80701907400004,13.750280475000068],[37.806996352000056,13.750544794000064],[37.80781214600006,13.75284614700007],[37.80792888900004,13.753706676000036],[37.80784423700004,13.754443063000053],[37.807425558000034,13.755677325000022],[37.807396561000076,13.757068274000062],[37.80820168900004,13.757598766000058],[37.808945021000056,13.757888265000076],[37.80969847000006,13.758063676000063],[37.810416728000064,13.758227612000042],[37.81126701300008,13.75863062600007],[37.81168253100003,13.758994243000075],[37.81192062800005,13.760151436000058],[37.81168359600008,13.76090178100003],[37.809815368000045,13.764439992000064],[37.80959821300007,13.765832300000056],[37.80977470200003,13.767680789000053],[37.80997308800005,13.768516857000066],[37.80976424700003,13.769633473000056],[37.80929359000004,13.770455004000041],[37.80841165800007,13.771270025000035],[37.807540363000044,13.771981124000035],[37.805341508000026,13.77354688400004],[37.80417323100005,13.773997757000075],[37.80296963100005,13.774459757000045],[37.80208277000003,13.774872422000044],[37.80053927700004,13.776292159000036],[37.800823586000035,13.777391948000059],[37.80103206700005,13.779021359000069],[37.80079416900003,13.77970162500003],[37.80062968500005,13.78061163600006],[37.80098456800005,13.782664405000048],[37.800949530000025,13.783584091000023],[37.80072756000004,13.784597791000067],[37.800270074000025,13.785544799000036],[37.80014412200006,13.786718312000062],[37.80061373400008,13.787643847000027],[37.80118789200003,13.78847610400004],[37.80176348900005,13.789422492000028],[37.80216592000005,13.790601969000022],[37.802488555000025,13.791953947000025],[37.80274646300006,13.793755368000063],[37.80280836900005,13.794937694000055],[37.80291507700008,13.796855901000072],[37.803036312000074,13.79808372900004],[37.803270403000056,13.799850003000074],[37.803164527000035,13.800770474000046],[37.80278957000007,13.80174048300006],[37.80240108600003,13.802583868000056],[37.80200511900006,13.803760573000034],[37.80362097600005,13.809842447000051],[37.80398114800005,13.810470248000058],[37.80401819600007,13.81153832700005],[37.803888794000045,13.812424781000061],[37.80073334000008,13.814530484000045],[37.79914589800006,13.815273078000075],[37.798447139000075,13.815729580000038],[37.79758824400005,13.81652093100007],[37.79741757200003,13.816935952000051],[37.79705062600004,13.817630258000065],[37.796491453000044,13.817981219000046],[37.795566214000075,13.818176695000034],[37.79205600200004,13.818240808000041],[37.79068753400003,13.818670264000048],[37.78989931000007,13.819483400000024],[37.78953439900005,13.820338177000053],[37.789195187000075,13.821364840000058],[37.788934202000064,13.822080002000064],[37.78865482700007,13.822267332000024],[37.78843208300003,13.822293357000035],[37.787384478000035,13.82210963700004],[37.786799177000034,13.822254777000069],[37.78603480700008,13.823090613000033],[37.78600822900006,13.823757190000038],[37.785949395000046,13.824677896000026],[37.78565716800006,13.825726252000038],[37.78513385800005,13.826123696000025],[37.78348738300008,13.826854582000067],[37.78273819700007,13.82704749000004],[37.78190771800007,13.827298757000051],[37.781175295000025,13.827881612000056],[37.78087819500007,13.828528773000073],[37.780684472000075,13.82992114700005],[37.78045239200003,13.831072624000058],[37.77973669200003,13.832046546000072],[37.77945707300006,13.832222569000066],[37.77898651000004,13.832146780000073],[37.77793413400008,13.831596860000047],[37.776463464000074,13.830430113000034],[37.775846278000074,13.829920773000026],[37.77493610100004,13.829437092000035],[37.77396837100008,13.829068392000067],[37.773840215000064,13.829138939000075],[37.77306722700007,13.830228946000034],[37.77246023600003,13.830534405000037],[37.77185924100007,13.830357379000077],[37.77112775900008,13.830090412000061],[37.77071685900006,13.830106432000036],[37.77014275400006,13.830205263000039],[37.76962836700005,13.830383486000073],[37.76866111800007,13.830969640000035],[37.76809042300005,13.831354373000067],[37.76776559100006,13.831657841000037],[37.76734740000006,13.83201848300007],[37.76641942700007,13.832937056000048],[37.76585303200005,13.833656297000061],[37.765696354000056,13.83425555100007],[37.765617527000074,13.834565909000048],[37.765703220000034,13.834818331000065],[37.76577660000004,13.835046974000022],[37.76588690400007,13.835402358000067],[37.76594922500004,13.835699873000067],[37.766460805000065,13.836222259000067],[37.76686372100005,13.836516962000076],[37.767052456000044,13.83658345200007],[37.76774051500007,13.837138373000073],[37.76846941800005,13.838118375000022],[37.76949685300008,13.839507831000049],[37.76996438100008,13.840272944000048],[37.770216754000046,13.84071831600005],[37.77041094800006,13.841232325000021],[37.77055937000006,13.841817293000076],[37.770629489000044,13.842723926000076],[37.77068781400004,13.843619206000028],[37.77050862400006,13.844322309000063],[37.770348815000034,13.844692166000073],[37.76952538900008,13.845517478000033],[37.76895715500007,13.846086413000023],[37.76871357500005,13.846331533000068],[37.76813088200004,13.846682303000023],[37.76740242600005,13.847587187000045],[37.766707033000046,13.84830802600004],[37.76575086500003,13.848859197000024],[37.764576014000056,13.849757295000074],[37.76423093200003,13.85033525800003],[37.764232341000024,13.850450526000031],[37.764145117000055,13.850980069000059],[37.763988195000024,13.85156803500007],[37.763999814000044,13.852486795000061],[37.764135123000074,13.852980174000038],[37.76422337500003,13.853460872000028],[37.76442838400004,13.853895837000039],[37.76474087100007,13.854454521000036],[37.76511035900006,13.85489823000006],[37.76600092700005,13.855658708000021],[37.76653511600006,13.856123575000026],[37.76748213500008,13.856709186000046],[37.767944009000075,13.857014351000032],[37.76871409900008,13.858475966000071],[37.76879112100005,13.859004078000055],[37.768808023000076,13.859417756000028],[37.768776195000044,13.859693322000055],[37.76832640200007,13.860330657000077],[37.76773204700004,13.86069378700006],[37.767291312000054,13.861146976000043],[37.76681479700005,13.861532173000057],[37.764685702000065,13.863141897000048],[37.76294838100006,13.864150142000028],[37.76161951500006,13.864958182000066],[37.760590308000076,13.866234403000021],[37.759839527000054,13.867243101000042],[37.759220491000065,13.86843327500003],[37.758612793000054,13.869612193000023],[37.757785513000044,13.871081546000028],[37.75714071300007,13.87211110000004],[37.756484888000045,13.873199379000027],[37.75558545300004,13.87453049000004],[37.75484742800006,13.875630768000065],[37.754236468000045,13.876546361000067],[37.75324893700008,13.877419359000044],[37.75284168400003,13.877711084000055],[37.75208231000005,13.878041697000072],[37.74998443100003,13.87809313200006],[37.74892337600005,13.87817132400005],[37.747909427000025,13.87825201100003],[37.746990338000046,13.878275555000073],[37.74604776800004,13.878310269000053],[37.74456192300005,13.878441638000027],[37.743403742000055,13.87872610200003],[37.74218371300003,13.879218165000054],[37.74049004200003,13.879921352000054],[37.73839794500003,13.881310661000043],[37.73773005500004,13.881935500000054],[37.73707196700008,13.882674518000044],[37.73626787100005,13.883780036000076],[37.73607771300004,13.885628894000035],[37.73617567600007,13.887079197000048],[37.736358395000025,13.888369486000045],[37.73650336800006,13.88984264800007],[37.73624377400006,13.891588309000042],[37.73608121900003,13.892286942000055],[37.73579294700005,13.893560120000075],[37.73541951000004,13.894164988000057],[37.73391669600005,13.895538077000026],[37.733344223000074,13.896049264000055],[37.732247726000026,13.896990524000046],[37.73070256900007,13.898006289000023],[37.72985991400003,13.898478775000058],[37.72848589700004,13.899025323000046],[37.72734933100003,13.899460091000037],[37.72629720500004,13.89973486100007],[37.72520843800004,13.900102079000021],[37.72343335700003,13.900689446000058],[37.722429384000066,13.900884210000072],[37.72049952100008,13.900746411000057],[37.71974799100008,13.900575224000022],[37.71925555200005,13.900408792000064],[37.718985915000076,13.900324888000057],[37.71819718900008,13.900292496000077],[37.71631987000006,13.899752658000068],[37.71594650700007,13.899494183000058],[37.71467513700003,13.898571059000062],[37.713953622000076,13.897941237000055],[37.713167146000046,13.896873761000052],[37.71254448600007,13.895888506000063],[37.711760784000035,13.894636845000036],[37.71041623900004,13.89304548900003],[37.70980153800008,13.892348423000044],[37.70921863500007,13.891915938000068],[37.70822587200007,13.89129370300003],[37.706211936000045,13.890429893000032],[37.70394796100004,13.889759101000038],[37.70200793400005,13.889493429000026],[37.69865198000008,13.890291426000033],[37.69750469400003,13.890623181000024],[37.69627394300005,13.891044888000067],[37.69421528700008,13.891720932000055],[37.69279501600005,13.892209405000074],[37.68856200100004,13.894227492000027],[37.687493532000076,13.894835328000056],[37.68610203600008,13.895806420000042],[37.68496780000004,13.896896406000053],[37.684044406000055,13.898081313000034],[37.68338154000003,13.899165924000044],[37.68268147100008,13.900387048000027],[37.68214045800005,13.902013590000024],[37.68190433600006,13.902907262000042],[37.681400893000045,13.904384829000037],[37.68121396300006,13.905118315000038],[37.68099321400007,13.905747655000027],[37.68066621500003,13.906399025000042],[37.679884782000045,13.90752817400005],[37.67914521100005,13.908208949000027],[37.67840528700003,13.908901012000058],[37.677383027000076,13.909555386000022],[37.676174511000056,13.910058458000037],[37.67486029300005,13.910536086000036],[37.67364185500003,13.910901229000046],[37.672185600000034,13.911434573000065],[37.670586343000025,13.912093669000058],[37.66814659000005,13.913018263000026],[37.66669966200004,13.913735806000034],[37.66555716700003,13.914572521000025],[37.664460450000036,13.915490848000047],[37.66363463600004,13.916423077000047],[37.662710565000054,13.917641780000054],[37.662019318000034,13.919059510000068],[37.66123023700004,13.920739982000043],[37.66088794700005,13.921620609000058],[37.65997844100008,13.924323049000066],[37.659694029000036,13.925296661000061],[37.659290232000046,13.92721201300003],[37.658883840000044,13.929322833000072],[37.65871572300006,13.930390873000022],[37.65860904500005,13.931286361000048],[37.65843658800003,13.93265268500005],[37.65842558400004,13.933457169000064],[37.658539105000045,13.935436386000049],[37.65846574400007,13.936469919000047],[37.658316444000036,13.937031816000058],[37.658096011000055,13.937638531000061],[37.65783951900005,13.938278946000025],[37.657678229000055,13.938863382000022],[37.65760173800004,13.939287837000052],[37.65742417800004,13.940182924000055],[37.65735088300005,13.942056026000046],[37.65722882400007,13.943204545000071],[37.65679513400005,13.94472875200006],[37.656525600000066,13.945471915000041],[37.656127240000046,13.946985013000074],[37.654287099000044,13.950527487000045],[37.65333772200006,13.951837527000066],[37.653013017000035,13.95231597000003],[37.652064325000026,13.953603411000074],[37.651238309000064,13.954536708000035],[37.64912111800004,13.955958893000059],[37.647864612000035,13.956506731000047],[37.64720395300003,13.956556164000062],[37.64545882300007,13.956671879000055],[37.644471527000064,13.956487843000048],[37.64374423600003,13.95626005400004],[37.64291054100005,13.956076869000071],[37.641749968000056,13.955648905000032],[37.64084835500006,13.955257428000039],[37.640263137000034,13.954975048000051],[37.639606222000054,13.954782668000064],[37.63890328800005,13.954497378000042],[37.63794464500006,13.953968832000044],[37.63700944200008,13.953439294000077],[37.636469834000025,13.953271288000053],[37.63509013300006,13.953369771000041],[37.63439273900008,13.953521795000029],[37.63328999600003,13.954036503000054],[37.632363188000056,13.954588380000075],[37.63148554400004,13.95499135800003],[37.630819778000046,13.95542038800005],[37.63048575900007,13.955703262000043],[37.62979665100005,13.956947985000056],[37.62955139200005,13.958463022000046],[37.629623750000064,13.959187736000047],[37.62978072200008,13.959742300000073],[37.630095382000036,13.960826585000063],[37.63043685700006,13.961681622000071],[37.630790819000026,13.962480244000062],[37.63121487300003,13.963313160000041],[37.63178078200008,13.964125397000032],[37.63217350100007,13.964681296000037],[37.63281888800003,13.965701893000073],[37.63309178000003,13.966417571000022],[37.63324574300003,13.96719020300003],[37.633329195000044,13.96795000700007],[37.633614185000056,13.969460114000071],[37.63362699600003,13.970230824000055],[37.633670764000044,13.970461580000062],[37.633683147000056,13.97125488100005],[37.63376738900007,13.971980792000068],[37.633749548000026,13.972405564000042],[37.633723272000054,13.973428037000076],[37.63379367700003,13.974291720000053],[37.633842343000026,13.97501630100004],[37.63356437500005,13.97633567400004],[37.63349785300005,13.97687541700003],[37.633211335000055,13.977975524000044],[37.63295466400007,13.978627193000023],[37.632795730000055,13.97903986800003],[37.63221523500005,13.980102152000029],[37.631958627000074,13.980742527000075],[37.631838008000045,13.98093620000003],[37.63144263400005,13.981414207000057],[37.631012234000025,13.981845687000032],[37.63073619800008,13.982198938000067],[37.63031505500004,13.982825969000032],[37.62975847200005,13.983853344000067],[37.628879178000034,13.985199813000065],[37.62827846000005,13.98600884700005],[37.62800234800005,13.986373406000041],[37.62771225900008,13.98689833900005],[37.627555365000035,13.987160720000077],[37.627335507000055,13.987698473000023],[37.627164192000066,13.988144970000064],[37.62683627500007,13.988853858000027],[37.62667838200008,13.989185157000065],[37.62641228100006,13.989665025000022],[37.62610785800007,13.990362751000077],[37.625808445000075,13.990703431000043],[37.62508608300004,13.991775052000037],[37.62464012400005,13.992482147000032],[37.624144544000046,13.993361837000066],[37.624010428000076,13.993681985000023],[37.62384808200005,13.99432401000007],[37.623761192000075,13.994633133000036],[37.623563542000056,13.995274959000028],[37.62340599100003,13.995594973000038],[37.62316860800007,13.996546179000063],[37.62308171400008,13.997683555000037],[37.62307469500007,13.999005565000061],[37.62303085700006,13.999614364000024],[37.62300896900007,14.000327240000047],[37.62031898600003,14.001304055000048],[37.61932259200006,14.002424950000034],[37.61882361000005,14.002703463000046],[37.61832420200005,14.003005706000067],[37.61816933100005,14.003117818000021],[37.61750347200007,14.003530977000025],[37.61646722900008,14.004249367000057],[37.61458730800007,14.005457853000053],[37.613088478000066,14.006408616000044],[37.612304022000046,14.006866280000054],[37.611713887000064,14.00762674400005],[37.61131213900006,14.008379251000065],[37.610799959000076,14.009359373000052],[37.61036195300005,14.010802072000047],[37.61043755800006,14.011793476000037],[37.61095514800007,14.013046173000077],[37.61143289000006,14.013896377000037],[37.612034169000026,14.015714518000038],[37.61262419700006,14.016853493000042],[37.61356594600005,14.01805777800007],[37.61417382700006,14.018874826000058],[37.615893862000064,14.021865474000037],[37.616429406000066,14.022784927000032],[37.617083223000066,14.02429376300006],[37.618115518000025,14.026327923000053],[37.61915483000007,14.027970028000027],[37.62014940500006,14.02949661200006],[37.62057050800007,14.030252693000023],[37.621047419000035,14.031159373000037],[37.621973067000056,14.032604212000024],[37.622661820000076,14.03350419000003],[37.623407980000025,14.034484710000072],[37.62388959700007,14.035138309000047],[37.62407125300007,14.035487371000045],[37.62417294000005,14.035708284000066],[37.624754395000025,14.037330828000051],[37.624793098000055,14.037780762000068],[37.62492922000007,14.038680980000038],[37.62454960200006,14.039502557000048],[37.62389828200003,14.039744060000032],[37.62321536600007,14.039800055000057],[37.622496296000065,14.039902189000031],[37.62145684800004,14.040159533000065],[37.62021663200005,14.04045867900004],[37.618997637000064,14.040885624000055],[37.61838366100005,14.041023363000022],[37.61740374100003,14.041247141000042],[37.61627161500007,14.041421466000031],[37.61512911500006,14.041539214000068],[37.61386801300006,14.041700367000033],[37.61270136500008,14.041839431000028],[37.611382820000074,14.041930168000022],[37.60991200700005,14.041983867000056],[37.60906660300003,14.041921375000072],[37.60709755700003,14.041585749000035],[37.60569948400007,14.04152571800006],[37.60390443500006,14.041941347000034],[37.603258452000034,14.042538754000077],[37.60144762700003,14.045694395000055],[37.601352262000034,14.048294978000058],[37.601634983000054,14.049531645000059],[37.60195756200005,14.051783231000059],[37.60208122800003,14.052718410000068],[37.60183222500007,14.055983636000065],[37.60161985800005,14.056025348000048],[37.601331823000066,14.05633102400003],[37.601058153000054,14.056510229000025],[37.600761609000074,14.05664297100003],[37.59947476900004,14.056929308000065],[37.598504769000044,14.056600520000075],[37.597550873000046,14.056053740000038],[37.596808475000046,14.055509314000062],[37.596263082000064,14.055119706000028],[37.59517315100004,14.054293034000068],[37.593517306000024,14.053548938000063],[37.59192759800004,14.05367979600004],[37.59159052200005,14.054100426000048],[37.590506068000025,14.056117826000047],[37.59033276700006,14.05658687700003],[37.59029290500007,14.057472515000029],[37.59058147300004,14.059019954000064],[37.59086343700005,14.060280349000038],[37.59097888300005,14.061652774000038],[37.591180777000034,14.062186152000038],[37.59171076800004,14.063393759000064],[37.59185751800004,14.06371890500003],[37.592750684000066,14.065634841000076],[37.59295266300006,14.066156917000058],[37.593233817000055,14.066841043000068],[37.593385011000066,14.068191073000037],[37.59310027200007,14.070223299000077],[37.59270654300008,14.071148687000061],[37.591961594000054,14.072009876000038],[37.59102027000006,14.072660879000068],[37.589143947000025,14.073638609000056],[37.58796062600004,14.07467575000004],[37.58701276000005,14.07568262500007],[37.58634794000005,14.076636920000055],[37.585912826000026,14.07727391700007],[37.585201478000045,14.07821662400005],[37.58244074600003,14.08120378500007],[37.58212576100004,14.081693458000075],[37.58165444500003,14.08237543100006],[37.581032718000074,14.084171757000036],[37.58073965600005,14.085374542000068],[37.58045419700005,14.086796571000036],[37.58039169700004,14.08763687000004],[37.57957511800004,14.08789759900003],[37.57902593600005,14.088347464000037],[37.57871967700004,14.08962021900004],[37.578519491000065,14.090260840000042],[37.57812932000007,14.091623496000068],[37.577998285000035,14.092968474000031],[37.57770978900004,14.093941905000065],[37.57691323600005,14.096896489000073],[37.57644950100007,14.09779769100004],[37.57569822000005,14.098348051000073],[37.57447669600003,14.098888842000065],[37.57329364900005,14.098636648000024],[37.57193317800005,14.098438759000032],[37.57092327500004,14.09836271000006],[37.57029017000008,14.098247091000076],[37.56913535000007,14.09774193800007],[37.56813326100007,14.09725012000007],[37.56699254900008,14.096619618000034],[37.56273247000007,14.093638375000069],[37.561262000000056,14.093034123000052],[37.560447828000065,14.093180678000067],[37.55962845500005,14.093602888000078],[37.558323657000074,14.094821059000026],[37.55822983000007,14.096673567000039],[37.55832678100006,14.097780342000021],[37.558797035000055,14.09903285100006],[37.55903368200006,14.100200341000061],[37.55903839800004,14.101201477000075],[37.558998462000034,14.102075803000048],[37.558933859000035,14.103007602000048],[37.55866944100006,14.104556267000078],[37.55856952400006,14.105486726000038],[37.55809463500003,14.106352791000063],[37.55752726900005,14.106504205000022],[37.555478863000076,14.106615083000065],[37.552683709000064,14.105767807000063],[37.552471283000045,14.105810599000051],[37.55198205600004,14.106191831000046],[37.55174279800008,14.106406203000063],[37.55129747900003,14.106939103000059],[37.55055500800006,14.107639705000054],[37.549744143000055,14.108856263000064],[37.54961837900004,14.109290523000027],[37.54911773900005,14.110881818000053],[37.548545696000076,14.111907732000077],[37.547845592000044,14.112861672000065],[37.54727131400006,14.113368931000025],[37.54692613200007,14.113580399000057],[37.546773760000065,14.113554626000052],[37.54665661800004,14.113541488000067],[37.54643067100005,14.113663288000055],[37.54625406100007,14.113671255000042],[37.54625536200007,14.113602350000065],[37.54603074800008,14.113787415000047],[37.54572925000008,14.11404661000006],[37.544820283000035,14.114568789000032],[37.54444563100003,14.114678376000029],[37.543344981000075,14.114985838000052],[37.54262817500006,14.115056077000077],[37.54152283600007,14.115097967000054],[37.54115744600006,14.115070890000027],[37.540933764000044,14.115062759000068],[37.539337239000076,14.115286962000027],[37.53920806900004,14.115300868000077],[37.53818197800007,14.115169216000027],[37.53671701700006,14.114825868000025],[37.53566042600005,14.114304213000025],[37.53473820800008,14.114044360000037],[37.53343005000005,14.113940351000053],[37.53264146500004,14.113919726000063],[37.53098338700005,14.114673426000024],[37.530278216000056,14.115411468000048],[37.529449758000055,14.116508072000045],[37.52815124400007,14.118326067000055],[37.52757673700006,14.119808374000058],[37.52718024500007,14.120701965000023],[37.52696471400003,14.121856540000067],[37.526522303000036,14.123498970000071],[37.52638245000003,14.124272096000027],[37.52636596100007,14.124675362000062],[37.52634732000007,14.124963383000022],[37.52629651900003,14.125435378000077],[37.52620513100004,14.126277723000044],[37.526145050000025,14.126888633000021],[37.52611540300006,14.127222905000053],[37.526103513000066,14.127901903000065],[37.52609909900008,14.128316552000058],[37.52610836100007,14.128856707000068],[37.52611827000004,14.12943189200007],[37.52608774600003,14.129720960000043],[37.52607911900003,14.12989264600003],[37.525990053000044,14.130193787000053],[37.525787044000026,14.130704390000062],[37.52550935800008,14.131664238000042],[37.52369267300003,14.133467715000052],[37.52288548300004,14.134437857000023],[37.52223100000003,14.135380693000059],[37.52187418600005,14.135858709000047],[37.52149880600007,14.136613433000036],[37.52121642700007,14.137308851000057],[37.520866598000055,14.138856919000034],[37.520816205000074,14.139352637000059],[37.52081701800006,14.14007803800007],[37.520837579000045,14.143345835000048],[37.52089512800006,14.145324645000073],[37.52103394100004,14.146553707000066],[37.521074027000054,14.147518889000025],[37.52109934200007,14.148300939000023],[37.52097826600004,14.14947754800005],[37.52070074100004,14.150448678000032],[37.520051212000055,14.151690969000072],[37.51965420100004,14.152561922000075],[37.51947603600007,14.153163065000058],[37.51923874100004,14.153731067000024],[37.51888899000005,14.155301730000076],[37.51872313000007,14.155926671000032],[37.518613955000035,14.15642314400003],[37.518390390000036,14.15710649600004],[37.518007520000026,14.158114254000054],[37.51761470300005,14.159225914000046],[37.517344937000075,14.159979020000037],[37.516488011000035,14.16216798000005],[37.516948211000056,14.163610319000043],[37.517000401000075,14.163908928000069],[37.51719146600004,14.164757535000035],[37.51756371700003,14.16587843800005],[37.517912661000025,14.166309967000075],[37.518528666000066,14.166540871000052],[37.51933600700005,14.16695261600006],[37.521049197000025,14.167324748000055],[37.522372166000025,14.167600691000075],[37.52287083900006,14.167845560000046],[37.52438427200008,14.168935058000045],[37.52463654400003,14.169230390000052],[37.525035142000036,14.169821515000024],[37.52534956400007,14.170310442000073],[37.525854484000035,14.17093497600007],[37.52626344300006,14.17144595800005],[37.52705537700007,14.172996526000077],[37.52797529500003,14.175846138000054],[37.528225262000035,14.17668154100005],[37.52840601200006,14.177610302000062],[37.52851117600005,14.178944232000049],[37.52843784500004,14.180844273000048],[37.528241749000074,14.181756031000077],[37.52799102000006,14.182922801000075],[37.52765905000007,14.184160271000053],[37.52736525600005,14.184868042000062],[37.526311935000024,14.185231034000026],[37.52599070800005,14.185030199000039],[37.525281877000054,14.184190841000031],[37.52511202900007,14.183906197000056],[37.52472214100004,14.183129817000065],[37.52378261600006,14.181881136000072],[37.52232210600005,14.181146742000067],[37.521455364000076,14.181403530000068],[37.52078513200007,14.18211688200006],[37.52027084700006,14.183024407000062],[37.51983737300003,14.183837518000075],[37.51916319000003,14.185023134000062],[37.51769239400005,14.185738301000072],[37.51557363400008,14.185741002000043],[37.51333297200006,14.184814153000048],[37.51247596200005,14.183573859000035],[37.51196190400003,14.183111926000038],[37.51081828500003,14.182313899000064],[37.50963084500006,14.181713322000064],[37.50890590400007,14.181312227000035],[37.50790008100006,14.181007671000032],[37.50691014000006,14.18093258500005],[37.50575628900003,14.180906188000051],[37.50431217500005,14.181127674000038],[37.503424032000055,14.181510810000077],[37.50264121400005,14.181858446000035],[37.501564065000025,14.182188420000045],[37.500854607000065,14.182694695000066],[37.50069069600005,14.182744513000046],[37.500149100000044,14.182730952000043],[37.499559016000035,14.182648165000046],[37.49851149800003,14.182655164000039],[37.497822848000055,14.182989813000063],[37.49728580100003,14.18325197300004],[37.496437581000066,14.183899721000046],[37.49582824400005,14.184762521000039],[37.49556775700006,14.18536537700004],[37.495500949000075,14.186275649000038],[37.495601599000054,14.187344019000022],[37.495740925000064,14.188606980000031],[37.49592232100008,14.189593377000051],[37.49622307000004,14.190658486000075],[37.49656950700006,14.19164253100007],[37.497142636000035,14.192806519000044],[37.49750465300008,14.194020035000051],[37.49739314000004,14.19508029800005],[37.49702112400007,14.196041755000067],[37.49652249500008,14.196488319000025],[37.49508297500006,14.197663388000024],[37.49403104100003,14.19880925700005],[37.49296112500008,14.199565201000041],[37.49173033300008,14.200564168000028],[37.49100891900008,14.201071459000048],[37.48979077700005,14.201426473000026],[37.48901576700007,14.201543603000061],[37.48800412600008,14.201584670000045],[37.48713373500004,14.201633409000067],[37.48576055900003,14.201876683000023],[37.48417543200003,14.202122002000067],[37.482811825000056,14.202928007000025],[37.48229055000007,14.203420719000064],[37.48145634900004,14.204206340000042],[37.48082408100004,14.205102839000062],[37.48041932700005,14.206226756000035],[37.479916469000045,14.208513826000058],[37.47940240600008,14.210134191000066],[37.47909697500006,14.210864403000073],[37.478428515000076,14.212405820000072],[37.477736865000054,14.213257871000053],[37.47674695300003,14.21389672600003],[37.475438921000034,14.214517729000022],[37.47360978000006,14.214952363000066],[37.47287166800004,14.215172495000047],[37.471743256000025,14.215260197000077],[37.470918306000044,14.21521763100003],[37.46977526100005,14.215156089000061],[37.46859986000004,14.215257034000047],[37.46785057900007,14.215500802000065],[37.46699919400004,14.215986842000063],[37.46663076300007,14.216475968000054],[37.46625814200007,14.217414764000068],[37.46615359100008,14.21887840200003],[37.46611900400006,14.219627287000037],[37.46607389600007,14.22043373200006],[37.466165638000064,14.221686207000062],[37.46637644300006,14.22301741800004],[37.466685349000045,14.223886010000058],[37.46724424400003,14.224912121000045],[37.46752743300004,14.225643838000053],[37.46789767000007,14.226650652000046],[37.46819167900003,14.227324821000025],[37.46870628000005,14.228523517000042],[37.46930490400007,14.229801853000026],[37.46976199200003,14.231071358000065],[37.47000709200006,14.232345169000041],[37.47033163200007,14.233431918000065],[37.47044383800005,14.23379871700007],[37.47060195900008,14.234786102000044],[37.47074440100005,14.235565500000064],[37.47055974700004,14.239251079000041],[37.47070740700008,14.240331058000038],[37.47082293700004,14.240892205000023],[37.47091676100007,14.241580898000052],[37.471006577000026,14.242005172000063],[37.471014386000036,14.24247751200005],[37.47094908300005,14.243490586000064],[37.471074961000056,14.245353418000036],[37.471220163000055,14.246283094000034],[37.47122798800007,14.24675430600007],[37.47132690600006,14.247719847000042],[37.47142511100003,14.248661652000067],[37.47143816000005,14.249432307000063],[37.47138740300005,14.249916703000054],[37.471052222000026,14.250278367000021],[37.47129363600004,14.250552214000038],[37.471245140000065,14.250873915000057],[37.47104221300003,14.251506477000078],[37.47063917200006,14.252137745000027],[37.47023642500005,14.252769024000031],[37.46998733400005,14.253159487000062],[37.46877042600005,14.254144834000044],[37.468180036000035,14.254556836000063],[37.46753152200006,14.254784289000042],[37.46581217900007,14.254904299000032],[37.46512978000004,14.25483211900007],[37.46416594000004,14.254493722000063],[37.46306002800003,14.254352158000074],[37.46157728400004,14.254219441000032],[37.46095369600005,14.254101303000027],[37.460165689000064,14.253971929000045],[37.45911915000005,14.253701917000058],[37.45839019400006,14.253492699000049],[37.457567382000036,14.253201533000038],[37.45693302700005,14.252921736000076],[37.45631016600004,14.25265444200005],[37.455228987000055,14.252201155000023],[37.454429756000025,14.251933854000072],[37.452993863000074,14.251857887000028],[37.451840283000024,14.251830050000024],[37.45126380100004,14.251770959000055],[37.45060537000006,14.251583650000043],[37.449723050000046,14.251442329000042],[37.44895795700006,14.25143848600004],[37.448192121000034,14.251584912000055],[37.44694187700003,14.25209763600003],[37.44665829600007,14.252361311000072],[37.446455478000075,14.25292491700003],[37.44644134400005,14.253466021000065],[37.44653423800003,14.253731017000064],[37.446979087000045,14.254320305000022],[37.447213635000026,14.254493573000047],[37.44807054300003,14.25504939800004],[37.44821121000007,14.255188151000027],[37.44835005900006,14.255718957000056],[37.448064929000054,14.256293331000052],[37.44780372400004,14.256797812000059],[37.44757853100003,14.257119475000025],[37.44721122000004,14.257682020000061],[37.44708003200003,14.258061921000035],[37.44700491200007,14.259051190000037],[37.447645538000074,14.260573885000042],[37.44720090200008,14.262574229000052],[37.44678755500007,14.262837047000062],[37.44609126200004,14.263225704000035],[37.44500763700006,14.263336141000025],[37.44407729100004,14.263436281000054],[37.442354597000076,14.26424643300004],[37.44185831900006,14.264692872000069],[37.441208422000045,14.265197061000038],[37.44066434300004,14.265770858000053],[37.439669485000024,14.267078358000049],[37.43887598900005,14.268122801000061],[37.43857649500006,14.269260860000031],[37.438030439000045,14.270202959000073],[37.437001579000025,14.27126957300004],[37.43597444900007,14.271875211000065],[37.434416086000056,14.272824221000064],[37.433153805000074,14.273381975000063],[37.43166897000003,14.273663704000057],[37.430619869000054,14.273924573000045],[37.42952319800003,14.274322959000074],[37.42862781400004,14.274468459000047],[37.42669258400008,14.275461243000052],[37.42566280700004,14.276608013000043],[37.42502284200003,14.27754946400006],[37.42319856800003,14.279947350000043],[37.42227681500003,14.280715185000076],[37.42148388600003,14.281575392000036],[37.42078664300004,14.282170711000049],[37.42034826300005,14.282732723000038],[37.41937738900003,14.283937475000073],[37.41885615900003,14.284625477000077],[37.41849964800008,14.285325872000044],[37.41800170600004,14.28603774800007],[37.41707849200003,14.287092530000052],[37.41597909800004,14.288032023000028],[37.415093832000025,14.288545852000027],[37.41358313600006,14.28927696900007],[37.41256962600005,14.28949052300004],[37.41198151300006,14.289384917000064],[37.41115905700008,14.289035960000035],[37.41032484200008,14.288629298000046],[37.408925245000034,14.288347654000063],[37.408017689000076,14.28852687400007],[37.40426374300006,14.290606614000069],[37.40306687000003,14.292258307000054],[37.402274067000064,14.293083414000023],[37.40141151900008,14.293736313000068],[37.400962700000036,14.294045136000022],[37.400006208000036,14.294628471000067],[37.39955698500006,14.294993775000023],[37.39867149200006,14.295531266000069],[37.397513384000035,14.296401349000064],[37.39631893200004,14.29753555600007],[37.395678942000075,14.298372960000052],[37.39489602800006,14.29963534500007],[37.39423220300006,14.300565231000064],[37.39378222200003,14.301115812000035],[37.393579300000056,14.301668053000071],[37.393468908000045,14.30261071600006],[37.39394565500004,14.303879336000023],[37.39458799300007,14.304998819000048],[37.39684547600007,14.308162885000058],[37.39712692200004,14.308382835000032],[37.39773751700005,14.308754147000059],[37.39845296000004,14.309331796000038],[37.39913337300004,14.309865140000056],[37.40014271800004,14.310582597000064],[37.40164513900004,14.31157904500003],[37.40316901600005,14.313025310000057],[37.403907581000055,14.313695739000025],[37.404221161000066,14.314617526000063],[37.404216003000045,14.315757501000064],[37.403773804000025,14.317091118000064],[37.40287510700006,14.31792679800003],[37.40143494700004,14.318645849000063],[37.40079742300003,14.319046035000042],[37.400083824000035,14.32049306600004],[37.399973353000064,14.321448152000073],[37.400107139000056,14.323048895000056],[37.400242511000044,14.324303917000066],[37.40013198300005,14.32522510900003],[37.40064301500007,14.326734615000078],[37.40100235500006,14.327944821000074],[37.40133752500003,14.329293836000033],[37.401721389000045,14.33027372500004],[37.402407528000026,14.332095109000022],[37.403515508000055,14.33440289500004],[37.40372206500007,14.33550813100004],[37.40375356900006,14.336337632000038],[37.40351145900007,14.337717784000063],[37.40114014200003,14.338628277000055],[37.40035295700005,14.338268206000066],[37.399152651000065,14.338031887000056],[37.39850407000006,14.338225226000077],[37.39690702400003,14.339761169000042],[37.396547731000055,14.340990254000076],[37.39590638100003,14.342162073000054],[37.39499554900004,14.342975016000025],[37.393393091000064,14.343186752000065],[37.39236817400007,14.343217089000063],[37.39120272800005,14.343166259000043],[37.39008437100006,14.343056979000039],[37.38910777500007,14.342892172000063],[37.38822476400003,14.34280708500006],[37.38760137100007,14.34267744400006],[37.38680145200004,14.342478806000031],[37.38648369300006,14.34243145000005],[37.38574231200005,14.342312295000056],[37.38493035700003,14.342217507000043],[37.38415388000004,14.34206421500005],[37.38301216900004,14.341898257000025],[37.382623730000034,14.341850415000067],[37.38166933700006,14.341984005000029],[37.381302584000025,14.342304629000068],[37.380958304000046,14.342924811000046],[37.38055113100006,14.344315099000028],[37.38054623800008,14.345317210000076],[37.38105861400004,14.346504760000073],[37.38130284500005,14.347150423000073],[37.381425774000036,14.348509298000067],[37.38124673800007,14.34899163600005],[37.380793889000074,14.350083335000022],[37.380684710000025,14.350762745000054],[37.38056241400005,14.351694008000038],[37.380033524000055,14.353890148000062],[37.38078032300007,14.355356105000055],[37.38187182300004,14.356108106000022],[37.38296541900007,14.356447740000021],[37.385621497000045,14.357599053000058],[37.38892320200006,14.359224742000038],[37.38968552000006,14.359907815000042],[37.39037667000008,14.360659328000054],[37.39123103500003,14.361801724000031],[37.391720631000055,14.362863701000038],[37.392105023000056,14.36372835900005],[37.39239504200003,14.364662429000077],[37.39261508100003,14.365457054000046],[37.392623221000065,14.366182454000068],[37.39233631400003,14.36712503800004],[37.38989850200005,14.367033905000028],[37.388209164000045,14.365679063000073],[37.387551175000056,14.365353715000026],[37.38565637100004,14.365058349000037],[37.38431237100008,14.365328255000065],[37.383969001000025,14.365695353000035],[37.38298450900004,14.367141583000034],[37.38237959400004,14.36797917000007],[37.38212832600004,14.368794303000072],[37.38199525400006,14.369531164000023],[37.38180241500004,14.370439351000073],[37.381751130000055,14.37132590400006],[37.38174608400004,14.37234948500003],[37.381552243000044,14.373476843000049],[37.381136466000044,14.374200469000073],[37.377826722000066,14.374232047000078],[37.37698119400005,14.373674896000068],[37.37658185200007,14.37344280800005],[37.37578172800005,14.373301745000049],[37.374461680000024,14.373456505000036],[37.37375384000006,14.373695681000072],[37.37267938800005,14.374265631000071],[37.372430106000024,14.374679688000072],[37.371978238000054,14.375540887000057],[37.371833167000034,14.376287818000037],[37.372169591000045,14.377326174000075],[37.37278805500006,14.378548356000067],[37.37307909300006,14.379251972000077],[37.37335567000008,14.380472940000061],[37.37342134900007,14.381486831000075],[37.37338274500007,14.382176880000031],[37.37233841300008,14.383784192000064],[37.37090952600005,14.384514379000052],[37.370011814000065,14.385039196000037],[37.36890038900003,14.38586308500004],[37.367778162000036,14.386537751000049],[37.366454754000074,14.38738274700006],[37.36576927500005,14.387886427000069],[37.365189642000075,14.388378398000043],[37.364727809000044,14.388848598000038],[37.36418305800004,14.389444745000048],[37.36343719900003,14.390201088000026],[37.363069101000065,14.390809773000058],[37.362605651000024,14.391659556000036],[37.36227193900004,14.392440192000038],[37.36184388300006,14.393243914000038],[37.361403720000055,14.39411758600005],[37.360619987000064,14.395413685000051],[37.36023992200006,14.396033573000068],[37.359894473000054,14.396792659000027],[37.35958497400003,14.397469529000034],[37.358981192000044,14.398088981000058],[37.35818931000006,14.398591895000038],[37.35762220500004,14.398911077000037],[37.35651265700005,14.399424207000038],[37.35549673300005,14.399971867000033],[37.354599549000056,14.400371217000043],[37.35316016100006,14.400813108000023],[37.35243883800007,14.401374117000046],[37.35091530600005,14.402183721000029],[37.349875637000025,14.402766210000038],[37.348669364000045,14.403738445000045],[37.348324379000076,14.404427468000051],[37.34808583200004,14.405025729000045],[37.34788123000004,14.405853562000061],[37.34769053800005,14.406289466000032],[37.34767795600004,14.406462221000027],[37.34943689500005,14.412774269000067]]]},"properties":{"OBJECTID":3,"ZONE_":"W","Shape_Length":5.353595288675771,"Shape_Area":1.1535191178883892},"id":3}
]}
